Date,Time,Open,High,Low,Close,Vol,OI
01/28/2002,16:00,816.65,816.65,811.85,812.55,119,68
01/29/2002,16:00,816.65,816.65,807.05,807.05,93,103
01/30/2002,16:00,815.25,815.85,798.35,804.25,368,343
01/31/2002,16:00,803.25,813.25,798.35,812.55,201,474
02/01/2002,16:00,812.55,813.95,809.15,811.15,48,562
02/04/2002,16:00,806.75,806.75,801.55,802.55,259,561
02/05/2002,16:00,806.75,806.85,796.45,800.45,116,523
02/06/2002,16:00,796.45,802.95,793.95,796.05,13,23
02/07/2002,16:00,800.75,800.75,787.25,794.65,82,655
02/08/2002,16:00,792.85,804.35,792.55,804.35,193,720
02/11/2002,16:00,803.15,807.55,802.85,807.55,136,748
02/12/2002,16:00,803.15,809.75,802.75,808.95,111,798
02/13/2002,16:00,808.75,812.25,805.05,811.25,48,798
02/14/2002,16:00,809.65,815.35,808.85,813.05,237,945
02/15/2002,16:00,809.75,810.45,805.45,805.75,241,942
02/19/2002,16:00,804.25,804.25,797.95,798.55,327,988
02/20/2002,16:00,804.25,804.25,795.65,799.05,501,995
02/21/2002,16:00,800.05,805.85,795.35,804.15,501,1060
02/22/2002,16:00,797.25,804.25,796.25,802.75,315,1077
02/25/2002,16:00,804.95,807.55,804.05,807.55,150,1085
02/26/2002,16:00,804.95,812.45,804.05,811.25,101,1031
02/27/2002,16:00,810.75,818.05,808.05,815.05,213,1055
02/28/2002,16:00,814.95,818.15,813.35,814.35,155,1073
03/01/2002,16:00,811.85,823.15,811.85,823.05,271,1158
03/04/2002,16:00,825.75,833.15,824.65,832.25,448,1181
03/05/2002,16:00,825.75,837.45,824.65,835.75,270,1295
03/06/2002,16:00,833.75,838.75,831.25,836.75,452,1445
03/07/2002,16:00,843.85,845.65,839.05,839.75,146,45
03/08/2002,16:00,843.65,846.35,841.15,843.35,178,107
03/11/2002,16:00,841.85,844.85,841.35,844.85,282,250
03/12/2002,16:00,841.85,846.65,836.85,843.85,397,307
03/13/2002,16:00,838.35,844.15,836.85,840.15,324,372
03/14/2002,16:00,840.35,842.85,837.45,837.85,112,406
03/15/2002,16:00,840.85,844.75,839.35,843.45,311,514
03/18/2002,16:00,846.35,847.25,843.05,843.85,254,542
03/19/2002,16:00,846.35,850.45,843.05,848.55,166,563
03/20/2002,16:00,849.85,850.45,843.35,845.35,720,656
03/21/2002,16:00,849.05,849.05,839.15,840.95,314,576
03/22/2002,16:00,845.35,846.05,841.55,842.35,231,499
03/25/2002,16:00,841.85,842.15,834.95,836.05,573,776
03/26/2002,16:00,841.85,842.35,833.15,838.05,497,711
03/27/2002,16:00,834.25,845.75,834.15,843.35,218,728
03/28/2002,16:00,854.35,854.35,844.95,847.35,90,747
04/01/2002,16:00,844.85,844.85,838.75,844.85,308,741
04/02/2002,16:00,844.85,847.95,838.75,844.85,493,1004
04/03/2002,16:00,843.15,845.65,835.45,835.45,336,1083
04/04/2002,16:00,841.05,841.85,832.85,834.95,216,1025
04/05/2002,16:00,837.85,840.35,835.55,835.55,440,938
04/08/2002,16:00,832.85,842.35,831.95,842.35,558,1087
04/09/2002,16:00,832.85,845.85,831.95,842.45,282,1125
04/10/2002,16:00,844.35,849.75,840.35,847.65,149,1129
04/11/2002,16:00,849.75,849.85,845.15,846.95,614,1323
04/12/2002,16:00,844.35,848.75,840.45,848.65,570,1366
04/15/2002,16:00,849.85,851.85,845.45,849.05,426,1371
04/16/2002,16:00,849.85,854.85,845.45,854.55,509,1415
04/17/2002,16:00,853.35,860.05,852.45,855.95,382,1546
04/18/2002,16:00,857.95,860.05,847.85,853.85,482,1552
04/19/2002,16:00,855.75,856.65,853.05,855.15,284,1570
04/22/2002,16:00,852.85,852.85,847.85,848.05,511,1551
04/23/2002,16:00,852.85,852.85,845.85,848.35,431,1446
04/24/2002,16:00,847.85,850.85,845.75,845.75,1136,1600
04/25/2002,16:00,847.85,850.85,837.75,842.55,720,1406
04/26/2002,16:00,854.45,854.45,834.85,836.35,528,1666
04/29/2002,16:00,837.85,839.35,834.25,834.85,496,1589
04/30/2002,16:00,835.65,843.65,835.65,842.45,749,1686
05/01/2002,16:00,843.75,847.35,837.95,847.35,501,1682
05/02/2002,16:00,847.85,847.85,844.65,845.55,305,1742
05/03/2002,16:00,843.75,843.75,838.65,840.35,375,1685
05/06/2002,16:00,840.85,842.75,831.35,831.35,377,1800
05/07/2002,16:00,834.35,834.35,829.05,831.75,568,1820
05/08/2002,16:00,836.85,841.95,836.85,840.35,535,2016
05/09/2002,16:00,843.35,844.85,827.85,835.85,542,1931
05/10/2002,16:00,838.85,838.85,830.85,832.05,449,1995
05/13/2002,16:00,832.85,839.35,831.85,839.35,524,1927
05/14/2002,16:00,845.85,853.35,844.85,853.35,494,1959
05/15/2002,16:00,851.85,853.95,847.85,852.25,640,1965
05/16/2002,16:00,849.85,851.25,846.05,847.35,273,2033
05/17/2002,16:00,848.85,851.55,846.85,850.35,336,2041
05/20/2002,16:00,848.35,850.05,843.85,844.35,302,2057
05/21/2002,16:00,844.35,846.15,836.35,836.45,306,2041
05/22/2002,16:00,836.35,838.75,832.95,834.85,388,2096
05/23/2002,16:00,837.35,844.75,835.75,844.35,498,2082
05/24/2002,16:00,843.95,843.95,837.25,837.65,712,2109
05/28/2002,16:00,839.85,839.85,832.35,837.6,364,2044
05/29/2002,16:00,835.85,835.85,831.65,832.85,434,1957
05/30/2002,16:00,829.85,834.35,827.65,833.15,1038,1945
05/31/2002,16:00,829.15,838.35,829.15,833.75,414,1999
06/03/2002,16:00,831.65,832.15,819.15,819.35,821,1953
06/04/2002,16:00,819.15,820.05,811.25,815.1,992,2011
06/05/2002,16:00,815.85,820.25,814.55,818.7,859,1993
06/06/2002,16:00,818.15,819.35,809.35,809.35,872,1993
06/07/2002,16:00,804.85,815.85,802.65,813.6,1022,1993
06/10/2002,16:00,814.85,818.55,813.85,815.6,816,1986
06/11/2002,16:00,816.35,817.05,802.85,804.85,635,1944
06/12/2002,16:00,804.25,805.35,796.85,803.85,9,9
06/13/2002,16:00,802.7,805.9,797.0,798.2,1512,786
06/14/2002,16:00,792.7,801.2,783.7,800.45,1681,1322
06/17/2002,16:00,804.1,815.5,804.1,814.7,792,1331
06/18/2002,16:00,813.7,819.6,813.3,818.0,871,1517
06/19/2002,16:00,814.2,817.5,805.0,808.2,1289,2102
06/20/2002,16:00,812.0,812.0,800.7,803.2,874,2015
06/21/2002,16:00,800.4,803.3,794.1,795.2,550,2009
06/24/2002,16:00,795.2,796.5,784.9,791.9,1257,2045
06/25/2002,16:00,793.6,795.9,783.5,785.0,1079,2169
06/26/2002,16:00,775.1,788.5,775.1,784.5,1361,1998
06/27/2002,16:00,787.7,791.5,780.9,791.5,1795,2274
06/28/2002,16:00,792.7,797.5,789.8,794.0,848,2353
07/01/2002,16:00,792.4,795.0,780.2,780.2,1211,2526
07/02/2002,16:00,783.7,783.7,766.5,767.7,999,2436
07/03/2002,16:00,767.9,769.9,758.4,767.5,1038,2519
07/05/2002,16:00,770.2,783.7,767.2,783.7,479,2500
07/08/2002,16:00,784.1,784.7,772.9,774.0,1084,2731
07/09/2002,16:00,773.5,776.0,763.3,764.5,1024,2526
07/10/2002,16:00,764.3,770.6,750.7,750.7,1265,2651
07/11/2002,16:00,744.8,752.8,739.4,752.2,2015,2860
07/12/2002,16:00,754.5,756.9,746.5,749.5,903,3053
07/15/2002,16:00,745.7,746.0,730.6,745.5,657,3079
07/16/2002,16:00,744.7,750.3,740.2,745.7,1392,2867
07/17/2002,16:00,749.7,756.7,739.0,749.5,1822,2855
07/18/2002,16:00,747.8,749.7,734.2,734.4,1093,2859
07/19/2002,16:00,732.2,732.2,722.0,725.2,1955,3273
07/22/2002,16:00,725.4,728.7,706.7,710.7,2193,3494
07/23/2002,16:00,713.3,714.2,698.4,699.7,1906,3549
07/24/2002,16:00,689.3,720.7,686.8,720.7,2381,4210
07/25/2002,16:00,715.7,725.1,708.3,716.5,2992,4194
07/26/2002,16:00,716.2,722.2,714.8,721.2,1150,3944
07/29/2002,16:00,726.9,743.9,725.8,740.2,1253,3672
07/30/2002,16:00,738.9,749.8,734.5,746.7,2930,4030
07/31/2002,16:00,745.2,748.7,739.7,744.2,1033,4109
08/01/2002,16:00,744.2,746.3,735.0,737.2,2084,4507
08/02/2002,16:00,735.1,735.1,720.4,724.7,1251,4539
08/05/2002,16:00,722.9,723.4,709.8,711.5,1334,4699
08/06/2002,16:00,717.2,727.6,716.8,725.7,1339,4704
08/07/2002,16:00,730.7,732.7,719.7,729.0,2292,4797
08/08/2002,16:00,731.0,739.7,726.7,739.7,1495,4643
08/09/2002,16:00,736.2,742.9,731.5,738.7,1415,5083
08/12/2002,16:00,735.7,742.4,733.4,739.7,1355,5213
08/13/2002,16:00,739.4,742.5,729.6,730.2,1625,5533
08/14/2002,16:00,731.9,744.6,726.2,743.3,2896,5054
08/15/2002,16:00,746.5,752.0,744.6,751.3,1884,5321
08/16/2002,16:00,750.7,756.4,746.5,753.7,1328,5401
08/19/2002,16:00,752.5,761.8,752.5,760.7,856,5436
08/20/2002,16:00,758.6,759.2,754.2,757.0,1255,5507
08/21/2002,16:00,760.6,765.2,753.7,763.7,1774,5301
08/22/2002,16:00,765.2,770.7,761.1,767.3,1512,5425
08/23/2002,16:00,766.4,766.4,757.8,758.7,1390,5521
08/26/2002,16:00,758.7,765.0,754.8,763.2,1894,5362
08/27/2002,16:00,766.3,766.9,752.9,754.0,2129,5706
08/28/2002,16:00,753.7,753.7,743.3,745.0,1222,5566
08/29/2002,16:00,743.7,751.2,740.2,748.8,1233,5750
08/30/2002,16:00,747.7,752.8,746.2,747.3,831,5874
09/03/2002,16:00,743.2,743.2,732.7,734.2,2142,5850
09/04/2002,16:00,734.1,742.7,731.4,741.1,2474,5696
09/05/2002,16:00,736.8,739.2,732.7,734.8,1767,6000
09/06/2002,16:00,740.0,746.0,739.5,745.0,1550,5923
09/09/2002,16:00,743.0,750.0,738.4,746.2,1939,5920
09/10/2002,16:00,748.7,750.7,744.8,749.7,2026,6138
09/11/2002,16:00,753.7,755.2,748.3,748.7,10,10
09/12/2002,16:00,747.2,747.2,737.7,739.2,1678,918
09/13/2002,16:00,735.7,743.0,733.7,743.0,2348,1207
09/16/2002,16:00,739.9,741.6,735.1,740.4,1872,1167
09/17/2002,16:00,744.2,745.2,731.2,732.7,2774,1824
09/18/2002,16:00,729.0,733.1,724.1,728.2,2165,1875
09/19/2002,16:00,718.0,726.1,716.0,716.6,2382,2548
09/20/2002,16:00,717.5,722.3,716.2,717.2,2925,3101
09/23/2002,16:00,715.7,716.6,708.6,711.7,2000,3132
09/24/2002,16:00,705.4,710.6,705.2,707.2,2400,3368
09/25/2002,16:00,709.7,718.1,706.2,717.7,3352,3810
09/26/2002,16:00,719.4,726.6,717.6,725.3,2357,3723
09/27/2002,16:00,722.5,726.7,713.3,713.3,2980,3137
09/30/2002,16:00,710.2,714.7,703.0,709.3,2603,3281
10/01/2002,16:00,712.6,723.7,705.1,723.7,3016,3254
10/02/2002,16:00,722.2,722.2,707.8,710.0,4629,4166
10/03/2002,16:00,709.6,714.1,701.8,703.5,3593,4840
10/04/2002,16:00,704.3,705.2,688.2,693.2,2786,5021
10/07/2002,16:00,692.7,693.2,681.3,683.2,2831,4891
10/08/2002,16:00,683.2,688.6,679.6,688.3,3188,5056
10/09/2002,16:00,690.9,693.6,675.2,675.2,3587,5458
10/10/2002,16:00,676.7,692.7,673.2,690.7,3666,5854
10/11/2002,16:00,692.7,709.6,692.2,704.5,2667,5997
10/14/2002,16:00,702.2,710.5,700.4,709.7,2446,6351
10/15/2002,16:00,719.2,727.3,717.9,725.2,4310,7006
10/16/2002,16:00,718.3,721.7,711.1,713.2,2277,7384
10/17/2002,16:00,720.2,730.0,720.2,724.8,1665,7607
10/18/2002,16:00,728.3,729.1,720.0,726.6,2303,7609
10/21/2002,16:00,722.7,734.5,720.7,733.2,2025,7708
10/22/2002,16:00,728.7,731.6,724.6,726.5,1843,8073
10/23/2002,16:00,723.5,732.5,722.2,732.5,3533,8287
10/24/2002,16:00,732.6,734.3,724.2,724.7,2924,8218
10/25/2002,16:00,725.2,732.7,723.0,732.2,2082,8405
10/28/2002,16:00,738.2,738.2,725.3,727.2,2537,8400
10/29/2002,16:00,726.7,727.2,717.8,723.7,3238,8510
10/30/2002,16:00,724.7,729.8,722.6,728.5,2395,8795
10/31/2002,16:00,726.7,733.0,725.2,728.1,2406,8944
11/01/2002,16:00,726.7,736.0,724.1,736.0,2639,9000
11/04/2002,16:00,741.7,744.7,736.4,737.5,2091,8908
11/05/2002,16:00,736.7,738.2,732.7,738.2,2113,9084
11/06/2002,16:00,746.6,746.6,736.2,743.5,2430,9325
11/07/2002,16:00,738.7,739.2,731.3,732.2,2273,8916
11/08/2002,16:00,731.3,734.2,725.5,726.2,2912,9385
11/11/2002,16:00,725.3,726.3,716.7,719.2,1392,9703
11/12/2002,16:00,721.2,727.4,719.0,722.5,3139,10030
11/13/2002,16:00,721.1,726.1,716.7,722.7,3117,10068
11/14/2002,16:00,727.1,733.9,723.2,730.6,2812,10434
11/15/2002,16:00,731.5,736.2,728.5,734.5,3025,10484
11/18/2002,16:00,740.2,740.2,731.4,732.2,3414,10562
11/19/2002,16:00,728.7,732.9,727.0,729.0,3478,10705
11/20/2002,16:00,728.7,738.7,727.7,738.7,2997,11296
11/21/2002,16:00,741.7,748.4,738.5,748.2,2435,11368
11/22/2002,16:00,747.2,750.7,744.7,748.2,1865,11343
11/25/2002,16:00,747.8,751.7,744.7,749.2,3486,11419
11/26/2002,16:00,749.6,749.6,740.2,741.7,2351,11299
11/27/2002,16:00,742.3,753.8,742.3,752.7,2819,11437
11/29/2002,16:00,757.0,757.0,750.2,752.0,980,11492
12/02/2002,16:00,750.7,760.7,750.7,754.7,3348,11698
12/03/2002,16:00,751.4,753.0,746.2,748.2,2832,11712
12/04/2002,16:00,743.2,747.0,739.7,744.2,3415,11936
12/05/2002,16:00,746.2,754.2,739.2,742.2,2874,12089
12/06/2002,16:00,737.2,744.8,736.5,743.2,3743,12081
12/09/2002,16:00,739.3,741.2,731.1,731.7,3031,12418
12/10/2002,16:00,734.8,739.7,733.5,738.5,2981,12704
12/11/2002,16:00,737.0,741.2,735.2,739.4,27,27
12/12/2002,16:00,739.1,745.1,738.8,740.1,2279,706
12/13/2002,16:00,738.1,739.1,733.2,733.4,2437,1157
12/16/2002,16:00,734.4,743.1,734.3,742.6,2101,1460
12/17/2002,16:00,743.1,743.4,738.1,738.1,3140,2121
12/18/2002,16:00,737.3,738.6,732.2,733.6,2736,2241
12/19/2002,16:00,728.1,738.7,728.1,731.9,4418,2961
12/20/2002,16:00,734.7,737.2,733.0,736.5,2272,3359
12/23/2002,16:00,735.5,738.8,733.2,738.4,1529,3497
12/24/2002,16:00,739.0,739.1,735.1,736.0,875,3507
12/26/2002,16:00,734.9,741.4,734.9,737.1,2192,3933
12/27/2002,16:00,737.0,737.0,729.5,729.5,2433,3600
12/30/2002,16:00,731.1,731.9,727.1,730.5,1775,3446
12/31/2002,16:00,726.8,735.2,726.8,733.0,3592,3756
01/02/2003,16:00,736.1,746.1,731.8,744.6,2369,4164
01/03/2003,16:00,744.5,744.9,740.9,744.6,2338,4589
01/06/2003,16:00,745.1,751.5,742.8,748.6,3448,4964
01/07/2003,16:00,747.6,749.1,743.4,745.8,3054,5025
01/08/2003,16:00,744.0,744.1,738.5,738.9,3504,5982
01/09/2003,16:00,740.5,746.6,740.2,746.1,3842,5927
01/10/2003,16:00,746.6,748.9,739.7,747.4,3502,5972
01/13/2003,16:00,749.7,750.5,743.3,745.1,4396,6063
01/14/2003,16:00,745.1,746.5,743.1,744.6,3528,6483
01/15/2003,16:00,747.5,747.5,740.7,742.6,3777,6783
01/16/2003,16:00,740.6,747.9,740.6,743.1,5367,7836
01/17/2003,16:00,744.1,744.1,735.0,735.6,3765,7158
01/21/2003,16:00,735.3,736.6,728.6,729.1,3367,7464
01/22/2003,16:00,727.1,729.6,725.3,726.0,4567,7971
01/23/2003,16:00,726.5,731.0,724.8,728.9,3738,8426
01/24/2003,16:00,729.2,729.2,719.6,719.6,3517,8641
01/27/2003,16:00,715.6,721.0,712.1,712.4,5977,9077
01/28/2003,16:00,713.0,718.3,712.8,716.1,5414,9374
01/29/2003,16:00,711.9,721.7,710.7,718.4,6146,10024
01/30/2003,16:00,723.0,723.0,712.1,712.1,5574,10066
01/31/2003,16:00,714.1,720.8,710.8,720.0,5484,10985
02/03/2003,16:00,721.1,723.0,717.8,719.6,4132,10627
02/04/2003,16:00,715.9,720.7,712.9,719.6,4356,10549
02/05/2003,16:00,718.0,721.8,713.8,714.6,6011,10335
02/06/2003,16:00,712.6,716.1,709.9,711.1,4029,10555
02/07/2003,16:00,713.1,716.1,705.7,706.1,4194,10868
02/10/2003,16:00,708.5,709.9,703.7,709.4,4215,10943
02/11/2003,16:00,711.6,712.0,704.9,708.6,6014,11519
02/12/2003,16:00,708.1,708.4,699.9,700.3,4246,11686
02/13/2003,16:00,700.6,701.7,694.1,698.5,3879,12029
02/14/2003,16:00,699.0,703.1,696.6,702.9,6234,12379
02/18/2003,16:00,704.1,711.5,704.1,711.4,3247,13006
02/19/2003,16:00,710.9,712.0,704.7,707.6,5106,13380
02/20/2003,16:00,706.6,709.0,705.7,706.7,3881,13290
02/21/2003,16:00,706.7,712.6,704.6,711.2,6429,14169
02/24/2003,16:00,710.6,710.8,705.2,705.4,5876,13973
02/25/2003,16:00,700.7,709.6,700.7,709.6,6791,13847
02/26/2003,16:00,706.6,707.8,703.6,705.4,6361,13714
02/27/2003,16:00,706.5,709.7,704.5,707.7,8101,14924
02/28/2003,16:00,708.1,712.2,707.5,709.6,3444,14129
03/03/2003,16:00,710.6,714.1,706.3,708.3,4050,13959
03/04/2003,16:00,706.3,707.4,701.6,701.6,3049,14307
03/05/2003,16:00,701.3,702.7,698.9,700.6,5618,15433
03/06/2003,16:00,700.1,700.6,697.5,699.9,3880,14742
03/07/2003,16:00,695.1,702.3,694.3,701.1,5092,15191
03/10/2003,16:00,698.6,699.9,693.1,694.0,4319,14967
03/11/2003,16:00,694.6,696.0,688.9,689.4,5512,14962
03/12/2003,16:00,686.0,689.1,685.1,688.7,1444,1429
03/13/2003,16:00,693.2,700.8,691.4,700.8,5493,2863
03/14/2003,16:00,703.0,703.4,698.4,700.7,7237,3434
03/17/2003,16:00,698.9,712.9,698.4,711.2,6222,3741
03/18/2003,16:00,712.2,716.5,710.0,716.5,5443,3975
03/19/2003,16:00,718.4,719.1,711.8,715.5,5642,5025
03/20/2003,16:00,712.4,719.7,708.9,719.7,6100,5377
03/21/2003,16:00,718.7,727.0,718.5,725.5,4636,5822
03/24/2003,16:00,721.1,721.1,711.9,712.5,4504,5645
03/25/2003,16:00,712.7,720.0,711.5,718.2,6575,6261
03/26/2003,16:00,718.2,719.0,715.0,715.7,3753,6438
03/27/2003,16:00,715.2,719.1,712.4,716.8,3649,6423
03/28/2003,16:00,717.1,718.5,714.2,717.4,3589,6850
03/31/2003,16:00,712.1,716.4,708.3,712.7,7187,6774
04/01/2003,16:00,712.2,716.5,710.6,715.6,7138,6999
04/02/2003,16:00,720.0,726.0,720.0,724.3,4193,7532
04/03/2003,16:00,725.2,728.7,720.9,721.2,6059,7128
04/04/2003,16:00,722.1,724.9,719.0,721.2,3558,7171
04/07/2003,16:00,731.1,731.1,720.3,720.5,6499,7967
04/08/2003,16:00,722.6,723.6,716.7,718.6,7053,9078
04/09/2003,16:00,718.8,722.5,713.9,715.5,6053,9802
04/10/2003,16:00,715.3,717.2,712.8,716.5,3452,9942
04/11/2003,16:00,717.0,720.3,713.7,715.5,4524,10109
04/14/2003,16:00,718.3,722.1,715.0,722.0,4640,10788
04/15/2003,16:00,721.7,725.4,718.8,725.1,3600,11027
04/16/2003,16:00,728.0,729.2,719.1,719.9,3742,11376
04/17/2003,16:00,720.2,726.1,719.8,725.0,4329,12575
04/21/2003,16:00,725.5,727.7,724.5,726.7,3601,12412
04/22/2003,16:00,724.2,735.4,724.2,734.1,6178,12414
04/23/2003,16:00,735.3,739.5,734.4,739.0,3876,12546
04/24/2003,16:00,738.5,738.5,734.2,736.0,4238,12936
04/25/2003,16:00,735.0,736.5,730.8,731.8,2865,12970
04/28/2003,16:00,732.7,739.3,731.7,737.7,4894,13487
04/29/2003,16:00,738.7,742.6,737.8,739.7,4160,13791
04/30/2003,16:00,739.2,743.5,737.2,742.0,4647,13570
05/01/2003,16:00,741.0,741.7,734.7,741.7,4048,12821
05/02/2003,16:00,744.7,749.3,739.2,748.7,4190,13297
05/05/2003,16:00,748.7,751.9,747.9,750.1,3088,13207
05/06/2003,16:00,750.5,754.3,749.7,752.2,4522,13316
05/07/2003,16:00,750.2,753.3,748.6,751.0,3648,12891
05/08/2003,16:00,750.6,750.6,746.0,747.7,5443,13191
05/09/2003,16:00,748.2,753.8,747.8,753.0,3987,14048
05/12/2003,16:00,752.4,758.5,750.7,758.2,2641,13968
05/13/2003,16:00,756.5,759.9,754.4,758.3,4840,14560
05/14/2003,16:00,758.6,759.9,755.4,758.7,3473,14544
05/15/2003,16:00,757.7,760.4,756.2,760.0,4857,14941
05/16/2003,16:00,759.0,759.8,755.7,757.1,3599,14978
05/19/2003,16:00,756.2,756.2,747.5,748.2,7218,15469
05/20/2003,16:00,748.7,751.8,744.2,747.6,5842,14949
05/21/2003,16:00,746.1,750.6,745.7,749.5,3718,15324
05/22/2003,16:00,750.6,755.6,749.2,753.5,3437,15387
05/23/2003,16:00,751.9,758.1,751.9,757.7,2498,15252
05/27/2003,16:00,754.3,766.5,754.3,765.3,4826,15579
05/28/2003,16:00,766.9,769.0,765.7,765.9,4503,15894
05/29/2003,16:00,767.5,771.1,765.3,767.5,4472,15316
05/30/2003,16:00,767.7,778.5,767.7,777.9,5210,15795
06/02/2003,16:00,779.7,784.6,778.7,780.2,5868,14711
06/03/2003,16:00,777.2,779.9,775.9,779.2,3905,14808
06/04/2003,16:00,778.3,786.4,778.3,785.1,3741,15386
06/05/2003,16:00,782.3,790.3,780.8,790.3,4607,15135
06/06/2003,16:00,790.8,798.5,786.6,786.9,5961,14159
06/09/2003,16:00,786.9,786.9,777.6,778.1,4152,13667
06/10/2003,16:00,777.9,784.4,777.9,784.4,5069,14415
06/11/2003,16:00,787.6,790.3,780.1,789.8,348,296
06/12/2003,16:00,793.1,793.1,788.2,792.8,5213,1591
06/13/2003,16:00,792.8,793.2,784.2,785.9,5856,2844
06/16/2003,16:00,787.1,794.6,786.6,794.1,7043,4029
06/17/2003,16:00,796.4,796.4,791.4,794.5,7490,4524
06/18/2003,16:00,794.1,795.4,789.8,792.5,4543,4922
06/19/2003,16:00,793.3,795.7,786.3,787.5,6806,5175
06/20/2003,16:00,789.4,790.1,784.4,784.4,3878,5889
06/23/2003,16:00,785.3,787.7,778.1,780.4,4625,5751
06/24/2003,16:00,780.1,782.9,777.8,779.8,5894,0
06/25/2003,16:00,777.2,786.8,777.2,780.8,5947,8434
06/26/2003,16:00,781.4,787.1,781.1,786.1,4241,0
06/27/2003,16:00,786.1,789.6,783.9,783.9,4010,0
06/30/2003,16:00,786.4,788.8,779.8,782.1,4985,0
07/01/2003,16:00,782.7,786.5,776.7,786.0,6935,0
07/02/2003,16:00,787.4,792.6,786.2,792.6,4312,0
07/03/2003,16:00,789.3,793.6,788.9,789.6,3736,0
07/07/2003,16:00,795.9,798.6,793.9,798.6,4242,0
07/08/2003,16:00,796.7,803.5,796.0,802.4,5803,0
07/09/2003,16:00,801.8,805.0,800.0,804.2,4890,0
07/10/2003,16:00,802.4,802.4,793.7,794.6,5596,0
07/11/2003,16:00,797.4,800.7,790.6,790.6,2956,9892
07/14/2003,16:00,804.1,808.3,798.1,798.1,3630,10595
07/15/2003,16:00,806.6,809.3,801.4,802.1,1848,10604
07/16/2003,16:00,806.3,806.3,798.4,800.8,3709,0
07/17/2003,16:00,802.7,802.7,790.1,791.1,4679,0
07/18/2003,16:00,793.2,798.0,790.4,795.9,4832,0
07/21/2003,16:00,796.9,796.9,790.0,792.6,7306,0
07/22/2003,16:00,791.6,798.5,788.9,796.5,6754,9784
07/23/2003,16:00,796.3,797.1,789.9,796.6,6902,0
07/24/2003,16:00,796.6,800.5,792.0,792.9,7707,0
07/25/2003,16:00,791.6,797.3,785.1,796.0,3897,9538
07/28/2003,16:00,797.3,800.7,795.6,799.9,3310,8735
07/29/2003,16:00,799.1,801.7,794.5,800.2,2239,11091
07/30/2003,16:00,800.3,800.9,795.9,799.4,4054,8420
07/31/2003,16:00,799.1,804.5,797.5,799.9,6406,8746
08/01/2003,16:00,799.1,800.1,793.0,793.9,4104,8811
08/04/2003,16:00,794.1,796.7,788.3,792.6,5283,8812
08/05/2003,16:00,795.6,795.6,782.6,782.8,4231,9070
08/06/2003,16:00,783.6,788.1,781.7,783.1,4360,9290
08/07/2003,16:00,782.7,785.6,780.3,785.6,4027,9474
08/08/2003,16:00,785.1,787.7,784.5,786.9,3341,9657
08/11/2003,16:00,787.1,791.3,786.5,790.6,2956,9892
08/12/2003,16:00,790.3,796.6,790.1,796.6,2758,10205
08/13/2003,16:00,796.8,797.7,794.3,796.9,2947,10400
08/14/2003,16:00,795.9,802.0,793.9,798.1,3630,10595
08/15/2003,16:00,795.0,802.1,795.0,802.1,1848,10604
08/18/2003,16:00,801.1,808.3,800.6,808.1,3346,10968
08/19/2003,16:00,807.9,811.5,806.1,810.6,4180,10907
08/20/2003,16:00,810.6,811.7,807.1,810.6,3597,10139
08/21/2003,16:00,810.6,818.1,810.6,816.1,4616,9915
08/22/2003,16:00,817.5,821.5,810.5,811.1,6754,9784
08/25/2003,16:00,810.8,811.8,806.9,809.8,3897,9538
08/26/2003,16:00,808.9,809.8,802.8,809.5,6038,10133
08/27/2003,16:00,809.1,812.7,808.4,812.0,3068,10438
08/28/2003,16:00,812.0,818.4,809.1,817.4,5288,10664
08/29/2003,16:00,814.1,822.2,814.1,821.9,2239,11091
09/02/2003,16:00,821.5,828.0,819.8,827.6,6844,12032
09/03/2003,16:00,828.1,830.5,827.8,829.4,5096,12405
09/04/2003,16:00,828.1,830.7,826.1,829.9,6182,12315
09/05/2003,16:00,830.8,831.2,825.2,827.1,5563,12369
09/08/2003,16:00,827.0,833.0,827.0,832.1,5423,12609
09/09/2003,16:00,829.9,831.6,827.7,828.9,5564,12622
09/10/2003,16:00,830.5,830.5,817.4,819.4,412,529
09/11/2003,16:00,821.1,823.1,817.8,820.6,5341,2650
09/12/2003,16:00,818.9,824.2,816.6,823.9,6017,4512
09/15/2003,16:00,824.6,826.0,822.1,822.8,4555,4969
09/16/2003,16:00,822.8,829.8,822.8,829.6,4350,5912
09/17/2003,16:00,829.1,830.4,827.0,828.3,5103,6997
09/18/2003,16:00,827.4,835.2,827.4,834.6,5991,8069
09/19/2003,16:00,835.1,836.1,831.3,832.5,4076,8066
09/22/2003,16:00,828.5,830.5,827.1,828.9,5954,8657
09/23/2003,16:00,830.1,832.8,828.1,832.6,5284,8767
09/24/2003,16:00,832.6,833.5,823.9,824.0,7012,8169
09/25/2003,16:00,824.7,827.1,815.4,815.4,8600,8455
09/26/2003,16:00,816.8,817.4,811.1,811.1,8570,0
09/29/2003,16:00,814.1,817.9,811.3,817.9,7288,7756
09/30/2003,16:00,816.1,819.5,810.7,813.5,11091,8186
10/01/2003,16:00,811.9,824.4,811.9,823.9,6274,8518
10/02/2003,16:00,824.4,828.0,822.7,827.6,4976,9192
10/03/2003,16:00,830.3,836.0,830.3,834.4,7380,8982
10/06/2003,16:00,833.4,837.1,828.7,837.0,3683,9503
10/07/2003,16:00,833.9,839.5,832.6,838.1,7454,10758
10/08/2003,16:00,838.5,840.2,836.1,837.4,7282,10879
10/09/2003,16:00,839.6,845.0,837.5,839.9,7462,10111
10/10/2003,16:00,839.9,842.4,838.7,841.4,5171,10436
10/13/2003,16:00,844.6,847.6,842.2,847.6,3555,11387
10/14/2003,16:00,848.0,848.4,843.9,847.6,4894,11422
10/15/2003,16:00,848.1,851.1,842.6,842.6,7698,11635
10/16/2003,16:00,842.6,847.7,841.6,846.4,6157,12423
10/17/2003,16:00,846.6,847.5,837.8,838.1,6833,11977
10/20/2003,16:00,840.2,842.7,837.6,842.7,6665,13042
10/21/2003,16:00,841.1,844.5,839.5,843.1,8539,13974
10/22/2003,16:00,842.6,842.6,835.3,836.6,7013,14799
10/23/2003,16:00,832.3,837.8,831.3,834.1,8759,16296
10/24/2003,16:00,830.1,835.9,830.1,835.1,8499,15574
10/27/2003,16:00,836.1,842.4,836.1,838.6,6606,14882
10/28/2003,16:00,839.8,849.7,838.0,849.4,6206,16172
10/29/2003,16:00,848.1,851.0,845.5,849.4,6582,16821
10/30/2003,16:00,850.3,854.6,849.2,850.6,7387,16841
10/31/2003,16:00,850.7,854.6,849.6,851.6,5544,16779
11/03/2003,16:00,848.8,858.0,848.8,856.8,7115,17040
11/04/2003,16:00,856.7,860.0,855.2,856.8,7539,18880
11/05/2003,16:00,856.8,860.0,852.8,859.9,7720,20185
11/06/2003,16:00,860.0,865.1,857.3,865.1,7645,21733
11/07/2003,16:00,865.1,866.6,861.7,862.1,6496,21968
11/10/2003,16:00,861.7,864.1,855.5,855.5,7784,21353
11/11/2003,16:00,853.9,857.5,853.0,854.6,6382,22398
11/12/2003,16:00,854.4,865.5,854.4,864.9,9050,25027
11/13/2003,16:00,865.6,868.1,862.9,866.6,8300,25481
11/14/2003,16:00,865.8,869.5,859.5,860.1,8566,24323
11/17/2003,16:00,857.5,857.9,851.0,855.9,8612,25355
11/18/2003,16:00,858.2,859.9,848.7,849.1,9570,23261
11/19/2003,16:00,849.5,853.4,848.4,851.4,9874,25992
11/20/2003,16:00,849.4,855.3,847.6,849.1,10621,26797
11/21/2003,16:00,851.1,852.7,848.6,852.6,7508,27504
11/24/2003,16:00,855.1,863.0,852.4,862.1,7439,29097
11/25/2003,16:00,860.2,867.9,860.2,865.5,6186,30080
11/26/2003,16:00,865.9,869.8,863.6,869.1,5877,29827
11/28/2003,16:00,868.1,872.1,866.6,870.2,1937,30393
12/01/2003,16:00,869.3,878.9,869.3,878.1,8418,30660
12/02/2003,16:00,878.1,881.0,876.9,878.1,8408,29712
12/03/2003,16:00,877.7,880.7,871.5,871.5,10025,27548
12/04/2003,16:00,871.9,873.4,865.7,870.5,8914,28521
12/05/2003,16:00,868.5,870.2,864.1,865.1,8565,27388
12/08/2003,16:00,864.1,870.0,863.9,868.9,8629,27619
12/09/2003,16:00,870.1,871.8,861.4,861.6,11415,26398
12/10/2003,16:00,862.9,862.9,855.8,858.1,9832,25505
12/11/2003,16:00,858.0,868.5,857.8,867.7,8279,4088
12/12/2003,16:00,868.2,869.6,864.2,868.9,9413,4677
12/15/2003,16:00,878.3,878.4,860.8,861.1,13086,5463
12/16/2003,16:00,861.4,864.0,856.6,861.9,12134,7043
12/17/2003,16:00,861.7,864.1,858.3,862.9,6820,7612
12/18/2003,16:00,863.4,872.6,863.0,871.4,7413,8079
12/19/2003,16:00,871.8,872.9,868.1,869.7,7138,8372
12/22/2003,16:00,869.3,875.0,869.1,874.2,5697,8414
12/23/2003,16:00,874.9,877.0,872.4,876.7,6927,9082
12/24/2003,16:00,875.1,878.4,874.0,874.4,1802,9071
12/26/2003,16:00,876.5,878.8,874.5,875.4,2210,9063
12/29/2003,16:00,876.4,882.8,875.6,881.8,4469,9506
12/30/2003,16:00,878.7,883.6,878.7,882.7,4938,9445
12/31/2003,16:00,885.7,885.8,878.4,879.5,9899,10815
01/02/2004,16:00,881.4,883.9,877.8,880.7,7125,10894
01/05/2004,16:00,885.9,885.9,880.0,884.4,7279,11446
01/06/2004,16:00,884.4,886.7,881.9,884.9,5680,11771
01/07/2004,16:00,884.8,888.4,882.3,887.9,7030,11717
01/08/2004,16:00,888.4,890.4,884.8,888.4,7314,12098
01/09/2004,16:00,889.9,893.2,883.8,888.1,11179,11956
01/12/2004,16:00,888.6,892.5,887.4,892.2,7284,12247
01/13/2004,16:00,892.3,895.4,884.4,888.2,8975,12391
01/14/2004,16:00,888.4,892.1,888.0,891.9,6673,12653
01/15/2004,16:00,891.5,895.1,887.6,894.4,9916,13231
01/16/2004,16:00,897.9,897.9,893.4,896.5,5501,13573
01/20/2004,16:00,900.3,903.3,892.7,901.8,8634,13546
01/21/2004,16:00,901.6,905.4,898.9,903.7,7817,13696
01/22/2004,16:00,903.7,907.0,900.6,902.7,6917,13979
01/23/2004,16:00,901.1,906.4,900.1,902.4,7967,14251
01/26/2004,16:00,902.3,907.1,898.7,906.7,7696,15271
01/27/2004,16:00,906.4,907.4,900.5,900.6,8606,15605
01/28/2004,16:00,901.5,904.9,891.8,893.1,10504,15158
01/29/2004,16:00,893.3,895.4,884.5,889.4,11798,16241
01/30/2004,16:00,890.4,892.0,886.1,891.4,8655,16548
02/02/2004,16:00,892.2,896.3,887.7,892.8,11867,17051
02/03/2004,16:00,892.4,892.6,888.8,890.2,5965,16879
02/04/2004,16:00,890.4,890.4,883.7,884.2,10644,17058
02/05/2004,16:00,884.4,889.5,883.2,886.9,7252,17099
02/06/2004,16:00,887.4,898.1,887.0,897.4,7599,17445
02/09/2004,16:00,897.3,903.0,886.1,900.4,6075,17533
02/10/2004,16:00,901.4,904.3,899.7,903.4,5495,17576
02/11/2004,16:00,902.8,909.1,901.0,908.9,7921,17685
02/12/2004,16:00,908.8,910.7,906.9,907.8,7199,18070
02/13/2004,16:00,907.7,911.6,903.8,905.4,7886,17717
02/17/2004,16:00,903.9,913.0,903.9,913.0,7840,18190
02/18/2004,16:00,912.7,913.4,908.0,909.3,7094,18010
02/19/2004,16:00,910.3,913.9,902.1,903.4,9133,18371
02/20/2004,16:00,902.8,905.0,896.3,898.7,9266,18384
02/23/2004,16:00,897.0,901.8,891.7,893.7,11600,18869
02/24/2004,16:00,893.6,896.1,889.4,892.8,12139,17982
02/25/2004,16:00,890.7,898.1,890.5,897.9,8546,18208
02/26/2004,16:00,897.9,903.0,895.0,901.4,8815,18732
02/27/2004,16:00,901.6,906.4,900.2,904.9,7653,18940
03/01/2004,16:00,906.6,914.7,906.3,914.4,9001,19478
03/02/2004,16:00,914.1,916.2,911.6,912.1,8341,18411
03/03/2004,16:00,911.5,913.1,906.1,911.8,10962,18606
03/04/2004,16:00,911.9,915.9,910.9,915.1,5951,18279
03/05/2004,16:00,914.9,921.1,911.9,918.9,9877,18183
03/08/2004,16:00,919.4,922.1,910.9,910.9,11159,17525
03/09/2004,16:00,911.0,912.8,906.7,908.7,8845,17296
03/10/2004,16:00,908.4,910.1,896.9,897.8,292,415
03/11/2004,16:00,892.3,901.3,889.3,889.8,17526,5893
03/12/2004,16:00,893.0,901.3,892.6,898.9,14552,11110
03/15/2004,16:00,899.2,899.4,890.1,891.3,15240,12240
03/16/2004,16:00,891.8,896.9,888.4,891.4,12999,12012
03/17/2004,16:00,891.5,900.2,891.3,899.8,9819,14181
03/18/2004,16:00,895.6,900.1,892.3,897.7,13422,13979
03/19/2004,16:00,897.8,899.2,890.4,890.8,9846,14023
03/22/2004,16:00,888.3,889.3,882.0,882.8,14854,14481
03/23/2004,16:00,882.8,888.0,881.7,883.8,11209,14810
03/24/2004,16:00,882.4,886.5,879.9,881.8,14801,15817
03/25/2004,16:00,884.8,892.0,884.0,890.3,10269,15905
03/26/2004,16:00,890.5,895.4,889.6,891.6,7694,15786
03/29/2004,16:00,894.4,902.1,894.4,902.1,9793,15833
03/30/2004,16:00,901.3,904.6,898.3,904.1,8410,16771
03/31/2004,16:00,904.1,908.0,901.3,906.8,10085,17435
04/01/2004,16:00,906.7,913.3,905.8,913.3,9588,18334
04/02/2004,16:00,910.7,919.4,910.7,916.1,9899,19351
04/05/2004,16:00,915.3,920.6,914.6,919.8,7826,20273
04/06/2004,16:00,918.0,920.1,914.7,915.8,8465,20054
04/07/2004,16:00,914.8,919.7,912.0,917.7,10728,20540
04/08/2004,16:00,919.6,922.5,912.0,914.6,8997,20131
04/12/2004,16:00,915.9,919.0,913.5,915.8,7352,20578
04/13/2004,16:00,916.3,918.7,903.5,904.7,14620,21016
04/14/2004,16:00,903.8,907.6,898.6,902.8,14296,22233
04/15/2004,16:00,905.8,905.8,896.1,899.1,14543,22783
04/16/2004,16:00,898.4,905.3,898.3,904.6,9147,22971
04/19/2004,16:00,906.3,906.7,901.1,905.6,7148,23082
04/20/2004,16:00,905.8,909.4,896.1,896.3,13546,24489
04/21/2004,16:00,897.2,903.6,896.0,903.3,15287,23956
04/22/2004,16:00,905.0,913.7,901.7,912.1,13317,24430
04/23/2004,16:00,912.7,915.1,906.8,911.2,9978,24659
04/26/2004,16:00,911.4,915.0,907.0,909.6,12305,24876
04/27/2004,16:00,910.6,915.0,907.1,909.1,15017,24970
04/28/2004,16:00,909.3,909.9,897.7,901.3,14817,25895
04/29/2004,16:00,901.2,902.0,887.8,890.3,18803,26705
04/30/2004,16:00,889.9,893.2,883.7,886.5,20164,21297
05/03/2004,16:00,886.4,893.4,886.4,891.9,15593,19197
05/04/2004,16:00,891.9,897.7,889.9,891.8,17156,19636
05/05/2004,16:00,892.3,897.7,891.5,897.2,14565,19969
05/06/2004,16:00,896.3,896.3,884.3,888.5,19148,22045
05/07/2004,16:00,887.8,891.4,875.3,875.3,23976,23332
05/10/2004,16:00,875.7,875.7,862.7,865.2,23942,24480
05/11/2004,16:00,865.7,875.5,865.7,872.6,14363,24413
05/12/2004,16:00,872.3,874.0,861.4,873.8,24768,26549
05/13/2004,16:00,873.7,876.5,869.1,871.6,21509,27254
05/14/2004,16:00,872.7,876.3,867.3,869.8,20752,26720
05/17/2004,16:00,866.9,869.0,854.8,865.3,22583,26685
05/18/2004,16:00,865.3,870.6,865.3,869.9,11210,26327
05/19/2004,16:00,871.2,878.6,867.0,867.3,19890,27991
05/20/2004,16:00,866.9,871.9,866.1,869.8,13125,27256
05/21/2004,16:00,868.6,874.2,868.5,871.3,10548,28024
05/24/2004,16:00,874.3,878.9,873.0,878.0,13677,28597
05/25/2004,16:00,878.6,889.1,875.1,888.0,17749,29945
05/26/2004,16:00,888.5,892.4,885.8,891.8,12190,30606
05/27/2004,16:00,893.8,896.9,889.8,895.4,11908,30751
05/28/2004,16:00,895.4,899.3,894.1,898.0,8742,30997
05/31/2004,16:00,897.3,897.3,897.3,897.3,8742,30997
06/01/2004,16:00,896.8,901.6,893.0,901.5,14108,31367
06/02/2004,16:00,900.6,902.8,897.0,899.6,13686,32763
06/03/2004,16:00,898.8,898.8,890.3,890.3,13978,33240
06/04/2004,16:00,891.7,898.9,890.8,896.6,15356,33489
06/07/2004,16:00,900.5,905.8,897.5,905.6,11229,33823
06/08/2004,16:00,905.4,905.8,902.1,905.3,10915,33686
06/09/2004,16:00,905.1,905.1,896.3,896.6,18223,33083
06/10/2004,16:00,899.4,901.2,894.6,898.8,11636,6456
06/11/2004,16:00,898.8,898.8,895.8,898.8,2,0
06/14/2004,16:00,895.9,896.5,889.9,891.3,16044,13897
06/15/2004,16:00,890.8,900.3,890.7,898.1,18779,20284
06/16/2004,16:00,897.7,899.7,895.7,898.3,13293,19555
06/17/2004,16:00,897.5,900.3,893.9,897.8,11892,19513
06/18/2004,16:00,896.9,900.8,895.2,895.8,12147,20671
06/21/2004,16:00,899.3,900.2,895.3,896.2,15092,21420
06/22/2004,16:00,896.8,900.8,893.6,900.3,16045,24512
06/23/2004,16:00,899.9,906.9,898.0,906.8,14394,26893
06/24/2004,16:00,906.3,908.4,903.8,903.8,12775,26578
06/25/2004,16:00,904.1,908.8,902.9,908.1,13198,29395
06/28/2004,16:00,908.8,912.4,903.1,903.3,14352,27652
06/29/2004,16:00,903.4,907.0,901.1,905.6,13247,27622
06/30/2004,16:00,905.7,911.5,905.4,911.1,17090,29178
07/01/2004,16:00,910.7,911.3,901.3,901.3,18865,27914
07/02/2004,16:00,901.8,903.5,899.5,902.4,8375,28066
07/06/2004,16:00,903.7,903.7,893.2,894.3,13884,28933
07/07/2004,16:00,894.1,897.7,892.9,895.6,10828,28253
07/08/2004,16:00,895.1,895.1,887.0,887.6,17050,28673
07/09/2004,16:00,888.3,892.6,887.8,891.8,9002,28490
07/12/2004,16:00,891.8,892.8,884.9,888.6,13260,27580
07/13/2004,16:00,888.8,891.6,888.5,888.8,9410,27220
07/14/2004,16:00,886.9,893.3,885.1,887.3,15995,27496
07/15/2004,16:00,887.5,893.5,886.7,888.6,13854,27930
07/16/2004,16:00,889.0,894.3,886.2,887.6,15968,26174
07/19/2004,16:00,889.6,889.6,883.9,886.6,14378,26321
07/20/2004,16:00,887.1,896.3,885.8,895.3,14735,28044
07/21/2004,16:00,895.1,897.0,880.3,880.3,18502,26933
07/22/2004,16:00,881.1,883.1,874.1,881.3,17793,27469
07/23/2004,16:00,877.8,881.2,873.2,873.8,17268,26720
07/26/2004,16:00,873.9,877.6,866.7,869.1,24136,27586
07/27/2004,16:00,869.5,877.8,868.8,876.2,15931,28557
07/28/2004,16:00,875.2,876.6,867.7,874.1,22284,29010
07/29/2004,16:00,874.7,882.5,872.6,881.8,18709,29471
07/30/2004,16:00,882.0,884.0,878.0,881.9,15733,29776
08/02/2004,16:00,881.2,883.3,873.9,882.3,22296,28890
08/03/2004,16:00,881.1,891.5,874.4,875.1,14989,28350
08/04/2004,16:00,874.4,877.0,868.8,873.8,20672,28915
08/05/2004,16:00,873.0,874.8,862.4,862.8,20449,30281
08/06/2004,16:00,862.8,864.9,852.9,854.3,17944,30937
08/09/2004,16:00,856.2,858.1,854.4,856.1,10722,29069
08/10/2004,16:00,855.6,864.9,855.6,863.6,13369,29947
08/11/2004,16:00,861.4,862.5,853.8,860.0,21436,30994
08/12/2004,16:00,860.4,860.4,852.0,852.8,19299,29939
08/13/2004,16:00,854.8,856.3,850.9,853.3,13546,30021
08/16/2004,16:00,850.3,862.2,850.3,860.9,13990,31217
08/17/2004,16:00,860.4,867.2,860.0,864.6,11475,31569
08/18/2004,16:00,864.3,873.1,860.4,871.6,14191,33088
08/19/2004,16:00,871.7,871.9,865.7,867.8,13637,32167
08/20/2004,16:00,868.0,876.7,865.3,876.1,12262,33660
08/23/2004,16:00,876.3,878.1,872.3,874.1,14113,34210
08/24/2004,16:00,874.0,876.7,870.2,876.2,12941,34370
08/25/2004,16:00,875.8,880.0,871.7,877.6,13640,36324
08/26/2004,16:00,878.1,880.2,877.2,877.6,7775,35815
08/27/2004,16:00,877.6,882.7,877.4,880.8,7626,36175
08/30/2004,16:00,881.3,881.5,874.2,875.7,11231,35575
08/31/2004,16:00,875.7,880.8,874.2,879.7,16303,36488
09/01/2004,16:00,880.3,884.9,876.9,884.6,16152,38187
09/02/2004,16:00,883.9,891.3,883.0,891.3,10431,38807
09/03/2004,16:00,888.0,891.3,883.7,887.1,12177,37749
09/07/2004,16:00,888.8,892.4,888.1,891.6,12746,38705
09/08/2004,16:00,891.1,894.5,884.7,888.3,18570,40369
09/09/2004,16:00,886.6,891.1,885.3,889.4,18685,14656
09/10/2004,16:00,889.8,892.6,885.9,892.2,12839,13433
09/13/2004,16:00,892.2,897.5,892.2,895.8,15517,16476
09/14/2004,16:00,896.0,896.8,891.9,895.1,12639,17728
09/15/2004,16:00,894.4,894.6,889.7,890.8,11212,18965
09/16/2004,16:00,891.1,896.6,890.7,895.8,10435,19342
09/17/2004,16:00,895.3,897.4,892.5,894.3,13237,19461
09/20/2004,16:00,893.6,895.4,891.3,891.3,13989,20022
09/21/2004,16:00,892.0,897.9,891.8,894.8,9741,21718
09/22/2004,16:00,895.1,895.5,887.8,887.8,16391,20465
09/23/2004,16:00,888.1,890.4,887.0,887.1,12699,19934
09/24/2004,16:00,887.3,893.6,887.0,891.3,10417,21154
09/27/2004,16:00,891.5,891.5,884.4,886.3,12549,21024
09/28/2004,16:00,886.4,890.3,884.9,889.3,11477,22632
09/29/2004,16:00,889.3,892.6,888.0,892.4,12576,23404
09/30/2004,16:00,892.5,897.1,890.6,895.9,12930,24482
10/01/2004,16:00,895.1,905.6,894.3,905.1,11172,26719
10/04/2004,16:00,905.1,910.6,904.8,906.3,9380,27169
10/05/2004,16:00,907.4,908.8,903.5,905.7,11633,27139
10/06/2004,16:00,905.8,908.8,903.5,908.6,10244,29005
10/07/2004,16:00,908.0,908.2,900.5,901.6,12820,26659
10/08/2004,16:00,901.5,904.3,895.7,895.8,12513,26273
10/11/2004,16:00,897.6,898.9,895.4,897.6,5118,26101
10/12/2004,16:00,897.0,897.6,890.5,893.8,13285,27282
10/13/2004,16:00,895.3,898.4,888.1,888.6,17704,27188
10/14/2004,16:00,889.3,890.9,885.3,885.6,11940,27206
10/15/2004,16:00,885.8,890.6,883.6,887.8,13959,28994
10/18/2004,16:00,890.0,891.2,884.9,889.7,14672,29949
10/19/2004,16:00,889.8,894.1,885.9,886.5,15960,28345
10/20/2004,16:00,887.0,890.5,882.8,888.1,18510,29648
10/21/2004,16:00,887.9,895.5,887.9,894.3,13476,30328
10/22/2004,16:00,893.0,896.4,888.6,889.1,13683,29968
10/25/2004,16:00,887.8,892.7,885.5,891.8,17803,31125
10/26/2004,16:00,893.1,897.7,887.4,897.2,15268,32689
10/27/2004,16:00,896.9,904.6,894.3,904.3,16550,35149
10/28/2004,16:00,904.3,905.2,899.2,902.3,12431,35618
10/29/2004,16:00,902.7,906.1,900.5,904.6,10490,35253
11/01/2004,16:00,902.2,907.0,902.1,904.1,11553,36260
11/02/2004,16:00,904.0,909.1,902.1,903.3,15244,35967
11/03/2004,16:00,902.6,915.3,902.4,913.6,17714,38225
11/04/2004,16:00,911.8,921.3,911.3,920.8,14605,40949
11/05/2004,16:00,920.7,926.0,919.9,922.1,11488,40702
11/08/2004,16:00,922.5,923.3,918.8,920.3,9290,40104
11/09/2004,16:00,920.4,923.7,919.6,921.2,8920,41270
11/10/2004,16:00,921.1,926.1,921.1,923.8,11244,42105
11/11/2004,16:00,924.8,929.8,923.5,928.8,6756,42770
11/12/2004,16:00,928.2,936.8,926.6,936.0,11380,43573
11/15/2004,16:00,936.0,936.7,933.4,935.8,11714,42627
11/16/2004,16:00,936.2,936.5,931.6,933.8,11962,41680
11/17/2004,16:00,933.6,940.9,933.6,938.8,12984,42216
11/18/2004,16:00,937.5,938.6,933.1,937.3,11057,41168
11/19/2004,16:00,936.9,937.4,928.9,929.3,10421,40285
11/22/2004,16:00,927.8,934.9,926.1,934.3,10442,41112
11/23/2004,16:00,933.8,937.9,930.7,937.6,12486,41273
11/24/2004,16:00,937.6,942.8,937.1,940.8,7458,39956
11/26/2004,16:00,943.0,944.9,940.5,941.3,3391,40061
11/29/2004,16:00,941.8,945.8,936.1,938.6,20003,39038
11/30/2004,16:00,938.6,941.3,937.3,939.5,16069,38566
12/01/2004,16:00,940.5,947.9,940.0,946.8,15073,39297
12/02/2004,16:00,946.5,948.4,942.9,943.8,14888,38455
12/03/2004,16:00,945.6,948.7,943.2,944.8,14150,37662
12/06/2004,16:00,943.3,946.7,940.6,943.3,12632,37276
12/07/2004,16:00,944.0,945.7,935.8,936.3,13966,33747
12/08/2004,16:00,936.4,943.4,934.8,943.4,3410,4807
12/09/2004,16:00,939.3,942.9,934.7,940.6,21579,12724
12/10/2004,16:00,940.7,944.0,938.8,943.3,12953,14669
12/13/2004,16:00,944.6,948.0,943.5,947.9,9974,16230
12/14/2004,16:00,947.4,954.1,946.4,953.6,11654,19188
12/15/2004,16:00,953.8,957.8,952.2,957.0,11557,19931
12/16/2004,16:00,956.9,957.5,951.2,953.9,13940,19603
12/17/2004,16:00,952.4,954.7,949.9,952.1,14201,20389
12/20/2004,16:00,949.2,955.8,948.2,951.6,13007,20256
12/21/2004,16:00,951.6,958.3,951.6,958.2,12152,20938
12/22/2004,16:00,957.5,960.8,957.1,958.1,8588,21301
12/23/2004,16:00,958.2,961.8,953.2,959.9,5859,21685
12/27/2004,16:00,961.6,962.5,953.4,956.1,12788,21151
12/28/2004,16:00,957.7,963.8,956.2,963.4,11150,22130
12/29/2004,16:00,963.5,965.3,962.0,965.1,7372,22816
12/30/2004,16:00,965.1,966.7,963.1,963.1,6679,23282
12/31/2004,16:00,961.6,968.8,961.6,965.0,9524,23536
01/03/2005,16:00,964.3,968.7,953.0,955.4,18617,22359
01/04/2005,16:00,955.7,957.5,942.3,943.8,19355,23589
01/05/2005,16:00,943.3,944.1,933.8,934.3,22818,24228
01/06/2005,16:00,934.0,942.1,934.0,938.6,18005,24586
01/07/2005,16:00,937.9,942.1,933.2,935.1,19649,25436
01/10/2005,16:00,935.3,944.2,934.8,939.6,20276,25118
01/11/2005,16:00,939.6,939.9,933.6,935.4,17562,25780
01/12/2005,16:00,937.1,937.9,930.0,937.2,23281,25002
01/13/2005,16:00,937.5,940.7,935.1,936.9,18181,25420
01/14/2005,16:00,938.0,941.8,935.8,939.7,12979,24897
01/17/2005,16:00,940.2,941.6,940.2,941.4,21,0
01/18/2005,16:00,940.2,947.6,939.1,946.6,15587,25266
01/19/2005,16:00,946.0,947.6,939.9,940.0,14734,25183
01/20/2005,16:00,938.6,942.7,935.9,936.9,23451,25951
01/21/2005,16:00,937.9,940.8,932.3,934.1,16408,26844
01/24/2005,16:00,934.9,938.1,930.2,931.1,17794,26864
01/25/2005,16:00,931.5,937.5,931.0,933.1,15148,26760
01/26/2005,16:00,933.5,939.1,933.0,937.6,17207,26028
01/27/2005,16:00,937.6,943.2,936.4,940.1,15287,26444
01/28/2005,16:00,940.6,940.9,933.9,938.9,17568,27443
01/31/2005,16:00,940.4,946.7,940.4,946.7,16876,27600
02/01/2005,16:00,945.7,952.2,945.3,950.1,12629,28975
02/02/2005,16:00,950.9,955.8,950.5,953.6,10725,28898
02/03/2005,16:00,953.9,953.9,949.8,952.6,12256,29276
02/04/2005,16:00,952.6,962.2,951.7,961.1,13597,29794
02/07/2005,16:00,961.7,964.3,958.3,961.4,11482,29906
02/08/2005,16:00,960.9,963.7,960.2,961.9,9692,30541
02/09/2005,16:00,963.8,964.5,953.4,954.1,17605,30128
02/10/2005,16:00,954.3,957.1,952.1,956.1,13481,30242
02/11/2005,16:00,955.3,964.1,953.1,963.1,15496,30653
02/14/2005,16:00,964.6,964.6,960.4,963.6,9395,30594
02/15/2005,16:00,962.7,967.1,961.6,965.4,11418,30379
02/16/2005,16:00,965.2,968.0,961.0,966.0,11936,30355
02/17/2005,16:00,966.5,968.6,961.8,962.4,16135,30318
02/18/2005,16:00,962.3,964.6,960.3,961.4,10465,30367
02/21/2005,16:00,961.4,961.4,960.6,960.6,4,0
02/22/2005,16:00,961.4,963.2,950.0,950.4,21865,31121
02/23/2005,16:00,951.1,956.9,950.6,954.7,16563,30414
02/24/2005,16:00,954.7,962.5,952.3,961.9,15692,30707
02/25/2005,16:00,962.0,971.3,960.8,969.9,11738,30517
02/28/2005,16:00,969.9,971.2,962.8,967.1,17952,30764
03/01/2005,16:00,967.8,973.0,967.1,972.0,16333,32378
03/02/2005,16:00,971.8,975.8,968.2,970.8,18019,31193
03/03/2005,16:00,971.0,975.4,967.4,971.0,18557,31205
03/04/2005,16:00,971.4,980.0,970.9,978.9,14411,30534
03/07/2005,16:00,979.6,983.5,978.8,981.4,12690,30126
03/08/2005,16:00,981.5,982.9,975.8,977.1,15822,29233
03/09/2005,16:00,977.6,978.8,968.8,969.2,20213,27093
03/10/2005,16:00,967.7,970.6,963.5,969.2,17196,11980
03/11/2005,16:00,970.4,973.8,966.1,968.7,19617,15597
03/14/2005,16:00,968.7,974.2,968.7,974.2,18673,21712
03/15/2005,16:00,974.2,977.2,969.5,970.5,19337,22242
03/16/2005,16:00,970.4,972.5,963.5,965.0,15697,24071
03/17/2005,16:00,965.8,967.2,962.4,963.7,13160,24019
03/18/2005,16:00,963.9,965.7,958.7,958.7,17585,22155
03/21/2005,16:00,960.7,961.8,957.7,961.8,13559,23146
03/22/2005,16:00,961.3,967.0,956.8,957.2,17862,22563
03/23/2005,16:00,956.7,958.0,951.4,951.4,16906,23688
03/24/2005,16:00,951.8,959.0,951.6,953.4,12381,24141
03/28/2005,16:00,956.4,957.7,953.9,955.7,10930,24345
03/29/2005,16:00,955.8,959.1,946.1,947.1,20481,25341
03/30/2005,16:00,947.1,955.3,946.7,955.2,16000,24990
03/31/2005,16:00,954.8,958.8,954.2,957.8,14847,24885
04/01/2005,16:00,956.7,963.9,952.6,955.0,22704,23749
04/04/2005,16:00,955.0,957.1,950.5,956.3,15893,22658
04/05/2005,16:00,956.2,959.7,955.5,957.2,16035,23114
04/06/2005,16:00,957.6,961.6,956.9,958.6,16459,22660
04/07/2005,16:00,958.6,961.6,956.2,960.5,15003,23138
04/08/2005,16:00,960.7,961.1,953.5,953.5,14846,22475
04/11/2005,16:00,952.5,956.2,950.1,951.2,12922,22979
04/12/2005,16:00,951.4,956.7,944.6,954.5,25862,24244
04/13/2005,16:00,954.4,954.8,945.0,946.2,21941,24928
04/14/2005,16:00,944.9,947.0,933.4,933.5,25310,25702
04/15/2005,16:00,933.6,936.1,924.7,925.0,31183,26580
04/18/2005,16:00,922.5,931.1,920.7,928.8,29397,26637
04/19/2005,16:00,928.7,937.6,928.7,937.0,20066,27412
04/20/2005,16:00,938.2,939.5,926.3,927.4,25405,28517
04/21/2005,16:00,927.8,938.5,926.8,937.7,19692,28677
04/22/2005,16:00,937.4,937.8,927.4,934.5,25113,28680
04/25/2005,16:00,934.3,942.2,933.9,940.9,20196,27516
04/26/2005,16:00,940.9,943.2,933.7,934.1,21028,27269
04/27/2005,16:00,934.2,937.3,927.0,934.5,22885,26834
04/28/2005,16:00,933.8,934.8,923.4,923.7,25523,27224
04/29/2005,16:00,924.0,931.9,920.6,930.5,28986,25859
05/02/2005,16:00,931.1,935.4,928.5,935.3,21397,26084
05/03/2005,16:00,935.2,937.7,930.6,934.7,23814,25117
05/04/2005,16:00,935.2,941.8,933.5,939.7,19298,26132
05/05/2005,16:00,940.0,945.6,938.4,943.2,26269,27213
05/06/2005,16:00,942.8,948.2,942.2,944.5,15540,27492
05/09/2005,16:00,945.4,948.2,941.4,947.4,15087,27413
05/10/2005,16:00,947.2,947.7,941.6,943.2,19168,27919
05/11/2005,16:00,942.7,946.9,937.8,945.7,23384,28186
05/12/2005,16:00,945.2,947.1,935.7,936.5,25854,27885
05/13/2005,16:00,937.1,940.9,928.1,933.5,24530,28173
05/16/2005,16:00,933.3,941.9,933.0,941.7,16128,28223
05/17/2005,16:00,941.6,947.8,938.2,947.8,19386,28690
05/18/2005,16:00,947.4,958.3,946.3,957.7,18836,29169
05/19/2005,16:00,958.1,960.9,956.8,960.0,16602,26779
05/20/2005,16:00,959.8,961.0,956.1,958.7,10501,27044
05/23/2005,16:00,961.4,966.0,958.9,966.0,18763,29152
05/24/2005,16:00,965.6,965.7,960.6,962.0,17938,29490
05/25/2005,16:00,961.7,962.1,956.3,958.7,16391,28339
05/26/2005,16:00,958.5,965.0,958.5,964.5,11688,29310
05/27/2005,16:00,964.0,967.7,963.6,967.2,8305,29548
05/31/2005,16:00,967.4,969.3,963.5,966.9,16792,29475
06/01/2005,16:00,965.7,974.5,965.4,971.2,25176,31242
06/02/2005,16:00,971.2,975.3,970.3,974.5,13652,32209
06/03/2005,16:00,974.3,976.8,970.3,971.2,19416,31901
06/06/2005,16:00,971.3,974.1,968.8,973.2,12390,32784
06/07/2005,16:00,973.6,980.2,972.6,974.2,24673,31400
06/08/2005,16:00,974.0,976.4,969.0,970.2,21063,30312
06/09/2005,16:00,970.0,975.5,967.1,974.2,22904,10848
06/10/2005,16:00,974.5,976.6,972.5,975.9,19487,14855
06/13/2005,16:00,975.8,979.4,972.3,978.2,27041,20863
06/14/2005,16:00,978.7,981.5,977.2,981.2,16863,22509
06/15/2005,16:00,980.3,983.6,976.2,982.7,17829,22955
06/16/2005,16:00,981.8,988.2,981.8,987.7,14785,24077
06/17/2005,16:00,987.2,992.3,986.2,986.2,20304,24603
06/20/2005,16:00,986.5,988.3,983.6,986.1,12687,24371
06/21/2005,16:00,986.3,988.4,983.5,986.7,16009,24589
06/22/2005,16:00,986.8,989.5,982.0,985.7,16755,25308
06/23/2005,16:00,986.4,987.8,978.3,978.5,23013,24668
06/24/2005,16:00,978.6,979.6,969.7,970.2,21435,26491
06/27/2005,16:00,970.1,973.9,969.3,973.0,18761,27520
06/28/2005,16:00,973.7,983.2,973.4,982.1,16399,28118
06/29/2005,16:00,982.9,984.4,981.2,982.7,12761,28423
06/30/2005,16:00,982.9,986.7,980.0,980.6,19129,28839
07/01/2005,16:00,980.2,985.9,980.2,985.5,17418,31267
07/05/2005,16:00,985.5,992.7,983.1,992.7,15564,31128
07/06/2005,16:00,992.3,993.4,986.5,987.2,22121,30315
07/07/2005,16:00,987.0,990.5,974.5,989.7,26214,30938
07/08/2005,16:00,990.0,998.7,989.5,998.7,15355,30841
07/11/2005,16:00,998.1,1004.3,998.1,1004.0,13738,31797
07/12/2005,16:00,1003.8,1007.1,1000.6,1004.4,14885,31570
07/13/2005,16:00,1004.7,1006.1,1001.2,1002.5,13755,31600
07/14/2005,16:00,1003.0,1008.1,998.2,1000.5,18927,30454
07/15/2005,16:00,1000.6,1002.0,997.8,1001.1,10718,30327
07/18/2005,16:00,1000.2,1001.8,998.2,1000.7,12565,30526
07/19/2005,16:00,1001.2,1007.8,999.9,1007.8,17133,30841
07/20/2005,16:00,1006.5,1011.9,1004.1,1009.9,17251,30297
07/21/2005,16:00,1010.7,1014.5,1001.2,1003.7,29045,30443
07/22/2005,16:00,1004.2,1010.5,1002.7,1009.7,16276,30595
07/25/2005,16:00,1009.7,1011.9,1004.3,1007.2,14066,30656
07/26/2005,16:00,1008.3,1009.8,1005.2,1009.0,15352,30016
07/27/2005,16:00,1009.1,1011.3,1005.8,1011.2,13868,31264
07/28/2005,16:00,1010.8,1017.0,1009.3,1016.4,12094,31898
07/29/2005,16:00,1016.4,1018.3,1013.0,1014.9,14607,33416
08/01/2005,16:00,1015.6,1017.5,1013.6,1015.5,12963,33286
08/02/2005,16:00,1015.2,1019.3,1015.1,1018.7,11979,33443
08/03/2005,16:00,1017.6,1018.8,1015.8,1016.7,10558,33828
08/04/2005,16:00,1016.6,1017.4,1009.6,1009.9,12367,32910
08/05/2005,16:00,1010.0,1011.2,1000.7,1002.2,12543,33152
08/08/2005,16:00,1002.6,1006.2,998.4,999.2,10795,33460
08/09/2005,16:00,999.1,1003.0,999.1,1002.7,10742,33037
08/10/2005,16:00,1002.7,1008.4,999.1,1004.2,19035,32765
08/11/2005,16:00,1003.7,1008.3,1002.0,1006.6,16642,33025
08/12/2005,16:00,1006.4,1007.8,999.7,1004.2,20619,33607
08/15/2005,16:00,1004.2,1009.2,1001.4,1006.9,14455,33259
08/16/2005,16:00,1007.0,1007.7,996.2,997.2,16534,32397
08/17/2005,16:00,997.4,999.7,994.2,995.5,16329,31650
08/18/2005,16:00,995.4,997.4,991.5,994.5,13446,31522
08/19/2005,16:00,994.6,998.4,994.0,998.2,9354,31784
08/22/2005,16:00,997.9,1001.2,994.6,999.8,16381,33538
08/23/2005,16:00,999.5,1000.3,994.3,999.1,10684,33095
08/24/2005,16:00,998.8,1003.2,994.0,995.5,20527,32454
08/25/2005,16:00,995.2,999.2,994.8,999.0,12174,32564
08/26/2005,16:00,998.9,999.5,990.2,990.7,14366,33569
08/29/2005,16:00,987.6,997.7,985.2,997.4,17742,34445
08/30/2005,16:00,997.4,997.7,990.0,992.3,21567,34474
08/31/2005,16:00,992.4,1006.4,990.8,1004.4,23739,36260
09/01/2005,16:00,1005.4,1007.9,1001.7,1003.9,19248,36171
09/02/2005,16:00,1003.4,1006.1,999.4,1001.2,12626,34929
09/06/2005,16:00,1001.3,1009.0,1001.3,1007.6,15192,34767
09/07/2005,16:00,1007.9,1011.2,1006.6,1010.0,16088,34685
09/08/2005,16:00,1009.3,1010.3,1006.1,1007.0,21320,13586
09/09/2005,16:00,1006.7,1013.5,1006.7,1012.3,19251,22031
09/12/2005,16:00,1011.8,1015.1,1011.3,1012.9,12745,23985
09/13/2005,16:00,1012.8,1012.8,1007.7,1008.5,19603,24945
09/14/2005,16:00,1008.4,1010.6,1004.1,1005.6,18516,24895
09/15/2005,16:00,1005.8,1008.0,1002.6,1004.7,15757,25147
09/16/2005,16:00,1004.4,1009.0,1004.4,1007.1,14472,26416
09/19/2005,16:00,1006.7,1008.4,1002.9,1004.8,12757,25594
09/20/2005,16:00,1004.7,1008.5,996.0,996.5,18817,27055
09/21/2005,16:00,996.3,997.4,986.5,986.9,22318,28429
09/22/2005,16:00,986.9,991.1,982.5,989.9,19877,28455
09/23/2005,16:00,989.8,995.0,985.5,992.6,12418,28988
09/26/2005,16:00,995.9,999.4,994.1,997.1,16772,29663
09/27/2005,16:00,997.2,998.1,991.8,995.5,18456,30029
09/28/2005,16:00,995.4,998.1,990.8,995.9,17356,29766
09/29/2005,16:00,995.5,1003.9,991.6,1003.1,21467,30996
09/30/2005,16:00,1003.1,1009.2,1002.0,1008.4,13263,31586
10/03/2005,16:00,1008.7,1013.6,1008.1,1012.9,18632,32599
10/04/2005,16:00,1012.8,1015.0,1001.9,1002.4,18793,33351
10/05/2005,16:00,1002.1,1003.6,987.2,987.7,28606,32462
10/06/2005,16:00,987.7,989.7,975.0,981.8,41087,33376
10/07/2005,16:00,981.4,986.4,980.4,983.4,17507,33799
10/10/2005,16:00,983.8,986.3,978.0,978.6,20553,34475
10/11/2005,16:00,979.0,983.5,973.7,974.0,25410,34408
10/12/2005,16:00,973.7,977.1,961.9,964.6,35297,34923
10/13/2005,16:00,964.6,968.2,955.7,960.5,33074,34640
10/14/2005,16:00,960.6,972.3,960.6,971.1,25524,34646
10/17/2005,16:00,971.7,976.2,968.9,976.0,19007,34951
10/18/2005,16:00,976.0,977.0,966.1,966.9,22791,34533
10/19/2005,16:00,965.6,976.1,959.2,975.9,32940,34030
10/20/2005,16:00,975.7,978.0,962.0,965.8,35128,34017
10/21/2005,16:00,967.4,976.2,964.7,973.2,26310,34512
10/24/2005,16:00,973.7,986.4,973.1,986.0,25761,34603
10/25/2005,16:00,985.0,987.6,978.5,983.8,24931,35342
10/26/2005,16:00,983.2,987.4,979.1,980.9,31226,37041
10/27/2005,16:00,981.0,981.0,967.4,969.7,25011,39217
10/28/2005,16:00,969.1,979.4,967.6,978.1,25944,40533
10/31/2005,16:00,978.7,991.9,978.4,990.7,23711,39522
11/01/2005,16:00,984.7,992.8,984.0,991.9,25616,37979
11/02/2005,16:00,992.7,1002.7,989.4,1002.0,25042,38477
11/03/2005,16:00,1002.0,1009.4,1000.7,1004.9,22542,38343
11/04/2005,16:00,1005.0,1007.2,999.8,1004.2,21916,38550
11/07/2005,16:00,1003.0,1007.4,1001.3,1003.6,21990,39471
11/08/2005,16:00,1003.6,1003.7,997.7,1002.3,22955,39059
11/09/2005,16:00,1001.7,1006.8,997.5,1004.0,20842,39403
11/10/2005,16:00,1003.9,1007.6,994.1,1005.8,25937,39869
11/11/2005,16:00,1005.8,1010.3,1005.3,1010.0,10410,40230
11/14/2005,16:00,1009.7,1011.2,1007.1,1010.9,21758,44465
11/15/2005,16:00,1010.6,1013.1,1003.9,1006.0,27236,44023
11/16/2005,16:00,1006.0,1009.2,1001.5,1007.5,23304,42186
11/17/2005,16:00,1007.5,1016.3,1007.0,1015.6,20275,42788
11/18/2005,16:00,1015.6,1019.7,1013.9,1017.6,17441,42841
11/21/2005,16:00,1017.7,1024.6,1015.7,1024.2,19910,44315
11/22/2005,16:00,1023.9,1029.5,1022.1,1028.3,17023,44248
11/23/2005,16:00,1027.9,1033.5,1027.1,1030.6,14064,44957
11/25/2005,16:00,1029.5,1032.1,1028.3,1031.5,4776,45193
11/28/2005,16:00,1031.3,1033.5,1019.6,1021.1,23106,45328
11/29/2005,16:00,1020.9,1027.3,1020.7,1023.1,22869,45384
11/30/2005,16:00,1023.0,1026.7,1020.5,1022.3,24171,45618
12/01/2005,16:00,1022.7,1034.2,1022.2,1032.6,19657,44897
12/02/2005,16:00,1032.5,1034.6,1029.5,1033.9,20885,45800
12/05/2005,16:00,1033.8,1034.5,1026.6,1030.1,18831,45510
12/06/2005,16:00,1030.2,1035.6,1029.5,1030.8,23183,44247
12/07/2005,16:00,1030.7,1032.2,1025.0,1028.3,26748,41489
12/08/2005,16:00,1026.7,1033.4,1024.6,1029.3,41051,18460
12/09/2005,16:00,1028.4,1034.2,1026.6,1032.7,27285,25247
12/12/2005,16:00,1032.9,1036.4,1029.4,1034.4,20567,30319
12/13/2005,16:00,1034.2,1037.8,1031.7,1036.0,24508,33889
12/14/2005,16:00,1036.0,1040.1,1032.9,1037.9,22499,38950
12/15/2005,16:00,1037.7,1038.7,1028.7,1033.6,24874,40075
12/16/2005,16:00,1033.0,1037.7,1028.1,1028.4,18896,40427
12/19/2005,16:00,1028.6,1030.3,1020.7,1022.6,18550,42470
12/20/2005,16:00,1022.9,1026.7,1019.0,1023.1,18065,41605
12/21/2005,16:00,1023.5,1031.3,1021.9,1029.4,21313,40938
12/22/2005,16:00,1029.0,1034.2,1027.3,1034.0,15985,41881
12/23/2005,16:00,1033.7,1038.3,1033.4,1035.8,8376,41533
12/27/2005,16:00,1036.8,1038.4,1025.5,1025.9,19041,41469
12/28/2005,16:00,1025.3,1032.7,1024.4,1030.4,16321,42132
12/29/2005,16:00,1030.5,1033.1,1026.2,1027.4,14699,42051
12/30/2005,16:00,1027.3,1027.8,1020.8,1024.9,20767,42299
01/03/2006,16:00,1026.0,1036.7,1018.2,1035.7,38083,44355
01/04/2006,16:00,1035.2,1041.0,1033.9,1040.0,23675,46223
01/05/2006,16:00,1039.9,1042.2,1037.3,1042.0,21213,44897
01/06/2006,16:00,1042.2,1050.6,1034.1,1050.2,20520,45381
01/09/2006,16:00,1050.2,1056.4,1049.5,1053.6,17850,45021
01/10/2006,16:00,1053.0,1058.2,1049.7,1057.9,19159,45214
01/11/2006,16:00,1058.0,1059.2,1054.3,1057.8,17830,46008
01/12/2006,16:00,1057.8,1058.8,1051.9,1054.2,18858,47316
01/13/2006,16:00,1054.2,1054.7,1050.8,1052.1,15793,47839
01/17/2006,16:00,1053.1,1053.5,1045.2,1050.5,20612,49592
01/18/2006,16:00,1049.2,1050.0,1042.3,1047.9,24499,51247
01/19/2006,16:00,1048.2,1057.7,1045.0,1055.7,20849,52172
01/20/2006,16:00,1055.3,1057.1,1042.9,1043.5,32200,51455
01/23/2006,16:00,1043.5,1048.2,1041.5,1046.2,20336,51628
01/24/2006,16:00,1046.3,1053.8,1045.5,1052.4,21247,52661
01/25/2006,16:00,1052.5,1056.0,1044.3,1049.1,30131,52405
01/26/2006,16:00,1048.4,1057.9,1048.3,1057.5,21304,52072
01/27/2006,16:00,1057.6,1064.6,1056.7,1060.6,19297,51518
01/30/2006,16:00,1061.3,1064.0,1059.7,1060.4,14856,50463
01/31/2006,16:00,1060.1,1066.7,1058.0,1066.0,24373,48448
02/01/2006,16:00,1061.2,1069.2,1059.9,1067.5,23733,49097
02/02/2006,16:00,1067.5,1068.0,1056.0,1057.6,26849,49141
02/03/2006,16:00,1057.3,1061.9,1053.7,1056.4,22902,48690
02/06/2006,16:00,1056.4,1062.0,1055.5,1061.4,16463,48609
02/07/2006,16:00,1061.7,1062.3,1049.2,1049.5,25327,48959
02/08/2006,16:00,1050.0,1053.5,1046.0,1052.0,20475,48444
02/09/2006,16:00,1052.8,1058.7,1048.0,1048.6,20427,48226
02/10/2006,16:00,1048.4,1050.7,1041.4,1048.3,22431,48775
02/13/2006,16:00,1048.5,1049.3,1041.4,1043.5,16047,48923
02/14/2006,16:00,1043.9,1051.4,1039.2,1049.9,21749,48463
02/15/2006,16:00,1049.6,1054.0,1046.4,1052.6,24567,49493
02/16/2006,16:00,1052.5,1059.9,1052.5,1059.7,16288,49720
02/17/2006,16:00,1059.3,1060.0,1055.6,1056.9,11447,50067
02/21/2006,16:00,1056.9,1061.3,1052.9,1057.1,16434,49872
02/22/2006,16:00,1057.3,1063.3,1054.2,1061.2,18160,49716
02/23/2006,16:00,1061.0,1064.3,1057.5,1061.0,14637,49152
02/24/2006,16:00,1061.0,1065.8,1058.9,1065.5,14979,49920
02/27/2006,16:00,1065.9,1067.5,1063.7,1063.9,14787,50343
02/28/2006,16:00,1063.8,1064.5,1054.2,1056.7,22441,47860
03/01/2006,16:00,1055.7,1068.6,1055.7,1068.4,18637,47605
03/02/2006,16:00,1068.4,1068.4,1060.9,1066.7,19919,47323
03/03/2006,16:00,1066.6,1068.3,1059.9,1060.1,22600,47811
03/06/2006,16:00,1059.3,1062.5,1052.2,1054.1,21107,48627
03/07/2006,16:00,1054.1,1054.1,1043.0,1044.8,22987,49975
03/08/2006,16:00,1045.1,1053.5,1037.9,1053.5,37198,40750
03/09/2006,16:00,1048.5,1049.0,1040.5,1040.7,30213,28430
03/10/2006,16:00,1040.9,1049.3,1038.1,1047.8,22281,32785
03/13/2006,16:00,1048.3,1055.1,1048.3,1052.7,25916,37675
03/14/2006,16:00,1052.2,1060.1,1048.6,1059.6,21542,40049
03/15/2006,16:00,1059.4,1065.3,1057.2,1064.9,22357,41678
03/16/2006,16:00,1065.0,1068.7,1062.2,1062.6,17937,42695
03/17/2006,16:00,1062.3,1067.4,1061.5,1065.4,15351,42729
03/20/2006,16:00,1065.4,1069.0,1061.9,1062.7,16335,42498
03/21/2006,16:00,1062.7,1068.0,1055.3,1056.1,27829,41638
03/22/2006,16:00,1056.2,1064.2,1054.3,1061.8,22668,44959
03/23/2006,16:00,1063.1,1064.9,1059.5,1064.1,19210,44037
03/24/2006,16:00,1063.8,1068.7,1063.3,1068.4,12928,44742
03/27/2006,16:00,1068.6,1069.4,1064.8,1066.5,11524,45746
03/28/2006,16:00,1066.2,1071.3,1063.1,1065.0,20648,44439
03/29/2006,16:00,1065.0,1074.0,1064.2,1072.1,18681,46164
03/30/2006,16:00,1072.3,1076.6,1069.7,1072.8,23988,47939
03/31/2006,16:00,1073.2,1075.0,1060.0,1073.2,27523,46310
04/03/2006,16:00,1074.1,1079.1,1069.8,1071.5,22168,46704
04/04/2006,16:00,1071.1,1078.2,1068.9,1074.4,22888,46857
04/05/2006,16:00,1074.4,1081.1,1073.0,1080.4,19868,47509
04/06/2006,16:00,1080.1,1082.5,1076.2,1082.3,15412,47443
04/07/2006,16:00,1081.8,1086.8,1070.6,1072.4,24437,46991
04/10/2006,16:00,1072.6,1074.8,1067.6,1070.7,16778,47018
04/11/2006,16:00,1070.8,1072.0,1059.5,1061.6,19328,48391
04/12/2006,16:00,1061.5,1065.3,1061.0,1064.2,14556,48331
04/13/2006,16:00,1063.8,1066.9,1058.7,1063.5,15881,48403
04/17/2006,16:00,1063.9,1067.4,1059.4,1065.6,17138,48565
04/18/2006,16:00,1065.4,1082.5,1064.4,1081.7,23110,52236
04/19/2006,16:00,1081.8,1089.4,1080.3,1087.6,21549,52614
04/20/2006,16:00,1087.0,1092.9,1083.1,1089.0,20266,52903
04/21/2006,16:00,1089.1,1093.2,1083.3,1086.7,17850,52851
04/24/2006,16:00,1087.0,1087.1,1080.4,1083.8,13330,52921
04/25/2006,16:00,1084.4,1085.7,1077.7,1083.8,24039,54164
04/26/2006,16:00,1083.8,1086.6,1077.2,1078.4,19004,54109
04/27/2006,16:00,1078.3,1084.3,1069.0,1076.5,33620,54016
04/28/2006,16:00,1077.0,1085.3,1073.6,1081.4,18506,53915
05/01/2006,16:00,1082.7,1086.7,1076.7,1076.8,25327,56088
05/02/2006,16:00,1076.8,1085.7,1076.2,1084.3,16553,57277
05/03/2006,16:00,1083.4,1084.6,1078.8,1081.4,20744,56865
05/04/2006,16:00,1081.2,1088.6,1080.6,1087.0,15480,55597
05/05/2006,16:00,1086.8,1095.4,1086.8,1093.8,19009,58775
05/08/2006,16:00,1094.6,1097.2,1092.6,1094.3,9068,57838
05/09/2006,16:00,1094.0,1096.3,1092.9,1093.6,10412,55939
05/10/2006,16:00,1093.3,1093.8,1088.1,1092.6,15575,54640
05/11/2006,16:00,1091.6,1094.6,1080.8,1084.0,22759,54046
05/12/2006,16:00,1084.0,1084.0,1065.7,1066.0,28276,54877
05/15/2006,16:00,1069.0,1069.0,1056.4,1060.5,25053,55120
05/16/2006,16:00,1060.7,1065.8,1056.0,1060.7,17849,56225
05/17/2006,16:00,1061.1,1063.8,1042.3,1042.6,29638,57240
05/18/2006,16:00,1043.3,1050.5,1037.6,1038.7,18069,56014
05/19/2006,16:00,1037.6,1044.9,1032.6,1040.1,24448,55194
05/22/2006,16:00,1041.9,1042.3,1023.9,1032.5,32927,55055
05/23/2006,16:00,1032.6,1044.8,1025.3,1026.0,20650,53160
05/24/2006,16:00,1027.3,1036.0,1015.4,1028.5,37722,54944
05/25/2006,16:00,1028.2,1039.3,1026.6,1037.5,19010,53851
05/26/2006,16:00,1037.6,1043.8,1036.9,1043.0,11463,53465
05/30/2006,16:00,1041.1,1043.0,1028.0,1028.9,22490,51655
05/31/2006,16:00,1028.9,1043.9,1025.0,1041.5,26071,52376
06/01/2006,16:00,1043.5,1054.3,1039.8,1053.5,18750,53060
06/02/2006,16:00,1053.8,1059.4,1050.2,1056.1,23510,51582
06/05/2006,16:00,1055.5,1056.0,1035.0,1038.9,25804,50196
06/06/2006,16:00,1039.3,1041.5,1024.2,1032.9,35420,48378
06/07/2006,16:00,1033.0,1038.6,1023.7,1025.2,35078,7564
06/08/2006,16:00,1018.1,1027.6,1005.4,1020.9,61703,22150
06/09/2006,16:00,1021.6,1030.0,1017.3,1018.2,31651,27785
06/12/2006,16:00,1017.2,1021.9,1001.3,1002.0,35752,36515
06/13/2006,16:00,1002.6,1007.3,988.5,989.3,56806,45253
06/14/2006,16:00,989.8,996.6,986.8,994.1,37293,47726
06/15/2006,16:00,994.7,1019.4,994.7,1017.8,35529,49953
06/16/2006,16:00,1017.4,1019.5,1008.1,1013.3,32240,52454
06/19/2006,16:00,1018.0,1018.0,999.9,1001.0,33010,54544
06/20/2006,16:00,1001.3,1007.7,998.5,1000.3,29704,57751
06/21/2006,16:00,1000.2,1015.9,997.3,1011.7,25765,59347
06/22/2006,16:00,1012.2,1013.6,1004.5,1008.1,26082,60067
06/23/2006,16:00,1007.7,1019.3,1005.2,1015.9,20800,64216
06/26/2006,16:00,1015.9,1020.2,1015.1,1019.9,14744,63283
06/27/2006,16:00,1019.6,1022.2,1010.5,1012.0,22720,63587
06/28/2006,16:00,1011.3,1015.2,1006.1,1014.6,16862,64135
06/29/2006,16:00,1014.7,1035.6,1014.1,1034.4,25554,63645
06/30/2006,16:00,1035.0,1038.8,1032.0,1038.8,20066,63470
07/03/2006,16:00,1037.4,1045.4,1036.9,1044.8,8178,62943
07/05/2006,16:00,1043.1,1046.0,1025.1,1030.9,19737,61364
07/06/2006,16:00,1031.5,1038.4,1027.3,1034.4,16534,60888
07/07/2006,16:00,1034.5,1040.5,1024.5,1027.9,19075,60874
07/10/2006,16:00,1027.4,1032.8,1022.5,1025.0,18284,60716
07/11/2006,16:00,1024.8,1028.5,1017.9,1028.1,18402,62278
07/12/2006,16:00,1027.8,1029.5,1016.7,1019.2,17493,62619
07/13/2006,16:00,1019.7,1020.1,1002.6,1003.1,24227,62386
07/14/2006,16:00,1003.2,1005.0,993.1,998.4,24983,63243
07/17/2006,16:00,1000.0,1002.6,992.8,995.3,22894,62580
07/18/2006,16:00,995.2,999.6,985.0,994.7,28338,64507
07/19/2006,16:00,994.8,1013.7,991.4,1008.9,27827,64594
07/20/2006,16:00,1009.0,1013.8,992.2,992.7,24531,65904
07/21/2006,16:00,993.4,996.2,981.1,983.5,22997,66812
07/24/2006,16:00,983.0,1001.7,982.4,1001.1,17648,67598
07/25/2006,16:00,1004.8,1010.1,998.1,1006.0,22478,67531
07/26/2006,16:00,1006.2,1012.0,999.6,1006.0,20532,68395
07/27/2006,16:00,1006.1,1014.5,998.3,1001.1,22243,69635
07/28/2006,16:00,1001.3,1013.1,999.1,1011.6,19457,69394
07/31/2006,16:00,1010.8,1015.0,1007.3,1013.6,15935,69711
08/01/2006,16:00,1012.2,1012.7,1001.3,1006.8,18595,70131
08/02/2006,16:00,1007.1,1016.3,1006.2,1013.8,19671,69374
08/03/2006,16:00,1013.8,1019.1,1004.5,1017.8,19023,69164
08/04/2006,16:00,1018.3,1027.0,1008.3,1014.4,28364,68603
08/07/2006,16:00,1014.2,1014.2,1005.9,1009.6,14890,69998
08/08/2006,16:00,1009.8,1015.0,999.9,1001.9,25929,69642
08/09/2006,16:00,1001.4,1009.6,995.8,996.2,19160,69652
08/10/2006,16:00,996.8,1002.8,990.2,1001.5,18481,69912
08/11/2006,16:00,1000.9,1002.7,991.4,995.2,13130,70492
08/14/2006,16:00,997.7,1003.2,993.0,996.0,15207,71183
08/15/2006,16:00,996.6,1009.1,995.5,1008.2,17765,70751
08/16/2006,16:00,1008.6,1019.7,1007.7,1019.4,13396,71156
08/17/2006,16:00,1018.8,1022.1,1015.7,1017.9,15558,70170
08/18/2006,16:00,1017.9,1021.2,1012.8,1020.3,13688,70292
08/21/2006,16:00,1019.0,1019.0,1011.4,1013.9,10751,69802
08/22/2006,16:00,1013.5,1016.3,1010.7,1014.6,14784,71160
08/23/2006,16:00,1014.2,1016.3,1003.3,1007.9,21026,71646
08/24/2006,16:00,1007.4,1009.2,1000.1,1003.3,14829,72175
08/25/2006,16:00,1003.6,1008.7,1001.9,1003.4,12859,73389
08/28/2006,16:00,1003.2,1012.1,1001.3,1010.8,14503,74024
08/29/2006,16:00,1010.6,1014.7,1004.5,1014.1,18259,72373
08/30/2006,16:00,1013.9,1016.4,1011.1,1015.0,17458,71254
08/31/2006,16:00,1014.5,1019.9,1011.4,1018.2,11662,70486
09/01/2006,16:00,1017.7,1023.7,1016.6,1021.2,9466,70272
09/05/2006,16:00,1023.7,1025.4,1019.5,1024.4,14185,70121
09/06/2006,16:00,1024.5,1024.5,1010.6,1012.1,4981,5046
09/07/2006,16:00,1009.7,1012.4,1002.8,1006.7,28272,15644
09/08/2006,16:00,1006.6,1010.0,1005.3,1007.0,21110,23955
09/11/2006,16:00,1006.6,1010.1,998.3,1006.0,32165,36308
09/12/2006,16:00,1006.2,1019.5,1004.0,1018.5,42829,57942
09/13/2006,16:00,1018.3,1025.3,1016.3,1023.8,21018,61179
09/14/2006,16:00,1023.0,1024.4,1017.4,1020.5,12255,61491
09/15/2006,16:00,1020.0,1025.6,1016.5,1017.8,17246,62099
09/18/2006,16:00,1016.9,1022.2,1015.4,1019.0,17086,62302
09/19/2006,16:00,1018.8,1020.0,1008.0,1015.5,25458,63999
09/20/2006,16:00,1015.7,1024.4,1015.2,1021.9,22319,64054
09/21/2006,16:00,1021.4,1024.3,1013.2,1015.1,20476,64092
09/22/2006,16:00,1015.2,1015.4,1004.8,1008.2,20216,65907
09/25/2006,16:00,1008.2,1017.0,1002.5,1016.0,22865,65641
09/26/2006,16:00,1015.1,1022.8,1013.7,1021.7,18336,66145
09/27/2006,16:00,1021.4,1026.7,1019.4,1025.8,18414,66555
09/28/2006,16:00,1026.0,1028.8,1020.5,1024.4,14051,66679
09/29/2006,16:00,1024.2,1026.7,1018.9,1020.2,19574,66819
10/02/2006,16:00,1020.4,1022.6,1013.4,1015.0,18150,65731
10/03/2006,16:00,1014.8,1018.4,1009.0,1012.2,22345,65074
10/04/2006,16:00,1012.8,1025.6,1010.6,1025.4,22700,65798
10/05/2006,16:00,1025.3,1035.5,1024.0,1035.1,17805,66140
10/06/2006,16:00,1034.7,1035.1,1025.3,1028.5,18395,65429
10/09/2006,16:00,1028.3,1036.5,1026.0,1034.1,12166,65599
10/10/2006,16:00,1033.6,1038.1,1032.9,1036.5,15108,64456
10/11/2006,16:00,1036.2,1038.3,1029.4,1035.6,19738,64203
10/12/2006,16:00,1035.8,1046.7,1034.8,1046.0,13819,65366
10/13/2006,16:00,1045.5,1051.1,1044.4,1050.6,13194,66047
10/16/2006,16:00,1050.5,1055.9,1048.6,1054.9,11122,66461
10/17/2006,16:00,1054.8,1054.8,1044.4,1047.7,19519,65647
10/18/2006,16:00,1048.6,1053.7,1043.6,1047.3,18296,66036
10/19/2006,16:00,1047.2,1051.7,1043.7,1051.5,14604,67133
10/20/2006,16:00,1051.6,1052.7,1042.1,1043.1,11734,67747
10/23/2006,16:00,1042.9,1050.6,1039.5,1046.5,15417,67432
10/24/2006,16:00,1046.6,1051.6,1044.4,1051.2,14937,67916
10/25/2006,16:00,1050.7,1055.2,1048.5,1055.0,20272,70057
10/26/2006,16:00,1054.8,1060.5,1051.1,1059.2,17315,71806
10/27/2006,16:00,1059.1,1060.3,1049.6,1050.9,17762,72062
10/30/2006,16:00,1050.6,1054.5,1045.3,1052.0,15315,73802
10/31/2006,16:00,1052.3,1053.4,1044.0,1048.3,20131,72572
11/01/2006,16:00,1049.2,1051.8,1036.2,1036.5,24040,72603
11/02/2006,16:00,1036.7,1038.8,1032.1,1037.3,16362,72780
11/03/2006,16:00,1037.3,1043.1,1034.0,1039.8,16761,72794
11/06/2006,16:00,1039.8,1050.8,1039.6,1046.4,18226,73681
11/07/2006,16:00,1046.0,1055.4,1045.3,1051.6,18160,73426
11/08/2006,16:00,1051.6,1055.9,1044.2,1054.5,19578,74176
11/09/2006,16:00,1054.0,1056.8,1047.6,1051.4,18729,73688
11/10/2006,16:00,1051.2,1055.5,1049.0,1054.9,13758,74231
11/13/2006,16:00,1054.9,1058.5,1051.9,1055.0,14588,74954
11/14/2006,16:00,1054.6,1065.2,1053.3,1064.6,19307,78837
11/15/2006,16:00,1064.9,1071.2,1063.6,1069.3,17265,79241
11/16/2006,16:00,1068.7,1073.7,1067.1,1069.9,18461,81067
11/17/2006,16:00,1070.1,1070.1,1061.6,1068.8,15001,81828
11/20/2006,16:00,1068.7,1071.4,1065.0,1068.2,17814,83850
11/21/2006,16:00,1068.3,1070.9,1066.4,1070.4,12465,83212
11/22/2006,16:00,1071.5,1074.6,1069.0,1073.9,10897,84105
11/24/2006,16:00,1073.3,1074.4,1067.8,1071.2,6545,84005
11/27/2006,16:00,1071.1,1073.0,1055.4,1056.0,25142,81766
11/28/2006,16:00,1055.8,1059.8,1053.0,1058.0,19416,81685
11/29/2006,16:00,1058.3,1069.2,1058.3,1068.3,18583,82081
11/30/2006,16:00,1068.1,1072.7,1064.5,1070.0,24217,84280
12/01/2006,16:00,1069.7,1072.6,1060.8,1070.5,37545,84299
12/04/2006,16:00,1069.7,1089.2,1069.1,1079.2,22889,83650
12/05/2006,16:00,1079.5,1082.5,1077.2,1081.6,22062,82901
12/06/2006,16:00,1081.6,1082.8,1077.6,1079.9,80686,19608
12/07/2006,16:00,1075.9,1082.7,1075.3,1075.6,34293,31384
12/08/2006,16:00,1075.6,1080.3,1071.8,1075.1,35136,46835
12/11/2006,16:00,1075.2,1077.4,1072.5,1075.8,30564,56812
12/12/2006,16:00,1075.8,1075.8,1065.1,1070.8,32926,65214
12/13/2006,16:00,1071.1,1075.1,1069.7,1072.8,21977,68115
12/14/2006,16:00,1072.5,1082.2,1071.3,1077.0,20245,69450
12/15/2006,16:00,1076.7,1080.9,1073.3,1074.9,17017,68997
12/18/2006,16:00,1074.5,1078.4,1065.3,1068.5,17974,68244
12/19/2006,16:00,1068.7,1069.5,1059.9,1067.3,25065,69964
12/20/2006,16:00,1067.5,1072.0,1066.9,1068.7,12243,71351
12/21/2006,16:00,1068.7,1071.6,1062.1,1064.9,17640,71589
12/22/2006,16:00,1064.5,1065.7,1057.5,1057.6,12544,71803
12/26/2006,16:00,1059.8,1066.1,1058.4,1065.2,7783,72039
12/27/2006,16:00,1065.5,1073.0,1065.5,1070.6,10720,73128
12/28/2006,16:00,1071.1,1071.5,1066.7,1068.0,10612,72669
12/29/2006,16:00,1067.8,1070.2,1060.2,1062.5,17373,70643
01/02/2007,16:00,1064.4,1070.0,1064.4,1069.1,255,70782
01/03/2007,16:00,1069.5,1071.5,1056.3,1065.4,31838,72029
01/04/2007,16:00,1065.4,1068.1,1058.5,1065.9,25046,73209
01/05/2007,16:00,1065.9,1066.3,1054.8,1055.4,22072,72797
01/08/2007,16:00,1055.2,1060.0,1053.2,1057.0,21647,72904
01/09/2007,16:00,1057.0,1061.7,1053.6,1060.4,23472,73378
01/10/2007,16:00,1060.6,1066.1,1054.2,1065.8,19200,74264
01/11/2007,16:00,1065.9,1074.5,1064.0,1070.9,21900,73232
01/12/2007,16:00,1070.9,1080.2,1069.5,1079.9,13442,74089
01/16/2007,16:00,1082.3,1083.8,1072.7,1073.6,16855,74207
01/17/2007,16:00,1073.8,1078.8,1071.9,1075.3,15458,73939
01/18/2007,16:00,1075.2,1077.2,1066.1,1068.0,24085,72864
01/19/2007,16:00,1067.4,1072.7,1063.7,1071.8,15228,73275
01/22/2007,16:00,1072.8,1074.4,1065.9,1069.2,17722,72752
01/23/2007,16:00,1069.4,1077.9,1066.9,1073.7,18657,73366
01/24/2007,16:00,1073.6,1082.7,1073.5,1082.4,13933,74241
01/25/2007,16:00,1082.2,1083.6,1070.3,1073.0,21564,74053
01/26/2007,16:00,1072.8,1075.5,1067.2,1073.8,19635,74555
01/29/2007,16:00,1073.5,1081.0,1072.3,1079.0,18284,75022
01/30/2007,16:00,1079.2,1082.8,1077.4,1082.1,12762,74835
01/31/2007,16:00,1082.2,1089.7,1078.5,1088.1,21586,74349
02/01/2007,16:00,1086.4,1096.4,1085.7,1096.1,16720,75183
02/02/2007,16:00,1096.0,1098.8,1094.4,1096.5,14301,75885
02/05/2007,16:00,1096.6,1100.0,1094.5,1099.5,13713,75395
02/06/2007,16:00,1099.1,1103.1,1096.6,1102.4,13531,76133
02/07/2007,16:00,1102.7,1107.3,1100.6,1107.1,13878,76276
02/08/2007,16:00,1106.7,1106.8,1100.9,1104.9,16597,77112
02/09/2007,16:00,1105.4,1106.9,1094.8,1101.0,18017,77313
02/12/2007,16:00,1100.9,1102.0,1093.9,1097.4,13403,77757
02/13/2007,16:00,1097.6,1105.3,1097.0,1105.0,13556,78496
02/14/2007,16:00,1105.1,1110.4,1103.8,1109.2,18216,79198
02/15/2007,16:00,1109.0,1112.5,1107.8,1110.2,11390,79260
02/16/2007,16:00,1110.2,1112.7,1107.2,1111.8,9685,79124
02/19/2007,16:00,1112.7,1113.7,1110.9,1112.2,27,79260
02/20/2007,16:00,1112.7,1118.7,1107.8,1117.7,14903,79269
02/21/2007,16:00,1117.2,1120.3,1113.3,1119.4,14394,79494
02/22/2007,16:00,1119.2,1123.1,1116.0,1122.2,16376,79253
02/23/2007,16:00,1122.1,1122.1,1116.6,1120.3,15027,80027
02/26/2007,16:00,1121.2,1124.1,1113.4,1118.1,17206,80568
02/27/2007,16:00,1118.3,1118.3,1085.2,1086.3,43677,80306
02/28/2007,16:00,1086.4,1094.5,1083.1,1090.7,39345,78643
03/01/2007,16:00,1092.3,1094.4,1072.7,1088.8,42885,78518
03/02/2007,16:00,1088.4,1089.7,1073.4,1074.1,31419,78518
03/05/2007,16:00,1074.1,1075.3,1056.7,1057.0,42693,76599
03/06/2007,16:00,1056.8,1077.0,1054.4,1073.0,32890,73835
03/07/2007,16:00,1072.3,1080.1,1070.7,1075.4,36176,68371
03/08/2007,16:00,1073.5,1085.9,1073.5,1084.0,37476,31191
03/09/2007,16:00,1084.1,1089.2,1080.3,1086.6,30220,41495
03/12/2007,16:00,1086.6,1089.1,1082.1,1088.5,26100,53398
03/13/2007,16:00,1088.1,1088.1,1070.4,1072.8,40829,60211
03/14/2007,16:00,1072.5,1075.8,1060.0,1075.4,51421,65526
03/15/2007,16:00,1074.9,1081.0,1071.1,1079.0,34120,73973
03/16/2007,16:00,1078.1,1081.2,1073.0,1075.1,16941,72832
03/19/2007,16:00,1073.5,1085.0,1072.8,1083.3,16414,73431
03/20/2007,16:00,1083.4,1091.4,1081.5,1090.5,20076,75845
03/21/2007,16:00,1090.2,1104.2,1088.3,1102.6,20961,76869
03/22/2007,16:00,1102.7,1106.7,1100.4,1104.7,19638,77937
03/23/2007,16:00,1104.2,1108.4,1103.8,1107.2,20863,84139
03/26/2007,16:00,1106.4,1108.3,1098.6,1104.4,19440,84471
03/27/2007,16:00,1103.8,1104.6,1099.3,1103.9,15119,84708
03/28/2007,16:00,1103.3,1103.4,1093.0,1098.9,27070,84042
03/29/2007,16:00,1099.0,1103.7,1091.8,1097.2,20152,84970
03/30/2007,16:00,1097.6,1103.4,1093.0,1098.9,23151,86329
04/02/2007,16:00,1099.2,1103.3,1097.1,1102.2,16077,87274
04/03/2007,16:00,1102.0,1110.4,1102.0,1108.1,16360,87723
04/04/2007,16:00,1107.3,1110.1,1105.5,1108.6,13207,87479
04/05/2007,16:00,1109.2,1113.1,1107.9,1109.7,8359,87013
04/06/2007,16:00,1109.7,1113.2,1108.8,1109.7,166,87012
04/09/2007,16:00,1109.8,1114.1,1109.6,1112.6,9774,87337
04/10/2007,16:00,1112.1,1116.4,1110.9,1114.2,11874,87997
04/11/2007,16:00,1114.1,1115.6,1106.7,1109.4,18109,88547
04/12/2007,16:00,1109.2,1115.5,1104.2,1114.4,19558,90083
04/13/2007,16:00,1114.3,1118.8,1111.9,1117.0,12927,90624
04/16/2007,16:00,1117.5,1126.5,1117.1,1125.7,14118,91619
04/17/2007,16:00,1125.2,1128.1,1123.0,1125.3,23996,91123
04/18/2007,16:00,1125.2,1126.1,1117.8,1123.6,19693,88885
04/19/2007,16:00,1123.4,1123.6,1114.8,1120.4,21977,88118
04/20/2007,16:00,1120.1,1129.8,1119.5,1129.5,16013,89466
04/23/2007,16:00,1129.8,1131.7,1126.1,1130.3,13574,89434
04/24/2007,16:00,1130.8,1132.8,1123.5,1130.3,19278,89827
04/25/2007,16:00,1130.3,1137.6,1128.1,1134.5,17690,91264
04/26/2007,16:00,1134.9,1138.9,1131.5,1138.5,11965,91339
04/27/2007,16:00,1137.8,1138.7,1131.7,1134.3,14362,91518
04/30/2007,16:00,1134.3,1136.5,1120.0,1121.3,19980,90118
05/01/2007,16:00,1119.8,1124.9,1114.5,1123.4,21206,91590
05/02/2007,16:00,1123.4,1135.2,1122.2,1133.2,16888,93126
05/03/2007,16:00,1133.2,1137.1,1131.7,1134.7,17837,90873
05/04/2007,16:00,1134.7,1141.0,1134.2,1140.6,17358,91227
05/07/2007,16:00,1140.4,1141.8,1137.9,1139.0,10356,90445
05/08/2007,16:00,1138.9,1140.2,1130.0,1138.0,20250,89583
05/09/2007,16:00,1138.2,1147.2,1135.8,1143.4,22210,90681
05/10/2007,16:00,1143.1,1143.2,1131.8,1134.9,27688,89477
05/11/2007,16:00,1135.1,1141.8,1133.4,1140.5,15494,89783
05/14/2007,16:00,1139.6,1143.3,1133.7,1137.8,19018,89547
05/15/2007,16:00,1137.6,1143.1,1132.7,1134.6,30029,90696
05/16/2007,16:00,1134.7,1138.7,1130.0,1137.2,23302,91503
05/17/2007,16:00,1137.3,1142.8,1133.9,1137.7,21928,92043
05/18/2007,16:00,1137.8,1146.0,1136.5,1143.7,20122,92780
05/21/2007,16:00,1144.3,1153.8,1139.4,1151.2,21920,93978
05/22/2007,16:00,1150.3,1155.4,1148.3,1151.5,19681,93738
05/23/2007,16:00,1151.5,1158.1,1148.4,1149.8,19813,92621
05/24/2007,16:00,1149.6,1153.5,1133.7,1136.3,34650,89582
05/25/2007,16:00,1136.2,1142.3,1135.8,1141.6,16226,89613
05/28/2007,16:00,1141.9,1142.8,1141.7,1141.8,23,89582
05/29/2007,16:00,1141.9,1149.6,1141.7,1146.8,22249,90630
05/30/2007,16:00,1146.1,1156.8,1139.0,1156.6,29508,94480
05/31/2007,16:00,1156.6,1163.1,1156.1,1160.8,27290,91283
06/01/2007,16:00,1161.1,1168.1,1160.1,1165.9,24184,91654
06/04/2007,16:00,1165.1,1170.5,1161.9,1169.6,22133,94179
06/05/2007,16:00,1169.0,1169.6,1160.7,1165.6,27566,93537
06/06/2007,16:00,1165.5,1166.1,1150.4,1151.1,33000,93537
06/07/2007,16:00,1152.3,1152.3,1131.6,1131.9,50786,28167
06/08/2007,16:00,1131.5,1143.6,1127.4,1142.2,50775,48635
06/11/2007,16:00,1141.2,1146.8,1137.8,1144.5,40473,68050
06/12/2007,16:00,1144.3,1144.9,1131.3,1131.7,44803,85536
06/13/2007,16:00,1132.0,1144.4,1130.7,1142.3,36213,90675
06/14/2007,16:00,1142.6,1153.2,1141.7,1150.0,25850,91015
06/15/2007,16:00,1150.1,1160.3,1149.2,1156.9,23122,91883
06/18/2007,16:00,1157.2,1159.3,1150.9,1153.0,20533,90816
06/19/2007,16:00,1151.7,1153.4,1145.8,1151.4,23984,89573
06/20/2007,16:00,1151.2,1155.2,1140.3,1141.0,26936,88064
06/21/2007,16:00,1141.0,1150.0,1135.2,1149.1,26556,88670
06/22/2007,16:00,1148.8,1148.8,1135.5,1142.8,32442,86953
06/25/2007,16:00,1141.8,1143.4,1130.1,1133.8,31228,86601
06/26/2007,16:00,1134.7,1137.8,1124.8,1125.0,29264,86716
06/27/2007,16:00,1125.4,1140.2,1122.2,1139.5,28593,88065
06/28/2007,16:00,1139.3,1145.8,1138.2,1139.2,24884,88113
06/29/2007,16:00,1139.5,1145.4,1132.8,1137.4,33488,87751
07/02/2007,16:00,1137.4,1149.6,1137.3,1149.1,23453,89323
07/03/2007,16:00,1148.8,1153.2,1148.5,1153.2,12030,90150
07/05/2007,16:00,1154.5,1154.8,1146.6,1151.7,21545,88401
07/06/2007,16:00,1151.1,1158.6,1148.7,1158.0,17927,90454
07/09/2007,16:00,1158.2,1160.4,1153.7,1157.3,17602,90786
07/10/2007,16:00,1157.2,1158.7,1143.8,1144.7,31293,91915
07/11/2007,16:00,1145.2,1152.3,1141.0,1151.9,26510,94953
07/12/2007,16:00,1151.9,1165.1,1151.5,1162.3,28522,99863
07/13/2007,16:00,1162.2,1167.6,1160.7,1164.4,14399,101198
07/16/2007,16:00,1164.1,1166.5,1159.2,1161.6,16165,101517
07/17/2007,16:00,1161.1,1167.3,1158.2,1162.4,17750,102939
07/18/2007,16:00,1161.8,1161.8,1151.0,1160.1,34689,103165
07/19/2007,16:00,1160.5,1165.6,1155.7,1161.6,19304,103621
07/20/2007,16:00,1161.7,1163.3,1149.1,1154.2,36762,103214
07/23/2007,16:00,1154.2,1158.7,1149.9,1150.1,21968,102661
07/24/2007,16:00,1150.1,1150.9,1127.0,1133.2,37878,101742
07/25/2007,16:00,1132.3,1138.4,1120.2,1128.2,41068,100144
07/26/2007,16:00,1128.7,1130.8,1097.5,1106.9,64340,99716
07/27/2007,16:00,1107.8,1115.3,1089.3,1090.7,43288,97461
07/30/2007,16:00,1091.3,1108.5,1088.8,1103.4,41856,93132
07/31/2007,16:00,1103.5,1116.0,1089.2,1094.6,54586,89128
08/01/2007,16:00,1092.9,1101.0,1081.7,1096.1,70003,89367
08/02/2007,16:00,1095.9,1105.8,1093.9,1105.2,37746,88152
08/03/2007,16:00,1104.8,1106.4,1076.7,1081.5,47691,86887
08/06/2007,16:00,1078.5,1089.4,1067.8,1086.4,52730,86214
08/07/2007,16:00,1086.5,1099.9,1082.0,1095.5,49867,86027
08/08/2007,16:00,1095.1,1116.0,1095.1,1109.3,47939,85241
08/09/2007,16:00,1109.1,1109.8,1082.7,1083.6,64954,83537
08/10/2007,16:00,1084.5,1095.8,1068.4,1085.5,61717,84227
08/13/2007,16:00,1087.8,1102.7,1087.8,1090.4,31742,82390
08/14/2007,16:00,1090.2,1094.8,1074.1,1077.2,39231,83248
08/15/2007,16:00,1076.5,1083.1,1054.6,1060.7,47067,83113
08/16/2007,16:00,1059.8,1060.1,1033.1,1057.8,85035,86457
08/17/2007,16:00,1058.6,1087.6,1043.9,1074.9,59232,84598
08/20/2007,16:00,1073.7,1082.4,1067.9,1076.7,38097,84801
08/21/2007,16:00,1076.7,1083.2,1071.8,1081.1,27248,84252
08/22/2007,16:00,1080.7,1093.7,1080.7,1091.5,21838,84372
08/23/2007,16:00,1091.8,1099.2,1084.0,1087.7,29963,83994
08/24/2007,16:00,1087.2,1102.4,1084.9,1102.1,23702,85425
08/27/2007,16:00,1101.3,1101.3,1089.1,1089.7,22235,86107
08/28/2007,16:00,1089.7,1089.7,1069.0,1072.5,26945,84969
08/29/2007,16:00,1072.2,1091.3,1070.4,1090.4,31599,86678
08/30/2007,16:00,1089.9,1093.3,1081.4,1085.8,30530,85608
08/31/2007,16:00,1085.4,1101.8,1085.4,1098.4,30209,85044
09/04/2007,16:00,1097.1,1113.0,1093.8,1106.6,23508,86264
09/05/2007,16:00,1105.4,1105.4,1095.4,1102.7,25822,87002
09/06/2007,16:00,1101.8,1106.4,1095.3,1104.3,23757,89424
09/07/2007,16:00,1103.8,1105.4,1084.9,1090.2,38437,87328
09/10/2007,16:00,1088.2,1094.3,1073.0,1082.1,35848,87328
09/11/2007,16:00,1082.8,1093.1,1081.1,1092.2,27519,84654
09/12/2007,16:00,1091.0,1096.5,1088.3,1092.6,32242,84654
09/13/2007,16:00,1091.9,1100.0,1088.5,1093.1,30119,28477
09/14/2007,16:00,1092.8,1098.8,1084.0,1097.5,30371,38337
09/17/2007,16:00,1096.1,1096.2,1089.5,1091.7,45333,65076
09/18/2007,16:00,1092.0,1116.6,1090.0,1116.3,56908,83566
09/19/2007,16:00,1116.2,1129.7,1115.3,1120.4,44612,94163
09/20/2007,16:00,1119.9,1120.6,1111.2,1114.2,27757,96097
09/21/2007,16:00,1114.0,1120.9,1112.6,1113.7,20106,97024
09/24/2007,16:00,1114.2,1117.1,1106.6,1110.0,24575,96672
09/25/2007,16:00,1109.6,1109.9,1100.2,1108.3,18976,97077
09/26/2007,16:00,1108.0,1116.2,1108.0,1113.7,18870,98527
09/27/2007,16:00,1114.0,1122.1,1113.9,1121.9,19540,100543
09/28/2007,16:00,1121.5,1124.7,1115.3,1118.4,28708,102843
10/01/2007,16:00,1119.2,1131.2,1117.1,1128.7,34288,103543
10/02/2007,16:00,1128.4,1136.0,1127.2,1131.9,20198,102314
10/03/2007,16:00,1131.9,1135.7,1127.8,1134.1,20555,104129
10/04/2007,16:00,1133.8,1136.8,1130.1,1131.6,15408,102237
10/05/2007,16:00,1131.7,1148.1,1130.1,1147.6,25010,104450
10/08/2007,16:00,1147.5,1150.0,1139.5,1141.3,13468,103253
10/09/2007,16:00,1141.5,1150.6,1140.9,1150.2,21813,104088
10/10/2007,16:00,1149.5,1150.4,1142.5,1147.7,20662,102651
10/11/2007,16:00,1147.4,1156.5,1136.9,1143.9,39536,104543
10/12/2007,16:00,1143.4,1148.2,1139.3,1145.1,25494,102883
10/15/2007,16:00,1145.3,1146.7,1132.2,1140.8,29062,102683
10/16/2007,16:00,1140.6,1142.3,1128.0,1129.0,28475,102805
10/17/2007,16:00,1130.3,1137.6,1120.4,1131.5,31820,103085
10/18/2007,16:00,1132.2,1134.8,1122.6,1132.2,23709,103949
10/19/2007,16:00,1132.0,1133.4,1104.2,1104.8,38561,101847
10/22/2007,16:00,1106.7,1117.3,1093.7,1114.2,36041,100184
10/23/2007,16:00,1114.8,1121.6,1111.6,1119.9,24051,99285
10/24/2007,16:00,1119.1,1121.3,1103.6,1120.1,43252,101619
10/25/2007,16:00,1121.0,1124.6,1105.8,1119.6,37056,102820
10/26/2007,16:00,1120.4,1128.1,1116.6,1127.0,23543,101516
10/29/2007,16:00,1125.9,1130.4,1123.7,1129.0,27037,100910
10/30/2007,16:00,1128.7,1128.8,1120.2,1122.0,20492,100143
10/31/2007,16:00,1121.5,1138.6,1119.5,1137.2,37972,102218
11/01/2007,16:00,1135.8,1137.9,1114.6,1115.4,41913,104398
11/02/2007,16:00,1114.6,1122.9,1107.8,1116.0,37164,102410
11/05/2007,16:00,1116.3,1116.3,1102.9,1106.1,27508,101672
11/06/2007,16:00,1105.6,1119.9,1104.9,1119.5,28216,100798
11/07/2007,16:00,1119.0,1119.4,1097.6,1101.8,40772,101703
11/08/2007,16:00,1100.8,1107.1,1083.8,1100.5,51937,102753
11/09/2007,16:00,1101.1,1102.5,1084.3,1088.0,37212,102736
11/12/2007,16:00,1089.3,1094.8,1072.4,1073.2,33960,102947
11/13/2007,16:00,1073.4,1096.6,1071.1,1095.2,28807,100500
11/14/2007,16:00,1095.0,1103.3,1090.0,1094.7,28358,100426
11/15/2007,16:00,1094.3,1096.1,1076.1,1080.8,39095,99520
11/16/2007,16:00,1080.2,1086.3,1071.0,1077.6,40827,100287
11/19/2007,16:00,1077.4,1080.7,1061.6,1064.0,32868,101496
11/20/2007,16:00,1063.9,1072.7,1050.8,1064.6,46879,102810
11/21/2007,16:00,1065.0,1066.0,1047.2,1049.3,33239,102457
11/23/2007,16:00,1054.7,1065.4,1049.8,1059.8,11152,102670
11/26/2007,16:00,1058.5,1068.3,1044.8,1045.9,26870,102765
11/27/2007,16:00,1046.1,1059.2,1045.0,1055.6,37265,102744
11/28/2007,16:00,1056.8,1083.6,1050.7,1080.6,31232,101751
11/29/2007,16:00,1081.1,1084.6,1075.8,1079.8,22271,101678
11/30/2007,16:00,1079.5,1093.9,1078.8,1087.8,31581,102151
12/03/2007,16:00,1088.2,1091.1,1082.6,1084.2,21844,102963
12/04/2007,16:00,1083.9,1084.8,1075.1,1081.9,23184,104190
12/05/2007,16:00,1081.8,1095.9,1081.3,1094.0,23537,104322
12/06/2007,16:00,1094.7,1111.5,1090.9,1109.6,27397,104067
12/07/2007,16:00,1109.0,1114.6,1106.5,1112.4,15907,103561
12/10/2007,16:00,1111.8,1120.9,1108.2,1120.1,16392,104098
12/11/2007,16:00,1120.5,1123.7,1091.3,1092.2,40218,97394
12/12/2007,16:00,1090.9,1114.1,1086.7,1097.2,44795,87114
12/13/2007,16:00,1101.0,1101.0,1081.0,1095.1,47495,37976
12/14/2007,16:00,1094.9,1097.7,1079.9,1080.0,41171,54211
12/17/2007,16:00,1077.4,1079.9,1067.0,1068.8,44954,75092
12/18/2007,16:00,1067.0,1079.2,1060.9,1072.9,41719,91984
12/19/2007,16:00,1073.2,1077.9,1067.2,1074.2,33475,100260
12/20/2007,16:00,1073.1,1087.9,1069.6,1087.5,26945,105841
12/21/2007,16:00,1087.0,1097.1,1085.3,1096.5,22077,107330
12/24/2007,16:00,1097.1,1106.2,1095.2,1105.0,4862,107344
12/26/2007,16:00,1105.9,1106.3,1098.9,1103.4,10866,106287
12/27/2007,16:00,1103.0,1103.4,1087.7,1089.4,15205,105053
12/28/2007,16:00,1090.2,1097.8,1085.1,1087.3,12131,104880
12/31/2007,16:00,1087.4,1089.5,1076.9,1083.7,18880,101356
01/02/2008,16:00,1080.9,1083.8,1067.0,1072.8,27889,101265
01/03/2008,16:00,1072.4,1076.4,1063.5,1066.0,24059,100243
01/04/2008,16:00,1066.5,1069.0,1038.6,1043.2,30427,101320
01/07/2008,16:00,1044.7,1049.3,1030.6,1037.8,36529,100884
01/08/2008,16:00,1037.6,1047.0,1016.6,1017.8,36954,101908
01/09/2008,16:00,1018.1,1025.1,1003.1,1022.1,38094,102894
01/10/2008,16:00,1022.1,1036.6,1013.3,1028.1,37187,103213
01/11/2008,16:00,1028.1,1028.4,1015.6,1018.3,32348,102723
01/14/2008,16:00,1021.5,1028.7,1013.9,1026.5,22196,103800
01/15/2008,16:00,1026.3,1026.6,1005.6,1008.3,32962,105726
01/16/2008,16:00,1005.9,1014.3,995.4,1003.3,41137,106302
01/17/2008,16:00,1002.8,1010.2,980.2,981.6,41748,105832
01/18/2008,16:00,981.2,992.4,968.9,975.5,41502,105693
01/22/2008,16:00,949.1,981.2,933.5,971.6,48524,105987
01/23/2008,16:00,969.9,992.4,947.0,991.8,58446,105244
01/24/2008,16:00,990.7,1003.0,987.9,997.2,32664,104259
01/25/2008,16:00,999.3,1008.9,988.7,991.1,31187,104308
01/28/2008,16:00,992.7,1012.5,978.3,1011.1,28559,104838
01/29/2008,16:00,1010.5,1017.0,1005.0,1015.8,16942,105012
01/30/2008,16:00,1014.9,1026.8,1002.7,1003.5,29817,105002
01/31/2008,16:00,1002.9,1029.0,992.1,1025.3,38529,105610
02/01/2008,16:00,1021.1,1045.1,1020.9,1044.1,28188,106451
02/04/2008,16:00,1044.1,1045.9,1034.5,1034.9,20853,107656
02/05/2008,16:00,1034.0,1036.6,1013.3,1017.3,28546,107512
02/06/2008,16:00,1017.8,1022.2,1003.6,1008.0,24978,108448
02/07/2008,16:00,1009.0,1017.5,996.3,1016.3,33642,107602
02/08/2008,16:00,1016.9,1020.4,1006.2,1013.5,21358,107846
02/11/2008,16:00,1012.9,1021.0,1005.8,1018.3,21163,107617
02/12/2008,16:00,1018.0,1028.7,1013.9,1021.8,21270,107554
02/13/2008,16:00,1021.8,1030.8,1018.7,1029.2,21737,106983
02/14/2008,16:00,1029.2,1033.2,1015.9,1016.4,21035,107032
02/15/2008,16:00,1015.2,1019.8,1005.7,1014.9,21044,108142
02/19/2008,16:00,1022.9,1026.2,1013.3,1020.6,21190,107952
02/20/2008,16:00,1020.8,1028.6,1009.5,1027.9,29136,108325
02/21/2008,16:00,1027.3,1035.0,1014.6,1016.9,27720,109518
02/22/2008,16:00,1016.4,1022.0,1005.8,1020.2,29104,109935
02/25/2008,16:00,1019.4,1038.8,1019.4,1037.9,33261,109135
02/26/2008,16:00,1037.2,1050.1,1033.4,1044.1,30200,107960
02/27/2008,16:00,1044.0,1049.8,1035.8,1041.2,22891,108268
02/28/2008,16:00,1040.6,1042.0,1028.5,1029.8,24185,108268
02/29/2008,16:00,1029.8,1030.4,1004.8,1008.3,31583,110245
03/03/2008,16:00,1009.2,1012.3,999.9,1008.3,27153,110876
03/04/2008,16:00,1009.2,1011.2,992.6,1003.9,33343,110698
03/05/2008,16:00,1004.4,1014.8,1001.4,1009.9,37233,111926
03/06/2008,16:00,1009.1,1014.8,984.8,987.5,34187,115242
03/07/2008,16:00,986.0,992.9,972.6,979.9,35236,115956
03/10/2008,16:00,978.5,984.1,963.6,966.4,32281,116841
03/11/2008,16:00,965.9,992.0,964.2,991.7,36770,115101
03/12/2008,16:00,991.1,998.0,983.9,985.7,40225,104886
03/13/2008,16:00,978.6,996.7,969.7,993.2,47131,47401
03/14/2008,16:00,991.4,1005.6,971.6,983.5,75106,66033
03/17/2008,16:00,979.7,994.9,955.2,962.5,66858,77090
03/18/2008,16:00,963.2,995.6,961.5,994.6,48050,85626
03/19/2008,16:00,993.7,1000.2,970.1,970.9,37969,91591
03/20/2008,16:00,970.8,988.4,965.6,982.1,34076,94254
03/24/2008,16:00,981.0,1011.4,981.0,1006.8,17767,94640
03/25/2008,16:00,1006.9,1015.8,1002.7,1012.1,24778,93682
03/26/2008,16:00,1011.3,1012.6,1002.1,1002.4,19289,92943
03/27/2008,16:00,1002.4,1010.3,996.1,996.5,26863,93239
03/28/2008,16:00,997.4,1002.0,988.6,992.5,17857,93666
03/31/2008,16:00,993.1,999.7,987.3,998.5,35688,100457
04/01/2008,16:00,996.3,1023.8,993.0,1022.5,25156,97033
04/02/2008,16:00,1022.6,1032.7,1018.3,1026.9,27495,94118
04/03/2008,16:00,1026.2,1032.1,1019.8,1030.5,19473,92606
04/04/2008,16:00,1030.4,1040.4,1027.4,1032.7,20030,91709
04/07/2008,16:00,1032.5,1043.2,1031.8,1033.1,16206,91833
04/08/2008,16:00,1033.5,1038.0,1028.0,1036.6,18451,91102
04/09/2008,16:00,1037.1,1039.2,1019.8,1023.0,19616,90531
04/10/2008,16:00,1023.2,1034.4,1018.5,1032.5,18559,90338
04/11/2008,16:00,1032.5,1037.1,1015.3,1017.8,17501,90253
04/14/2008,16:00,1017.9,1020.7,1011.4,1016.5,14484,90240
04/15/2008,16:00,1017.1,1021.4,1012.0,1019.2,14456,89982
04/16/2008,16:00,1022.8,1044.9,1021.8,1044.0,22732,89725
04/17/2008,16:00,1044.8,1044.8,1034.4,1041.4,15219,88564
04/18/2008,16:00,1039.2,1056.5,1039.2,1047.6,20135,87935
04/21/2008,16:00,1048.1,1053.9,1044.2,1051.6,14893,87771
04/22/2008,16:00,1051.3,1052.7,1035.9,1042.7,17118,87760
04/23/2008,16:00,1043.0,1048.1,1038.5,1041.5,15822,88267
04/24/2008,16:00,1042.3,1054.3,1034.4,1045.9,20735,88615
04/25/2008,16:00,1046.2,1063.2,1043.1,1061.4,20279,89501
04/28/2008,16:00,1060.6,1066.8,1056.9,1062.8,14463,89032
04/29/2008,16:00,1062.2,1063.4,1054.0,1058.2,15703,89540
04/30/2008,16:00,1056.6,1069.2,1054.7,1057.1,30823,91724
05/01/2008,16:00,1056.0,1068.7,1052.9,1068.4,25077,92785
05/02/2008,16:00,1067.7,1076.9,1065.0,1068.8,27767,88823
05/05/2008,16:00,1067.5,1070.1,1057.1,1066.5,16343,87988
05/06/2008,16:00,1066.6,1076.8,1061.5,1075.8,21480,88721
05/07/2008,16:00,1075.6,1078.6,1063.2,1066.0,22253,88322
05/08/2008,16:00,1065.2,1071.6,1063.3,1067.9,21200,89125
05/09/2008,16:00,1066.4,1072.8,1062.4,1070.6,17822,88721
05/12/2008,16:00,1069.3,1081.5,1066.9,1080.2,18160,89676
05/13/2008,16:00,1081.1,1087.3,1077.6,1087.2,15881,90132
05/14/2008,16:00,1086.6,1096.9,1085.2,1087.6,17601,90292
05/15/2008,16:00,1087.6,1099.5,1086.9,1099.4,17561,90240
05/16/2008,16:00,1098.5,1103.7,1093.5,1101.2,20377,90128
05/19/2008,16:00,1101.0,1109.0,1095.4,1100.9,22019,89845
05/20/2008,16:00,1100.1,1101.0,1091.4,1099.4,24708,90430
05/21/2008,16:00,1099.0,1104.0,1082.7,1085.5,33711,91054
05/22/2008,16:00,1085.1,1090.5,1083.3,1085.5,26032,92853
05/23/2008,16:00,1086.0,1086.6,1070.9,1074.4,8353,92924
05/27/2008,16:00,1074.4,1084.4,1073.1,1082.0,21594,94106
05/28/2008,16:00,1081.4,1091.2,1080.5,1090.8,26688,95740
05/29/2008,16:00,1089.6,1099.1,1087.9,1091.9,24433,96941
05/30/2008,16:00,1091.8,1100.5,1089.7,1099.5,25785,95339
06/02/2008,16:00,1098.9,1100.3,1085.9,1091.3,28523,95049
06/03/2008,16:00,1091.6,1100.5,1084.2,1093.5,34133,96430
06/04/2008,16:00,1092.8,1102.7,1088.3,1094.2,29311,98526
06/05/2008,16:00,1093.3,1115.6,1092.7,1115.5,37809,101119
06/06/2008,16:00,1115.1,1117.6,1088.5,1089.5,35971,98650
06/09/2008,16:00,1089.3,1096.7,1082.4,1090.1,31029,98669
06/10/2008,16:00,1090.2,1091.6,1078.9,1082.5,33560,97747
06/11/2008,16:00,1082.1,1086.4,1069.0,1069.2,41870,96207
06/12/2008,16:00,1072.6,1079.3,1065.5,1070.6,45231,44447
06/13/2008,16:00,1070.7,1084.7,1068.1,1082.6,36835,58046
06/16/2008,16:00,1082.0,1090.6,1078.8,1087.7,38278,70710
06/17/2008,16:00,1087.7,1094.9,1086.6,1090.5,40092,86141
06/18/2008,16:00,1089.7,1091.3,1077.5,1083.3,40569,91915
06/19/2008,16:00,1083.1,1088.5,1079.3,1085.6,27225,93931
06/20/2008,16:00,1085.3,1085.9,1068.9,1071.3,30068,92585
06/23/2008,16:00,1072.1,1078.4,1067.8,1067.9,24663,92293
06/24/2008,16:00,1066.9,1070.6,1057.3,1059.4,28469,92039
06/25/2008,16:00,1059.0,1069.2,1058.7,1066.7,30508,92603
06/26/2008,16:00,1062.0,1064.5,1040.1,1042.2,31731,93195
06/27/2008,16:00,1043.5,1045.7,1035.0,1037.7,31697,93318
06/30/2008,16:00,1037.9,1044.1,1033.4,1035.9,28314,92026
07/01/2008,16:00,1036.2,1037.1,1019.8,1035.4,35564,91503
07/02/2008,16:00,1035.0,1040.4,1009.5,1010.9,35717,90697
07/03/2008,16:00,1012.0,1014.8,997.5,1002.4,28782,92051
07/04/2008,16:00,1002.8,1005.0,998.2,1002.4,114,92051
07/07/2008,16:00,998.5,1011.3,988.3,995.4,38287,91352
07/08/2008,16:00,996.1,1015.9,985.5,1015.5,42641,92650
07/09/2008,16:00,1014.8,1021.5,1000.8,1004.3,40996,93881
07/10/2008,16:00,1004.6,1010.8,995.3,1008.3,44272,93030
07/11/2008,16:00,1008.6,1012.2,989.8,1000.9,39791,94111
07/14/2008,16:00,1002.5,1012.1,991.3,994.1,34488,95771
07/15/2008,16:00,993.9,1000.4,973.5,986.2,46060,97294
07/16/2008,16:00,986.5,1006.7,982.1,1005.7,33039,97687
07/17/2008,16:00,1003.7,1019.9,1003.1,1013.8,32025,96205
07/18/2008,16:00,1010.4,1021.6,1006.8,1013.5,24685,95427
07/21/2008,16:00,1012.9,1023.2,1011.9,1022.4,17296,95531
07/22/2008,16:00,1019.7,1031.6,1013.0,1029.8,26378,95959
07/23/2008,16:00,1029.7,1041.1,1027.8,1033.5,29288,95921
07/24/2008,16:00,1033.5,1034.3,1005.2,1009.0,32042,98654
07/25/2008,16:00,1009.1,1015.2,1006.3,1008.3,30746,105805
07/28/2008,16:00,1008.8,1014.1,999.6,1000.9,18085,106644
07/29/2008,16:00,1000.7,1018.9,1000.0,1017.5,21373,105281
07/30/2008,16:00,1017.7,1031.5,1015.6,1031.1,25444,104707
07/31/2008,16:00,1031.1,1032.9,1014.7,1018.6,30208,104778
08/01/2008,16:00,1019.0,1022.2,1009.5,1016.9,27074,104407
08/04/2008,16:00,1016.8,1019.0,999.7,1000.8,30444,105985
08/05/2008,16:00,1001.1,1019.2,1000.6,1018.5,23465,104647
08/06/2008,16:00,1018.2,1025.8,1013.4,1024.3,18956,104693
08/07/2008,16:00,1024.5,1024.6,1009.3,1013.4,17862,105314
08/08/2008,16:00,1013.5,1029.5,1010.0,1027.7,22840,105732
08/11/2008,16:00,1027.5,1041.0,1025.8,1036.9,21286,105288
08/12/2008,16:00,1035.3,1038.3,1026.0,1029.9,25905,104939
08/13/2008,16:00,1030.1,1034.3,1020.9,1030.0,22935,106000
08/14/2008,16:00,1030.7,1038.8,1026.3,1037.8,18501,106381
08/15/2008,16:00,1037.6,1043.5,1033.6,1039.5,18051,106059
08/18/2008,16:00,1039.1,1042.8,1022.8,1028.6,21193,107811
08/19/2008,16:00,1028.2,1029.3,1014.8,1019.4,17125,106750
08/20/2008,16:00,1018.6,1023.9,1014.6,1022.3,21040,107069
08/21/2008,16:00,1021.8,1024.7,1014.7,1020.2,18339,107499
08/22/2008,16:00,1020.7,1030.7,1018.0,1028.3,16086,106556
08/25/2008,16:00,1028.0,1029.2,1010.1,1014.5,20549,108482
08/26/2008,16:00,1015.0,1018.6,1009.9,1018.5,19316,108999
08/27/2008,16:00,1018.2,1029.5,1015.7,1026.6,20436,109183
08/28/2008,16:00,1026.8,1040.3,1023.5,1037.9,17230,108793
08/29/2008,16:00,1038.3,1038.7,1027.4,1030.7,17990,109055
09/02/2008,16:00,1029.5,1042.4,1017.6,1022.0,26109,109353
09/03/2008,16:00,1021.1,1024.7,1011.5,1016.8,23206,109536
09/04/2008,16:00,1016.8,1017.8,993.1,997.4,31059,109435
09/05/2008,16:00,996.8,1002.0,980.0,997.6,34255,108389
09/08/2008,16:00,1006.8,1026.5,1000.1,1011.0,37831,106572
09/09/2008,16:00,1010.3,1016.7,978.5,980.8,33058,106284
09/10/2008,16:00,982.0,995.4,976.4,991.2,34954,101126
09/11/2008,16:00,992.2,997.6,971.6,996.8,47669,42183
09/12/2008,16:00,997.0,1009.2,987.4,1008.7,43663,61257
09/15/2008,16:00,995.1,995.1,968.3,970.2,57488,73331
09/16/2008,16:00,969.8,990.5,950.4,989.2,65261,81175
09/17/2008,16:00,988.3,996.5,948.2,950.6,63714,97278
09/18/2008,16:00,953.0,988.1,936.0,986.9,68167,86680
09/19/2008,16:00,987.7,1041.0,985.9,1015.3,37691,84790
09/22/2008,16:00,1012.1,1018.4,980.1,982.6,29980,85408
09/23/2008,16:00,982.0,989.0,967.6,971.7,38069,86503
09/24/2008,16:00,971.4,984.6,961.5,965.9,28937,87650
09/25/2008,16:00,965.8,976.5,963.2,971.6,29743,88316
09/26/2008,16:00,970.7,975.8,954.6,965.7,30814,88613
09/29/2008,16:00,970.5,970.6,903.9,911.4,54832,91974
09/30/2008,16:00,912.7,943.4,909.7,943.4,42610,94241
10/01/2008,16:00,941.5,945.3,922.4,939.1,30947,94404
10/02/2008,16:00,938.8,939.8,889.3,893.4,29753,96154
10/03/2008,16:00,893.1,909.8,870.8,873.6,30457,99025
10/06/2008,16:00,873.6,873.6,809.3,843.5,46325,103327
10/07/2008,16:00,842.7,856.9,802.2,807.2,33274,108045
10/08/2008,16:00,808.1,830.1,782.8,802.5,41467,105814
10/09/2008,16:00,802.4,821.4,748.6,751.8,34103,108928
10/10/2008,16:00,753.7,774.5,715.6,758.8,76386,110015
10/13/2008,16:00,771.2,828.3,770.7,826.7,35490,110639
10/14/2008,16:00,824.4,854.4,788.8,811.3,35928,23635
10/15/2008,16:00,809.5,813.7,737.2,741.3,27613,107904
10/16/2008,16:00,740.8,772.5,719.3,764.1,53952,110767
10/17/2008,16:00,764.1,791.8,747.6,761.3,36113,111483
10/20/2008,16:00,763.7,794.1,762.6,792.5,22526,110465
10/21/2008,16:00,792.9,793.5,773.2,777.4,29381,111277
10/22/2008,16:00,772.6,782.2,728.7,749.5,32400,115711
10/23/2008,16:00,750.1,758.9,704.0,728.2,39367,114515
10/24/2008,16:00,729.2,729.2,678.5,701.8,45608,116541
10/27/2008,16:00,701.4,718.0,681.1,681.9,28915,118965
10/28/2008,16:00,682.3,741.0,678.9,735.1,35860,115293
10/29/2008,16:00,736.5,760.9,725.2,737.2,32000,114010
10/30/2008,16:00,739.5,773.7,739.4,772.9,33267,113881
10/31/2008,16:00,772.1,787.2,755.5,781.5,31661,111829
11/03/2008,16:00,779.1,786.8,775.5,782.3,15837,110455
11/04/2008,16:00,782.9,796.5,778.4,793.2,19844,108999
11/05/2008,16:00,791.3,797.1,762.6,767.5,25667,108572
11/06/2008,16:00,767.1,767.6,736.4,740.8,33487,111347
11/07/2008,16:00,741.6,760.3,737.4,759.0,25693,110573
11/10/2008,16:00,761.2,773.9,733.0,740.0,23284,109694
11/11/2008,16:00,740.6,743.1,717.6,721.6,25337,110683
11/12/2008,16:00,722.1,730.9,696.3,698.5,30742,113637
11/13/2008,16:00,698.3,743.8,679.1,739.8,63186,113634
11/14/2008,16:00,741.0,741.0,700.9,702.5,49759,112776
11/17/2008,16:00,703.2,718.5,697.8,702.1,31090,112880
11/18/2008,16:00,702.5,711.1,682.1,710.7,40246,114791
11/19/2008,16:00,709.9,710.0,662.9,666.3,43730,114833
11/20/2008,16:00,665.8,666.9,624.7,628.7,60602,121583
11/21/2008,16:00,630.6,655.3,617.7,646.5,71349,119857
11/24/2008,16:00,652.4,692.7,644.8,683.6,43233,112958
11/25/2008,16:00,683.9,697.7,677.7,691.1,43024,113751
11/26/2008,16:00,690.6,723.6,679.4,719.4,35858,112338
11/27/2008,16:00,718.4,720.1,713.5,719.9,104,113751
11/28/2008,16:00,727.1,727.1,727.1,727.1,12593,113367
12/01/2008,16:00,726.3,726.3,668.8,672.8,48469,118721
12/02/2008,16:00,673.5,695.1,671.4,693.4,44389,119378
12/03/2008,16:00,694.2,706.3,680.2,703.0,51828,120512
12/04/2008,16:00,703.2,711.7,678.0,691.3,47718,120895
12/05/2008,16:00,691.3,711.3,670.6,704.8,54099,123050
12/08/2008,16:00,705.4,733.8,703.4,730.8,43940,120804
12/09/2008,16:00,731.0,740.5,713.1,719.2,46193,117049
12/10/2008,16:00,719.2,734.6,718.3,729.8,48677,105163
12/11/2008,16:00,728.9,735.3,701.0,705.9,49409,45832
12/12/2008,16:00,699.7,725.6,682.4,724.8,65327,73379
12/15/2008,16:00,723.0,726.9,698.4,714.3,61502,97633
12/16/2008,16:00,713.5,741.3,711.6,737.1,46810,108776
12/17/2008,16:00,738.0,751.5,726.4,743.6,32836,108776
12/18/2008,16:00,751.3,751.3,723.7,740.5,39279,113480
12/19/2008,16:00,738.5,745.2,729.7,731.9,32951,112283
12/22/2008,16:00,717.6,738.9,709.8,727.5,31997,114187
12/23/2008,16:00,727.0,729.9,713.7,715.8,25215,113908
12/24/2008,16:00,715.9,721.8,712.6,720.2,8410,114259
12/25/2008,16:00,720.2,720.2,720.2,720.2,0,113908
12/26/2008,16:00,718.4,728.9,718.4,725.9,7810,114583
12/29/2008,16:00,725.1,729.2,712.9,724.3,18896,115373
12/30/2008,16:00,724.4,740.2,723.0,739.0,21765,115703
12/31/2008,16:00,738.2,754.6,735.7,750.8,28129,115217
01/02/2009,16:00,750.7,766.4,743.8,759.9,25206,112310
01/05/2009,16:00,759.9,767.3,752.7,764.2,26082,114302
01/06/2009,16:00,763.6,777.8,762.1,768.8,28462,113484
01/07/2009,16:00,768.6,769.2,748.9,756.1,26262,114031
01/08/2009,16:00,755.9,758.7,746.7,757.5,27336,112151
01/09/2009,16:00,757.0,762.0,738.0,740.4,38210,112144
01/12/2009,16:00,717.6,744.2,717.6,727.9,28384,113712
01/13/2009,16:00,728.6,736.2,721.1,733.4,28139,113082
01/14/2009,16:00,733.2,737.0,709.4,713.5,31999,114593
01/15/2009,16:00,713.3,727.3,696.6,721.5,48003,114214
01/16/2009,16:00,723.6,733.5,713.0,729.3,40869,112798
01/20/2009,16:00,722.6,726.1,694.3,698.8,32760,113258
01/21/2009,16:00,700.4,721.2,695.2,718.9,32311,112601
01/22/2009,16:00,718.5,723.3,698.8,711.1,36409,112254
01/23/2009,16:00,710.1,719.6,692.7,708.8,35162,112059
01/26/2009,16:00,706.8,727.1,705.2,715.0,33020,108646
01/27/2009,16:00,715.9,725.6,714.5,721.8,26662,109357
01/28/2009,16:00,720.4,744.7,720.4,744.0,24224,109099
01/29/2009,16:00,744.1,744.1,722.4,726.8,26526,109718
01/30/2009,16:00,728.1,730.3,706.8,710.9,41240,112040
02/02/2009,16:00,711.4,715.1,700.5,710.2,27238,111096
02/03/2009,16:00,710.3,719.8,706.8,713.4,29038,111263
02/04/2009,16:00,713.5,726.5,711.7,717.2,28288,112322
02/05/2009,16:00,717.8,728.0,707.1,721.4,28272,112123
02/06/2009,16:00,722.1,745.3,720.1,744.8,36279,108224
02/09/2009,16:00,742.6,746.8,736.0,741.4,20790,106115
02/10/2009,16:00,740.1,743.9,715.1,719.2,36356,107318
02/11/2009,16:00,719.3,725.1,711.0,718.2,22329,106948
02/12/2009,16:00,718.3,727.0,704.2,726.8,36262,108421
02/13/2009,16:00,726.3,728.5,712.8,713.9,32242,110102
02/17/2009,16:00,708.5,708.5,692.6,694.1,29619,111525
02/18/2009,16:00,695.6,701.7,684.6,686.7,33073,112793
02/19/2009,16:00,687.2,698.5,681.8,683.8,31830,112617
02/20/2009,16:00,684.5,684.5,666.4,677.3,45293,117988
02/23/2009,16:00,677.5,687.8,659.7,663.9,39798,119565
02/24/2009,16:00,663.5,682.2,661.5,677.6,31905,118819
02/25/2009,16:00,678.0,683.5,665.5,672.4,45332,119187
02/26/2009,16:00,672.2,681.8,663.7,667.2,36045,121741
02/27/2009,16:00,668.1,673.7,654.1,662.5,49136,117230
03/02/2009,16:00,660.0,660.0,633.8,638.4,41100,116797
03/03/2009,16:00,636.6,644.4,627.1,627.9,35197,116797
03/04/2009,16:00,628.2,652.2,623.6,642.2,37513,117879
03/05/2009,16:00,642.8,643.5,621.8,627.6,33912,121126
03/06/2009,16:00,627.8,631.6,610.9,626.1,39963,123708
03/09/2009,16:00,626.4,628.8,615.5,620.1,34221,124108
03/10/2009,16:00,618.7,648.5,618.0,643.7,39447,121105
03/11/2009,16:00,644.1,655.0,641.1,647.8,52522,115588
03/12/2009,16:00,647.8,671.1,640.8,669.8,70003,65579
03/13/2009,16:00,669.4,675.7,662.4,670.7,46270,80905
03/16/2009,16:00,667.9,677.5,661.6,665.5,51831,93551
03/17/2009,16:00,666.2,683.5,659.1,682.2,53943,108349
03/18/2009,16:00,682.1,698.1,671.5,694.3,41065,109122
03/19/2009,16:00,694.6,701.0,689.3,693.2,32052,112576
03/20/2009,16:00,693.0,695.9,674.8,676.6,22070,112470
03/23/2009,16:00,677.0,714.6,677.0,709.7,32050,110973
03/24/2009,16:00,709.7,711.0,698.3,701.6,27191,112137
03/25/2009,16:00,700.8,715.1,688.7,704.2,40411,113435
03/26/2009,16:00,704.2,727.8,704.2,725.1,38159,114510
03/27/2009,16:00,724.6,725.9,711.3,715.0,29469,113824
03/30/2009,16:00,712.0,713.6,690.0,694.7,29106,114061
03/31/2009,16:00,694.2,711.4,691.8,703.5,36015,110854
04/01/2009,16:00,697.8,709.7,689.5,708.2,38339,111706
04/02/2009,16:00,709.0,736.1,707.6,732.6,37719,109139
04/03/2009,16:00,731.2,742.3,724.3,741.9,31790,109716
04/06/2009,16:00,740.6,746.5,723.5,731.3,25266,108699
04/07/2009,16:00,732.6,733.7,713.6,716.8,24550,107257
04/08/2009,16:00,718.2,723.8,709.6,721.8,25478,107761
04/09/2009,16:00,721.7,752.5,721.7,748.9,29550,108759
04/13/2009,16:00,746.8,752.8,737.7,748.0,24783,108088
04/14/2009,16:00,748.9,751.6,735.6,737.9,27304,109825
04/15/2009,16:00,736.1,744.4,731.0,743.0,30074,109957
04/16/2009,16:00,743.1,761.6,738.5,756.4,38923,110996
04/17/2009,16:00,755.8,767.2,753.0,762.6,27138,110699
04/20/2009,16:00,761.5,761.5,734.3,738.8,30931,112209
04/21/2009,16:00,738.2,750.8,730.6,749.2,31121,113483
04/22/2009,16:00,749.8,765.2,741.2,748.8,38895,113017
04/23/2009,16:00,749.1,756.1,739.7,751.8,36544,114103
04/24/2009,16:00,751.5,768.5,747.1,767.4,33456,113708
04/27/2009,16:00,765.9,767.4,753.6,760.5,43797,119451
04/28/2009,16:00,759.6,768.5,749.4,760.1,43035,123886
04/29/2009,16:00,759.8,781.5,758.6,775.1,40674,126265
04/30/2009,16:00,772.7,788.9,762.4,775.6,55650,126063
05/01/2009,16:00,775.6,778.2,765.5,773.2,54234,118569
05/04/2009,16:00,773.9,796.6,773.9,794.8,43080,113019
05/05/2009,16:00,795.3,796.0,785.1,793.7,38256,109303
05/06/2009,16:00,793.0,800.3,784.3,797.3,42390,108438
05/07/2009,16:00,797.4,804.7,778.1,782.9,38802,108031
05/08/2009,16:00,781.9,801.9,780.3,798.9,34733,107032
05/11/2009,16:00,796.0,797.7,784.4,790.0,28900,107755
05/12/2009,16:00,789.3,794.7,772.0,782.8,33778,107703
05/13/2009,16:00,783.7,785.3,756.5,759.9,34364,109408
05/14/2009,16:00,760.4,771.6,755.7,764.0,32888,107810
05/15/2009,16:00,764.9,770.3,757.1,760.5,31070,109245
05/18/2009,16:00,759.6,782.0,755.1,779.9,26210,109699
05/19/2009,16:00,779.9,788.9,776.0,783.1,26160,109975
05/20/2009,16:00,782.9,797.3,777.5,777.9,31869,108001
05/21/2009,16:00,777.2,777.9,762.2,771.3,30783,106531
05/22/2009,16:00,771.3,776.1,762.7,763.8,21501,105515
05/26/2009,16:00,766.1,788.1,757.1,785.9,31019,107253
05/27/2009,16:00,785.2,791.5,776.5,777.5,28593,106994
05/28/2009,16:00,776.8,784.9,768.7,779.9,32757,108381
05/29/2009,16:00,778.4,794.3,778.4,790.6,31309,108365
06/01/2009,16:00,790.6,814.7,789.7,807.9,26517,107071
06/02/2009,16:00,808.1,817.2,805.4,813.1,25495,106232
06/03/2009,16:00,813.2,815.6,798.6,805.0,23132,106913
06/04/2009,16:00,806.0,813.1,801.0,812.4,28129,106696
06/05/2009,16:00,812.2,823.5,805.2,810.8,29914,105528
06/08/2009,16:00,809.2,812.4,799.3,807.2,25758,103366
06/09/2009,16:00,807.5,817.2,805.5,812.3,31469,98623
06/10/2009,16:00,813.4,821.1,802.1,812.9,45594,83408
06/11/2009,16:00,811.1,820.5,809.7,812.2,52022,53125
06/12/2009,16:00,811.5,813.4,803.5,810.2,42214,70397
06/15/2009,16:00,808.9,809.6,792.2,798.9,49105,89245
06/16/2009,16:00,799.1,803.3,785.6,787.3,42212,98074
06/17/2009,16:00,787.2,793.8,780.5,786.5,38827,103932
06/18/2009,16:00,786.5,793.1,782.4,791.3,26410,106092
06/19/2009,16:00,790.6,799.6,789.5,793.4,26895,104339
06/22/2009,16:00,792.5,795.7,772.0,774.7,29686,103383
06/23/2009,16:00,774.4,777.6,766.4,768.7,29168,102172
06/24/2009,16:00,769.4,782.6,767.7,778.3,23326,102078
06/25/2009,16:00,777.7,792.4,773.4,790.6,31167,105461
06/26/2009,16:00,791.0,795.2,786.4,791.3,23406,104164
06/29/2009,16:00,790.6,798.6,787.1,796.3,20472,103876
06/30/2009,16:00,796.1,799.9,788.6,794.3,35346,101447
07/01/2009,16:00,794.3,805.5,793.8,800.0,24453,101034
07/02/2009,16:00,799.4,800.0,781.5,782.9,23835,100689
07/06/2009,16:00,782.7,782.7,769.6,779.0,24583,101001
07/07/2009,16:00,779.1,780.7,764.0,767.6,28231,101331
07/08/2009,16:00,766.1,769.5,754.5,761.1,34959,101334
07/09/2009,16:00,762.1,768.7,760.1,763.8,26536,101163
07/10/2009,16:00,764.7,767.0,756.8,761.4,24798,101627
07/13/2009,16:00,763.6,777.1,755.5,774.9,30462,101276
07/14/2009,16:00,774.8,781.7,772.6,779.8,25516,100410
07/15/2009,16:00,783.9,799.4,783.3,796.8,26680,101598
07/16/2009,16:00,796.3,808.9,793.0,805.2,27921,100770
07/17/2009,16:00,805.7,807.4,801.2,805.9,24617,99834
07/20/2009,16:00,805.7,814.9,803.7,813.9,26786,99443
07/21/2009,16:00,813.9,819.6,805.8,815.6,25411,100251
07/22/2009,16:00,815.0,820.3,810.2,814.5,27789,100688
07/23/2009,16:00,815.2,836.3,813.8,830.8,29403,101642
07/24/2009,16:00,826.8,838.9,824.0,838.2,23712,102814
07/27/2009,16:00,837.4,842.4,833.0,841.5,22311,102519
07/28/2009,16:00,840.7,843.1,832.4,838.7,28393,103918
07/29/2009,16:00,838.7,839.3,830.9,836.5,29763,104626
07/30/2009,16:00,836.0,850.0,836.0,841.8,35956,104571
07/31/2009,16:00,841.6,849.2,838.8,844.4,37358,103360
08/03/2009,16:00,844.2,857.5,841.8,856.4,37556,104463
08/04/2009,16:00,856.0,864.6,850.6,864.5,33946,103672
08/05/2009,16:00,864.5,865.3,853.5,861.3,27705,103343
08/06/2009,16:00,860.5,865.5,852.7,856.0,29974,103234
08/07/2009,16:00,856.2,875.2,853.0,868.7,32240,102567
08/10/2009,16:00,868.8,871.0,862.5,868.1,23680,102266
08/11/2009,16:00,868.0,871.0,855.7,859.1,26437,101383
08/12/2009,16:00,858.3,872.3,854.7,866.5,32338,103650
08/13/2009,16:00,866.5,875.2,861.8,873.6,28518,103959
08/14/2009,16:00,873.0,874.9,856.8,868.3,43266,106698
08/17/2009,16:00,865.6,865.6,842.7,845.4,42599,103861
08/18/2009,16:00,844.8,854.1,844.1,853.4,30415,103786
08/19/2009,16:00,853.8,858.8,844.5,857.4,29596,103380
08/20/2009,16:00,857.4,864.8,854.1,863.9,22981,102933
08/21/2009,16:00,864.1,877.7,858.0,876.0,23929,102560
08/24/2009,16:00,875.9,881.5,871.8,874.5,28425,101578
08/25/2009,16:00,873.7,883.5,870.7,876.8,32857,101260
08/26/2009,16:00,876.0,880.8,872.6,876.6,30260,101828
08/27/2009,16:00,876.5,880.8,864.3,878.3,35554,101000
08/28/2009,16:00,878.0,887.3,874.2,879.6,28419,99930
08/31/2009,16:00,878.9,880.6,867.6,871.6,33478,97463
09/01/2009,16:00,871.6,880.5,856.1,857.7,56007,95844
09/02/2009,16:00,857.4,860.0,852.1,854.5,34777,96832
09/03/2009,16:00,853.1,862.9,850.0,861.5,26092,97679
09/04/2009,16:00,861.6,871.5,858.6,869.1,25342,98415
09/08/2009,16:00,874.6,879.9,872.5,879.6,30866,97972
09/09/2009,16:00,879.6,890.7,874.9,887.4,42020,91663
09/10/2009,16:00,887.7,896.3,883.3,894.4,47899,43968
09/11/2009,16:00,894.6,901.0,892.6,895.7,44855,64578
09/14/2009,16:00,894.9,904.6,887.9,902.3,41789,78053
09/15/2009,16:00,902.2,912.0,899.8,908.6,47645,93045
09/16/2009,16:00,908.2,923.7,907.7,922.1,42226,100451
09/17/2009,16:00,921.9,928.9,916.7,920.1,30097,101884
09/18/2009,16:00,920.0,924.3,915.4,916.0,27702,103280
09/21/2009,16:00,914.3,919.2,909.1,916.7,31605,104584
09/22/2009,16:00,916.7,923.7,915.9,921.2,27249,103712
09/23/2009,16:00,920.9,924.9,911.2,912.9,43724,104528
09/24/2009,16:00,912.5,915.8,896.2,899.0,48387,105919
09/25/2009,16:00,898.1,902.7,893.1,897.4,43190,107571
09/28/2009,16:00,898.7,912.5,893.9,909.7,28518,107988
09/29/2009,16:00,910.4,917.2,907.8,911.3,36070,108867
09/30/2009,16:00,911.6,917.3,899.1,908.9,60523,107278
10/01/2009,16:00,908.9,910.6,886.8,890.4,49981,104912
10/02/2009,16:00,889.7,889.9,878.8,881.2,48311,108060
10/05/2009,16:00,880.9,896.7,880.5,896.1,38914,111749
10/06/2009,16:00,896.4,909.9,895.3,903.4,40020,111697
10/07/2009,16:00,903.4,907.9,900.8,904.2,34770,112407
10/08/2009,16:00,904.6,918.3,904.5,915.3,43196,108407
10/09/2009,16:00,915.3,920.2,911.2,919.4,29030,108653
10/12/2009,16:00,920.4,926.1,917.5,919.7,24235,107581
10/13/2009,16:00,919.3,922.1,912.9,916.4,32318,106229
10/14/2009,16:00,919.7,931.2,919.7,928.3,33664,107293
10/15/2009,16:00,928.1,933.5,923.4,931.7,29203,107131
10/16/2009,16:00,931.6,935.2,920.7,924.1,36879,106482
10/19/2009,16:00,924.1,936.1,919.2,930.3,35496,105760
10/20/2009,16:00,930.9,937.3,922.3,928.6,34953,104959
10/21/2009,16:00,928.4,936.3,915.0,920.1,46934,104665
10/22/2009,16:00,919.2,931.3,912.7,929.3,48442,105391
10/23/2009,16:00,930.2,932.9,916.8,921.2,47812,103688
10/26/2009,16:00,921.2,929.7,909.9,914.2,51191,106169
10/27/2009,16:00,914.3,917.0,902.6,904.5,50636,106667
10/28/2009,16:00,904.3,906.5,881.0,882.7,49419,106802
10/29/2009,16:00,882.9,898.3,881.2,894.3,46197,106727
10/30/2009,16:00,894.4,895.2,874.8,877.1,69533,105815
11/02/2009,16:00,876.5,888.5,869.6,879.3,61350,104971
11/03/2009,16:00,879.9,888.8,871.7,887.9,50067,106536
11/04/2009,16:00,887.4,896.7,884.1,887.0,45411,106557
11/05/2009,16:00,886.8,901.4,882.6,900.2,41823,106739
11/06/2009,16:00,900.3,905.1,891.4,898.4,43534,106385
11/09/2009,16:00,898.6,916.3,898.6,914.3,32820,105906
11/10/2009,16:00,914.4,918.7,910.1,916.2,32148,105693
11/11/2009,16:00,916.2,926.1,915.6,920.6,29715,106456
11/12/2009,16:00,920.9,924.4,909.0,912.3,36389,107187
11/13/2009,16:00,911.8,919.6,907.4,916.9,33429,108543
11/16/2009,16:00,917.4,932.8,917.4,927.5,31427,109069
11/17/2009,16:00,927.5,929.2,923.5,926.9,28752,110831
11/18/2009,16:00,926.9,929.8,921.8,923.7,26820,110413
11/19/2009,16:00,924.2,924.8,906.2,911.8,31941,109160
11/20/2009,16:00,911.5,911.9,902.5,906.3,23836,109060
11/23/2009,16:00,905.3,922.8,905.3,913.1,29003,110324
11/24/2009,16:00,912.7,914.7,905.5,909.9,24880,109864
11/25/2009,16:00,910.6,917.6,910.2,915.9,18158,110711
11/27/2009,16:00,897.7,917.5,883.9,900.5,24338,110767
11/30/2009,16:00,902.9,908.0,895.4,903.7,43854,109066
12/01/2009,16:00,903.7,916.8,901.2,913.5,30998,109759
12/02/2009,16:00,913.5,923.3,911.6,918.7,30303,109894
12/03/2009,16:00,918.6,925.3,910.0,910.2,30782,108935
12/04/2009,16:00,910.0,928.4,908.8,921.7,41948,110221
12/07/2009,16:00,921.7,925.5,915.1,920.0,27204,109477
12/08/2009,16:00,920.4,923.1,908.5,912.6,40485,107389
12/09/2009,16:00,912.7,919.1,908.1,915.5,48281,90618
12/10/2009,16:00,916.2,924.1,914.1,920.9,39519,45816
12/11/2009,16:00,920.3,929.2,919.4,925.3,39511,63918
12/14/2009,16:00,925.8,935.9,923.5,933.1,39908,80765
12/15/2009,16:00,933.1,937.5,930.1,934.6,34537,93351
12/16/2009,16:00,935.1,941.9,934.8,937.5,30340,100828
12/17/2009,16:00,937.5,938.4,929.2,934.3,25862,102206
12/18/2009,16:00,934.4,940.0,927.3,936.7,31363,104261
12/21/2009,16:00,936.7,944.8,935.5,943.0,18277,102688
12/22/2009,16:00,943.0,951.8,942.6,949.6,16300,103015
12/23/2009,16:00,949.9,956.8,948.0,955.5,15042,102464
12/24/2009,16:00,955.2,960.7,955.1,960.0,5679,102536
12/28/2009,16:00,960.0,963.1,957.3,958.4,11201,102181
12/29/2009,16:00,958.4,962.2,956.4,956.5,11076,102578
12/30/2009,16:00,956.5,959.3,951.6,956.0,16359,103357
12/31/2009,16:00,957.0,958.6,943.7,946.8,15639,101598
01/04/2010,16:00,947.9,959.9,947.9,957.6,26265,103326
01/05/2010,16:00,956.8,960.6,953.0,960.2,22880,103014
01/06/2010,16:00,961.0,965.3,957.2,964.0,25102,99794
01/07/2010,16:00,963.9,968.5,959.3,968.2,27570,99315
01/08/2010,16:00,968.1,973.0,962.9,972.5,20709,98413
01/11/2010,16:00,972.5,977.6,968.7,970.4,20224,98102
01/12/2010,16:00,968.9,971.6,958.4,963.5,28061,98222
01/13/2010,16:00,963.9,972.5,959.9,970.8,27597,98111
01/14/2010,16:00,970.5,974.7,968.5,973.6,19463,97449
01/15/2010,16:00,975.3,975.3,960.9,963.8,25848,97897
01/19/2010,16:00,968.2,973.0,961.4,971.3,24997,98202
01/20/2010,16:00,971.4,971.7,959.7,967.0,32654,98310
01/21/2010,16:00,967.6,971.5,955.2,956.3,44780,99423
01/22/2010,16:00,956.2,960.3,940.3,942.9,46302,101177
01/25/2010,16:00,944.9,950.7,939.3,944.1,31091,101413
01/26/2010,16:00,946.2,948.0,937.2,940.6,31865,101529
01/27/2010,16:00,941.1,943.3,931.9,941.2,39845,102742
01/28/2010,16:00,941.5,947.9,927.0,931.8,35701,103075
01/29/2010,16:00,934.2,941.4,920.1,923.2,44464,103542
02/01/2010,16:00,923.2,933.6,921.3,933.2,29367,102289
02/02/2010,16:00,932.4,945.1,930.1,941.9,28749,101783
02/03/2010,16:00,941.7,943.8,936.2,942.6,22627,102295
02/04/2010,16:00,941.9,943.3,916.1,918.7,41815,103921
02/05/2010,16:00,918.4,920.7,901.8,916.0,46334,105037
02/08/2010,16:00,916.0,922.0,910.9,915.1,28554,105305
02/09/2010,16:00,914.6,926.3,914.2,920.1,35079,104998
02/10/2010,16:00,921.1,925.4,913.5,919.9,27734,105057
02/11/2010,16:00,920.9,931.6,916.1,930.2,27608,103836
02/12/2010,16:00,930.5,939.1,921.9,938.6,33570,103099
02/16/2010,16:00,938.7,948.6,935.6,947.9,20679,101758
02/17/2010,16:00,947.6,955.0,947.6,954.7,22765,102247
02/18/2010,16:00,955.2,958.8,951.1,958.1,22722,101332
02/19/2010,16:00,958.0,962.6,949.9,960.7,20802,100748
02/22/2010,16:00,960.7,965.0,959.1,960.5,17402,101598
02/23/2010,16:00,960.3,964.6,950.5,953.2,30941,100884
02/24/2010,16:00,953.5,959.2,950.2,957.1,20028,101133
02/25/2010,16:00,957.3,959.9,945.5,958.9,27150,102046
02/26/2010,16:00,958.5,962.1,953.6,959.6,25547,100639
03/01/2010,16:00,959.6,972.3,959.6,970.6,23523,99635
03/02/2010,16:00,970.6,980.0,969.7,977.3,27532,98267
03/03/2010,16:00,977.4,984.9,976.2,981.1,22655,96823
03/04/2010,16:00,981.0,984.0,977.8,980.2,20188,96126
03/05/2010,16:00,980.8,992.0,980.8,990.2,22431,95874
03/08/2010,16:00,990.2,994.3,989.4,992.7,18054,94596
03/09/2010,16:00,992.6,998.4,988.6,993.4,25845,93697
03/10/2010,16:00,993.4,1000.6,992.2,999.5,35921,83101
03/11/2010,16:00,997.0,1004.1,994.1,1003.2,36252,42195
03/12/2010,16:00,1003.2,1007.3,999.6,1007.0,33883,57492
03/15/2010,16:00,1006.5,1006.5,997.1,1003.1,41253,78700
03/16/2010,16:00,1003.0,1012.6,1003.0,1012.1,27220,86393
03/17/2010,16:00,1011.8,1021.3,1011.8,1017.5,27245,92152
03/18/2010,16:00,1017.3,1020.1,1013.3,1014.1,29268,99280
03/19/2010,16:00,1013.9,1017.3,1003.1,1006.0,26116,97892
03/22/2010,16:00,1004.1,1016.6,1000.0,1015.3,25278,98808
03/23/2010,16:00,1015.6,1023.0,1012.8,1021.4,24283,99611
03/24/2010,16:00,1021.1,1022.0,1014.8,1016.2,24414,99409
03/25/2010,16:00,1016.3,1023.0,1009.5,1010.3,29280,99835
03/26/2010,16:00,1010.2,1015.7,1005.5,1009.4,25098,99679
03/29/2010,16:00,1009.6,1016.3,1009.6,1015.5,21695,100552
03/30/2010,16:00,1015.2,1020.4,1012.3,1016.6,22187,100458
03/31/2010,16:00,1016.8,1019.5,1009.6,1012.3,30767,100721
04/01/2010,16:00,1012.3,1022.3,1011.9,1020.0,25205,101357
04/05/2010,16:00,1022.7,1032.9,1021.2,1031.6,18095,100616
04/06/2010,16:00,1032.2,1037.7,1027.2,1036.2,18903,101897
04/07/2010,16:00,1036.4,1036.4,1026.0,1031.3,27781,100600
04/08/2010,16:00,1030.9,1031.2,1022.1,1029.2,24832,100813
04/09/2010,16:00,1029.5,1038.6,1026.5,1038.2,23715,100462
04/12/2010,16:00,1038.6,1041.9,1034.5,1037.4,18420,102282
04/13/2010,16:00,1037.4,1041.7,1033.1,1040.2,20894,102241
04/14/2010,16:00,1041.3,1053.7,1041.3,1052.5,21787,103279
04/15/2010,16:00,1052.3,1056.8,1049.3,1053.2,22625,102045
04/16/2010,16:00,1052.6,1053.4,1037.5,1043.4,40677,101195
04/19/2010,16:00,1043.4,1045.8,1031.1,1041.6,31450,100869
04/20/2010,16:00,1041.7,1051.6,1039.6,1051.2,24463,100878
04/21/2010,16:00,1051.1,1055.2,1048.9,1052.4,20479,100328
04/22/2010,16:00,1051.4,1065.0,1044.1,1061.5,30573,101369
04/23/2010,16:00,1061.2,1072.9,1058.8,1070.5,25410,100730
04/26/2010,16:00,1070.5,1075.7,1067.4,1068.7,19706,100700
04/27/2010,16:00,1068.6,1070.4,1047.0,1048.8,41760,103185
04/28/2010,16:00,1048.5,1055.3,1046.1,1051.8,27303,105287
04/29/2010,16:00,1054.0,1064.5,1050.5,1063.2,27515,104464
04/30/2010,16:00,1063.3,1065.9,1044.7,1045.8,44765,99203
05/03/2010,16:00,1045.5,1059.5,1045.5,1057.4,24367,98987
05/04/2010,16:00,1057.3,1058.2,1031.0,1037.4,37859,97191
05/05/2010,16:00,1036.6,1039.4,1020.9,1027.8,38031,97562
05/06/2010,16:00,1028.0,1031.0,959.1,998.1,56623,97039
05/07/2010,16:00,998.1,1005.1,970.5,978.6,59381,94420
05/10/2010,16:00,989.5,1020.6,989.4,1019.3,41040,94481
05/11/2010,16:00,1019.0,1031.1,1007.4,1019.9,36712,97603
05/12/2010,16:00,1019.1,1040.2,1012.4,1037.8,32172,101824
05/13/2010,16:00,1037.4,1043.5,1029.2,1033.7,25838,103309
05/14/2010,16:00,1033.0,1035.7,1006.6,1014.1,33932,102869
05/17/2010,16:00,1012.2,1022.6,994.2,1012.9,42039,102264
05/18/2010,16:00,1013.5,1025.2,999.5,1002.3,31622,101029
05/19/2010,16:00,1001.7,1006.6,983.1,993.3,41540,97119
05/20/2010,16:00,993.4,996.8,959.6,962.7,50195,98374
05/21/2010,16:00,961.4,977.5,946.7,973.2,44288,97708
05/24/2010,16:00,971.0,978.7,962.5,965.6,25697,96511
05/25/2010,16:00,964.0,965.9,937.0,963.0,41458,96396
05/26/2010,16:00,963.5,982.3,960.4,962.4,36672,95596
05/27/2010,16:00,961.1,995.6,955.5,992.6,33322,95043
05/28/2010,16:00,991.7,997.0,981.9,986.4,38716,97417
05/31/2010,16:00,986.8,993.9,986.4,989.1,659,97729
06/01/2010,16:00,990.2,993.9,964.9,965.2,39870,98252
06/02/2010,16:00,964.7,986.6,964.7,984.2,31524,96241
06/03/2010,16:00,985.1,994.0,982.6,993.0,27852,96428
06/04/2010,16:00,992.7,995.1,957.8,962.8,41612,98667
06/07/2010,16:00,962.8,966.6,943.0,943.4,32820,98830
06/08/2010,16:00,944.0,952.5,933.8,946.5,46324,96746
06/09/2010,16:00,946.6,967.6,942.2,952.2,39595,95015
06/10/2010,16:00,950.4,975.1,950.4,971.2,46343,37223
06/11/2010,16:00,971.9,982.9,965.4,981.9,36860,55052
06/14/2010,16:00,981.9,997.7,981.9,986.2,39967,71833
06/15/2010,16:00,986.1,1005.0,985.9,1002.8,32542,78827
06/16/2010,16:00,1002.2,1006.1,995.5,1001.7,26906,85245
06/17/2010,16:00,1002.0,1007.0,991.9,1000.8,25597,88917
06/18/2010,16:00,1000.7,1003.0,994.8,995.1,20413,89194
06/21/2010,16:00,1003.1,1009.3,988.3,992.6,24008,89350
06/22/2010,16:00,993.6,999.6,975.0,975.2,30626,90149
06/23/2010,16:00,976.1,981.6,965.2,973.4,26965,90762
06/24/2010,16:00,972.8,975.8,960.5,962.6,29333,91151
06/25/2010,16:00,962.3,972.8,957.7,971.6,31698,91387
06/28/2010,16:00,972.7,974.9,963.3,968.3,22840,93306
06/29/2010,16:00,968.7,970.3,937.8,939.8,45537,93219
06/30/2010,16:00,940.0,951.3,933.0,936.2,40474,92197
07/01/2010,16:00,936.2,938.0,916.2,932.0,46326,91098
07/02/2010,16:00,932.2,940.5,923.1,924.4,24874,89972
07/06/2010,16:00,921.8,943.5,916.4,925.2,31397,88680
07/07/2010,16:00,925.2,952.1,919.6,951.9,29267,86801
07/08/2010,16:00,951.7,959.9,947.7,957.0,25605,85467
07/09/2010,16:00,957.6,964.4,953.7,961.2,20901,84952
07/12/2010,16:00,961.2,967.4,954.3,962.1,27400,83874
07/13/2010,16:00,962.2,980.7,959.5,975.7,28172,83157
07/14/2010,16:00,980.9,984.3,970.5,977.5,24095,83449
07/15/2010,16:00,977.4,983.0,965.3,974.1,30584,83100
07/16/2010,16:00,974.8,977.7,950.0,951.2,32087,85021
07/19/2010,16:00,951.1,957.7,945.1,953.6,24090,84450
07/20/2010,16:00,953.2,967.6,943.7,966.4,25791,84440
07/21/2010,16:00,966.5,972.5,953.4,955.2,34714,85185
07/22/2010,16:00,954.4,978.7,953.7,975.4,34735,87539
07/23/2010,16:00,974.8,989.0,971.9,988.3,30851,87998
07/26/2010,16:00,988.3,1002.4,986.2,1001.1,22139,88265
07/27/2010,16:00,1001.0,1008.6,994.5,998.0,28969,88808
07/28/2010,16:00,997.7,1001.7,983.5,986.4,26720,88582
07/29/2010,16:00,986.9,993.9,973.6,981.3,31057,88651
07/30/2010,16:00,980.9,987.8,970.5,985.0,32913,87770
08/02/2010,16:00,988.4,1000.4,987.2,998.0,26377,86623
08/03/2010,16:00,997.7,999.8,988.2,995.1,22881,87215
08/04/2010,16:00,995.2,1002.7,990.8,1002.3,22039,87767
08/05/2010,16:00,1002.7,1005.0,994.4,999.5,18591,88879
08/06/2010,16:00,999.5,1002.0,985.5,997.9,29242,90072
08/09/2010,16:00,997.9,1005.2,996.1,1004.2,16061,89691
08/10/2010,16:00,1003.9,1004.2,989.1,995.1,24486,89139
08/11/2010,16:00,995.0,995.3,964.9,965.1,32325,88224
08/12/2010,16:00,964.6,967.7,952.4,963.0,24730,87384
08/13/2010,16:00,962.7,970.0,957.7,959.9,18275,86619
08/16/2010,16:00,957.2,964.5,951.6,961.4,21445,86909
08/17/2010,16:00,962.1,979.0,960.1,971.4,23387,87925
08/18/2010,16:00,971.5,980.4,966.5,969.2,23623,88509
08/19/2010,16:00,969.6,976.0,959.7,962.0,31792,87957
08/20/2010,16:00,961.7,965.6,952.7,962.2,23749,86925
08/23/2010,16:00,962.2,969.2,954.2,955.5,23195,87742
08/24/2010,16:00,954.7,955.7,937.3,942.6,39778,88652
08/25/2010,16:00,942.5,951.4,933.3,948.8,35849,88700
08/26/2010,16:00,949.4,955.7,942.8,944.3,28187,88953
08/27/2010,16:00,943.4,960.5,937.6,959.9,29874,87708
08/30/2010,16:00,959.9,967.3,946.2,946.6,23798,87288
08/31/2010,16:00,946.6,953.0,940.2,947.3,35705,87310
09/01/2010,16:00,947.3,972.4,947.3,971.1,32627,86613
09/02/2010,16:00,971.3,983.1,968.0,983.0,26528,88252
09/03/2010,16:00,983.1,994.7,980.4,991.5,28771,86975
09/07/2010,16:00,993.9,996.5,980.0,982.5,27646,85394
09/08/2010,16:00,982.0,989.8,977.9,985.8,46472,79968
09/09/2010,16:00,983.9,995.9,983.4,986.2,45688,54196
09/10/2010,16:00,986.3,993.0,985.3,990.6,27916,65125
09/13/2010,16:00,990.6,1004.8,990.6,1002.4,44371,82757
09/14/2010,16:00,1002.1,1008.5,999.1,1004.6,42840,93829
09/15/2010,16:00,1004.5,1008.8,997.7,1007.7,40125,100387
09/16/2010,16:00,1007.9,1008.0,1001.7,1006.7,29449,104033
09/17/2010,16:00,1007.7,1013.5,1000.8,1006.3,26822,104750
09/20/2010,16:00,1004.7,1021.0,1003.4,1017.6,24561,104820
09/21/2010,16:00,1017.7,1022.0,1013.6,1015.2,29280,103744
09/22/2010,16:00,1015.2,1019.4,1005.7,1009.5,27000,104501
09/23/2010,16:00,1010.1,1014.0,1000.7,1003.8,29182,105742
09/24/2010,16:00,1003.6,1022.7,1003.6,1020.7,24537,106807
09/27/2010,16:00,1022.1,1027.6,1017.4,1020.3,28225,107812
09/28/2010,16:00,1020.7,1028.8,1012.4,1025.9,32253,108756
09/29/2010,16:00,1026.3,1030.9,1023.1,1028.5,26637,108450
09/30/2010,16:00,1028.3,1039.5,1022.7,1028.7,41800,108495
10/01/2010,16:00,1028.7,1036.2,1025.3,1030.2,32915,107522
10/04/2010,16:00,1030.2,1033.0,1017.1,1024.3,26814,108363
10/05/2010,16:00,1024.4,1040.6,1022.8,1037.6,26882,108880
10/06/2010,16:00,1038.0,1041.7,1029.0,1032.4,23624,108169
10/07/2010,16:00,1032.4,1039.2,1026.4,1032.9,25331,107342
10/08/2010,16:00,1032.9,1040.2,1021.9,1036.5,25377,106757
10/11/2010,16:00,1036.5,1042.9,1035.6,1039.6,15240,106398
10/12/2010,16:00,1038.9,1044.2,1029.9,1040.3,26559,106481
10/13/2010,16:00,1040.7,1054.6,1039.8,1049.1,22052,105512
10/14/2010,16:00,1049.5,1054.8,1041.4,1049.3,26144,106758
10/15/2010,16:00,1049.4,1054.3,1040.5,1048.1,29303,107573
10/18/2010,16:00,1048.2,1051.4,1040.9,1049.1,17123,106889
10/19/2010,16:00,1049.2,1049.4,1032.3,1038.9,37434,107601
10/20/2010,16:00,1039.2,1050.7,1035.5,1046.5,25841,107945
10/21/2010,16:00,1046.3,1055.4,1038.5,1045.5,28522,108036
10/22/2010,16:00,1044.8,1052.6,1043.9,1052.1,16032,108262
10/25/2010,16:00,1052.1,1064.3,1052.1,1057.0,23165,107691
10/26/2010,16:00,1056.4,1060.7,1048.0,1055.0,22995,108665
10/27/2010,16:00,1055.9,1057.7,1046.3,1055.1,24897,109501
10/28/2010,16:00,1054.7,1062.4,1049.4,1052.2,25116,109070
10/29/2010,16:00,1052.5,1058.3,1047.1,1056.1,24858,107189
11/01/2010,16:00,1056.1,1065.7,1050.1,1056.5,29025,106637
11/02/2010,16:00,1056.9,1066.7,1056.1,1065.3,22579,105792
11/03/2010,16:00,1065.7,1068.5,1057.1,1067.9,26828,105962
11/04/2010,16:00,1068.0,1083.1,1067.2,1082.5,21383,105456
11/05/2010,16:00,1082.2,1090.0,1078.4,1088.1,21383,105456
11/08/2010,16:00,1086.3,1089.1,1082.3,1086.7,15709,104936
11/09/2010,16:00,1086.6,1091.5,1074.8,1079.1,22549,105917
11/10/2010,16:00,1078.8,1086.4,1072.6,1083.5,23159,105491
11/11/2010,16:00,1083.1,1086.6,1075.3,1084.5,18403,105532
11/12/2010,16:00,1084.2,1084.2,1068.2,1070.1,25280,104726
11/15/2010,16:00,1070.8,1081.8,1068.5,1073.4,25796,104874
11/16/2010,16:00,1072.6,1072.8,1054.0,1058.2,33603,105833
11/17/2010,16:00,1058.6,1065.3,1057.3,1062.6,20300,105895
11/18/2010,16:00,1062.8,1080.4,1062.7,1076.1,20646,106733
11/19/2010,16:00,1076.1,1079.0,1069.0,1077.1,17980,106813
11/22/2010,16:00,1080.3,1085.0,1072.5,1084.9,24465,107031
11/23/2010,16:00,1084.4,1084.4,1070.0,1074.1,25555,107095
11/24/2010,16:00,1073.6,1092.3,1072.0,1090.5,19220,108082
11/26/2010,16:00,1093.1,1093.8,1082.3,1084.3,7718,108393
11/29/2010,16:00,1084.3,1090.6,1074.5,1085.8,27402,107344
11/30/2010,16:00,1085.3,1087.0,1075.2,1080.5,31402,107528
12/01/2010,16:00,1080.5,1099.0,1077.3,1097.1,27094,106533
12/02/2010,16:00,1097.2,1111.6,1095.2,1111.4,21399,106923
12/03/2010,16:00,1111.2,1116.3,1104.1,1113.9,20209,106856
12/06/2010,16:00,1113.9,1116.4,1109.2,1113.8,20945,104656
12/07/2010,16:00,1114.1,1125.6,1111.8,1115.7,31336,100379
12/08/2010,16:00,1115.9,1121.3,1112.1,1116.9,33631,90218
12/09/2010,16:00,1121.1,1121.7,1113.0,1118.0,37327,45340
12/10/2010,16:00,1117.9,1128.3,1116.8,1126.9,33506,61702
12/13/2010,16:00,1126.5,1130.9,1123.7,1125.7,40628,80765
12/14/2010,16:00,1125.0,1129.0,1121.9,1124.1,28823,89568
12/15/2010,16:00,1124.4,1131.5,1119.4,1120.9,27031,96440
12/16/2010,16:00,1121.0,1129.7,1118.2,1128.8,22375,99860
12/17/2010,16:00,1128.9,1134.4,1126.1,1128.8,21121,99077
12/20/2010,16:00,1129.2,1134.6,1125.8,1130.4,20404,98194
12/21/2010,16:00,1130.4,1139.7,1130.3,1138.8,13143,98507
12/22/2010,16:00,1138.6,1144.2,1138.3,1142.0,12294,98959
12/23/2010,16:00,1142.3,1143.2,1138.8,1139.3,9685,98640
12/27/2010,16:00,1137.2,1141.3,1133.1,1140.1,7206,98984
12/28/2010,16:00,1141.0,1142.7,1136.5,1138.5,6998,98765
12/29/2010,16:00,1138.5,1143.0,1138.5,1140.8,5753,98880
12/30/2010,16:00,1140.9,1146.5,1139.3,1142.3,8447,99352
12/31/2010,16:00,1142.2,1145.6,1136.0,1136.0,9441,98485
01/03/2011,16:00,1136.0,1153.4,1136.0,1146.6,20378,98517
01/04/2011,16:00,1146.1,1151.4,1131.8,1138.1,21692,97898
01/05/2011,16:00,1138.2,1145.1,1131.2,1142.9,20091,98249
01/06/2011,16:00,1142.9,1147.8,1140.3,1142.8,21429,96344
01/07/2011,16:00,1142.2,1147.9,1130.0,1138.5,27453,96287
01/10/2011,16:00,1136.8,1147.2,1129.1,1143.9,26221,97350
01/11/2011,16:00,1143.9,1151.3,1143.0,1148.9,16531,97545
01/12/2011,16:00,1148.6,1156.6,1148.2,1154.8,17749,95758
01/13/2011,16:00,1154.7,1156.1,1150.5,1153.8,14663,95339
01/14/2011,16:00,1154.3,1161.2,1148.4,1161.0,15355,95913
01/18/2011,16:00,1154.9,1170.1,1153.9,1169.8,18311,95844
01/19/2011,16:00,1170.1,1171.5,1151.0,1154.2,24085,96551
01/20/2011,16:00,1154.4,1155.6,1141.6,1144.9,23928,96965
01/21/2011,16:00,1145.3,1152.6,1142.4,1143.5,17531,96524
01/24/2011,16:00,1144.4,1153.5,1141.0,1150.6,18661,97048
01/25/2011,16:00,1150.4,1153.3,1143.8,1152.8,24363,97521
01/26/2011,16:00,1152.9,1164.1,1151.9,1159.5,25453,98567
01/27/2011,16:00,1159.6,1166.4,1156.8,1164.2,15943,98796
01/28/2011,16:00,1163.7,1166.9,1145.1,1147.2,27582,97145
01/31/2011,16:00,1147.2,1159.8,1139.6,1153.8,23871,97208
02/01/2011,16:00,1153.8,1170.3,1153.8,1167.4,20722,99035
02/02/2011,16:00,1166.6,1172.0,1164.2,1165.8,14787,99332
02/03/2011,16:00,1165.8,1170.8,1158.5,1168.6,20786,99517
02/04/2011,16:00,1169.0,1175.5,1167.0,1174.9,17659,99788
02/07/2011,16:00,1174.3,1186.5,1173.5,1181.9,16344,98490
02/08/2011,16:00,1181.7,1187.4,1180.2,1186.8,12877,98655
02/09/2011,16:00,1187.0,1188.8,1181.8,1186.0,17498,99215
02/10/2011,16:00,1185.6,1190.6,1179.2,1189.5,22458,101429
02/11/2011,16:00,1189.4,1200.7,1183.1,1200.4,17215,102257
02/14/2011,16:00,1200.4,1204.3,1198.7,1202.3,16116,100359
02/15/2011,16:00,1202.7,1203.4,1198.2,1200.6,13925,100584
02/16/2011,16:00,1200.6,1209.1,1200.3,1205.9,15780,101145
02/17/2011,16:00,1205.7,1213.0,1203.0,1210.6,13725,101573
02/18/2011,16:00,1210.4,1214.1,1208.3,1212.0,11875,101488
02/22/2011,16:00,1205.1,1213.3,1187.7,1189.8,28478,100824
02/23/2011,16:00,1189.9,1196.1,1166.7,1174.1,29219,99051
02/24/2011,16:00,1174.5,1182.3,1165.7,1173.5,29724,99910
02/25/2011,16:00,1173.2,1195.2,1172.5,1193.8,23062,101886
02/28/2011,16:00,1193.8,1202.7,1190.8,1196.6,20224,100729
03/01/2011,16:00,1197.4,1203.9,1177.2,1177.8,27360,101514
03/02/2011,16:00,1177.6,1190.7,1174.3,1184.0,27221,101280
03/03/2011,16:00,1183.9,1207.5,1183.9,1205.7,24045,104474
03/04/2011,16:00,1205.9,1208.9,1192.4,1199.5,26320,102445
03/07/2011,16:00,1199.2,1205.2,1178.8,1184.6,27653,100534
03/08/2011,16:00,1184.6,1201.6,1182.0,1197.5,28168,103091
03/09/2011,16:00,1197.2,1200.0,1188.9,1190.9,27555,95362
03/10/2011,16:00,1184.5,1188.2,1171.9,1176.9,45942,38154
03/11/2011,16:00,1176.0,1186.8,1167.9,1184.0,35462,50835
03/14/2011,16:00,1181.0,1184.5,1171.7,1179.9,42240,69610
03/15/2011,16:00,1179.9,1181.5,1150.5,1171.6,55042,92669
03/16/2011,16:00,1172.3,1178.7,1157.6,1164.8,47800,99585
03/17/2011,16:00,1164.7,1179.2,1154.4,1167.4,28291,99931
03/18/2011,16:00,1166.7,1179.4,1163.4,1173.0,28730,99388
03/21/2011,16:00,1174.3,1194.0,1174.3,1191.3,23884,104344
03/22/2011,16:00,1191.4,1194.7,1184.5,1186.1,16836,104474
03/23/2011,16:00,1186.6,1189.6,1174.6,1183.3,25270,104888
03/24/2011,16:00,1183.3,1195.9,1180.5,1193.6,24427,106084
03/25/2011,16:00,1193.0,1209.0,1192.6,1201.0,22599,108089
03/28/2011,16:00,1200.9,1206.6,1193.6,1193.8,17371,108595
03/29/2011,16:00,1194.6,1206.8,1191.8,1206.5,20487,110256
03/30/2011,16:00,1206.3,1217.3,1205.1,1215.3,15189,109532
03/31/2011,16:00,1214.8,1221.2,1212.1,1220.2,21930,110589
04/01/2011,16:00,1219.9,1229.6,1219.5,1227.4,22771,112270
04/04/2011,16:00,1226.5,1231.6,1225.0,1227.8,17706,110189
04/05/2011,16:00,1228.7,1236.7,1224.7,1229.7,19791,112249
04/06/2011,16:00,1229.8,1239.7,1227.8,1230.4,18540,112150
04/07/2011,16:00,1230.0,1235.2,1223.4,1225.8,20981,112434
04/08/2011,16:00,1225.5,1233.0,1213.6,1219.0,22292,112169
04/11/2011,16:00,1220.6,1223.2,1208.8,1211.1,16829,112854
04/12/2011,16:00,1211.3,1212.1,1200.1,1200.6,20101,113173
04/13/2011,16:00,1200.6,1210.2,1199.6,1204.5,28887,114149
04/14/2011,16:00,1205.5,1206.9,1194.5,1205.7,24224,116025
04/15/2011,16:00,1205.8,1215.8,1201.4,1215.3,18534,115437
04/18/2011,16:00,1215.1,1215.2,1189.1,1200.3,34903,118172
04/19/2011,16:00,1200.0,1203.8,1194.4,1202.6,19974,116758
04/20/2011,16:00,1203.3,1222.1,1203.3,1220.9,20011,117441
04/21/2011,16:00,1220.2,1227.6,1219.9,1223.9,15546,117896
04/25/2011,16:00,1224.0,1228.0,1220.5,1224.6,15760,120246
04/26/2011,16:00,1224.5,1238.8,1222.5,1233.0,21604,124797
04/27/2011,16:00,1233.9,1243.5,1232.6,1242.2,20462,126357
04/28/2011,16:00,1242.2,1246.8,1230.7,1242.6,29699,123440
04/29/2011,16:00,1243.6,1247.9,1240.6,1246.4,19197,120030
05/02/2011,16:00,1247.2,1254.4,1239.1,1240.4,21650,117710
05/03/2011,16:00,1240.4,1241.5,1224.8,1230.8,27065,119586
05/04/2011,16:00,1230.6,1233.1,1217.1,1220.1,21959,119091
05/05/2011,16:00,1221.3,1227.4,1212.3,1219.7,28874,119400
05/06/2011,16:00,1219.7,1232.3,1215.8,1217.3,30985,117978
05/09/2011,16:00,1220.0,1232.1,1217.3,1229.9,23678,114812
05/10/2011,16:00,1229.9,1242.6,1228.0,1240.5,19587,115024
05/11/2011,16:00,1240.5,1243.6,1224.9,1229.9,26538,114644
05/12/2011,16:00,1230.1,1239.0,1218.9,1236.4,26740,115461
05/13/2011,16:00,1236.4,1241.3,1223.1,1223.4,23824,114748
05/16/2011,16:00,1221.9,1230.1,1214.2,1214.7,27368,115047
05/17/2011,16:00,1214.7,1219.3,1203.3,1209.2,30389,114141
05/18/2011,16:00,1210.0,1225.8,1209.1,1224.8,23108,113404
05/19/2011,16:00,1224.9,1231.4,1219.1,1226.8,29374,115520
05/20/2011,16:00,1226.7,1229.5,1213.6,1216.5,26056,114873
05/23/2011,16:00,1214.4,1215.5,1200.9,1203.5,25571,111871
05/24/2011,16:00,1203.1,1208.6,1197.4,1200.2,21002,109926
05/25/2011,16:00,1198.8,1210.2,1192.3,1205.5,21148,109974
05/26/2011,16:00,1205.0,1219.2,1203.5,1218.7,22006,110582
05/27/2011,16:00,1218.6,1225.1,1216.8,1222.2,18011,111087
05/31/2011,16:00,1221.9,1235.9,1220.9,1232.5,23972,113734
06/01/2011,16:00,1232.5,1238.0,1206.5,1207.4,38097,112329
06/02/2011,16:00,1207.8,1213.5,1202.1,1206.0,25684,111898
06/03/2011,16:00,1206.0,1207.0,1191.8,1193.1,27144,110788
06/06/2011,16:00,1194.2,1194.6,1178.7,1180.5,23353,110620
06/07/2011,16:00,1181.0,1190.0,1179.5,1183.1,23653,110721
06/08/2011,16:00,1183.3,1185.0,1172.3,1172.5,34106,100751
06/09/2011,16:00,1170.1,1182.5,1170.1,1177.3,34194,35505
06/10/2011,16:00,1182.4,1182.4,1162.0,1164.8,36752,53960
06/13/2011,16:00,1165.0,1170.5,1158.0,1163.2,52763,80186
06/14/2011,16:00,1163.6,1182.3,1162.7,1182.1,41703,96892
06/15/2011,16:00,1180.8,1181.2,1161.3,1163.9,38835,102362
06/16/2011,16:00,1164.5,1170.2,1155.1,1165.8,28324,104522
06/17/2011,16:00,1165.2,1175.5,1161.3,1165.7,26613,104917
06/20/2011,16:00,1164.5,1176.1,1157.7,1174.9,17840,105749
06/21/2011,16:00,1174.5,1192.7,1173.0,1188.8,20362,106836
06/22/2011,16:00,1188.3,1196.2,1183.7,1184.5,17816,107874
06/23/2011,16:00,1184.5,1187.8,1167.1,1185.0,30831,108084
06/24/2011,16:00,1185.3,1192.6,1177.1,1178.6,21849,108068
06/27/2011,16:00,1178.8,1186.7,1173.7,1183.8,20914,106618
06/28/2011,16:00,1183.8,1200.9,1180.1,1200.3,19220,106735
06/29/2011,16:00,1199.6,1208.9,1196.6,1206.4,22374,107013
06/30/2011,16:00,1205.6,1216.2,1204.8,1211.8,26177,104041
07/01/2011,16:00,1211.8,1229.8,1210.9,1227.2,20579,103792
07/05/2011,16:00,1230.2,1231.9,1223.3,1231.1,17712,105076
07/06/2011,16:00,1231.1,1236.7,1224.9,1236.0,23403,108552
07/07/2011,16:00,1236.0,1247.4,1236.0,1246.3,14830,108943
07/08/2011,16:00,1245.9,1249.6,1230.0,1239.9,18192,110446
07/11/2011,16:00,1236.8,1237.5,1215.1,1218.8,18418,111718
07/12/2011,16:00,1219.3,1221.5,1201.0,1213.7,22039,112704
07/13/2011,16:00,1214.1,1228.3,1213.1,1216.0,21766,112022
07/14/2011,16:00,1216.1,1224.6,1201.5,1204.0,29937,110876
07/15/2011,16:00,1205.3,1213.4,1201.4,1212.6,22807,112247
07/18/2011,16:00,1211.6,1211.9,1190.5,1197.1,21558,109680
07/19/2011,16:00,1198.0,1216.0,1197.5,1212.9,17013,109990
07/20/2011,16:00,1212.5,1218.8,1208.8,1213.8,13267,108923
07/21/2011,16:00,1213.3,1227.2,1206.6,1224.3,19844,109871
07/22/2011,16:00,1223.3,1227.3,1218.1,1224.0,14616,109931
07/25/2011,16:00,1218.0,1224.5,1211.1,1218.6,17380,110609
07/26/2011,16:00,1218.8,1223.8,1209.2,1210.3,15066,109696
07/27/2011,16:00,1209.9,1212.2,1182.5,1182.8,25589,107642
07/28/2011,16:00,1183.1,1194.9,1178.7,1179.0,19478,106675
07/29/2011,16:00,1180.0,1182.8,1161.4,1177.0,34097,104179
08/01/2011,16:00,1188.1,1190.0,1161.8,1169.6,34841,104876
08/02/2011,16:00,1169.6,1173.6,1141.8,1142.2,33624,106350
08/03/2011,16:00,1142.9,1147.6,1120.8,1143.6,38706,105323
08/04/2011,16:00,1144.1,1149.9,1089.5,1093.4,48821,105783
08/05/2011,16:00,1093.9,1108.0,1059.1,1078.6,68552,103520
08/08/2011,16:00,1063.4,1071.9,1005.7,1006.4,72300,109976
08/09/2011,16:00,1006.1,1064.8,982.7,1060.7,82764,107223
08/10/2011,16:00,1059.9,1066.2,1029.6,1034.9,68018,107704
08/11/2011,16:00,1034.1,1083.7,1017.0,1070.1,51042,107035
08/12/2011,16:00,1070.1,1085.0,1051.8,1080.0,33568,107025
08/15/2011,16:00,1080.5,1100.6,1079.1,1096.7,24628,105254
08/16/2011,16:00,1096.3,1098.1,1079.4,1091.2,31118,104839
08/17/2011,16:00,1090.7,1099.0,1076.6,1083.9,25922,105987
08/18/2011,16:00,1084.1,1084.2,1030.0,1042.0,45172,108958
08/19/2011,16:00,1041.9,1048.7,1021.1,1027.3,35540,109940
08/22/2011,16:00,1025.0,1044.2,1017.1,1022.8,30112,109876
08/23/2011,16:00,1022.4,1055.7,1019.3,1054.0,30106,107806
08/24/2011,16:00,1053.9,1068.9,1042.2,1064.7,28845,105849
08/25/2011,16:00,1064.5,1077.2,1045.4,1049.4,29094,108836
08/26/2011,16:00,1050.3,1072.9,1032.4,1070.1,36024,107132
08/29/2011,16:00,1068.3,1103.9,1068.3,1102.0,25689,109002
08/30/2011,16:00,1101.7,1112.6,1092.6,1101.8,24749,109799
08/31/2011,16:00,1101.7,1124.5,1098.3,1109.7,37223,109478
09/01/2011,16:00,1109.7,1119.2,1093.4,1095.1,29625,109348
09/02/2011,16:00,1094.8,1095.7,1064.3,1065.3,37086,107729
09/06/2011,16:00,1044.6,1064.3,1034.7,1061.3,39119,109614
09/07/2011,16:00,1060.8,1094.0,1060.8,1092.5,34341,104626
09/08/2011,16:00,1093.6,1097.1,1078.4,1084.0,33660,27874
09/09/2011,16:00,1082.4,1088.6,1051.8,1062.4,59197,46383
09/12/2011,16:00,1054.8,1065.6,1040.4,1065.1,61715,78376
09/13/2011,16:00,1064.6,1078.5,1052.1,1073.1,51338,93058
09/14/2011,16:00,1073.1,1100.8,1059.6,1088.9,54439,103310
09/15/2011,16:00,1089.4,1105.6,1085.9,1102.3,34505,105779
09/16/2011,16:00,1101.7,1108.4,1093.9,1102.3,24338,105293
09/19/2011,16:00,1094.3,1096.0,1075.9,1089.6,29449,104756
09/20/2011,16:00,1089.0,1101.3,1077.7,1078.5,28226,104853
09/21/2011,16:00,1078.8,1083.7,1046.3,1046.5,39015,104772
09/22/2011,16:00,1047.6,1048.8,1008.0,1019.5,48259,108948
09/23/2011,16:00,1020.1,1030.9,1003.6,1028.3,37857,109046
09/26/2011,16:00,1024.6,1046.1,1016.5,1044.7,33008,108502
09/27/2011,16:00,1044.3,1077.5,1043.5,1061.4,34765,106307
09/28/2011,16:00,1060.7,1070.9,1030.6,1034.2,40423,106598
09/29/2011,16:00,1034.2,1050.2,1020.2,1039.2,34640,107621
09/30/2011,16:00,1040.0,1042.3,1012.7,1017.2,37535,108300
10/03/2011,16:00,1015.7,1022.1,976.5,978.4,70738,122208
10/04/2011,16:00,978.1,1012.1,966.1,1005.3,52885,117579
10/05/2011,16:00,1006.0,1031.2,1001.4,1023.2,36904,114360
10/06/2011,16:00,1022.8,1048.0,1020.1,1047.4,28793,114086
10/07/2011,16:00,1046.7,1057.0,1030.8,1039.7,28763,113507
10/10/2011,16:00,1040.9,1065.9,1040.8,1063.3,23419,112071
10/11/2011,16:00,1063.1,1069.8,1054.7,1062.5,26883,111254
10/12/2011,16:00,1060.0,1085.0,1055.6,1070.5,33810,109299
10/13/2011,16:00,1071.0,1079.8,1060.6,1074.1,26681,109861
10/14/2011,16:00,1073.9,1093.5,1070.7,1090.2,26384,109098
10/17/2011,16:00,1091.3,1098.5,1064.9,1066.8,28667,112331
10/18/2011,16:00,1067.0,1093.7,1057.4,1089.9,34174,110882
10/19/2011,16:00,1088.0,1091.9,1072.0,1077.7,30173,111749
10/20/2011,16:00,1077.7,1084.6,1059.0,1076.6,37116,111413
10/21/2011,16:00,1075.7,1098.7,1075.2,1097.5,25386,109733
10/24/2011,16:00,1096.2,1123.9,1095.9,1118.4,23702,108898
10/25/2011,16:00,1118.7,1126.5,1099.1,1102.0,28702,108844
10/26/2011,16:00,1102.4,1115.9,1090.6,1109.5,27839,108772
10/27/2011,16:00,1110.0,1157.2,1110.0,1149.8,42093,106335
10/28/2011,16:00,1150.3,1151.7,1141.6,1147.2,20651,104904
10/31/2011,16:00,1147.2,1147.2,1104.4,1124.4,33722,108318
11/01/2011,16:00,1104.4,1123.6,1088.3,1101.8,61140,111398
11/02/2011,16:00,1100.4,1117.6,1097.6,1112.0,35678,112352
11/03/2011,16:00,1112.2,1137.0,1097.6,1131.3,38493,108915
11/04/2011,16:00,1131.0,1138.9,1117.7,1137.3,27191,109711
11/07/2011,16:00,1138.3,1142.5,1117.4,1135.0,29411,110107
11/08/2011,16:00,1135.0,1146.0,1123.0,1144.4,34637,107935
11/09/2011,16:00,1144.6,1144.8,1102.5,1103.7,38219,110899
11/10/2011,16:00,1105.3,1118.3,1098.1,1106.9,31786,110704
11/11/2011,16:00,1106.8,1133.3,1105.5,1127.8,21455,109430
11/14/2011,16:00,1129.8,1134.6,1114.5,1122.8,24702,111623
11/15/2011,16:00,1122.0,1132.8,1108.6,1126.3,29494,111120
11/16/2011,16:00,1126.7,1134.1,1112.4,1113.0,30563,112977
11/17/2011,16:00,1113.6,1121.1,1095.2,1098.2,30340,113301
11/18/2011,16:00,1098.9,1110.6,1093.1,1098.2,20401,113350
11/21/2011,16:00,1100.8,1100.8,1071.5,1081.2,28376,115466
11/22/2011,16:00,1081.5,1086.3,1070.1,1073.9,23211,117115
11/23/2011,16:00,1074.3,1074.8,1051.5,1053.2,25018,120701
11/25/2011,16:00,1051.0,1060.5,1040.3,1048.1,12498,121401
11/28/2011,16:00,1057.3,1083.5,1057.3,1079.5,29832,120224
11/29/2011,16:00,1078.9,1090.1,1075.1,1081.7,25812,119977
11/30/2011,16:00,1079.5,1122.8,1071.2,1121.4,30408,117469
12/01/2011,16:00,1121.4,1127.5,1115.0,1117.3,25309,117156
12/02/2011,16:00,1117.3,1132.5,1116.0,1117.9,22973,116793
12/05/2011,16:00,1124.3,1139.7,1123.7,1128.9,28097,115571
12/06/2011,16:00,1128.8,1135.3,1122.7,1123.6,25350,116235
12/07/2011,16:00,1124.8,1134.5,1110.4,1128.9,7100,6715
12/08/2011,16:00,1128.2,1136.0,1100.5,1104.1,39125,32504
12/09/2011,16:00,1103.8,1125.7,1098.1,1125.2,35371,45102
12/12/2011,16:00,1124.5,1125.6,1099.6,1109.2,47499,64920
12/13/2011,16:00,1109.2,1118.4,1085.3,1091.4,71458,97024
12/14/2011,16:00,1092.4,1096.8,1075.4,1077.0,34907,103338
12/15/2011,16:00,1076.8,1089.4,1072.7,1084.6,29110,105084
12/16/2011,16:00,1084.8,1103.3,1083.6,1091.8,29369,104368
12/19/2011,16:00,1093.7,1101.0,1075.9,1077.0,27561,108579
12/20/2011,16:00,1077.7,1109.2,1077.7,1106.5,28148,106908
12/21/2011,16:00,1105.9,1117.9,1094.9,1109.1,26422,106009
12/22/2011,16:00,1108.8,1120.7,1106.8,1117.2,16452,106066
12/23/2011,16:00,1117.2,1123.4,1116.2,1121.3,8634,106107
12/27/2011,16:00,1121.7,1129.1,1118.2,1124.0,13149,105901
12/28/2011,16:00,1123.9,1126.7,1108.4,1109.9,20111,105888
12/29/2011,16:00,1110.6,1122.3,1110.6,1121.3,13426,105695
12/30/2011,16:00,1119.9,1124.2,1114.4,1117.9,14939,104677
01/03/2012,16:00,1130.0,1153.9,1122.6,1125.6,32856,103733
01/04/2012,16:00,1125.9,1127.6,1116.9,1124.7,20430,103855
01/05/2012,16:00,1124.6,1132.0,1109.6,1126.2,27224,104599
01/06/2012,16:00,1126.2,1135.4,1121.6,1129.9,20880,103798
01/09/2012,16:00,1126.5,1136.2,1124.4,1133.2,21876,103455
01/10/2012,16:00,1133.1,1148.0,1132.8,1145.2,19545,103614
01/11/2012,16:00,1145.3,1149.7,1140.9,1149.2,18412,104347
01/12/2012,16:00,1148.9,1156.5,1140.4,1150.4,18934,104201
01/13/2012,16:00,1150.5,1153.9,1136.6,1147.3,19604,105158
01/17/2012,16:00,1145.5,1158.6,1141.5,1147.8,18036,105620
01/18/2012,16:00,1148.0,1162.7,1145.1,1160.9,20655,106423
01/19/2012,16:00,1160.1,1172.0,1155.7,1169.7,18180,106273
01/20/2012,16:00,1169.5,1171.1,1165.9,1169.5,12434,106671
01/23/2012,16:00,1166.3,1176.8,1162.2,1169.5,17935,107240
01/24/2012,16:00,1169.5,1174.1,1160.6,1173.6,15259,109139
01/25/2012,16:00,1174.9,1184.1,1166.9,1182.6,22156,110207
01/26/2012,16:00,1183.1,1188.9,1171.8,1176.5,20101,109903
01/27/2012,16:00,1176.1,1183.1,1171.0,1180.9,17629,109922
01/30/2012,16:00,1181.2,1181.7,1166.4,1175.6,20859,110322
01/31/2012,16:00,1175.7,1185.0,1170.5,1175.5,25509,109599
02/01/2012,16:00,1173.5,1194.5,1171.1,1192.4,22405,110561
02/02/2012,16:00,1192.2,1199.7,1191.2,1194.3,17807,109782
02/03/2012,16:00,1194.6,1212.1,1193.2,1208.2,18096,109584
02/06/2012,16:00,1206.8,1210.6,1202.4,1207.3,13376,109059
02/07/2012,16:00,1207.4,1213.1,1202.7,1212.4,16269,110031
02/08/2012,16:00,1211.5,1216.8,1205.5,1213.9,15979,109647
02/09/2012,16:00,1213.8,1217.6,1204.7,1214.5,16534,109180
02/10/2012,16:00,1214.2,1214.5,1199.6,1204.4,19133,109015
02/13/2012,16:00,1210.0,1216.2,1205.3,1212.9,18552,108134
02/14/2012,16:00,1213.2,1214.9,1206.3,1213.8,20059,109028
02/15/2012,16:00,1213.4,1223.3,1206.5,1211.1,32998,108110
02/16/2012,16:00,1210.8,1226.2,1204.7,1224.7,25550,109919
02/17/2012,16:00,1224.4,1231.2,1222.6,1225.1,12678,109444
02/21/2012,16:00,1228.9,1232.3,1216.0,1221.1,18352,108705
02/22/2012,16:00,1220.7,1224.5,1213.2,1215.4,24097,109422
02/23/2012,16:00,1215.6,1225.7,1211.0,1225.1,23631,110725
02/24/2012,16:00,1225.2,1229.9,1223.1,1224.5,16423,110251
02/27/2012,16:00,1224.2,1229.3,1211.2,1226.0,23190,110983
02/28/2012,16:00,1225.8,1230.9,1217.9,1223.4,24652,112226
02/29/2012,16:00,1223.5,1229.2,1213.5,1217.2,31492,111796
03/01/2012,16:00,1217.2,1229.3,1212.8,1227.3,29977,114528
03/02/2012,16:00,1226.8,1228.8,1213.2,1216.1,20794,114045
03/05/2012,16:00,1215.8,1217.1,1208.3,1215.6,22884,112906
03/06/2012,16:00,1214.8,1217.1,1192.0,1195.1,29645,111318
03/07/2012,16:00,1195.4,1205.5,1195.1,1204.7,29501,106326
03/08/2012,16:00,1206.9,1220.3,1206.3,1218.8,55605,82515
03/09/2012,16:00,1217.7,1232.2,1213.5,1229.1,20688,68075
03/12/2012,16:00,1227.8,1230.0,1221.2,1226.0,40914,40229
03/13/2012,16:00,1226.3,1243.5,1225.7,1242.3,15911,29727
03/14/2012,16:00,1242.9,1244.1,1233.6,1234.9,6074,25105
03/15/2012,16:00,1234.9,1245.5,1234.2,1243.5,7270,21018
03/16/2012,16:00,1243.6,1248.1,1242.5,1245.61,87,21018
03/19/2012,16:00,1240.0,1249.3,1235.9,1243.2,21802,100971
03/20/2012,16:00,1242.6,1243.3,1232.4,1236.7,17755,98946
03/21/2012,16:00,1236.6,1241.8,1232.2,1235.2,24071,98533
03/22/2012,16:00,1234.2,1238.3,1217.7,1225.6,25650,98502
03/23/2012,16:00,1225.8,1234.3,1217.5,1234.1,18235,99380
03/26/2012,16:00,1235.2,1248.1,1233.3,1247.7,21804,100524
03/27/2012,16:00,1247.2,1252.2,1240.9,1241.8,14164,100639
03/28/2012,16:00,1242.0,1246.5,1227.4,1235.9,24484,101983
03/29/2012,16:00,1235.9,1239.2,1223.9,1236.8,22725,102513
03/30/2012,16:00,1236.3,1242.4,1231.3,1235.7,23604,101437
04/02/2012,16:00,1236.5,1245.9,1229.6,1240.0,26141,100927
04/03/2012,16:00,1239.4,1244.7,1233.8,1243.0,27142,100268
04/04/2012,16:00,1243.1,1243.2,1223.7,1228.5,34044,97776
04/05/2012,16:00,1228.5,1231.4,1221.1,1223.2,18357,97160
04/06/2012,16:00,1223.0,1225.9,1208.4,1223.2,306,97151
04/09/2012,16:00,1208.0,1214.7,1207.0,1211.2,20380,98445
04/10/2012,16:00,1211.3,1215.1,1188.1,1192.1,37015,101350
04/11/2012,16:00,1193.3,1203.1,1193.0,1199.6,27154,102400
04/12/2012,16:00,1201.0,1221.2,1198.7,1221.0,22833,101198
04/13/2012,16:00,1220.0,1221.0,1204.7,1205.3,30012,100524
04/16/2012,16:00,1203.0,1213.7,1199.5,1206.3,22108,100298
04/17/2012,16:00,1206.3,1227.4,1203.0,1220.0,20294,100019
04/18/2012,16:00,1219.6,1222.5,1215.2,1216.6,22723,100432
04/19/2012,16:00,1216.7,1228.2,1208.9,1214.0,38643,100110
04/20/2012,16:00,1215.2,1225.1,1213.8,1217.3,21916,99501
04/23/2012,16:00,1214.8,1216.9,1196.0,1206.3,27106,100514
04/24/2012,16:00,1207.0,1213.9,1204.5,1210.3,20528,100883
04/25/2012,16:00,1211.3,1227.8,1209.5,1226.6,25933,100452
04/26/2012,16:00,1226.2,1238.4,1222.4,1236.0,23378,100470
04/27/2012,16:00,1236.2,1242.7,1230.3,1240.8,25836,99045
04/30/2012,16:00,1242.7,1244.4,1230.0,1233.0,21606,98208
05/01/2012,16:00,1233.0,1248.2,1229.4,1234.4,23988,98833
05/02/2012,16:00,1234.2,1240.4,1227.4,1237.6,22598,98740
05/03/2012,16:00,1237.3,1241.6,1219.1,1221.3,30026,98135
05/04/2012,16:00,1221.7,1226.1,1203.1,1203.9,26228,99727
05/07/2012,16:00,1198.9,1212.4,1190.0,1211.2,23740,99831
05/08/2012,16:00,1210.5,1213.0,1190.5,1208.3,38098,102636
05/09/2012,16:00,1208.9,1209.5,1191.3,1203.8,26093,102442
05/10/2012,16:00,1204.2,1214.0,1200.9,1207.7,22907,102352
05/11/2012,16:00,1208.0,1214.7,1197.5,1206.6,28403,101671
05/14/2012,16:00,1202.6,1206.7,1190.8,1192.8,30356,102094
05/15/2012,16:00,1192.6,1203.6,1187.8,1190.3,35003,102032
05/16/2012,16:00,1191.0,1200.3,1181.8,1182.1,24361,102981
05/17/2012,16:00,1182.7,1188.2,1156.4,1156.8,34176,104565
05/18/2012,16:00,1158.2,1164.2,1144.4,1144.7,30109,104119
05/21/2012,16:00,1146.3,1168.3,1142.8,1167.6,24323,104866
05/22/2012,16:00,1167.4,1177.8,1164.3,1168.5,27644,105496
05/23/2012,16:00,1169.3,1176.7,1155.6,1174.7,31184,104848
05/24/2012,16:00,1174.6,1182.0,1165.7,1181.3,27667,105180
05/25/2012,16:00,1181.6,1187.3,1173.9,1175.7,14926,104942
05/29/2012,16:00,1179.7,1191.3,1177.7,1190.1,30414,103847
05/30/2012,16:00,1190.1,1190.6,1167.7,1168.1,26871,104452
05/31/2012,16:00,1168.2,1175.1,1155.9,1168.2,33871,105114
06/01/2012,16:00,1168.2,1168.2,1137.2,1138.4,37555,107076
06/04/2012,16:00,1138.7,1143.1,1124.1,1130.4,26595,106988
06/05/2012,16:00,1130.5,1146.9,1126.1,1146.6,25591,106768
06/06/2012,16:00,1146.3,1166.0,1145.8,1165.7,34650,96828
06/07/2012,16:00,1170.3,1178.3,1159.8,1163.4,37483,35995
06/08/2012,16:00,1163.2,1170.4,1153.2,1169.9,35394,51248
06/11/2012,16:00,1171.3,1189.0,1148.8,1149.0,53587,73199
06/12/2012,16:00,1149.3,1162.7,1146.9,1162.5,47505,88763
06/13/2012,16:00,1161.7,1163.9,1143.7,1147.3,40689,97748
06/14/2012,16:00,1147.7,1157.2,1144.2,1155.6,36641,99385
06/15/2012,16:00,1154.6,1165.4,1154.0,1162.9,28934,96514
06/18/2012,16:00,1168.4,1174.1,1154.4,1172.0,24576,96275
06/19/2012,16:00,1171.6,1185.0,1168.7,1179.5,22624,95420
06/20/2012,16:00,1179.3,1185.8,1173.7,1179.9,28833,95472
06/21/2012,16:00,1179.9,1182.2,1152.5,1152.9,30943,97546
06/22/2012,16:00,1153.8,1161.5,1152.9,1156.6,22783,97671
06/25/2012,16:00,1156.5,1156.5,1137.7,1141.8,25511,99389
06/26/2012,16:00,1141.6,1151.7,1138.0,1149.8,20866,98952
06/27/2012,16:00,1149.2,1158.8,1147.2,1157.1,21625,97646
06/28/2012,16:00,1156.7,1160.8,1145.1,1159.0,32488,99867
06/29/2012,16:00,1158.7,1188.5,1155.4,1185.8,29214,98818
07/02/2012,16:00,1186.5,1193.3,1182.9,1189.7,26858,100627
07/03/2012,16:00,1189.7,1204.5,1189.3,1204.1,16105,102592
07/05/2012,16:00,1201.4,1209.2,1195.7,1202.6,19949,104213
07/06/2012,16:00,1202.5,1203.4,1186.4,1192.2,27280,104131
07/09/2012,16:00,1189.1,1191.7,1183.4,1190.3,19037,104525
07/10/2012,16:00,1190.3,1195.9,1173.8,1177.8,24623,105129
07/11/2012,16:00,1178.0,1183.5,1169.2,1174.3,22542,106002
07/12/2012,16:00,1174.5,1176.4,1160.1,1172.7,21820,105457
07/13/2012,16:00,1172.7,1187.8,1172.4,1186.6,19703,107065
07/16/2012,16:00,1186.8,1186.8,1175.3,1180.8,16187,106590
07/17/2012,16:00,1180.7,1187.8,1171.9,1187.3,23941,107732
07/18/2012,16:00,1187.5,1196.3,1182.8,1192.8,17524,108677
07/19/2012,16:00,1193.6,1199.3,1190.1,1193.3,22866,107937
07/20/2012,16:00,1192.7,1193.2,1182.9,1184.2,22105,105982
07/23/2012,16:00,1179.9,1183.1,1161.1,1171.6,25317,106742
07/24/2012,16:00,1170.9,1174.2,1152.6,1155.8,31056,105648
07/25/2012,16:00,1157.0,1165.8,1151.4,1159.9,25370,106051
07/26/2012,16:00,1159.4,1178.1,1154.8,1173.6,27896,105517
07/27/2012,16:00,1173.3,1197.1,1170.9,1196.2,33934,105499
07/30/2012,16:00,1194.9,1197.7,1187.6,1189.9,23398,104920
07/31/2012,16:00,1189.7,1194.3,1181.6,1184.9,27153,104067
08/01/2012,16:00,1183.2,1191.1,1174.3,1175.5,26254,103981
08/02/2012,16:00,1175.6,1184.1,1163.5,1171.8,33094,103561
08/03/2012,16:00,1171.4,1192.6,1170.1,1189.1,22993,103138
08/06/2012,16:00,1190.3,1197.7,1189.0,1194.3,16000,103569
08/07/2012,16:00,1194.2,1208.4,1192.4,1202.5,20700,105608
08/08/2012,16:00,1202.0,1205.9,1198.8,1202.8,16031,107120
08/09/2012,16:00,1203.0,1209.0,1201.0,1206.1,16463,107681
08/10/2012,16:00,1205.8,1207.4,1199.1,1206.5,14864,108192
08/13/2012,16:00,1205.9,1207.5,1196.7,1205.5,15483,108503
08/14/2012,16:00,1205.4,1211.8,1200.6,1204.2,18104,110206
08/15/2012,16:00,1203.8,1210.7,1200.8,1209.9,15117,112862
08/16/2012,16:00,1209.7,1219.9,1207.3,1217.5,17491,113393
08/17/2012,16:00,1217.7,1223.5,1216.3,1222.0,11802,113651
08/20/2012,16:00,1222.1,1224.1,1215.5,1219.6,12080,114336
08/21/2012,16:00,1219.8,1229.2,1218.5,1221.9,18561,115856
08/22/2012,16:00,1221.9,1222.6,1214.5,1219.7,17175,117078
08/23/2012,16:00,1219.2,1224.7,1209.7,1213.0,17617,116591
08/24/2012,16:00,1213.2,1218.0,1208.3,1215.3,18201,117264
08/27/2012,16:00,1216.2,1222.8,1212.7,1215.1,14495,118407
08/28/2012,16:00,1214.7,1220.9,1211.9,1218.7,16955,119997
08/29/2012,16:00,1218.7,1222.3,1215.5,1218.1,13122,120630
08/30/2012,16:00,1218.1,1218.1,1207.8,1211.7,14368,120531
08/31/2012,16:00,1211.9,1223.5,1207.4,1217.1,23628,118899
09/03/2012,16:00,1217.7,1222.0,1211.5,1221.8,1065,118908
09/04/2012,16:00,1221.5,1230.6,1210.1,1230.4,30827,120087
09/05/2012,16:00,1229.4,1230.6,1223.3,1226.8,21917,124613
09/06/2012,16:00,1226.9,1248.0,1226.7,1245.5,20660,124981
09/07/2012,16:00,1245.5,1253.5,1244.5,1250.8,13057,121969
09/10/2012,16:00,1250.4,1252.0,1244.0,1244.3,12695,122606
09/11/2012,16:00,1243.8,1250.5,1241.6,1244.6,19328,119751
09/12/2012,16:00,1244.8,1254.2,1243.4,1253.6,31259,109734
09/13/2012,16:00,1253.6,1265.3,1247.0,1261.4,30568,44616
09/14/2012,16:00,1261.2,1276.6,1261.0,1273.9,40918,63886
09/17/2012,16:00,1273.9,1273.9,1261.7,1262.6,39534,89078
09/18/2012,16:00,1263.2,1264.3,1254.3,1257.3,30707,102852
09/19/2012,16:00,1257.9,1261.7,1255.1,1259.0,22247,109423
09/20/2012,16:00,1258.9,1259.9,1247.4,1253.6,17129,112642
09/21/2012,16:00,1253.7,1261.1,1251.7,1252.5,21364,112770
09/24/2012,16:00,1251.8,1254.3,1247.1,1251.6,16705,114689
09/25/2012,16:00,1251.3,1256.1,1234.4,1237.4,26005,116636
09/26/2012,16:00,1237.1,1239.1,1224.1,1227.1,19341,118240
09/27/2012,16:00,1227.4,1241.4,1227.4,1238.7,20426,117702
09/28/2012,16:00,1238.2,1239.8,1230.1,1236.0,26700,117263
10/01/2012,16:00,1235.9,1243.0,1224.2,1229.6,40863,117487
10/02/2012,16:00,1229.8,1236.9,1228.6,1235.7,21838,118640
10/03/2012,16:00,1235.9,1239.5,1229.9,1234.2,18046,117842
10/04/2012,16:00,1234.2,1244.9,1233.5,1243.2,22123,117225
10/05/2012,16:00,1243.7,1252.3,1241.1,1242.3,20571,115717
10/08/2012,16:00,1243.0,1243.3,1236.5,1239.7,13957,114321
10/09/2012,16:00,1239.5,1243.0,1228.4,1230.4,25069,113502
10/10/2012,16:00,1231.2,1231.8,1223.1,1224.9,20567,113379
10/11/2012,16:00,1224.8,1236.3,1221.4,1229.6,19103,113755
10/12/2012,16:00,1229.5,1234.0,1220.6,1222.1,20193,115166
10/15/2012,16:00,1223.3,1232.0,1219.5,1231.2,20537,115324
10/16/2012,16:00,1231.3,1242.0,1230.7,1241.2,18637,113706
10/17/2012,16:00,1241.0,1251.5,1239.7,1250.7,19650,114432
10/18/2012,16:00,1250.5,1251.7,1244.0,1247.3,21631,113971
10/19/2012,16:00,1246.6,1248.3,1230.9,1231.9,29144,112675
10/22/2012,16:00,1232.7,1235.9,1226.1,1234.1,16803,112181
10/23/2012,16:00,1234.7,1236.2,1213.7,1226.0,26015,112707
10/24/2012,16:00,1225.7,1231.8,1221.0,1223.6,14114,112766
10/25/2012,16:00,1223.9,1231.5,1216.7,1226.0,22361,113145
10/26/2012,16:00,1225.4,1227.9,1215.0,1222.5,19474,113720
10/29/2012,16:00,1222.6,1222.6,1211.5,1222.5,980,113970
10/30/2012,16:00,1212.5,1222.5,1209.4,1222.5,559,113938
10/31/2012,16:00,1221.0,1227.6,1218.5,1227.6,21167,114171
11/01/2012,16:00,1222.6,1251.0,1219.5,1249.7,38026,114994
11/02/2012,16:00,1249.4,1254.9,1232.8,1233.0,26951,117263
11/05/2012,16:00,1231.5,1241.8,1229.0,1241.3,15830,117214
11/06/2012,16:00,1240.7,1252.2,1239.8,1250.2,15220,116266
11/07/2012,16:00,1249.7,1254.4,1223.6,1226.0,31747,117301
11/08/2012,16:00,1227.3,1232.1,1213.9,1215.1,25287,117911
11/09/2012,16:00,1215.3,1224.6,1207.0,1218.0,21935,116148
11/12/2012,16:00,1216.8,1220.9,1214.3,1217.5,9668,116316
11/13/2012,16:00,1217.3,1221.8,1208.7,1212.7,19167,115913
11/14/2012,16:00,1214.7,1220.8,1195.1,1196.8,24707,119801
11/15/2012,16:00,1197.9,1200.9,1188.1,1193.9,20180,120371
11/16/2012,16:00,1193.6,1202.0,1188.1,1201.6,24888,120617
11/19/2012,16:00,1203.1,1219.8,1202.5,1218.0,18874,119067
11/20/2012,16:00,1217.7,1225.2,1215.2,1224.8,16337,118484
11/21/2012,16:00,1223.9,1228.1,1218.2,1226.9,11724,118796
11/23/2012,16:00,1228.8,1238.7,1225.7,1238.1,10524,118434
11/26/2012,16:00,1236.0,1238.7,1230.8,1236.8,18723,118847
11/27/2012,16:00,1237.3,1240.4,1233.7,1235.3,17245,120218
11/28/2012,16:00,1235.1,1242.4,1223.8,1241.6,21873,121470
11/29/2012,16:00,1240.1,1252.6,1240.1,1250.4,24354,120699
11/30/2012,16:00,1246.9,1254.2,1244.8,1248.9,17790,120439
12/03/2012,16:00,1247.9,1257.1,1243.3,1245.8,25916,121000
12/04/2012,16:00,1244.5,1249.2,1241.1,1246.2,22216,119519
12/05/2012,16:00,1245.6,1253.2,1240.2,1249.3,23785,119089
12/06/2012,16:00,1246.4,1252.5,1245.5,1250.3,15035,118822
12/07/2012,16:00,1250.5,1256.8,1247.6,1250.7,16610,118121
12/10/2012,16:00,1250.7,1259.2,1249.5,1259.1,18409,118800
12/11/2012,16:00,1256.1,1264.6,1255.8,1264.0,21187,115938
12/12/2012,16:00,1263.5,1267.2,1258.6,1260.8,19312,115792
12/13/2012,16:00,1259.9,1263.0,1251.4,1252.3,38519,38932
12/14/2012,16:00,1253.9,1257.7,1250.0,1252.4,29437,53017
12/17/2012,16:00,1255.2,1262.3,1251.3,1261.7,49819,84301
12/18/2012,16:00,1261.8,1276.1,1260.7,1275.4,41721,98794
12/19/2012,16:00,1276.4,1279.3,1271.2,1275.7,32772,111216
12/20/2012,16:00,1271.3,1281.6,1270.5,1281.0,19377,112247
12/21/2012,16:00,1281.7,1281.7,1263.0,1272.6,19780,113571
12/24/2012,16:00,1269.0,1272.6,1267.3,1269.6,6324,113570
12/26/2012,16:00,1270.2,1272.8,1259.2,1259.4,8968,113170
12/27/2012,16:00,1260.5,1272.4,1250.1,1258.1,17995,112753
12/28/2012,16:00,1258.7,1262.2,1246.2,1246.7,11182,112723
12/31/2012,16:00,1246.0,1272.4,1246.0,1269.8,20007,111798
01/02/2013,16:00,1276.7,1297.6,1276.7,1296.3,29489,111619
01/03/2013,16:00,1293.1,1303.6,1292.3,1298.7,20611,112743
01/04/2013,16:00,1298.6,1306.4,1296.5,1301.7,15671,113270
01/07/2013,16:00,1303.1,1304.2,1299.0,1303.3,13822,112685
01/08/2013,16:00,1303.7,1304.4,1295.8,1301.2,11285,113668
01/09/2013,16:00,1302.4,1308.0,1301.2,1306.4,10479,114510
01/10/2013,16:00,1307.2,1313.5,1302.3,1308.1,15812,115220
01/11/2013,16:00,1309.7,1311.8,1303.1,1307.4,11225,114689
01/14/2013,16:00,1307.3,1311.0,1304.7,1307.4,14571,115296
01/15/2013,16:00,1307.3,1314.7,1301.0,1313.2,13729,117318
01/16/2013,16:00,1314.4,1314.4,1308.2,1311.1,10855,117704
01/17/2013,16:00,1310.6,1322.6,1308.0,1320.0,13349,117603
01/18/2013,16:00,1319.8,1323.8,1317.4,1322.8,11055,116843
01/22/2013,16:00,1325.0,1332.9,1320.4,1331.8,12673,118395
01/23/2013,16:00,1332.8,1333.5,1329.3,1333.3,11554,116953
01/24/2013,16:00,1329.2,1340.9,1327.4,1338.0,16116,118143
01/25/2013,16:00,1335.9,1347.9,1335.1,1346.2,17114,118404
01/28/2013,16:00,1346.1,1349.2,1340.3,1346.2,14615,120059
01/29/2013,16:00,1344.7,1348.2,1340.6,1348.0,12711,122390
01/30/2013,16:00,1347.4,1348.2,1336.5,1337.4,13752,122678
01/31/2013,16:00,1337.7,1345.3,1335.3,1342.9,18844,124084
02/01/2013,16:00,1342.9,1353.7,1340.8,1349.6,17882,120971
02/04/2013,16:00,1349.7,1350.5,1338.3,1343.7,19649,121437
02/05/2013,16:00,1342.9,1351.3,1342.9,1347.6,17527,121093
02/06/2013,16:00,1347.8,1354.9,1343.6,1354.3,21118,122834
02/07/2013,16:00,1354.7,1356.2,1345.1,1352.3,15426,120988
02/08/2013,16:00,1351.6,1359.5,1351.1,1358.6,11979,121664
02/11/2013,16:00,1359.5,1360.2,1354.3,1356.6,11580,120771
02/12/2013,16:00,1355.8,1363.0,1353.9,1362.0,11806,121890
02/13/2013,16:00,1362.8,1366.3,1359.9,1365.1,14386,122713
02/14/2013,16:00,1364.3,1368.8,1360.3,1367.3,11179,123059
02/15/2013,16:00,1367.3,1370.1,1363.6,1366.5,13670,122499
02/19/2013,16:00,1365.0,1375.0,1363.6,1374.1,16984,123076
02/20/2013,16:00,1375.0,1375.6,1353.6,1353.9,16062,122434
02/21/2013,16:00,1354.2,1356.0,1338.7,1345.3,24132,123193
02/22/2013,16:00,1346.2,1355.7,1345.5,1354.7,15864,123023
02/25/2013,16:00,1354.8,1360.7,1330.1,1332.9,27591,121447
02/26/2013,16:00,1332.2,1340.6,1328.9,1336.0,25216,122060
02/27/2013,16:00,1336.3,1357.9,1334.3,1354.5,21098,122098
02/28/2013,16:00,1354.5,1360.9,1348.1,1353.4,20085,118696
03/01/2013,16:00,1350.8,1352.0,1336.1,1348.4,34857,116238
03/04/2013,16:00,1347.2,1353.7,1342.2,1353.3,19084,115390
03/05/2013,16:00,1353.2,1368.9,1352.8,1366.0,25895,108894
03/06/2013,16:00,1366.9,1373.1,1366.0,1367.5,26522,101675
03/07/2013,16:00,1368.4,1375.0,1366.9,1374.2,22778,41868
03/08/2013,16:00,1374.8,1386.4,1371.8,1380.8,35552,63510
03/11/2013,16:00,1381.7,1384.3,1377.5,1383.5,37980,92307
03/12/2013,16:00,1383.0,1384.9,1378.2,1383.7,29043,106973
03/13/2013,16:00,1384.2,1388.1,1380.7,1387.6,22742,113181
03/14/2013,16:00,1387.7,1395.8,1386.0,1393.9,12094,114817
03/15/2013,16:00,1394.3,1395.7,1388.9,1393.4,14359,114897
03/18/2013,16:00,1387.5,1394.0,1376.0,1389.2,20174,114598
03/19/2013,16:00,1389.9,1393.2,1376.4,1385.4,18652,114582
03/20/2013,16:00,1384.0,1398.3,1381.6,1392.5,13832,114683
03/21/2013,16:00,1392.8,1396.1,1383.6,1387.6,15153,114797
03/22/2013,16:00,1386.6,1392.7,1384.3,1391.8,10912,115533
03/25/2013,16:00,1391.6,1398.6,1382.8,1389.6,18981,116506
03/26/2013,16:00,1391.6,1396.8,1388.9,1395.0,14545,117713
03/27/2013,16:00,1394.8,1398.9,1384.5,1397.6,17577,120873
03/28/2013,16:00,1397.2,1406.6,1393.3,1404.7,13303,120873
03/29/2013,16:00,1404.7,1404.7,1404.7,1404.7,13303,121834
04/01/2013,16:00,1403.6,1405.9,1389.4,1392.3,15228,120781
04/02/2013,16:00,1392.5,1400.3,1385.6,1389.7,16901,119885
04/03/2013,16:00,1390.5,1394.4,1367.3,1370.6,24063,118210
04/04/2013,16:00,1371.0,1377.6,1369.3,1375.9,17764,116546
04/05/2013,16:00,1375.1,1376.3,1358.1,1374.6,17380,115496
04/08/2013,16:00,1374.0,1387.8,1370.9,1385.9,14494,114290
04/09/2013,16:00,1386.7,1389.1,1378.9,1384.1,15262,113074
04/10/2013,16:00,1383.9,1401.4,1382.5,1400.4,18559,113564
04/11/2013,16:00,1400.2,1409.0,1398.9,1405.4,13779,113946
04/12/2013,16:00,1406.0,1406.9,1393.8,1399.5,14928,113607
04/15/2013,16:00,1399.0,1400.3,1355.8,1359.0,32456,111269
04/16/2013,16:00,1361.8,1382.5,1361.8,1380.7,26472,112331
04/17/2013,16:00,1380.7,1380.7,1355.0,1363.3,30822,110173
04/18/2013,16:00,1362.7,1369.7,1351.6,1353.6,24983,109404
04/19/2013,16:00,1357.6,1374.1,1357.4,1369.4,22024,109293
04/22/2013,16:00,1370.2,1378.9,1360.0,1374.8,16803,108549
04/23/2013,16:00,1374.6,1389.5,1369.6,1387.5,22020,109004
04/24/2013,16:00,1387.2,1393.2,1385.8,1391.0,18176,108890
04/25/2013,16:00,1390.1,1403.4,1389.8,1399.5,16281,108992
04/26/2013,16:00,1399.7,1400.3,1388.7,1392.2,18031,111653
04/29/2013,16:00,1392.4,1403.7,1390.2,1400.7,17482,111739
04/30/2013,16:00,1402.0,1412.9,1398.0,1411.4,20489,114987
05/01/2013,16:00,1412.2,1412.3,1388.9,1389.6,28077,111337
05/02/2013,16:00,1390.5,1403.0,1390.5,1401.6,16182,110687
05/03/2013,16:00,1401.7,1422.6,1399.5,1415.1,21821,109000
05/06/2013,16:00,1415.0,1423.5,1414.4,1422.5,15041,108077
05/07/2013,16:00,1421.0,1433.3,1420.2,1431.8,21793,112137
05/08/2013,16:00,1431.6,1439.5,1428.7,1438.9,11501,112707
05/09/2013,16:00,1438.8,1440.1,1432.1,1435.7,14086,112417
05/10/2013,16:00,1436.9,1442.4,1433.9,1441.6,13405,112745
05/13/2013,16:00,1440.0,1442.6,1435.4,1440.2,10958,111974
05/14/2013,16:00,1440.7,1453.4,1437.0,1452.5,14377,112372
05/15/2013,16:00,1451.5,1460.2,1449.0,1457.9,15944,111617
05/16/2013,16:00,1457.7,1461.7,1450.1,1452.3,14410,112478
05/17/2013,16:00,1453.5,1464.7,1453.0,1462.9,14834,112077
05/20/2013,16:00,1461.9,1468.9,1458.9,1464.4,13147,111498
05/21/2013,16:00,1464.4,1470.4,1461.4,1465.9,13306,112710
05/22/2013,16:00,1466.3,1476.9,1440.6,1446.2,36401,109906
05/23/2013,16:00,1448.6,1449.1,1428.9,1446.0,23194,111053
05/24/2013,16:00,1447.1,1448.7,1429.6,1441.7,15331,110097
05/28/2013,16:00,1443.4,1460.7,1437.2,1446.1,20450,109057
05/29/2013,16:00,1444.9,1447.1,1429.5,1440.5,19863,110420
05/30/2013,16:00,1440.6,1451.1,1436.3,1447.7,16969,112001
05/31/2013,16:00,1446.7,1454.3,1433.5,1437.1,32514,113135
06/03/2013,16:00,1435.5,1441.8,1422.1,1431.3,38341,109947
06/04/2013,16:00,1431.9,1440.6,1418.8,1425.8,22099,108816
06/05/2013,16:00,1425.5,1426.2,1407.7,1410.2,24882,108728
06/06/2013,16:00,1410.6,1425.7,1406.4,1425.2,21437,108356
06/07/2013,16:00,1424.6,1435.6,1419.9,1430.7,21288,106910
06/10/2013,16:00,1429.5,1439.5,1427.4,1434.7,17903,107406
06/11/2013,16:00,1434.7,1434.7,1414.2,1420.8,23675,106397
06/12/2013,16:00,1421.1,1429.4,1405.8,1406.1,44618,88307
06/13/2013,16:00,1404.5,1432.5,1398.1,1430.6,26680,44379
06/14/2013,16:00,1430.5,1435.0,1422.7,1424.8,31014,60023
06/17/2013,16:00,1425.4,1438.3,1425.4,1433.8,35891,78704
06/18/2013,16:00,1435.1,1445.0,1433.0,1441.5,30271,93801
06/19/2013,16:00,1442.3,1444.4,1422.2,1424.1,30496,101619
06/20/2013,16:00,1422.7,1423.2,1390.2,1392.0,44143,101691
06/21/2013,16:00,1394.2,1398.4,1379.3,1388.5,37270,101199
06/24/2013,16:00,1388.5,1388.5,1366.6,1378.7,37170,101232
06/25/2013,16:00,1379.3,1394.4,1373.0,1391.9,22603,100649
06/26/2013,16:00,1390.8,1404.6,1385.7,1400.2,17949,100112
06/27/2013,16:00,1399.7,1419.6,1398.7,1417.3,18060,101386
06/28/2013,16:00,1416.4,1422.9,1407.2,1414.4,32303,101181
07/01/2013,16:00,1414.3,1433.8,1409.7,1426.2,24743,104020
07/02/2013,16:00,1425.8,1435.8,1419.0,1424.4,22624,105516
07/03/2013,16:00,1425.0,1428.9,1415.8,1427.1,13139,107352
07/05/2013,16:00,1425.8,1443.5,1423.4,1440.6,21229,107957
07/08/2013,16:00,1441.3,1448.8,1440.3,1442.3,15842,108427
07/09/2013,16:00,1442.8,1457.9,1442.4,1456.4,16334,110225
07/10/2013,16:00,1457.2,1462.5,1450.0,1455.6,17850,110392
07/11/2013,16:00,1462.3,1472.7,1462.3,1471.6,18397,111467
07/12/2013,16:00,1469.5,1476.6,1468.3,1474.0,13779,112901
07/15/2013,16:00,1473.5,1481.7,1473.5,1480.7,12223,115265
07/16/2013,16:00,1480.9,1482.3,1469.4,1472.2,15515,115190
07/17/2013,16:00,1472.5,1480.1,1468.4,1477.8,15505,116571
07/18/2013,16:00,1478.3,1488.9,1474.8,1485.6,15319,118265
07/19/2013,16:00,1484.1,1490.5,1481.4,1489.7,14942,118351
07/22/2013,16:00,1491.1,1495.2,1487.8,1493.9,14111,118307
07/23/2013,16:00,1495.1,1498.8,1490.7,1494.8,12654,120288
07/24/2013,16:00,1494.3,1500.6,1482.1,1485.4,16527,120584
07/25/2013,16:00,1486.5,1490.4,1476.7,1487.5,13924,120990
07/26/2013,16:00,1488.3,1490.7,1476.1,1482.1,18090,120007
07/29/2013,16:00,1482.6,1486.3,1473.8,1479.1,15280,121006
07/30/2013,16:00,1479.8,1485.3,1477.7,1484.6,13653,121463
07/31/2013,16:00,1484.2,1495.5,1483.1,1486.0,28127,126228
08/01/2013,16:00,1488.1,1516.3,1487.2,1511.2,36179,124050
08/02/2013,16:00,1511.5,1513.8,1503.4,1507.6,20418,122458
08/05/2013,16:00,1506.6,1509.5,1503.3,1507.7,10054,122807
08/06/2013,16:00,1505.2,1508.1,1491.8,1495.8,14227,121886
08/07/2013,16:00,1494.9,1495.6,1482.5,1486.1,16076,122719
08/08/2013,16:00,1486.4,1494.4,1485.1,1491.1,15587,122679
08/09/2013,16:00,1491.6,1496.4,1485.6,1491.4,15058,121679
08/12/2013,16:00,1491.4,1497.5,1480.9,1495.9,17270,122406
08/13/2013,16:00,1496.1,1501.5,1485.3,1493.4,15566,122050
08/14/2013,16:00,1493.6,1494.1,1484.9,1485.2,16448,122732
08/15/2013,16:00,1485.3,1485.3,1461.7,1463.2,19717,121787
08/16/2013,16:00,1462.7,1468.5,1457.6,1459.0,17111,120402
08/19/2013,16:00,1459.2,1463.3,1452.1,1453.3,14243,120676
08/20/2013,16:00,1453.1,1470.0,1449.3,1466.9,15516,119957
08/21/2013,16:00,1465.8,1469.5,1452.7,1454.2,18183,118532
08/22/2013,16:00,1453.4,1474.7,1450.2,1471.2,14182,118432
08/23/2013,16:00,1470.7,1475.3,1463.6,1473.1,13472,116259
08/26/2013,16:00,1473.1,1479.7,1469.6,1473.7,17417,118652
08/27/2013,16:00,1473.7,1474.0,1447.2,1448.7,23082,116701
08/28/2013,16:00,1448.8,1456.4,1445.7,1450.3,15508,116893
08/29/2013,16:00,1448.9,1462.5,1446.3,1455.9,18509,115411
08/30/2013,16:00,1457.8,1461.8,1436.8,1439.4,36865,105818
09/03/2013,16:00,1454.6,1457.7,1425.6,1438.6,43531,102815
09/04/2013,16:00,1437.8,1451.4,1433.3,1450.2,17306,103244
09/05/2013,16:00,1451.6,1457.1,1448.7,1451.9,16124,101522
09/06/2013,16:00,1451.5,1462.2,1441.0,1453.7,23787,101791
09/09/2013,16:00,1456.1,1473.5,1455.3,1472.1,17333,101147
09/10/2013,16:00,1472.5,1486.3,1472.1,1484.7,19830,101421
09/11/2013,16:00,1484.5,1489.7,1479.4,1487.8,22890,97297
09/12/2013,16:00,1487.2,1489.6,1481.1,1485.7,27432,35845
09/13/2013,16:00,1486.5,1487.6,1479.8,1485.9,38127,60701
09/16/2013,16:00,1493.6,1504.0,1490.3,1491.4,42814,84179
09/17/2013,16:00,1490.4,1503.8,1488.8,1503.0,27903,100500
09/18/2013,16:00,1503.1,1516.2,1492.8,1514.1,19920,103030
09/19/2013,16:00,1514.6,1520.5,1509.6,1513.9,17475,107332
09/20/2013,16:00,1513.1,1514.8,1500.3,1501.2,26594,108037
09/23/2013,16:00,1505.1,1506.4,1490.3,1495.2,19068,106757
09/24/2013,16:00,1496.0,1505.6,1491.6,1498.7,17258,106283
09/25/2013,16:00,1498.1,1505.7,1493.6,1498.2,17170,105723
09/26/2013,16:00,1499.2,1508.9,1498.4,1506.4,18187,107725
09/27/2013,16:00,1506.8,1507.8,1496.9,1501.8,17710,108143
09/30/2013,16:00,1494.9,1504.5,1487.2,1500.2,33657,112703
10/01/2013,16:00,1501.2,1523.0,1498.7,1519.9,47310,110227
10/02/2013,16:00,1520.8,1521.8,1505.1,1511.9,22563,108729
10/03/2013,16:00,1510.8,1513.8,1495.4,1503.2,31458,108552
10/04/2013,16:00,1501.2,1514.8,1501.2,1513.0,16361,107954
10/07/2013,16:00,1507.1,1507.8,1497.1,1498.0,17039,106958
10/08/2013,16:00,1498.3,1501.6,1480.9,1483.5,30716,107215
10/09/2013,16:00,1482.3,1488.8,1472.7,1478.6,27930,105945
10/10/2013,16:00,1478.9,1507.4,1478.9,1506.0,26544,105588
10/11/2013,16:00,1502.9,1520.1,1496.3,1519.7,18985,106552
10/14/2013,16:00,1510.7,1524.5,1506.3,1522.8,18780,107806
10/15/2013,16:00,1523.6,1526.3,1507.3,1510.8,20569,108386
10/16/2013,16:00,1513.7,1526.8,1511.5,1525.7,14804,108432
10/17/2013,16:00,1522.9,1537.4,1518.3,1536.3,14870,108402
10/18/2013,16:00,1535.7,1548.2,1535.7,1546.7,17259,109756
10/21/2013,16:00,1547.7,1550.6,1544.2,1546.4,13992,108206
10/22/2013,16:00,1546.4,1559.8,1545.3,1553.5,21790,107582
10/23/2013,16:00,1553.1,1553.1,1539.3,1546.8,16536,106503
10/24/2013,16:00,1547.0,1553.8,1543.5,1548.9,16024,104642
10/25/2013,16:00,1548.2,1552.5,1544.3,1552.0,14366,106361
10/28/2013,16:00,1551.4,1558.0,1545.9,1551.9,13310,107733
10/29/2013,16:00,1550.5,1558.5,1548.6,1557.2,15817,111252
10/30/2013,16:00,1556.3,1562.1,1543.9,1550.3,17523,110912
10/31/2013,16:00,1547.7,1556.4,1542.1,1546.0,23912,109385
11/01/2013,16:00,1548.3,1553.0,1537.8,1545.8,30140,109912
11/04/2013,16:00,1545.6,1558.4,1545.1,1556.9,12201,110075
11/05/2013,16:00,1555.9,1557.8,1544.2,1547.2,15086,110463
11/06/2013,16:00,1548.0,1557.4,1544.9,1548.2,13001,109143
11/07/2013,16:00,1545.5,1555.6,1524.1,1525.7,26275,108024
11/08/2013,16:00,1526.0,1544.3,1520.4,1543.1,24760,108128
11/11/2013,16:00,1544.3,1549.9,1539.9,1549.0,11827,107719
11/12/2013,16:00,1548.2,1549.2,1539.9,1547.7,16284,108110
11/13/2013,16:00,1547.5,1561.9,1538.0,1559.4,17637,109794
11/14/2013,16:00,1560.5,1566.4,1556.8,1565.7,15571,108977
11/15/2013,16:00,1564.5,1569.8,1563.5,1567.9,11259,107891
11/18/2013,16:00,1568.4,1573.5,1557.0,1559.5,17410,108205
11/19/2013,16:00,1560.6,1561.8,1547.5,1551.2,20489,108053
11/20/2013,16:00,1552.1,1558.8,1543.5,1548.1,23106,108390
11/21/2013,16:00,1547.6,1564.9,1545.5,1563.8,16333,109770
11/22/2013,16:00,1563.7,1567.9,1560.8,1566.0,13684,111137
11/25/2013,16:00,1567.1,1570.9,1561.5,1565.3,14151,112127
11/26/2013,16:00,1566.3,1568.0,1560.7,1564.8,15087,114232
11/27/2013,16:00,1563.8,1568.5,1562.4,1567.0,11525,115003
11/29/2013,16:00,1570.5,1571.7,1561.3,1562.7,12802,114188
12/02/2013,16:00,1563.5,1574.3,1554.5,1562.7,33340,108892
12/03/2013,16:00,1563.6,1565.0,1552.5,1556.5,16300,108544
12/04/2013,16:00,1556.4,1562.9,1544.8,1557.3,22703,107596
12/05/2013,16:00,1558.0,1559.2,1550.1,1558.1,20343,107082
12/06/2013,16:00,1557.8,1573.7,1557.8,1567.8,19081,107744
12/09/2013,16:00,1568.4,1575.6,1566.8,1570.6,16791,106178
12/10/2013,16:00,1571.5,1576.2,1565.2,1567.4,19325,101006
12/11/2013,16:00,1567.8,1570.6,1542.5,1544.3,40387,87466
12/12/2013,16:00,1545.3,1548.7,1540.3,1544.5,24943,41148
12/13/2013,16:00,1544.9,1553.7,1538.8,1547.9,36242,57818
12/16/2013,16:00,1547.9,1561.6,1538.3,1559.3,39683,82595
12/17/2013,16:00,1558.6,1561.3,1551.0,1558.1,28256,95178
12/18/2013,16:00,1558.2,1577.0,1547.1,1576.5,32408,100639
12/19/2013,16:00,1576.0,1577.5,1562.2,1563.9,29352,99565
12/20/2013,16:00,1564.7,1579.7,1562.7,1578.4,16561,100141
12/23/2013,16:00,1579.8,1590.2,1579.5,1589.5,11288,100009
12/24/2013,16:00,1588.9,1597.7,1587.5,1597.4,5751,100800
12/26/2013,16:00,1596.9,1602.4,1594.7,1597.0,7845,100536
12/27/2013,16:00,1595.8,1601.0,1594.3,1596.2,8788,100874
12/30/2013,16:00,1595.8,1601.2,1595.0,1598.2,10681,101048
12/31/2013,16:00,1598.8,1605.7,1598.1,1601.7,11271,100412
01/02/2014,16:00,1599.0,1600.4,1583.9,1589.4,20434,100149
01/03/2014,16:00,1589.7,1596.8,1585.2,1593.8,13365,101339
01/06/2014,16:00,1593.0,1600.0,1584.3,1585.5,17064,101196
01/07/2014,16:00,1585.4,1599.8,1585.3,1594.6,15082,101080
01/08/2014,16:00,1594.6,1600.9,1589.5,1599.4,15325,101617
01/09/2014,16:00,1599.0,1604.9,1592.2,1599.5,14141,102682
01/10/2014,16:00,1599.1,1609.6,1596.6,1609.1,15352,104628
01/13/2014,16:00,1608.6,1609.9,1586.0,1591.1,19259,103569
01/14/2014,16:00,1592.6,1607.4,1589.2,1605.3,15527,104261
01/15/2014,16:00,1605.0,1615.1,1604.6,1614.2,10871,104332
01/16/2014,16:00,1613.3,1615.6,1608.6,1609.2,10535,104892
01/17/2014,16:00,1609.3,1614.1,1606.4,1608.9,9694,104734
01/21/2014,16:00,1609.8,1618.4,1605.5,1613.2,13441,105473
01/22/2014,16:00,1613.1,1620.6,1610.3,1619.3,10998,106089
01/23/2014,16:00,1620.6,1621.6,1601.7,1609.6,20995,105085
01/24/2014,16:00,1610.4,1612.2,1569.1,1570.7,27426,106101
01/27/2014,16:00,1570.7,1579.6,1554.2,1562.9,27577,105802
01/28/2014,16:00,1560.5,1581.4,1560.5,1575.5,19213,104190
01/29/2014,16:00,1581.7,1583.6,1558.3,1560.6,26856,103140
01/30/2014,16:00,1560.1,1581.7,1558.1,1572.2,20265,102280
01/31/2014,16:00,1573.4,1581.7,1555.9,1572.6,26117,102110
02/03/2014,16:00,1575.7,1577.6,1520.9,1521.3,61387,103095
02/04/2014,16:00,1525.7,1542.3,1522.8,1536.2,31091,99866
02/05/2014,16:00,1537.7,1540.4,1522.7,1534.5,21484,98861
02/06/2014,16:00,1537.2,1555.2,1535.9,1551.7,17255,96644
02/07/2014,16:00,1552.3,1568.8,1543.7,1567.9,17262,93096
02/10/2014,16:00,1567.0,1572.0,1561.6,1570.5,10646,93058
02/11/2014,16:00,1571.8,1587.5,1570.4,1584.1,16645,92531
02/12/2014,16:00,1582.8,1596.0,1582.8,1593.0,15029,92599
02/13/2014,16:00,1591.1,1604.1,1581.6,1601.4,16075,93377
02/14/2014,16:00,1600.8,1608.1,1594.3,1606.9,12414,93309
02/18/2014,16:00,1607.5,1616.9,1604.6,1615.7,13494,94228
02/19/2014,16:00,1614.7,1620.4,1605.1,1605.9,17277,94551
02/20/2014,16:00,1607.0,1617.5,1600.0,1616.2,13743,95126
02/21/2014,16:00,1615.1,1622.2,1613.8,1617.3,12929,94661
02/24/2014,16:00,1618.3,1633.2,1613.4,1623.5,15210,94818
02/25/2014,16:00,1622.2,1628.5,1617.2,1624.2,15719,95950
02/26/2014,16:00,1625.0,1635.1,1621.1,1627.1,14239,97114
02/27/2014,16:00,1628.8,1635.5,1620.4,1634.5,13714,97700
02/28/2014,16:00,1633.6,1644.6,1629.5,1636.5,24932,94818
03/03/2014,16:00,1629.4,1633.3,1617.9,1628.3,23587,94923
03/04/2014,16:00,1628.6,1653.2,1627.3,1651.2,23155,95586
03/05/2014,16:00,1649.3,1653.6,1644.4,1646.5,14821,95100
03/06/2014,16:00,1647.2,1652.8,1645.4,1648.8,14008,96182
03/07/2014,16:00,1651.2,1658.1,1644.0,1652.1,16426,96260
03/10/2014,16:00,1649.0,1651.9,1637.9,1645.4,13712,95366
03/11/2014,16:00,1644.2,1649.8,1630.6,1632.8,15933,94688
03/12/2014,16:00,1632.7,1638.2,1623.9,1636.5,21829,91927
03/13/2014,16:00,1637.9,1642.1,1617.4,1621.5,35123,37604
03/14/2014,16:00,1622.6,1632.0,1615.8,1625.3,33794,55577
03/17/2014,16:00,1626.1,1643.4,1618.5,1634.6,39139,80183
03/18/2014,16:00,1635.2,1651.4,1630.4,1647.8,26974,91306
03/19/2014,16:00,1647.5,1651.2,1632.6,1638.9,29629,94849
03/20/2014,16:00,1638.4,1645.0,1631.5,1644.1,16463,94856
03/21/2014,16:00,1642.8,1656.2,1640.1,1641.5,21883,92466
03/24/2014,16:00,1640.4,1651.1,1622.7,1629.8,22960,93097
03/25/2014,16:00,1630.8,1643.9,1626.5,1634.8,18000,93444
03/26/2014,16:00,1634.9,1643.2,1614.1,1615.8,18929,94653
03/27/2014,16:00,1618.1,1620.5,1607.9,1612.2,21705,94941
03/28/2014,16:00,1614.5,1630.7,1613.7,1620.3,19744,93549
03/31/2014,16:00,1621.4,1642.4,1621.4,1640.3,20582,93554
04/01/2014,16:00,1638.2,1654.0,1637.6,1653.5,17152,92271
04/02/2014,16:00,1653.1,1658.4,1650.8,1657.1,13462,92028
04/03/2014,16:00,1656.9,1659.8,1646.1,1652.7,10212,91655
04/04/2014,16:00,1654.4,1662.0,1625.4,1629.2,27853,91682
04/07/2014,16:00,1630.3,1630.4,1600.7,1605.8,21286,92118
04/08/2014,16:00,1607.4,1616.6,1598.2,1612.4,19843,90796
04/09/2014,16:00,1613.0,1628.2,1611.7,1625.9,18096,90395
04/10/2014,16:00,1626.8,1628.1,1593.3,1596.8,24425,93158
04/11/2014,16:00,1599.7,1600.2,1577.5,1581.2,24344,90265
04/14/2014,16:00,1576.3,1594.6,1574.9,1586.4,20194,90667
04/15/2014,16:00,1587.6,1601.1,1572.4,1598.4,24691,90302
04/16/2014,16:00,1601.1,1611.0,1598.8,1608.3,18975,89703
04/17/2014,16:00,1606.2,1617.1,1603.6,1612.8,14021,88053
04/21/2014,16:00,1611.4,1618.7,1609.5,1617.3,9523,87878
04/22/2014,16:00,1617.2,1631.1,1614.4,1628.1,13176,87703
04/23/2014,16:00,1627.3,1632.8,1623.6,1627.5,13066,87461
04/24/2014,16:00,1632.3,1634.2,1614.6,1625.8,17158,88221
04/25/2014,16:00,1623.9,1626.1,1607.3,1610.6,15863,88748
04/28/2014,16:00,1613.2,1619.5,1589.5,1607.7,24302,89419
04/29/2014,16:00,1608.2,1615.3,1606.3,1610.6,18232,87449
04/30/2014,16:00,1610.1,1620.2,1603.2,1618.5,19261,87242
05/01/2014,16:00,1619.5,1629.0,1612.3,1620.0,18554,87705
05/02/2014,16:00,1620.8,1634.7,1618.3,1622.9,17721,87965
05/05/2014,16:00,1623.6,1627.9,1608.3,1621.8,17061,88377
05/06/2014,16:00,1622.9,1626.1,1612.1,1615.1,15452,88262
05/07/2014,16:00,1615.0,1622.7,1601.0,1621.3,21924,89268
05/08/2014,16:00,1620.8,1633.5,1610.4,1613.9,21413,90659
05/09/2014,16:00,1611.4,1618.7,1604.5,1617.0,15576,90491
05/12/2014,16:00,1618.5,1639.6,1618.0,1637.5,17457,91859
05/13/2014,16:00,1638.0,1642.5,1630.3,1630.8,12724,91602
05/14/2014,16:00,1630.8,1633.1,1618.4,1620.4,16756,89882
05/15/2014,16:00,1622.1,1623.0,1593.7,1609.4,23468,90662
05/16/2014,16:00,1609.4,1616.9,1602.0,1615.4,13050,91018
05/19/2014,16:00,1617.0,1628.2,1609.1,1624.3,12737,91214
05/20/2014,16:00,1622.4,1625.2,1603.0,1606.5,19672,92012
05/21/2014,16:00,1608.0,1619.9,1606.2,1616.9,14926,91378
05/22/2014,16:00,1616.4,1629.3,1615.1,1623.7,12763,90292
05/23/2014,16:00,1623.5,1634.4,1622.7,1632.8,8921,90685
05/27/2014,16:00,1639.0,1645.8,1632.9,1643.0,11677,90296
05/28/2014,16:00,1642.8,1647.1,1632.9,1638.9,14286,90039
05/29/2014,16:00,1638.4,1645.6,1636.2,1645.2,12835,90754
05/30/2014,16:00,1643.7,1647.0,1638.7,1642.2,14956,91375
06/02/2014,16:00,1641.1,1647.3,1633.8,1646.3,14207,91701
06/03/2014,16:00,1646.1,1649.2,1640.5,1646.6,12096,91599
06/04/2014,16:00,1646.5,1653.5,1641.1,1653.0,11044,91926
06/05/2014,16:00,1652.9,1668.3,1648.4,1667.3,15985,91574
06/06/2014,16:00,1667.1,1678.2,1667.0,1676.4,12945,90658
06/09/2014,16:00,1676.7,1685.1,1672.9,1680.5,13251,90434
06/10/2014,16:00,1679.3,1679.4,1671.5,1677.1,12865,87940
06/11/2014,16:00,1676.5,1676.5,1665.5,1671.4,19559,80887
06/12/2014,16:00,1671.0,1673.0,1661.0,1664.2,23747,30802
06/13/2014,16:00,1665.2,1671.0,1659.5,1667.2,30204,50790
06/16/2014,16:00,1666.5,1672.3,1660.8,1667.5,36125,66833
06/17/2014,16:00,1668.1,1686.3,1664.3,1677.6,33869,80875
06/18/2014,16:00,1677.2,1687.6,1673.5,1686.9,20989,83269
06/19/2014,16:00,1686.5,1689.3,1681.0,1685.6,14786,82686
06/20/2014,16:00,1684.1,1691.4,1683.9,1690.1,14292,82304
06/23/2014,16:00,1690.2,1695.1,1686.6,1689.0,10223,82685
06/24/2014,16:00,1687.2,1697.5,1677.7,1679.5,21313,83221
06/25/2014,16:00,1679.9,1688.2,1672.9,1685.9,18305,85503
06/26/2014,16:00,1685.9,1687.9,1674.5,1683.9,16687,85596
06/27/2014,16:00,1683.6,1693.8,1678.5,1691.4,13843,86996
06/30/2014,16:00,1691.4,1701.9,1687.5,1698.1,18919,89620
07/01/2014,16:00,1701.2,1718.2,1701.2,1708.7,25091,87547
07/02/2014,16:00,1709.2,1712.1,1700.5,1701.9,12940,86613
07/03/2014,16:00,1703.3,1711.4,1700.4,1711.2,7023,87107
07/07/2014,16:00,1711.5,1711.5,1694.8,1697.7,13929,87283
07/08/2014,16:00,1697.9,1698.2,1679.2,1686.9,19245,89742
07/09/2014,16:00,1687.2,1690.8,1683.8,1689.9,13858,89964
07/10/2014,16:00,1690.0,1690.2,1665.2,1679.0,17907,90362
07/11/2014,16:00,1679.0,1683.2,1672.6,1678.2,13047,91170
07/14/2014,16:00,1679.5,1688.1,1678.1,1681.7,10446,91100
07/15/2014,16:00,1681.7,1688.2,1670.2,1679.5,15469,91397
07/16/2014,16:00,1679.8,1687.4,1670.6,1677.8,22321,91124
07/17/2014,16:00,1675.9,1679.3,1656.7,1662.2,21909,91296
07/18/2014,16:00,1658.1,1679.3,1653.2,1676.9,16946,91179
07/21/2014,16:00,1676.0,1676.7,1667.0,1673.5,14265,90803
07/22/2014,16:00,1672.8,1685.6,1672.5,1678.3,12822,90940
07/23/2014,16:00,1678.2,1682.8,1674.5,1678.1,10181,90871
07/24/2014,16:00,1678.4,1686.2,1675.1,1678.8,12805,90683
07/25/2014,16:00,1676.8,1679.0,1669.3,1670.5,14180,90006
07/28/2014,16:00,1670.8,1673.9,1660.0,1669.0,12582,90098
07/29/2014,16:00,1668.7,1676.6,1660.6,1662.5,13633,89532
07/30/2014,16:00,1663.4,1671.7,1659.6,1666.4,15276,89182
07/31/2014,16:00,1665.8,1666.1,1633.5,1636.6,27434,91406
08/01/2014,16:00,1637.3,1641.9,1621.5,1633.6,30894,89639
08/04/2014,16:00,1633.6,1642.7,1624.5,1640.2,19756,91014
08/05/2014,16:00,1639.6,1644.8,1627.7,1634.2,18390,91514
08/06/2014,16:00,1636.6,1642.7,1624.8,1635.2,17573,91645
08/07/2014,16:00,1635.0,1644.7,1627.5,1630.3,14932,92320
08/08/2014,16:00,1630.3,1646.1,1618.2,1643.1,14679,91619
08/11/2014,16:00,1643.1,1659.7,1640.9,1650.2,15009,91101
08/12/2014,16:00,1650.8,1656.4,1640.3,1646.7,16298,89893
08/13/2014,16:00,1648.3,1660.7,1647.9,1659.3,11142,89131
08/14/2014,16:00,1658.9,1667.1,1657.1,1666.5,9806,89154
08/15/2014,16:00,1665.6,1671.9,1652.3,1663.9,17285,89729
08/18/2014,16:00,1666.1,1680.5,1666.1,1678.1,12901,90257
08/19/2014,16:00,1679.6,1688.7,1679.0,1687.6,10476,90287
08/20/2014,16:00,1688.6,1693.2,1683.0,1691.3,11660,90602
08/21/2014,16:00,1690.7,1695.8,1686.1,1694.8,9765,91206
08/22/2014,16:00,1694.2,1697.1,1687.9,1694.9,10040,89349
08/25/2014,16:00,1693.3,1703.1,1693.3,1698.1,8037,89504
08/26/2014,16:00,1698.2,1705.5,1696.6,1704.0,8438,89994
08/27/2014,16:00,1704.4,1705.8,1698.7,1701.3,6302,90026
08/28/2014,16:00,1701.1,1701.7,1691.1,1700.2,9085,90599
08/29/2014,16:00,1701.2,1707.1,1696.7,1705.9,11062,89864
09/02/2014,16:00,1707.1,1716.1,1703.3,1708.8,19361,89605
09/03/2014,16:00,1708.5,1719.6,1704.9,1706.0,13717,89140
09/04/2014,16:00,1706.3,1714.6,1699.1,1703.1,13346,89552
09/05/2014,16:00,1703.6,1710.1,1696.4,1708.3,14747,89706
09/08/2014,16:00,1709.0,1711.2,1700.4,1707.5,15188,89827
09/09/2014,16:00,1707.0,1710.4,1693.9,1697.5,25358,90122
09/10/2014,16:00,1696.4,1700.1,1688.9,1697.3,25045,84497
09/11/2014,16:00,1697.6,1706.0,1688.9,1704.3,26681,33985
09/12/2014,16:00,1705.6,1705.9,1686.5,1690.7,38017,53476
09/15/2014,16:00,1687.5,1691.6,1680.5,1684.9,35200,71393
09/16/2014,16:00,1685.8,1695.9,1679.2,1691.6,44883,87660
09/17/2014,16:00,1691.7,1699.5,1686.1,1692.6,26232,89507
09/18/2014,16:00,1693.5,1700.1,1692.4,1695.9,13959,90247
09/19/2014,16:00,1696.7,1703.4,1683.6,1688.5,19101,91392
09/22/2014,16:00,1686.5,1686.8,1665.1,1668.3,23170,94673
09/23/2014,16:00,1665.8,1669.3,1651.3,1654.2,22523,95181
09/24/2014,16:00,1653.8,1664.7,1650.6,1661.9,21040,94758
09/25/2014,16:00,1661.6,1661.8,1638.8,1645.7,30154,97952
09/26/2014,16:00,1646.1,1655.3,1641.6,1653.4,18594,97006
09/29/2014,16:00,1653.1,1653.7,1637.3,1650.5,19522,97949
09/30/2014,16:00,1650.2,1656.0,1634.1,1638.2,24964,98913
10/01/2014,16:00,1634.8,1638.7,1616.0,1621.0,35180,97658
10/02/2014,16:00,1621.4,1627.5,1603.5,1622.6,27858,97894
10/03/2014,16:00,1622.5,1636.7,1622.5,1631.0,20014,96729
10/06/2014,16:00,1632.3,1639.2,1624.3,1627.6,22707,97435
10/07/2014,16:00,1625.9,1627.8,1606.6,1609.6,23440,99039
10/08/2014,16:00,1608.4,1628.1,1596.7,1626.6,28687,99705
10/09/2014,16:00,1627.6,1631.1,1591.9,1597.8,39609,103098
10/10/2014,16:00,1593.6,1600.5,1568.0,1569.7,39356,105353
10/13/2014,16:00,1567.8,1579.1,1552.8,1554.5,35075,106709
10/14/2014,16:00,1556.9,1582.1,1554.7,1568.8,32127,107731
10/15/2014,16:00,1572.4,1575.1,1535.5,1560.5,72282,115875
10/16/2014,16:00,1558.0,1582.5,1536.9,1577.2,45747,111114
10/17/2014,16:00,1579.6,1598.0,1576.8,1590.4,28490,110714
10/20/2014,16:00,1592.0,1607.2,1583.3,1604.6,19656,111129
10/21/2014,16:00,1607.0,1638.5,1593.0,1636.9,20919,108884
10/22/2014,16:00,1636.9,1642.0,1620.3,1623.3,19525,107891
10/23/2014,16:00,1623.3,1649.7,1621.3,1641.8,22301,106670
10/24/2014,16:00,1642.5,1648.6,1631.3,1647.3,14953,105731
10/27/2014,16:00,1649.2,1652.7,1633.1,1648.0,17744,105632
10/28/2014,16:00,1648.9,1671.9,1648.1,1671.0,20208,105348
10/29/2014,16:00,1667.9,1676.2,1656.4,1665.5,21051,105977
10/30/2014,16:00,1664.9,1674.7,1654.9,1672.1,15986,105488
10/31/2014,16:00,1671.9,1692.5,1671.2,1688.2,25911,98717
11/03/2014,16:00,1689.5,1697.7,1685.8,1688.5,20426,99275
11/04/2014,16:00,1688.5,1690.6,1678.8,1684.7,15400,98777
11/05/2014,16:00,1684.5,1695.1,1682.9,1690.8,13872,99291
11/06/2014,16:00,1690.3,1701.7,1685.9,1701.2,14481,98391
11/07/2014,16:00,1699.0,1703.3,1693.9,1699.2,12287,98053
11/10/2014,16:00,1699.3,1708.3,1696.4,1704.3,11473,97262
11/11/2014,16:00,1704.0,1708.2,1701.9,1705.6,9302,97205
11/12/2014,16:00,1705.1,1710.7,1697.7,1710.3,13966,98004
11/13/2014,16:00,1709.5,1716.2,1698.1,1701.4,14181,99007
11/14/2014,16:00,1700.8,1707.9,1699.0,1702.7,11713,96905
11/17/2014,16:00,1702.0,1703.6,1694.1,1701.9,11671,97468
11/18/2014,16:00,1701.8,1712.4,1699.3,1705.5,16582,98952
11/19/2014,16:00,1705.9,1705.9,1693.2,1702.8,15062,99721
11/20/2014,16:00,1703.2,1710.6,1693.4,1709.4,10440,100204
11/21/2014,16:00,1710.7,1727.5,1708.5,1716.3,15672,99279
11/24/2014,16:00,1716.3,1726.0,1715.4,1725.8,8712,99160
11/25/2014,16:00,1725.4,1731.1,1719.8,1726.3,9284,98791
11/26/2014,16:00,1726.3,1729.8,1722.9,1726.9,7672,98716
11/28/2014,16:00,1726.0,1729.6,1712.3,1713.6,10329,99196
12/01/2014,16:00,1711.8,1714.9,1695.0,1696.1,16315,99697
12/02/2014,16:00,1696.0,1708.1,1695.0,1704.1,12484,99491
12/03/2014,16:00,1704.5,1719.0,1702.1,1715.8,12107,98718
12/04/2014,16:00,1715.5,1718.1,1707.9,1714.6,14475,99270
12/05/2014,16:00,1714.8,1719.7,1712.1,1716.7,16599,97413
12/08/2014,16:00,1716.6,1723.4,1699.6,1705.5,16370,98030
12/09/2014,16:00,1707.7,1715.0,1689.5,1712.0,19970,96696
12/10/2014,16:00,1711.7,1712.8,1684.7,1687.6,23749,94880
12/11/2014,16:00,1685.1,1707.6,1685.1,1691.2,25884,28891
12/12/2014,16:00,1688.7,1691.2,1669.4,1670.1,37882,48468
12/15/2014,16:00,1670.1,1684.3,1658.8,1665.6,43654,67132
12/16/2014,16:00,1667.1,1680.6,1649.9,1660.6,49036,83231
12/17/2014,16:00,1663.0,1693.8,1660.3,1692.1,36408,84191
12/18/2014,16:00,1692.7,1721.7,1689.8,1718.9,25624,82255
12/19/2014,16:00,1719.5,1728.2,1713.7,1725.2,19551,83094
12/22/2014,16:00,1724.2,1732.9,1723.7,1728.9,17421,82679
12/23/2014,16:00,1729.0,1739.9,1729.0,1734.8,14662,80638
12/24/2014,16:00,1734.4,1739.5,1730.7,1738.3,6273,81427
12/26/2014,16:00,1739.8,1745.8,1737.8,1741.8,4801,81286
12/29/2014,16:00,1743.8,1752.4,1736.8,1749.9,13059,81113
12/30/2014,16:00,1751.1,1751.1,1740.1,1743.7,9764,81729
12/31/2014,16:00,1744.7,1749.3,1724.4,1725.0,17405,80430
01/02/2015,16:00,1727.6,1736.4,1713.1,1718.6,17998,80028
01/05/2015,16:00,1718.6,1722.2,1697.6,1702.0,17238,80519
01/06/2015,16:00,1704.4,1706.7,1677.0,1682.9,24339,82531
01/07/2015,16:00,1684.3,1704.4,1684.3,1702.5,18757,82832
01/08/2015,16:00,1703.7,1727.9,1703.2,1726.3,19862,84170
01/09/2015,16:00,1725.0,1731.0,1709.3,1712.8,15037,83134
01/12/2015,16:00,1712.9,1721.1,1698.4,1707.0,15575,82455
01/13/2015,16:00,1708.4,1731.1,1689.8,1702.7,28376,83235
01/14/2015,16:00,1703.3,1706.9,1682.5,1699.0,19959,83936
01/15/2015,16:00,1701.4,1714.6,1675.6,1683.4,21143,84546
01/16/2015,16:00,1677.7,1705.5,1669.0,1703.1,21772,84728
01/20/2015,16:00,1697.4,1710.9,1687.7,1699.8,19796,83777
01/21/2015,16:00,1700.6,1711.8,1692.4,1709.9,17683,83617
01/22/2015,16:00,1709.9,1738.2,1704.3,1736.8,24285,83845
01/23/2015,16:00,1736.8,1741.8,1726.1,1727.1,16962,82977
01/26/2015,16:00,1721.7,1748.0,1714.3,1746.9,20654,83276
01/27/2015,16:00,1747.4,1748.7,1723.5,1740.3,19043,82972
01/28/2015,16:00,1742.7,1750.6,1712.4,1712.9,22757,84689
01/29/2015,16:00,1715.8,1731.7,1707.2,1731.2,23816,85494
01/30/2015,16:00,1730.6,1730.7,1706.9,1707.8,29849,87770
02/02/2015,16:00,1707.9,1723.4,1691.8,1722.3,34102,87663
02/03/2015,16:00,1719.6,1748.3,1714.8,1748.1,23525,87177
02/04/2015,16:00,1746.8,1748.7,1732.7,1738.0,21221,86119
02/05/2015,16:00,1733.9,1757.0,1731.4,1754.0,19374,85646
02/06/2015,16:00,1754.0,1760.3,1745.3,1750.7,19642,84958
02/09/2015,16:00,1750.2,1752.6,1740.7,1744.6,18758,84628
02/10/2015,16:00,1746.4,1756.2,1738.6,1753.9,17770,84964
02/11/2015,16:00,1755.2,1766.3,1746.2,1756.7,15350,85382
02/12/2015,16:00,1760.7,1770.2,1751.4,1767.4,17121,86423
02/13/2015,16:00,1766.5,1778.4,1765.7,1777.8,15712,86330
02/17/2015,16:00,1776.5,1781.5,1770.4,1776.2,17065,87671
02/18/2015,16:00,1776.0,1782.8,1771.9,1781.7,15252,87863
02/19/2015,16:00,1782.2,1785.0,1775.3,1781.6,9467,88277
02/20/2015,16:00,1781.3,1792.1,1770.3,1789.9,22263,92366
02/23/2015,16:00,1790.3,1791.6,1781.9,1789.9,13736,92217
02/24/2015,16:00,1789.1,1793.9,1785.6,1792.2,12136,93275
02/25/2015,16:00,1792.3,1795.3,1787.6,1790.6,14171,93903
02/26/2015,16:00,1791.2,1793.8,1782.9,1787.4,12666,94042
02/27/2015,16:00,1786.9,1789.1,1780.2,1781.0,13524,93527
03/02/2015,16:00,1783.5,1793.7,1780.6,1790.8,15273,94476
03/03/2015,16:00,1791.1,1791.1,1778.7,1785.0,15059,94211
03/04/2015,16:00,1784.9,1785.3,1771.6,1778.6,15882,94215
03/05/2015,16:00,1778.5,1783.1,1775.3,1781.1,14030,94433
03/06/2015,16:00,1780.4,1783.6,1758.8,1763.1,19823,93760
03/09/2015,16:00,1764.6,1770.2,1760.7,1768.2,16548,92565
03/10/2015,16:00,1767.9,1767.9,1746.9,1748.3,21330,91473
03/11/2015,16:00,1749.2,1761.5,1746.2,1758.8,23079,89933
03/12/2015,16:00,1763.8,1778.4,1763.8,1774.1,31018,27836
03/13/2015,16:00,1777.0,1779.3,1756.4,1765.0,35889,41936
03/16/2015,16:00,1765.1,1785.6,1762.1,1784.0,39852,67535
03/17/2015,16:00,1781.0,1788.6,1777.8,1788.1,35850,83927
03/18/2015,16:00,1787.7,1809.7,1780.7,1803.3,28288,86746
03/19/2015,16:00,1805.4,1807.8,1794.1,1799.6,17707,86449
03/20/2015,16:00,1797.8,1817.6,1797.8,1813.4,21206,85486
03/23/2015,16:00,1814.2,1818.5,1810.2,1813.1,9079,85353
03/24/2015,16:00,1812.8,1816.3,1805.9,1808.9,12698,85445
03/25/2015,16:00,1808.8,1810.8,1780.1,1781.1,18350,86115
03/26/2015,16:00,1782.2,1783.0,1766.8,1777.0,22851,86539
03/27/2015,16:00,1777.7,1785.3,1771.8,1783.5,13635,87365
03/30/2015,16:00,1786.0,1808.6,1780.5,1805.2,16300,87561
03/31/2015,16:00,1804.9,1806.4,1795.3,1800.5,19759,87461
04/01/2015,16:00,1799.6,1801.1,1781.4,1794.8,19775,86874
04/02/2015,16:00,1796.9,1807.4,1788.8,1801.7,12873,86786
04/03/2015,16:00,1800.6,1804.2,1783.8,1784.1,345,0
04/06/2015,16:00,1784.1,1815.6,1784.1,1812.7,17677,88894
04/07/2015,16:00,1811.5,1815.9,1799.3,1799.9,16395,88247
04/08/2015,16:00,1800.9,1811.3,1797.6,1809.1,15879,88507
04/09/2015,16:00,1810.3,1813.9,1798.7,1809.7,16696,88851
04/10/2015,16:00,1811.1,1815.2,1809.1,1811.7,13833,89346
04/13/2015,16:00,1812.0,1816.3,1805.8,1806.9,11650,89374
04/14/2015,16:00,1806.9,1811.5,1796.8,1809.6,15278,89400
04/15/2015,16:00,1809.4,1821.3,1807.7,1815.1,12043,90535
04/16/2015,16:00,1816.1,1818.0,1806.0,1812.6,12621,89698
04/17/2015,16:00,1812.8,1813.1,1786.8,1794.9,21540,89448
04/20/2015,16:00,1798.9,1809.1,1797.9,1805.3,13054,90407
04/21/2015,16:00,1804.3,1815.5,1804.3,1805.4,11377,90749
04/22/2015,16:00,1807.5,1811.3,1794.2,1810.9,13783,91701
04/23/2015,16:00,1810.4,1821.7,1802.1,1817.7,14506,93697
04/24/2015,16:00,1818.5,1822.1,1810.0,1810.4,13244,93159
04/27/2015,16:00,1811.3,1817.3,1796.7,1799.9,18407,92392
04/28/2015,16:00,1798.3,1808.8,1787.9,1808.0,17084,91752
04/29/2015,16:00,1807.7,1808.5,1790.1,1793.4,13986,91579
04/30/2015,16:00,1792.5,1794.6,1772.6,1777.2,23452,90970
05/01/2015,16:00,1779.7,1793.2,1779.6,1788.9,21598,89351
05/04/2015,16:00,1790.1,1802.5,1786.9,1796.4,13805,89518
05/05/2015,16:00,1796.6,1799.8,1774.2,1776.7,21931,88970
05/06/2015,16:00,1777.6,1784.7,1768.6,1776.6,18574,88227
05/07/2015,16:00,1778.1,1787.2,1764.0,1782.6,14710,87741
05/08/2015,16:00,1784.7,1802.5,1783.8,1793.1,17707,87850
05/11/2015,16:00,1793.9,1801.9,1789.4,1794.2,13800,87959
05/12/2015,16:00,1794.9,1796.6,1776.4,1794.8,17263,87944
05/13/2015,16:00,1795.7,1802.5,1790.4,1794.2,11874,88361
05/14/2015,16:00,1796.0,1811.5,1792.8,1811.0,13753,89798
05/15/2015,16:00,1809.9,1814.9,1803.7,1808.8,9225,89319
05/18/2015,16:00,1808.1,1824.4,1804.9,1823.6,16226,90202
05/19/2015,16:00,1823.9,1829.4,1816.5,1820.0,11889,89926
05/20/2015,16:00,1819.1,1825.2,1815.7,1819.7,9804,89523
05/21/2015,16:00,1817.7,1824.5,1813.8,1820.5,8743,89755
05/22/2015,16:00,1821.5,1823.5,1817.2,1820.3,8448,89833
05/26/2015,16:00,1820.4,1823.1,1799.6,1805.6,16563,89368
05/27/2015,16:00,1804.9,1818.8,1802.5,1818.2,15833,90913
05/28/2015,16:00,1818.1,1818.3,1807.5,1815.1,10474,91461
05/29/2015,16:00,1814.0,1817.1,1798.9,1803.9,21426,90558
06/01/2015,16:00,1804.1,1812.5,1796.4,1805.6,16725,91161
06/02/2015,16:00,1807.4,1812.6,1794.0,1807.5,13365,91248
06/03/2015,16:00,1807.9,1822.0,1806.3,1817.3,19566,91623
06/04/2015,16:00,1816.9,1816.9,1799.1,1804.0,15701,89844
06/05/2015,16:00,1802.8,1807.4,1789.4,1806.6,15342,89615
06/08/2015,16:00,1806.6,1808.0,1795.3,1795.7,10827,89879
06/09/2015,16:00,1797.6,1799.1,1786.2,1793.5,12256,87960
06/10/2015,16:00,1794.6,1815.3,1794.6,1811.1,21100,84620
06/11/2015,16:00,1809.8,1820.9,1809.6,1818.4,29535,26718
06/12/2015,16:00,1818.4,1818.8,1808.0,1811.2,30340,43244
06/15/2015,16:00,1805.3,1808.4,1788.7,1800.9,40698,65887
06/16/2015,16:00,1800.9,1815.8,1791.5,1814.9,33043,83884
06/17/2015,16:00,1815.9,1820.1,1805.5,1810.9,21191,88981
06/18/2015,16:00,1809.4,1830.3,1806.1,1827.3,18458,92402
06/19/2015,16:00,1826.5,1829.9,1816.5,1817.2,11986,91183
06/22/2015,16:00,1823.4,1832.2,1822.9,1827.5,10904,90860
06/23/2015,16:00,1829.7,1832.9,1827.0,1832.0,8304,91718
06/24/2015,16:00,1833.1,1833.1,1814.1,1815.2,13433,91567
06/25/2015,16:00,1817.2,1824.5,1807.2,1811.3,14178,91189
06/26/2015,16:00,1812.3,1817.5,1807.3,1817.1,17306,91962
06/29/2015,16:00,1798.4,1809.5,1779.0,1781.2,21968,91124
06/30/2015,16:00,1782.5,1793.0,1778.5,1783.0,32109,90335
07/01/2015,16:00,1785.4,1801.3,1782.3,1788.0,27059,88121
07/02/2015,16:00,1788.9,1794.5,1780.9,1785.2,17290,87453
07/06/2015,16:00,1785.4,1788.9,1760.6,1782.8,22036,86048
07/07/2015,16:00,1786.4,1792.3,1760.4,1786.6,26072,84255
07/08/2015,16:00,1785.3,1785.3,1760.2,1766.0,25122,84161
07/09/2015,16:00,1767.9,1784.5,1762.8,1764.7,16987,84055
07/10/2015,16:00,1766.6,1785.9,1766.6,1780.0,18584,82923
07/13/2015,16:00,1770.5,1799.2,1769.8,1798.1,15142,80528
07/14/2015,16:00,1797.4,1806.4,1795.3,1805.0,13669,79913
07/15/2015,16:00,1803.4,1808.3,1792.5,1796.8,11674,79822
07/16/2015,16:00,1796.8,1805.7,1796.8,1800.5,13396,79476
07/17/2015,16:00,1800.2,1800.9,1786.0,1787.4,13847,80059
07/20/2015,16:00,1786.6,1792.2,1785.0,1789.3,14440,79755
07/21/2015,16:00,1787.6,1792.6,1776.0,1777.6,16002,80811
07/22/2015,16:00,1775.9,1784.4,1771.0,1782.7,10647,80515
07/23/2015,16:00,1784.5,1787.2,1769.2,1771.5,13046,80399
07/24/2015,16:00,1773.0,1775.6,1754.6,1759.1,16725,80771
07/27/2015,16:00,1760.0,1760.2,1743.5,1746.8,15031,80418
07/28/2015,16:00,1747.8,1763.2,1741.4,1761.2,17484,80706
07/29/2015,16:00,1762.3,1781.5,1759.6,1779.7,16620,80147
07/30/2015,16:00,1777.4,1783.8,1770.4,1783.5,12994,80024
07/31/2015,16:00,1781.0,1792.0,1778.5,1784.2,15604,80560
08/03/2015,16:00,1784.0,1787.8,1771.8,1779.4,15606,80757
08/04/2015,16:00,1779.4,1788.5,1774.2,1774.5,14228,80336
08/05/2015,16:00,1774.8,1797.3,1774.8,1786.6,13941,80629
08/06/2015,16:00,1786.6,1790.3,1763.1,1772.1,17103,81962
08/07/2015,16:00,1773.5,1775.1,1762.7,1771.0,14071,81518
08/10/2015,16:00,1769.3,1794.3,1769.3,1792.3,17964,81075
08/11/2015,16:00,1793.3,1793.3,1772.0,1777.1,19453,80746
08/12/2015,16:00,1777.1,1781.3,1750.7,1775.0,23606,79410
08/13/2015,16:00,1773.0,1781.2,1768.1,1773.4,13481,79443
08/14/2015,16:00,1773.3,1785.0,1769.3,1784.2,11223,80151
08/17/2015,16:00,1784.4,1799.3,1774.0,1799.0,15386,80674
08/18/2015,16:00,1798.7,1801.4,1787.8,1789.3,11236,80191
08/19/2015,16:00,1788.8,1792.1,1766.7,1770.2,24896,81181
08/20/2015,16:00,1770.0,1774.3,1732.9,1733.8,28185,83051
08/21/2015,16:00,1736.1,1737.4,1703.8,1706.0,48483,83387
08/24/2015,16:00,1704.2,1704.2,1605.9,1631.9,55982,83130
08/25/2015,16:00,1631.9,1693.5,1631.4,1643.3,47297,86148
08/26/2015,16:00,1641.3,1672.5,1626.4,1666.6,35848,87152
08/27/2015,16:00,1669.5,1708.9,1664.7,1707.8,27498,84672
08/28/2015,16:00,1707.4,1715.5,1694.5,1714.5,21334,86751
08/31/2015,16:00,1711.2,1712.7,1696.9,1699.4,21781,84902
09/01/2015,16:00,1691.3,1692.2,1654.1,1662.7,31050,87917
09/02/2015,16:00,1665.5,1684.1,1658.0,1683.2,26088,89339
09/03/2015,16:00,1684.3,1699.9,1681.1,1684.9,17973,88066
09/04/2015,16:00,1684.4,1684.4,1662.2,1670.2,15053,89026
09/08/2015,16:00,1672.5,1704.8,1670.6,1700.7,19073,87436
09/09/2015,16:00,1700.7,1717.2,1685.8,1689.3,18273,85422
09/10/2015,16:00,1685.5,1703.8,1680.2,1687.7,31766,24245
09/11/2015,16:00,1687.7,1700.7,1679.8,1700.3,33413,41017
09/14/2015,16:00,1700.0,1708.2,1688.8,1690.9,33705,58606
09/15/2015,16:00,1689.7,1710.9,1685.9,1710.0,34974,72009
09/16/2015,16:00,1710.6,1724.3,1705.6,1721.7,24990,79248
09/17/2015,16:00,1721.4,1739.7,1715.1,1719.2,20147,79324
09/18/2015,16:00,1719.3,1723.2,1693.4,1698.8,20910,80550
09/21/2015,16:00,1697.7,1719.1,1692.3,1706.6,18358,81005
09/22/2015,16:00,1707.7,1707.7,1676.1,1683.8,16265,82013
09/23/2015,16:00,1682.4,1692.3,1673.1,1678.4,13759,83868
09/24/2015,16:00,1680.3,1683.9,1659.3,1670.6,18259,84792
09/25/2015,16:00,1669.8,1691.5,1665.7,1670.4,19432,84611
09/28/2015,16:00,1668.0,1676.4,1631.9,1634.3,25868,86026
09/29/2015,16:00,1636.4,1645.4,1627.2,1633.4,30621,88669
09/30/2015,16:00,1633.9,1655.3,1633.2,1652.7,33739,90760
10/01/2015,16:00,1651.5,1666.1,1636.1,1651.6,27301,90770
10/02/2015,16:00,1652.1,1672.6,1629.8,1671.9,24405,90650
10/05/2015,16:00,1671.1,1698.7,1668.7,1696.0,18928,88779
10/06/2015,16:00,1693.3,1701.1,1685.8,1690.6,16122,88575
10/07/2015,16:00,1686.1,1712.1,1685.2,1710.9,21115,89218
10/08/2015,16:00,1711.7,1728.3,1700.7,1726.6,21546,87590
10/09/2015,16:00,1724.3,1731.8,1720.9,1728.3,18017,85971
10/12/2015,16:00,1726.3,1731.7,1723.3,1727.5,8375,85834
10/13/2015,16:00,1729.7,1732.9,1711.5,1712.5,20228,85888
10/14/2015,16:00,1711.5,1719.6,1699.9,1700.5,17699,85942
10/15/2015,16:00,1701.7,1722.9,1696.7,1722.6,16790,85377
10/16/2015,16:00,1721.1,1724.8,1711.5,1718.3,12677,84304
10/19/2015,16:00,1717.9,1726.8,1711.1,1725.1,15607,83985
10/20/2015,16:00,1724.0,1731.3,1719.6,1721.9,10793,83320
10/21/2015,16:00,1720.4,1730.9,1705.6,1706.2,16627,82629
10/22/2015,16:00,1708.5,1724.5,1708.5,1720.9,21331,83135
10/23/2015,16:00,1722.6,1733.9,1715.7,1723.6,18317,83426
10/26/2015,16:00,1723.6,1726.3,1716.8,1722.6,17107,83030
10/27/2015,16:00,1724.0,1724.1,1703.1,1711.0,17101,84009
10/28/2015,16:00,1711.1,1741.7,1710.5,1740.8,29202,85378
10/29/2015,16:00,1739.9,1739.9,1728.3,1730.9,14686,86122
10/30/2015,16:00,1732.6,1738.9,1727.6,1731.2,18110,86144
11/02/2015,16:00,1728.8,1754.1,1722.6,1752.0,13122,86171
11/03/2015,16:00,1750.9,1760.3,1746.4,1754.5,14144,85290
11/04/2015,16:00,1753.0,1759.3,1747.2,1750.6,14839,85495
11/05/2015,16:00,1751.1,1756.8,1740.8,1750.9,14686,85463
11/06/2015,16:00,1749.4,1755.2,1737.9,1749.9,11780,85872
11/09/2015,16:00,1749.8,1753.1,1727.1,1737.5,17104,85749
11/10/2015,16:00,1736.8,1745.8,1731.3,1745.4,16519,85626
11/11/2015,16:00,1745.6,1751.6,1735.0,1735.8,9636,85675
11/12/2015,16:00,1735.5,1740.8,1704.9,1705.6,23241,85414
11/13/2015,16:00,1704.3,1709.3,1687.9,1692.2,25799,87476
11/16/2015,16:00,1685.9,1712.1,1677.8,1711.0,20002,87752
11/17/2015,16:00,1709.1,1720.6,1703.6,1706.0,18783,86470
11/18/2015,16:00,1706.0,1732.2,1702.6,1731.4,20225,86255
11/19/2015,16:00,1730.9,1736.3,1724.6,1728.1,18215,85283
11/20/2015,16:00,1726.5,1740.4,1725.4,1735.9,15466,86150
11/23/2015,16:00,1733.2,1745.9,1730.7,1739.6,12532,86143
11/24/2015,16:00,1739.7,1751.1,1727.2,1747.2,23175,89821
11/25/2015,16:00,1746.7,1754.9,1744.8,1754.5,10530,90651
11/27/2015,16:00,1755.6,1762.3,1747.1,1760.8,11219,91148
11/30/2015,16:00,1761.0,1765.7,1748.1,1749.9,21665,89200
12/01/2015,16:00,1755.3,1763.3,1752.3,1762.6,13184,90273
12/02/2015,16:00,1762.1,1766.1,1742.8,1747.4,17880,88312
12/03/2015,16:00,1747.8,1756.4,1714.2,1719.7,26862,87216
12/04/2015,16:00,1721.6,1739.6,1715.8,1738.5,22065,87027
12/07/2015,16:00,1740.4,1742.6,1715.8,1726.2,17540,86763
12/08/2015,16:00,1725.1,1726.6,1704.5,1709.9,17267,87379
12/09/2015,16:00,1711.0,1724.4,1692.1,1692.8,30348,84303
12/10/2015,16:00,1699.5,1710.0,1693.4,1699.1,23648,19474
12/11/2015,16:00,1701.7,1702.8,1674.7,1677.1,46436,40700
12/14/2015,16:00,1676.9,1686.3,1660.7,1668.2,54317,66073
12/15/2015,16:00,1670.2,1690.1,1667.5,1687.3,36499,78505
12/16/2015,16:00,1686.7,1705.4,1683.9,1700.4,24093,81466
12/17/2015,16:00,1699.1,1706.8,1677.3,1678.2,22701,82180
12/18/2015,16:00,1677.9,1681.6,1659.9,1661.1,28209,84748
12/21/2015,16:00,1663.0,1677.3,1662.2,1673.9,21200,87079
12/22/2015,16:00,1675.0,1690.8,1669.5,1690.2,12247,86367
12/23/2015,16:00,1687.7,1706.3,1687.5,1703.4,12135,85300
12/24/2015,16:00,1703.8,1711.0,1700.2,1704.1,6127,84380
12/28/2015,16:00,1704.4,1705.3,1689.0,1703.0,13147,84563
12/29/2015,16:00,1702.0,1718.1,1702.0,1716.4,11061,83313
12/30/2015,16:00,1714.7,1717.0,1701.3,1701.6,10868,82361
12/31/2015,16:00,1703.0,1705.8,1684.5,1688.6,14118,83318
01/04/2016,16:00,1692.0,1694.1,1654.9,1671.6,34775,85817
01/05/2016,16:00,1673.4,1677.2,1662.3,1671.0,23508,86532
01/06/2016,16:00,1671.3,1671.6,1643.1,1652.7,25383,87091
01/07/2016,16:00,1653.3,1653.9,1612.2,1613.9,39301,91777
01/08/2016,16:00,1613.3,1632.2,1596.2,1597.8,28147,94015
01/11/2016,16:00,1598.0,1608.7,1582.0,1593.8,29766,96155
01/12/2016,16:00,1594.2,1608.8,1580.9,1594.9,25388,96280
01/13/2016,16:00,1595.2,1607.8,1559.5,1564.4,34847,100244
01/14/2016,16:00,1564.9,1587.8,1553.5,1580.5,22676,101533
01/15/2016,16:00,1583.1,1583.1,1536.0,1561.2,30015,103089
01/19/2016,16:00,1558.9,1580.4,1543.5,1552.0,26601,104914
01/20/2016,16:00,1553.2,1559.3,1504.7,1549.0,41248,104557
01/21/2016,16:00,1547.9,1567.1,1536.5,1547.6,27687,104374
01/22/2016,16:00,1545.8,1580.4,1543.6,1578.2,24872,102886
01/25/2016,16:00,1578.2,1579.4,1550.1,1551.8,18748,102822
01/26/2016,16:00,1552.0,1581.9,1540.3,1580.3,21353,103417
01/27/2016,16:00,1571.3,1589.3,1560.9,1565.3,22163,104237
01/28/2016,16:00,1569.1,1582.1,1560.1,1563.2,20531,103363
01/29/2016,16:00,1563.9,1612.1,1562.4,1609.9,32510,102666
02/01/2016,16:00,1607.5,1615.1,1595.0,1605.5,24567,101588
02/02/2016,16:00,1605.4,1606.5,1576.6,1582.3,24625,102229
02/03/2016,16:00,1580.9,1592.5,1559.4,1590.8,27009,102499
02/04/2016,16:00,1590.1,1608.5,1579.3,1598.3,23531,100339
02/05/2016,16:00,1595.7,1601.9,1569.3,1572.3,23378,101525
02/08/2016,16:00,1572.7,1578.6,1531.0,1551.4,30869,99927
02/09/2016,16:00,1549.9,1555.8,1533.0,1544.5,28148,100746
02/10/2016,16:00,1545.6,1570.0,1539.1,1548.2,28174,101682
02/11/2016,16:00,1544.4,1545.6,1520.3,1530.1,41466,104092
02/12/2016,16:00,1530.5,1556.1,1529.4,1553.9,21230,103115
02/16/2016,16:00,1556.3,1583.0,1556.3,1580.0,18952,101766
02/17/2016,16:00,1578.4,1607.0,1574.7,1601.6,19685,99750
02/18/2016,16:00,1604.1,1610.0,1593.0,1600.6,16266,99270
02/19/2016,16:00,1600.3,1604.7,1584.3,1598.5,13513,99439
02/22/2016,16:00,1595.5,1620.9,1595.3,1613.4,15115,98951
02/23/2016,16:00,1609.6,1615.0,1601.4,1603.2,15700,98115
02/24/2016,16:00,1601.4,1616.9,1584.7,1615.2,21445,97774
02/25/2016,16:00,1617.1,1629.5,1609.1,1629.2,14869,97889
02/26/2016,16:00,1628.1,1640.4,1627.7,1632.9,16645,97191
02/29/2016,16:00,1631.4,1642.0,1623.7,1627.8,17030,96792
03/01/2016,16:00,1630.1,1659.7,1623.5,1659.4,21062,95231
03/02/2016,16:00,1657.7,1671.0,1651.8,1668.6,22780,95270
03/03/2016,16:00,1667.2,1685.4,1666.1,1684.1,18260,96023
03/04/2016,16:00,1684.4,1698.9,1681.3,1692.0,23189,96847
03/07/2016,16:00,1691.6,1702.5,1685.3,1701.2,19824,96523
03/08/2016,16:00,1701.5,1701.9,1673.3,1675.5,20879,95592
03/09/2016,16:00,1678.2,1684.6,1671.2,1681.3,27560,91728
03/10/2016,16:00,1686.4,1693.4,1661.7,1674.9,24487,25715
03/11/2016,16:00,1674.9,1702.4,1674.9,1702.0,52813,55475
03/14/2016,16:00,1701.4,1701.8,1690.7,1697.4,34899,69006
03/15/2016,16:00,1697.9,1698.2,1682.8,1686.5,30585,81846
03/16/2016,16:00,1687.3,1704.0,1680.3,1701.4,24728,86374
03/17/2016,16:00,1700.9,1720.5,1692.8,1716.8,16752,86225
03/18/2016,16:00,1718.0,1730.4,1714.0,1724.4,17606,84521
03/21/2016,16:00,1723.0,1729.1,1718.9,1725.7,10921,84796
03/22/2016,16:00,1726.3,1729.8,1714.6,1725.7,13546,84539
03/23/2016,16:00,1726.1,1726.6,1706.7,1708.6,16472,85044
03/24/2016,16:00,1707.8,1711.2,1694.3,1709.5,13047,85697
03/28/2016,16:00,1712.3,1717.9,1704.6,1712.7,10218,86879
03/29/2016,16:00,1712.3,1742.8,1707.7,1742.0,23312,88708
03/30/2016,16:00,1742.0,1750.1,1737.0,1741.0,18642,86396
03/31/2016,16:00,1740.5,1746.3,1736.0,1741.4,19994,83902
04/01/2016,16:00,1741.6,1749.2,1726.7,1748.6,19480,83198
04/04/2016,16:00,1748.1,1752.5,1732.6,1734.5,15169,83084
04/05/2016,16:00,1734.3,1734.3,1717.6,1719.9,13928,83891
04/06/2016,16:00,1722.7,1734.1,1715.7,1733.2,19085,83696
04/07/2016,16:00,1732.2,1735.4,1706.6,1715.1,14611,82884
04/08/2016,16:00,1712.0,1733.2,1712.0,1723.5,16353,82541
04/11/2016,16:00,1724.5,1739.5,1718.4,1720.6,17519,83645
04/12/2016,16:00,1718.7,1739.1,1718.7,1738.2,15475,82970
04/13/2016,16:00,1737.4,1762.3,1737.4,1761.9,16982,81313
04/14/2016,16:00,1764.3,1764.3,1754.1,1755.7,10209,80078
04/15/2016,16:00,1755.5,1763.0,1751.3,1761.4,17751,81405
04/18/2016,16:00,1753.1,1769.0,1749.9,1767.1,11158,80639
04/19/2016,16:00,1765.9,1779.9,1765.9,1774.1,14944,80075
04/20/2016,16:00,1773.6,1782.0,1767.8,1776.3,14940,80222
04/21/2016,16:00,1775.7,1779.4,1760.0,1763.7,16066,80904
04/22/2016,16:00,1761.8,1776.2,1761.2,1774.3,16793,82054
04/25/2016,16:00,1777.3,1778.1,1760.8,1766.5,13841,80090
04/26/2016,16:00,1766.9,1783.3,1765.7,1781.3,15953,79390
04/27/2016,16:00,1780.9,1787.5,1774.7,1786.0,11435,79640
04/28/2016,16:00,1786.8,1789.4,1764.0,1767.3,14780,79202
04/29/2016,16:00,1767.5,1769.6,1748.0,1758.5,18971,78774
05/02/2016,16:00,1761.2,1772.4,1756.7,1771.7,16710,80105
05/03/2016,16:00,1772.6,1772.6,1742.6,1752.2,17088,79100
05/04/2016,16:00,1754.9,1756.5,1740.5,1746.5,15205,79084
05/05/2016,16:00,1747.1,1755.7,1740.0,1744.0,12511,79384
05/06/2016,16:00,1744.0,1752.1,1734.7,1751.0,14056,79480
05/09/2016,16:00,1751.0,1756.0,1744.3,1750.5,10229,79246
05/10/2016,16:00,1750.1,1767.7,1745.3,1766.6,12771,79901
05/11/2016,16:00,1764.8,1766.9,1750.7,1751.2,12709,79746
05/12/2016,16:00,1753.2,1761.9,1742.9,1750.6,18610,81791
05/13/2016,16:00,1751.4,1753.2,1732.7,1738.6,18454,83358
05/16/2016,16:00,1738.3,1757.8,1733.9,1752.4,16952,81979
05/17/2016,16:00,1752.2,1757.4,1731.0,1736.1,18412,79818
05/18/2016,16:00,1737.4,1748.6,1725.7,1732.1,18888,79365
05/19/2016,16:00,1733.0,1735.3,1717.0,1730.7,20276,78911
05/20/2016,16:00,1731.2,1750.6,1730.8,1748.0,19886,79453
05/23/2016,16:00,1749.9,1752.7,1742.7,1744.9,12588,79514
05/24/2016,16:00,1745.7,1771.9,1742.0,1771.4,21691,80611
05/25/2016,16:00,1770.5,1781.8,1770.5,1779.5,20006,80987
05/26/2016,16:00,1779.8,1784.9,1775.7,1781.5,13514,81735
05/27/2016,16:00,1783.1,1793.0,1779.7,1791.0,14702,83955
05/31/2016,16:00,1794.4,1798.5,1787.1,1792.0,22448,84405
06/01/2016,16:00,1789.9,1799.2,1781.9,1798.9,17631,84862
06/02/2016,16:00,1798.3,1808.3,1790.4,1808.0,18004,85736
06/03/2016,16:00,1807.3,1809.0,1789.6,1799.2,16957,85845
06/06/2016,16:00,1800.4,1815.5,1797.3,1813.1,16757,86855
06/07/2016,16:00,1812.7,1822.1,1811.0,1818.0,11583,88098
06/08/2016,16:00,1818.0,1826.4,1814.5,1824.5,21823,81238
06/09/2016,16:00,1828.7,1828.7,1813.8,1820.5,18680,23636
06/10/2016,16:00,1820.5,1820.6,1794.8,1798.2,32870,40147
06/13/2016,16:00,1796.4,1800.5,1779.4,1781.5,40294,59100
06/14/2016,16:00,1780.7,1785.2,1770.4,1778.9,36785,76437
06/15/2016,16:00,1777.5,1791.3,1774.1,1780.3,22753,82480
06/16/2016,16:00,1779.6,1781.2,1760.1,1779.5,24446,83999
06/17/2016,16:00,1780.2,1785.7,1773.3,1778.4,17782,83442
06/20/2016,16:00,1785.3,1806.6,1785.2,1796.0,18401,84574
06/21/2016,16:00,1796.9,1802.7,1789.2,1795.0,16298,83313
06/22/2016,16:00,1793.8,1804.2,1790.3,1791.3,16737,81563
06/23/2016,16:00,1798.4,1824.3,1796.7,1819.0,17851,83412
06/24/2016,16:00,1826.2,1829.9,1743.2,1756.8,35892,81265
06/27/2016,16:00,1746.0,1751.7,1708.0,1716.0,42006,81163
06/28/2016,16:00,1711.3,1746.1,1711.3,1743.0,27659,79639
06/29/2016,16:00,1745.3,1775.8,1741.8,1769.2,27907,79916
06/30/2016,16:00,1773.7,1798.6,1763.0,1797.7,29309,80863
07/01/2016,16:00,1795.8,1808.3,1791.5,1801.4,16553,79923
07/05/2016,16:00,1804.2,1808.4,1774.5,1782.9,22058,81168
07/06/2016,16:00,1784.7,1792.9,1772.1,1791.4,19191,81642
07/07/2016,16:00,1790.4,1804.2,1787.5,1793.3,15320,81702
07/08/2016,16:00,1794.6,1823.8,1792.7,1821.5,19449,82267
07/11/2016,16:00,1821.1,1834.3,1819.8,1830.2,13643,81160
07/12/2016,16:00,1830.6,1850.4,1829.8,1845.6,18291,81167
07/13/2016,16:00,1845.0,1852.8,1838.3,1841.9,18822,79529
07/14/2016,16:00,1842.0,1858.9,1841.3,1845.6,15870,78306
07/15/2016,16:00,1845.8,1852.2,1836.2,1845.8,13239,77967
07/18/2016,16:00,1841.0,1850.6,1841.0,1846.7,13216,78231
07/19/2016,16:00,1847.9,1848.6,1838.9,1844.3,14621,80087
07/20/2016,16:00,1844.2,1854.5,1841.0,1851.5,11758,81302
07/21/2016,16:00,1851.9,1855.1,1840.9,1843.8,13347,81187
07/22/2016,16:00,1841.4,1856.0,1841.4,1854.4,11231,81625
07/25/2016,16:00,1855.2,1857.0,1846.0,1849.0,9980,80764
07/26/2016,16:00,1847.3,1858.3,1846.0,1857.2,13414,80801
07/27/2016,16:00,1855.4,1860.7,1845.0,1850.9,16699,81779
07/28/2016,16:00,1849.2,1859.2,1846.2,1856.4,12152,82295
07/29/2016,16:00,1856.0,1866.1,1849.8,1861.6,16611,82307
08/01/2016,16:00,1867.3,1870.2,1854.2,1857.3,13292,82281
08/02/2016,16:00,1858.7,1862.6,1834.9,1838.9,15058,81981
08/03/2016,16:00,1841.6,1849.6,1834.5,1849.0,12327,82371
08/04/2016,16:00,1847.5,1856.2,1846.6,1849.1,10471,82791
08/05/2016,16:00,1847.7,1866.9,1847.5,1864.6,12836,83879
08/08/2016,16:00,1861.4,1870.4,1861.4,1865.2,11463,83417
08/09/2016,16:00,1864.7,1868.7,1862.7,1864.8,8595,83188
08/10/2016,16:00,1864.2,1867.0,1856.7,1859.0,12883,82902
08/11/2016,16:00,1858.7,1866.5,1855.7,1862.8,14390,83582
08/12/2016,16:00,1864.1,1865.5,1856.3,1860.3,12583,83177
08/15/2016,16:00,1861.2,1875.4,1859.7,1872.6,13777,84083
08/16/2016,16:00,1870.4,1872.0,1856.0,1856.4,13802,82621
08/17/2016,16:00,1860.1,1861.7,1844.6,1854.0,14037,83619
08/18/2016,16:00,1855.2,1865.5,1851.3,1865.0,14365,84907
08/19/2016,16:00,1863.5,1866.9,1856.7,1865.7,11586,84261
08/22/2016,16:00,1865.7,1868.0,1858.9,1867.1,12949,83776
08/23/2016,16:00,1866.0,1879.6,1866.0,1874.1,15455,84012
08/24/2016,16:00,1873.5,1876.3,1861.4,1864.1,13366,83728
08/25/2016,16:00,1864.4,1872.8,1859.7,1868.4,15715,84333
08/26/2016,16:00,1870.0,1880.3,1855.3,1862.6,19022,83672
08/29/2016,16:00,1862.1,1878.9,1861.0,1874.9,16222,84820
08/30/2016,16:00,1874.5,1877.9,1867.3,1874.1,11766,85936
08/31/2016,16:00,1873.2,1875.1,1860.3,1868.5,17254,84796
09/01/2016,16:00,1869.4,1877.2,1856.1,1867.1,18487,84468
09/02/2016,16:00,1866.9,1883.6,1865.1,1883.4,17724,86304
09/06/2016,16:00,1880.8,1885.7,1873.4,1879.6,15267,84688
09/07/2016,16:00,1880.3,1886.1,1876.1,1885.7,21552,77583
09/08/2016,16:00,1887.3,1887.3,1876.5,1878.2,17236,21788
09/09/2016,16:00,1878.2,1878.7,1825.9,1831.1,43644,41585
09/12/2016,16:00,1829.3,1851.7,1816.1,1850.2,46035,58668
09/13/2016,16:00,1848.7,1848.7,1814.1,1821.5,45663,76291
09/14/2016,16:00,1826.6,1829.6,1813.4,1816.9,30462,79818
09/15/2016,16:00,1815.5,1835.6,1809.4,1833.4,18263,81274
09/16/2016,16:00,1828.0,1829.3,1819.4,1824.5,19610,80744
09/19/2016,16:00,1826.0,1846.0,1825.0,1836.2,17646,80597
09/20/2016,16:00,1836.9,1843.5,1827.6,1829.3,11316,81076
09/21/2016,16:00,1829.0,1850.1,1825.0,1849.0,21407,80983
09/22/2016,16:00,1847.7,1869.4,1846.3,1867.7,20922,82838
09/23/2016,16:00,1867.4,1868.1,1853.3,1854.6,13909,81681
09/26/2016,16:00,1855.6,1855.9,1843.8,1845.9,16782,81735
09/27/2016,16:00,1849.1,1859.2,1840.4,1847.6,17562,82981
09/28/2016,16:00,1847.7,1862.8,1840.6,1862.2,22860,84026
09/29/2016,16:00,1860.5,1863.3,1839.2,1843.7,28938,85271
09/30/2016,16:00,1844.9,1863.1,1837.0,1857.2,23101,84347
10/03/2016,16:00,1855.0,1858.0,1843.1,1845.9,22195,83703
10/04/2016,16:00,1845.9,1851.0,1832.3,1838.4,23583,83071
10/05/2016,16:00,1838.9,1854.0,1836.1,1846.3,19551,83446
10/06/2016,16:00,1845.1,1851.2,1837.9,1848.7,13251,83414
10/07/2016,16:00,1849.4,1853.7,1830.9,1838.4,16716,83405
10/10/2016,16:00,1840.8,1860.3,1838.7,1850.7,13771,83765
10/11/2016,16:00,1851.5,1852.2,1818.7,1825.3,25779,82857
10/12/2016,16:00,1827.6,1835.8,1822.1,1831.2,14231,82687
10/13/2016,16:00,1825.4,1828.8,1810.4,1824.4,14088,82982
10/14/2016,16:00,1822.9,1837.8,1821.8,1824.1,14164,82460
10/17/2016,16:00,1824.0,1829.6,1818.7,1822.8,14581,83703
10/18/2016,16:00,1824.2,1839.5,1824.2,1832.5,11160,84326
10/19/2016,16:00,1830.1,1842.4,1826.7,1838.6,16970,84248
10/20/2016,16:00,1836.8,1842.0,1824.8,1832.6,12391,83513
10/21/2016,16:00,1832.6,1834.5,1818.3,1831.3,12046,83419
10/24/2016,16:00,1832.8,1848.9,1831.9,1839.5,12450,83677
10/25/2016,16:00,1838.6,1842.5,1825.2,1827.1,12207,84008
10/26/2016,16:00,1827.5,1827.6,1815.9,1819.4,11214,84524
10/27/2016,16:00,1820.7,1826.1,1802.1,1806.1,16610,85470
10/28/2016,16:00,1806.1,1817.1,1797.1,1803.7,18842,84686
10/31/2016,16:00,1804.2,1818.0,1800.9,1814.4,20830,82737
11/01/2016,16:00,1815.4,1821.5,1789.7,1797.9,23793,81746
11/02/2016,16:00,1796.5,1798.1,1780.8,1783.4,20552,80833
11/03/2016,16:00,1781.3,1791.5,1777.3,1780.4,15513,79415
11/04/2016,16:00,1780.6,1796.8,1777.9,1783.0,19736,79423
11/07/2016,16:00,1801.1,1816.1,1800.5,1814.6,19034,78037
11/08/2016,16:00,1813.8,1824.9,1806.2,1817.4,19644,77096
11/09/2016,16:00,1820.0,1850.5,1741.7,1845.8,29468,75943
11/10/2016,16:00,1841.2,1865.3,1841.2,1852.2,24140,76128
11/11/2016,16:00,1852.3,1871.0,1847.8,1868.4,14585,75789
11/14/2016,16:00,1871.7,1894.6,1869.7,1894.1,20356,75496
11/15/2016,16:00,1891.8,1903.6,1888.8,1900.9,13640,75144
11/16/2016,16:00,1901.5,1904.7,1894.9,1901.7,12901,75980
11/17/2016,16:00,1901.8,1913.6,1901.8,1911.4,13881,77281
11/18/2016,16:00,1910.9,1914.9,1905.6,1912.1,11896,78673
11/21/2016,16:00,1910.9,1925.0,1910.9,1923.0,15296,80090
11/22/2016,16:00,1922.6,1936.3,1922.1,1935.2,15269,83097
11/23/2016,16:00,1934.1,1942.5,1929.8,1942.1,11323,84149
11/25/2016,16:00,1941.5,1948.7,1939.6,1947.1,4965,84702
11/28/2016,16:00,1946.5,1946.6,1933.9,1935.7,15720,86553
11/29/2016,16:00,1934.8,1944.2,1932.8,1938.6,12161,88475
11/30/2016,16:00,1938.7,1946.5,1933.2,1934.5,18890,88078
12/01/2016,16:00,1935.6,1944.1,1925.4,1929.8,16614,87955
12/02/2016,16:00,1931.5,1937.9,1926.1,1931.4,15250,87144
12/05/2016,16:00,1928.1,1951.4,1923.8,1949.1,13125,86857
12/06/2016,16:00,1949.6,1966.7,1947.5,1966.0,14014,88014
12/07/2016,16:00,1963.3,1987.2,1960.8,1985.0,17018,87740
12/08/2016,16:00,1984.5,2007.1,1984.4,2004.2,32249,27078
12/09/2016,16:00,2004.2,2007.8,1997.2,1999.8,30654,42291
12/12/2016,16:00,2000.4,2007.2,1986.1,1990.8,50712,70819
12/13/2016,16:00,1990.0,2000.5,1985.3,1994.9,40604,91044
12/14/2016,16:00,1995.3,1999.1,1971.0,1972.9,29057,96096
12/15/2016,16:00,1976.1,1990.7,1969.8,1979.8,18338,98200
12/16/2016,16:00,1982.0,1993.4,1973.0,1974.7,21913,96569
12/19/2016,16:00,1980.0,1987.8,1977.6,1986.3,10879,97149
12/20/2016,16:00,1987.7,1998.1,1986.4,1995.8,10156,97328
12/21/2016,16:00,1994.4,1997.1,1985.9,1988.3,9349,96607
12/22/2016,16:00,1986.7,1989.5,1973.4,1978.4,9452,97109
12/23/2016,16:00,1979.1,1983.2,1977.5,1981.6,7326,96269
12/27/2016,16:00,1980.3,1992.8,1979.2,1988.1,6508,96014
12/28/2016,16:00,1986.4,1992.8,1968.1,1970.7,11599,96321
12/29/2016,16:00,1971.4,1980.0,1968.6,1975.4,7908,96208
12/30/2016,16:00,1976.0,1983.1,1965.0,1968.5,12806,95957
01/03/2017,16:00,1971.8,1989.7,1966.9,1977.2,19936,95876
01/04/2017,16:00,1977.0,2005.5,1976.7,2003.5,23533,97990
01/05/2017,16:00,2000.2,2003.0,1984.0,1991.1,14242,97141
01/06/2017,16:00,1991.9,1997.7,1985.8,1988.8,13697,96482
01/09/2017,16:00,1987.5,1990.8,1975.1,1977.5,16346,96915
01/10/2017,16:00,1977.7,1995.3,1973.3,1988.6,15596,95810
01/11/2017,16:00,1987.8,1996.7,1983.0,1994.3,20541,95934
01/12/2017,16:00,1995.0,1995.6,1967.6,1986.5,19704,96960
01/13/2017,16:00,1986.1,2002.2,1986.0,1995.0,17503,97549
01/17/2017,16:00,1993.7,1993.8,1976.8,1979.7,18901,97587
01/18/2017,16:00,1978.7,1988.0,1975.1,1987.0,15461,97223
01/19/2017,16:00,1986.3,1994.1,1968.4,1974.8,18447,97085
01/20/2017,16:00,1976.0,1988.3,1976.0,1983.2,18191,96679
01/23/2017,16:00,1982.1,1985.0,1970.0,1979.0,16313,96571
01/24/2017,16:00,1980.7,2009.3,1979.0,2004.6,21211,97558
01/25/2017,16:00,2003.2,2019.7,2000.7,2017.7,14354,96107
01/26/2017,16:00,2017.9,2024.3,2009.2,2012.6,13885,95850
01/27/2017,16:00,2012.6,2018.1,1999.8,2004.1,14071,95732
01/30/2017,16:00,1999.9,1999.9,1973.1,1990.0,21423,95906
01/31/2017,16:00,1990.0,1998.3,1979.7,1994.9,22779,94029
02/01/2017,16:00,1996.0,2010.5,1983.8,1990.5,21520,93727
02/02/2017,16:00,1988.2,1999.2,1980.5,1991.6,19914,93341
02/03/2017,16:00,1991.0,2015.5,1987.4,2014.2,15775,94260
02/06/2017,16:00,2014.4,2015.7,2003.1,2006.4,11725,94137
02/07/2017,16:00,2006.4,2013.7,1997.6,2002.0,13651,94448
02/08/2017,16:00,2001.0,2005.2,1988.7,2002.8,14156,94526
02/09/2017,16:00,2003.7,2022.2,2001.1,2019.1,13756,95225
02/10/2017,16:00,2019.7,2031.6,2018.8,2027.9,11475,94787
02/13/2017,16:00,2030.3,2039.6,2028.8,2032.9,11137,94603
02/14/2017,16:00,2033.1,2040.5,2025.4,2037.2,12317,94708
02/15/2017,16:00,2037.6,2045.5,2031.7,2042.5,10130,95608
02/16/2017,16:00,2044.4,2046.2,2032.7,2041.3,11564,96215
02/17/2017,16:00,2039.9,2043.8,2030.4,2042.7,10334,96737
02/21/2017,16:00,2045.0,2058.5,2041.8,2057.8,11839,97442
02/22/2017,16:00,2057.1,2058.8,2046.3,2050.6,10228,97517
02/23/2017,16:00,2051.2,2056.2,2035.0,2042.1,12963,97350
02/24/2017,16:00,2041.3,2045.6,2027.5,2045.0,11134,97855
02/27/2017,16:00,2042.8,2057.1,2041.4,2056.3,13656,97677
02/28/2017,16:00,2053.3,2056.2,2036.2,2037.1,17873,96250
03/01/2017,16:00,2038.3,2070.0,2038.2,2066.4,21503,96590
03/02/2017,16:00,2064.1,2067.1,2044.4,2046.6,15017,95565
03/03/2017,16:00,2046.2,2050.5,2038.7,2047.4,11694,95372
03/06/2017,16:00,2044.3,2044.4,2030.2,2036.8,12697,95341
03/07/2017,16:00,2034.7,2038.5,2025.8,2027.2,11871,95286
03/08/2017,16:00,2025.9,2033.4,2017.7,2019.2,29945,82543
03/09/2017,16:00,2021.0,2024.4,2005.2,2011.3,18924,31190
03/10/2017,16:00,2015.3,2026.3,2009.5,2019.8,33855,47178
03/13/2017,16:00,2021.1,2027.9,2015.3,2023.7,41797,71616
03/14/2017,16:00,2023.7,2023.7,2006.5,2016.2,30812,84724
03/15/2017,16:00,2018.6,2042.9,2017.7,2039.3,29203,91162
03/16/2017,16:00,2034.4,2044.9,2033.2,2037.3,15621,94748
03/17/2017,16:00,2038.3,2043.1,2034.1,2038.4,15570,93295
03/20/2017,16:00,2040.2,2040.2,2027.1,2030.1,12761,92489
03/21/2017,16:00,2031.4,2038.8,1995.5,1996.4,26010,92451
03/22/2017,16:00,1996.4,2001.7,1987.9,2000.1,16966,91583
03/23/2017,16:00,1998.0,2015.6,1994.5,2004.3,18967,90921
03/24/2017,16:00,2004.2,2015.0,1996.8,2002.9,20151,90476
03/27/2017,16:00,2002.3,2002.8,1980.6,2000.1,17110,90660
03/28/2017,16:00,2002.9,2016.7,1994.3,2013.9,14986,90721
03/29/2017,16:00,2012.2,2020.0,2006.1,2019.2,11164,91434
03/30/2017,16:00,2017.2,2028.9,2014.8,2027.8,9894,90995
03/31/2017,16:00,2027.8,2035.6,2021.6,2028.0,17238,90162
04/03/2017,16:00,2028.9,2033.6,2010.1,2018.5,19265,90916
04/04/2017,16:00,2018.7,2020.9,2010.8,2016.6,17033,93722
04/05/2017,16:00,2019.3,2031.6,1997.8,2002.8,24187,93919
04/06/2017,16:00,2000.1,2020.3,1992.4,2017.1,21258,94663
04/07/2017,16:00,2018.1,2022.0,2001.9,2015.0,14954,94689
04/10/2017,16:00,2014.5,2028.5,2011.1,2019.1,21062,96026
04/11/2017,16:00,2018.8,2030.5,2008.5,2029.1,22732,98102
04/12/2017,16:00,2029.1,2035.2,2006.4,2008.3,21215,97957
04/13/2017,16:00,2006.3,2011.3,1988.1,1988.7,18986,97456
04/17/2017,16:00,1988.0,2011.2,1985.9,2009.2,15163,97544
04/18/2017,16:00,2009.6,2012.3,1997.7,2009.3,15937,97610
04/19/2017,16:00,2009.3,2022.9,2008.3,2012.5,15273,97540
04/20/2017,16:00,2011.2,2031.7,2011.2,2029.5,15349,97754
04/21/2017,16:00,2027.5,2031.3,2020.7,2025.3,11563,97236
04/24/2017,16:00,2036.4,2052.3,2036.3,2045.5,13830,96357
04/25/2017,16:00,2043.9,2063.5,2041.8,2056.4,12670,95863
04/26/2017,16:00,2055.1,2065.4,2052.2,2056.8,14260,95926
04/27/2017,16:00,2055.3,2063.6,2051.8,2057.5,13583,95002
04/28/2017,16:00,2058.4,2060.7,2038.5,2039.8,18980,94787
05/01/2017,16:00,2039.4,2052.1,2034.7,2045.5,14189,94960
05/02/2017,16:00,2046.1,2050.5,2038.0,2042.0,11314,95293
05/03/2017,16:00,2041.1,2041.5,2028.0,2034.8,12328,95833
05/04/2017,16:00,2034.3,2042.0,2020.7,2032.4,13460,96138
05/05/2017,16:00,2033.9,2048.0,2027.9,2046.9,10566,95715
05/08/2017,16:00,2049.9,2053.2,2033.2,2040.3,9614,96169
05/09/2017,16:00,2038.5,2043.5,2031.1,2035.7,14348,96186
05/10/2017,16:00,2033.7,2048.4,2028.9,2046.5,11451,95899
05/11/2017,16:00,2044.7,2044.8,2022.3,2036.1,12894,96293
05/12/2017,16:00,2035.1,2035.6,2024.1,2028.2,8896,96447
05/15/2017,16:00,2028.5,2046.4,2028.0,2039.3,13130,95927
05/16/2017,16:00,2039.3,2042.5,2027.5,2037.7,13539,96059
05/17/2017,16:00,2036.3,2036.7,2000.8,2002.2,26120,96705
05/18/2017,16:00,2001.3,2011.8,1990.8,2003.0,21933,95309
05/19/2017,16:00,2001.8,2027.9,1999.0,2020.7,18833,94048
05/22/2017,16:00,2022.5,2031.4,2018.8,2028.8,13801,93226
05/23/2017,16:00,2029.3,2037.1,2022.5,2032.2,12037,93139
05/24/2017,16:00,2031.8,2040.0,2029.1,2036.6,11414,92463
05/25/2017,16:00,2036.8,2048.4,2036.7,2039.7,12537,91990
05/26/2017,16:00,2037.7,2039.6,2031.5,2035.3,11722,91803
05/30/2017,16:00,2035.1,2037.2,2025.0,2030.2,13708,91381
05/31/2017,16:00,2029.1,2035.3,2012.7,2029.8,20464,91508
06/01/2017,16:00,2031.8,2058.1,2029.9,2056.9,20125,91686
06/02/2017,16:00,2057.3,2068.2,2054.1,2058.9,18797,91149
06/05/2017,16:00,2058.3,2061.8,2050.7,2052.2,12229,90228
06/06/2017,16:00,2050.7,2052.7,2039.2,2045.9,14589,89023
06/07/2017,16:00,2045.9,2052.3,2041.7,2045.3,15747,86511
06/08/2017,16:00,2045.0,2065.3,2042.0,2060.0,24576,23223
06/09/2017,16:00,2059.4,2077.7,2054.9,2066.4,36053,43164
06/12/2017,16:00,2067.5,2072.2,2060.7,2068.2,37154,64300
06/13/2017,16:00,2068.2,2081.7,2068.0,2079.6,29766,81233
06/14/2017,16:00,2079.8,2083.6,2063.8,2071.6,18443,86782
06/15/2017,16:00,2069.9,2069.9,2053.5,2063.1,15448,89603
06/16/2017,16:00,2063.4,2067.9,2052.4,2063.7,13005,90655
06/19/2017,16:00,2065.5,2075.9,2065.5,2073.6,10221,90960
06/20/2017,16:00,2072.3,2073.8,2053.6,2054.4,10761,91385
06/21/2017,16:00,2056.3,2059.6,2041.3,2044.5,11600,91960
06/22/2017,16:00,2041.1,2050.9,2037.2,2046.7,9185,92378
06/23/2017,16:00,2047.7,2058.1,2043.5,2053.5,12661,92584
06/26/2017,16:00,2052.0,2065.4,2050.7,2059.7,17878,93158
06/27/2017,16:00,2058.3,2063.4,2045.7,2046.3,20038,93531
06/28/2017,16:00,2045.9,2071.4,2045.0,2065.6,21360,94488
06/29/2017,16:00,2068.5,2071.5,2039.2,2054.4,28476,94054
06/30/2017,16:00,2055.4,2063.2,2051.2,2055.6,18061,93909
07/03/2017,16:00,2056.5,2073.5,2056.2,2067.5,10607,94441
07/05/2017,16:00,2056.8,2067.3,2055.3,2061.4,15537,94658
07/06/2017,16:00,2059.8,2060.8,2037.3,2039.7,20841,94134
07/07/2017,16:00,2038.0,2058.3,2038.0,2056.9,14661,93482
07/10/2017,16:00,2055.4,2060.3,2049.6,2052.1,11229,92824
07/11/2017,16:00,2051.1,2056.9,2041.4,2055.1,14776,92890
07/12/2017,16:00,2056.5,2076.7,2054.6,2066.1,15073,92605
07/13/2017,16:00,2065.6,2069.4,2057.6,2068.4,9152,93193
07/14/2017,16:00,2067.4,2080.3,2064.9,2073.8,11387,92289
07/17/2017,16:00,2076.0,2080.0,2068.1,2077.2,10044,91745
07/18/2017,16:00,2077.8,2078.7,2064.8,2071.4,11458,91877
07/19/2017,16:00,2071.1,2090.5,2070.1,2089.3,10421,91568
07/20/2017,16:00,2089.3,2093.0,2084.3,2087.7,9339,91153
07/21/2017,16:00,2088.2,2091.2,2076.3,2082.9,9724,90986
07/24/2017,16:00,2083.2,2087.3,2076.4,2085.6,7022,91209
07/25/2017,16:00,2086.2,2104.9,2085.5,2102.2,18704,93036
07/26/2017,16:00,2100.6,2103.4,2084.4,2085.2,11463,92527
07/27/2017,16:00,2086.2,2090.4,2070.6,2080.1,14061,92326
07/28/2017,16:00,2078.5,2080.0,2067.0,2071.6,8956,92407
07/31/2017,16:00,2073.0,2076.9,2064.1,2069.3,12014,92264
08/01/2017,16:00,2069.5,2077.1,2067.0,2073.5,12645,92112
08/02/2017,16:00,2071.5,2073.5,2053.8,2060.7,15845,92297
08/03/2017,16:00,2061.4,2063.0,2051.9,2055.7,11705,92599
08/04/2017,16:00,2055.7,2062.3,2053.6,2059.9,12896,92974
08/07/2017,16:00,2061.0,2066.0,2055.5,2060.9,10600,92738
08/08/2017,16:00,2060.5,2071.7,2053.2,2056.4,18394,92549
08/09/2017,16:00,2056.6,2056.6,2038.1,2043.9,15644,93074
08/10/2017,16:00,2046.3,2048.8,2011.7,2016.0,18507,92270
08/11/2017,16:00,2013.8,2021.5,2007.9,2019.3,16299,91488
08/14/2017,16:00,2020.5,2043.0,2020.2,2039.6,14482,90602
08/15/2017,16:00,2039.5,2046.5,2028.8,2030.0,9916,90695
08/16/2017,16:00,2029.8,2041.0,2026.9,2034.1,11600,90204
08/17/2017,16:00,2034.2,2035.0,1999.3,2004.0,20877,90365
08/18/2017,16:00,2000.8,2009.1,1994.8,2000.6,12203,90492
08/21/2017,16:00,2001.4,2006.0,1994.1,2000.4,12124,89825
08/22/2017,16:00,2001.0,2017.6,2000.2,2015.9,12566,88722
08/23/2017,16:00,2016.7,2016.8,2004.0,2012.0,11099,88772
08/24/2017,16:00,2010.1,2018.8,2007.5,2010.3,11317,87630
08/25/2017,16:00,2012.6,2022.7,2008.8,2017.8,11752,87340
08/28/2017,16:00,2016.7,2022.6,2011.5,2017.2,9981,87561
08/29/2017,16:00,2012.5,2017.7,2001.7,2015.8,12904,87356
08/30/2017,16:00,2016.1,2027.0,2010.8,2025.1,11254,87043
08/31/2017,16:00,2023.8,2040.7,2022.8,2039.9,13379,87051
09/01/2017,16:00,2039.6,2049.7,2039.6,2046.2,10595,86203
09/05/2017,16:00,2049.8,2052.7,2020.2,2027.0,17733,85390
09/06/2017,16:00,2029.3,2034.0,2025.5,2028.6,11910,83953
09/07/2017,16:00,2025.4,2031.3,2016.7,2022.8,13562,13784
09/08/2017,16:00,2023.9,2031.2,2016.3,2027.8,35238,38545
09/11/2017,16:00,2026.8,2051.5,2026.8,2048.0,37611,62649
09/12/2017,16:00,2048.4,2062.6,2048.2,2060.4,30285,78470
09/13/2017,16:00,2062.7,2062.9,2056.5,2058.1,16728,82980
09/14/2017,16:00,2056.6,2060.2,2052.1,2056.9,11660,84858
09/15/2017,16:00,2056.8,2065.6,2052.0,2064.0,11975,85003
09/18/2017,16:00,2064.6,2074.4,2064.6,2071.9,10122,85463
09/19/2017,16:00,2072.8,2075.7,2070.7,2071.4,8320,85415
09/20/2017,16:00,2070.8,2078.0,2070.2,2076.6,12623,86055
09/21/2017,16:00,2076.8,2079.0,2071.4,2073.0,8137,86632
09/22/2017,16:00,2073.9,2079.8,2067.2,2078.3,10106,87278
09/25/2017,16:00,2078.7,2084.2,2073.6,2082.0,12707,88063
09/26/2017,16:00,2083.9,2088.0,2080.0,2083.4,12548,88199
09/27/2017,16:00,2083.7,2102.7,2081.5,2100.6,18985,90254
09/28/2017,16:00,2099.9,2105.0,2091.5,2103.8,13408,89955
09/29/2017,16:00,2103.3,2109.5,2101.8,2105.5,15511,89354
10/02/2017,16:00,2105.3,2122.4,2104.4,2120.9,17266,89891
10/03/2017,16:00,2121.3,2127.8,2116.8,2125.5,13544,89978
10/04/2017,16:00,2126.8,2127.7,2120.3,2124.6,11142,90562
10/05/2017,16:00,2124.4,2133.3,2124.2,2129.9,10870,91187
10/06/2017,16:00,2129.3,2130.3,2123.2,2128.6,10876,92094
10/09/2017,16:00,2125.7,2133.6,2120.5,2123.0,7793,92115
10/10/2017,16:00,2125.2,2134.0,2124.6,2128.3,9346,92481
10/11/2017,16:00,2127.8,2131.7,2125.5,2129.8,7970,92775
10/12/2017,16:00,2128.2,2132.1,2123.1,2129.0,11801,92536
10/13/2017,16:00,2129.0,2136.3,2127.6,2128.2,7310,92124
10/16/2017,16:00,2130.1,2136.0,2127.3,2129.1,7996,92270
10/17/2017,16:00,2128.9,2131.5,2124.2,2125.9,7873,92411
10/18/2017,16:00,2126.1,2135.7,2126.1,2131.4,8456,92329
10/19/2017,16:00,2131.6,2134.7,2117.6,2133.1,10270,92552
10/20/2017,16:00,2134.1,2144.3,2133.7,2143.3,9879,92047
10/23/2017,16:00,2143.3,2146.8,2132.4,2134.0,7854,91865
10/24/2017,16:00,2133.1,2143.9,2133.1,2140.6,9586,92033
10/25/2017,16:00,2137.9,2139.1,2116.8,2129.5,13307,92930
10/26/2017,16:00,2133.2,2140.2,2130.6,2138.6,9870,92677
10/27/2017,16:00,2137.8,2149.1,2132.0,2147.4,12078,92788
10/30/2017,16:00,2146.8,2148.1,2130.0,2134.6,13078,92750
10/31/2017,16:00,2133.3,2147.0,2132.8,2143.7,11046,91951
11/01/2017,16:00,2145.6,2155.6,2132.6,2138.8,14195,91921
11/02/2017,16:00,2134.6,2147.1,2128.4,2140.1,15224,91718
11/03/2017,16:00,2138.7,2146.0,2136.2,2144.6,9194,91983
11/06/2017,16:00,2142.2,2155.0,2139.0,2152.1,8702,92475
11/07/2017,16:00,2151.9,2156.3,2133.3,2139.7,10830,92869
11/08/2017,16:00,2138.0,2146.4,2133.1,2145.1,10510,93120
11/09/2017,16:00,2145.8,2149.1,2122.6,2135.1,15182,92455
11/10/2017,16:00,2135.6,2138.8,2129.2,2134.6,15182,92454
11/13/2017,16:00,2136.2,2139.2,2124.5,2138.5,11983,93164
11/14/2017,16:00,2136.6,2138.1,2130.6,2136.4,12883,93551
11/15/2017,16:00,2134.7,2135.5,2114.6,2127.4,22456,93737
11/16/2017,16:00,2127.4,2150.8,2126.3,2145.7,17951,94260
11/17/2017,16:00,2144.5,2153.4,2139.9,2150.0,14215,93314
11/20/2017,16:00,2148.3,2158.5,2143.2,2156.9,10057,93478
11/21/2017,16:00,2157.2,2169.3,2156.0,2168.5,13653,94485
11/22/2017,16:00,2166.1,2173.5,2164.4,2167.1,10815,94024
11/24/2017,16:00,2169.7,2174.2,2166.6,2167.4,4481,94363
11/27/2017,16:00,2167.9,2171.9,2164.1,2164.7,10724,93286
11/28/2017,16:00,2166.0,2190.7,2162.8,2189.8,12035,93649
11/29/2017,16:00,2189.0,2204.1,2187.5,2198.4,14412,93576
11/30/2017,16:00,2197.0,2217.4,2195.0,2209.8,26674,93295
12/01/2017,16:00,2205.1,2212.0,2163.9,2205.1,26674,93312
12/04/2017,16:00,2213.3,2227.1,2200.9,2204.3,15726,93389
12/05/2017,16:00,2201.7,2210.4,2186.9,2188.8,16709,92412
12/06/2017,16:00,2188.3,2191.0,2178.8,2180.7,12842,90126
12/07/2017,16:00,2176.7,2197.4,2176.7,2193.1,12029,13772
12/08/2017,16:00,2193.1,2205.3,2193.1,2199.8,34782,38260
12/11/2017,16:00,2200.4,2203.7,2195.8,2199.0,42202,69898
12/12/2017,16:00,2202.0,2203.5,2193.2,2193.7,31286,89172
12/13/2017,16:00,2194.6,2204.4,2187.4,2193.7,15727,91499
12/14/2017,16:00,2193.7,2198.3,2176.3,2177.8,19065,92240
12/15/2017,16:00,2177.5,2207.7,2176.8,2195.8,19065,92233
12/18/2017,16:00,2199.2,2218.2,2198.8,2214.9,12012,92598
12/19/2017,16:00,2214.8,2219.1,2203.6,2207.1,11257,92662
12/20/2017,16:00,2205.7,2215.2,2203.1,2210.2,10494,92390
12/21/2017,16:00,2208.7,2218.8,2207.3,2214.6,9715,92062
12/22/2017,16:00,2214.0,2217.7,2209.1,2214.8,7744,91744
12/26/2017,16:00,2214.8,2219.6,2211.9,2216.1,5108,91690
12/27/2017,16:00,2216.0,2222.6,2213.7,2215.1,8833,91516
12/28/2017,16:00,2214.9,2220.6,2210.9,2219.8,8882,91510
12/29/2017,16:00,2219.7,2227.9,2202.8,2208.2,15198,90497
01/02/2018,16:00,2204.7,2228.2,2204.7,2227.2,21228,92473
01/03/2018,16:00,2223.5,2234.5,2223.1,2230.2,19394,91102
01/04/2018,16:00,2230.6,2243.2,2229.9,2235.8,12177,90842
01/05/2018,16:00,2237.5,2244.7,2235.2,2243.7,12774,91108
01/08/2018,16:00,2244.4,2254.7,2235.9,2253.1,12588,91274
01/09/2018,16:00,2253.7,2258.6,2248.6,2250.1,12279,90868
01/10/2018,16:00,2248.1,2249.7,2236.1,2241.1,12896,90976
01/11/2018,16:00,2241.1,2268.5,2239.1,2268.0,12541,90988
01/12/2018,16:00,2267.6,2275.8,2265.2,2272.7,12260,90102
01/16/2018,16:00,2273.2,2284.4,2255.4,2258.7,22369,90007
01/17/2018,16:00,2261.4,2278.7,2260.7,2274.4,15891,90208
01/18/2018,16:00,2273.3,2276.2,2262.1,2266.5,14193,90591
01/19/2018,16:00,2263.7,2289.1,2260.6,2287.4,15661,90893
01/22/2018,16:00,2281.2,2299.4,2277.7,2296.9,12397,90694
01/23/2018,16:00,2297.3,2304.1,2291.1,2301.3,12848,89777
01/24/2018,16:00,2298.6,2309.7,2286.7,2294.4,19637,89891
01/25/2018,16:00,2293.4,2304.3,2284.7,2293.3,13921,89723
01/26/2018,16:00,2293.6,2303.0,2285.2,2301.9,10820,89696
01/29/2018,16:00,2301.1,2305.5,2284.2,2285.5,13038,89773
01/30/2018,16:00,2284.8,2288.2,2261.0,2265.0,18536,89624
01/31/2018,16:00,2265.7,2279.4,2253.3,2260.0,19419,90006
02/01/2018,16:00,2263.2,2269.5,2252.3,2264.0,25487,89594
02/02/2018,16:00,2267.6,2268.8,2217.8,2223.7,25487,89528
02/05/2018,16:00,2221.6,2222.0,2108.4,2153.1,41563,88987
02/06/2018,16:00,2150.8,2177.1,2066.8,2167.3,48606,85097
02/07/2018,16:00,2165.2,2184.6,2146.3,2168.6,30502,82017
02/08/2018,16:00,2157.6,2171.0,2104.8,2106.3,48232,79376
02/09/2018,16:00,2106.2,2136.4,2073.5,2124.5,48232,79231
02/12/2018,16:00,2127.3,2153.7,2116.7,2143.7,22136,77170
02/13/2018,16:00,2143.7,2151.7,2125.6,2148.8,15712,76418
02/14/2018,16:00,2151.1,2185.8,2123.1,2183.5,16851,76015
02/15/2018,16:00,2181.6,2206.1,2176.9,2202.5,13156,75727
02/16/2018,16:00,2203.8,2215.9,2196.1,2207.0,13861,75437
02/20/2018,16:00,2204.8,2211.8,2187.5,2193.7,15503,75489
02/21/2018,16:00,2195.6,2219.1,2183.0,2189.4,13049,74998
02/22/2018,16:00,2188.0,2206.6,2175.2,2186.4,10989,74478
02/23/2018,16:00,2190.6,2211.5,2190.1,2210.0,12109,74812
02/26/2018,16:00,2210.9,2224.4,2202.1,2220.6,9761,74999
02/27/2018,16:00,2222.5,2228.0,2191.9,2193.2,15432,74073
02/28/2018,16:00,2195.8,2202.7,2167.7,2170.3,21752,73972
03/01/2018,16:00,2172.4,2185.9,2148.1,2163.9,23614,74649
03/02/2018,16:00,2164.5,2187.1,2145.4,2184.2,23614,74713
03/05/2018,16:00,2178.4,2208.2,2165.2,2203.2,17776,74112
03/06/2018,16:00,2202.8,2223.9,2196.9,2222.8,17010,74727
03/07/2018,16:00,2206.9,2230.5,2194.5,2226.4,22607,75138
03/08/2018,16:00,2221.6,2233.0,2211.8,2223.5,15686,14720
03/09/2018,16:00,2226.4,2256.2,2221.5,2255.8,41800,36247
03/12/2018,16:00,2253.6,2264.2,2251.2,2257.6,42928,63604
03/13/2018,16:00,2259.5,2268.0,2240.9,2245.9,29177,71844
03/14/2018,16:00,2245.8,2256.9,2230.4,2234.4,20490,77470
03/15/2018,16:00,2235.0,2239.3,2223.0,2227.8,15858,79862
03/16/2018,16:00,2232.0,2246.0,2225.9,2240.5,15858,79850
03/19/2018,16:00,2240.5,2240.5,2205.2,2222.2,18403,79931
03/20/2018,16:00,2226.2,2231.8,2218.1,2222.9,11595,79891
03/21/2018,16:00,2226.2,2242.8,2222.1,2229.3,12201,79927
03/22/2018,16:00,2229.5,2236.6,2176.5,2179.2,21839,80337
03/23/2018,16:00,2179.5,2187.4,2140.6,2142.0,21553,81134
03/26/2018,16:00,2144.4,2182.7,2144.4,2181.7,18848,79747
03/27/2018,16:00,2182.3,2193.5,2145.0,2153.0,23672,78993
03/28/2018,16:00,2152.1,2166.6,2143.3,2157.3,21032,78385
03/29/2018,16:00,2160.6,2192.0,2154.1,2184.2,26270,79500
04/02/2018,16:00,2181.1,2181.9,2122.7,2136.7,28113,78719
04/03/2018,16:00,2140.1,2169.2,2138.7,2163.2,31159,78802
04/04/2018,16:00,2163.2,2182.9,2127.5,2179.9,20621,77508
04/05/2018,16:00,2180.9,2198.7,2179.6,2193.8,23981,76582
04/06/2018,16:00,2193.7,2193.7,2140.6,2155.2,23981,76559
04/09/2018,16:00,2161.0,2182.2,2154.3,2156.8,15316,76207
04/10/2018,16:00,2160.6,2194.4,2156.1,2187.3,18420,76828
04/11/2018,16:00,2186.9,2192.6,2168.6,2183.5,14566,76939
04/12/2018,16:00,2185.2,2199.6,2183.8,2191.9,10627,75972
04/13/2018,16:00,2190.6,2200.6,2179.1,2186.0,11383,76073
04/16/2018,16:00,2192.1,2210.2,2187.7,2205.1,11142,76229
04/17/2018,16:00,2205.5,2225.4,2204.7,2220.1,12064,76182
04/18/2018,16:00,2220.5,2235.6,2219.8,2225.1,9666,75940
04/19/2018,16:00,2227.6,2230.1,2206.4,2215.2,12036,75891
04/20/2018,16:00,2214.9,2218.8,2198.2,2202.5,12036,75891
04/23/2018,16:00,2210.1,2214.6,2194.4,2203.0,11333,76507
04/24/2018,16:00,2204.3,2218.4,2173.2,2188.9,19242,76948
04/25/2018,16:00,2189.3,2198.1,2173.2,2189.3,14552,76179
04/26/2018,16:00,2193.8,2202.9,2185.2,2196.7,14944,76037
04/27/2018,16:00,2196.6,2199.6,2183.4,2193.8,12501,76178
04/30/2018,16:00,2193.7,2204.3,2170.4,2173.2,16169,76312
05/01/2018,16:00,2171.9,2183.9,2154.8,2180.1,15086,75894
05/02/2018,16:00,2182.3,2192.4,2169.7,2176.9,13829,75318
05/03/2018,16:00,2171.2,2180.3,2151.2,2173.4,12531,75701
05/04/2018,16:00,2178.2,2207.3,2162.4,2198.8,12531,75701
05/07/2018,16:00,2200.8,2218.6,2198.7,2209.1,9877,75470
05/08/2018,16:00,2208.9,2216.9,2202.4,2214.7,15972,76658
05/09/2018,16:00,2216.5,2230.0,2212.7,2224.3,10823,75994
05/10/2018,16:00,2226.7,2244.4,2225.0,2238.8,10368,75643
05/11/2018,16:00,2238.3,2247.0,2235.0,2240.4,11632,76185
05/14/2018,16:00,2240.5,2249.2,2233.9,2237.2,12350,76713
05/15/2018,16:00,2237.8,2238.7,2223.2,2232.3,14463,77134
05/16/2018,16:00,2234.4,2252.2,2230.2,2245.7,13738,78730
05/17/2018,16:00,2246.7,2257.1,2242.6,2249.9,11910,79398
05/18/2018,16:00,2248.4,2255.6,2245.1,2245.8,10997,79200
05/21/2018,16:00,2253.8,2265.9,2251.2,2264.3,12806,79698
05/22/2018,16:00,2263.8,2269.0,2249.4,2251.1,10581,79663
05/23/2018,16:00,2250.3,2253.2,2239.6,2252.2,12829,80395
05/24/2018,16:00,2252.2,2255.6,2236.6,2253.1,10872,80682
05/25/2018,16:00,2254.1,2260.8,2243.5,2248.3,10872,80682
05/29/2018,16:00,2248.1,2251.7,2227.7,2240.4,16742,81894
05/30/2018,16:00,2244.7,2276.2,2238.1,2271.0,18308,84681
05/31/2018,16:00,2269.2,2274.5,2245.5,2248.1,19796,83831
06/01/2018,16:00,2250.1,2265.1,2250.1,2259.3,13326,83257
06/04/2018,16:00,2257.5,2271.0,2257.1,2269.9,12518,84527
06/05/2018,16:00,2268.9,2277.0,2265.4,2274.9,11889,83526
06/06/2018,16:00,2276.1,2292.7,2273.5,2290.8,10562,83166
06/07/2018,16:00,2287.9,2298.6,2284.2,2291.7,10641,9085
06/08/2018,16:00,2293.1,2304.1,2282.6,2303.8,35689,31843
06/11/2018,16:00,2299.3,2309.7,2296.9,2303.1,50085,70237
06/12/2018,16:00,2302.9,2311.7,2299.8,2306.4,22297,82186
06/13/2018,16:00,2307.5,2310.0,2292.8,2293.8,14669,84334
06/14/2018,16:00,2293.7,2301.3,2287.5,2299.1,13376,86174
06/15/2018,16:00,2298.3,2299.5,2280.8,2293.3,18584,84717
06/18/2018,16:00,2291.9,2300.4,2280.8,2297.2,10844,84857
06/19/2018,16:00,2298.2,2299.2,2270.8,2294.2,15581,86169
06/20/2018,16:00,2293.8,2306.4,2288.9,2304.3,11626,85984
06/21/2018,16:00,2303.9,2315.0,2283.9,2289.5,16292,86615
06/22/2018,16:00,2288.8,2304.0,2287.6,2290.7,18977,85782
06/25/2018,16:00,2292.3,2292.5,2253.1,2262.8,23874,87109
06/26/2018,16:00,2265.6,2272.5,2256.5,2265.8,17602,86711
06/27/2018,16:00,2266.0,2277.1,2242.7,2243.4,17179,86608
06/28/2018,16:00,2245.1,2255.4,2232.9,2251.2,15137,85951
06/29/2018,16:00,2254.0,2270.2,2251.1,2253.2,19104,85559
07/02/2018,16:00,2252.1,2255.8,2236.2,2253.1,14139,84224
07/03/2018,16:00,2253.1,2271.1,2249.2,2258.1,8451,83894
07/05/2018,16:00,2264.2,2275.8,2255.6,2275.1,12360,83861
07/06/2018,16:00,2271.1,2293.9,2266.6,2289.8,10572,83529
07/09/2018,16:00,2292.2,2311.9,2291.7,2309.8,9241,83538
07/10/2018,16:00,2310.6,2317.1,2299.0,2309.7,11510,84462
07/11/2018,16:00,2300.4,2305.4,2289.3,2290.9,13696,83728
07/12/2018,16:00,2293.1,2303.9,2285.3,2297.1,11828,83849
07/13/2018,16:00,2296.2,2307.3,2292.7,2296.5,10730,83903
07/16/2018,16:00,2299.2,2301.2,2280.5,2286.0,11451,84022
07/17/2018,16:00,2285.8,2298.1,2282.2,2294.6,10487,83970
07/18/2018,16:00,2296.4,2302.3,2286.7,2301.4,9123,83796
07/19/2018,16:00,2299.2,2313.5,2291.3,2309.8,13755,85944
07/20/2018,16:00,2308.7,2312.0,2296.0,2297.2,18408,84007
07/23/2018,16:00,2298.9,2301.6,2288.9,2297.2,10076,82929
07/24/2018,16:00,2297.9,2306.2,2275.2,2282.5,16786,82930
07/25/2018,16:00,2284.2,2290.9,2272.5,2288.2,15986,83322
07/26/2018,16:00,2287.9,2304.1,2285.6,2297.1,13415,83608
07/27/2018,16:00,2296.9,2301.0,2267.3,2273.8,13415,83608
07/30/2018,16:00,2271.5,2281.9,2263.9,2265.3,15626,83362
07/31/2018,16:00,2267.3,2289.9,2264.7,2283.1,17609,82567
08/01/2018,16:00,2287.1,2287.1,2265.0,2277.8,13510,82390
08/02/2018,16:00,2278.4,2296.6,2261.7,2293.6,9399,83067
08/03/2018,16:00,2294.8,2302.7,2289.6,2298.6,9399,83067
08/06/2018,16:00,2301.4,2310.5,2295.9,2308.3,8599,83377
08/07/2018,16:00,2307.7,2322.4,2307.0,2313.2,7924,82906
08/08/2018,16:00,2315.3,2315.9,2300.6,2308.3,7576,82853
08/09/2018,16:00,2304.6,2316.6,2304.6,2306.2,7689,82687
08/10/2018,16:00,2305.9,2306.1,2290.4,2294.4,9105,82834
08/13/2018,16:00,2292.8,2301.4,2277.4,2284.0,8840,83517
08/14/2018,16:00,2286.0,2308.4,2285.3,2302.3,9672,84402
08/15/2018,16:00,2304.7,2304.7,2268.1,2283.2,13615,84804
08/16/2018,16:00,2286.3,2309.7,2282.5,2299.4,8707,85376
08/17/2018,16:00,2300.3,2312.3,2292.8,2309.4,9175,85202
08/20/2018,16:00,2312.1,2320.6,2308.3,2316.6,9187,85003
08/21/2018,16:00,2316.8,2338.3,2313.9,2333.6,12296,85202
08/22/2018,16:00,2327.3,2338.2,2321.9,2333.2,9254,85019
08/23/2018,16:00,2333.4,2335.4,2321.4,2325.4,11967,85263
08/24/2018,16:00,2326.2,2336.6,2325.6,2332.9,7874,84799
08/27/2018,16:00,2334.8,2352.1,2334.7,2342.7,9897,84683
08/28/2018,16:00,2344.9,2348.9,2334.2,2342.4,8673,85031
08/29/2018,16:00,2344.6,2351.7,2336.0,2348.9,9712,84971
08/30/2018,16:00,2350.1,2350.5,2335.1,2337.9,9436,85251
08/31/2018,16:00,2335.2,2346.7,2332.4,2342.7,12050,85204
09/04/2018,16:00,2345.6,2349.2,2327.6,2338.4,16744,84883
09/05/2018,16:00,2340.0,2340.2,2320.8,2336.7,13660,85412
09/06/2018,16:00,2337.2,2343.9,2325.2,2329.2,16420,85505
09/07/2018,16:00,2328.2,2335.5,2318.1,2325.3,16420,85505
09/10/2018,16:00,2327.5,2337.3,2325.9,2329.6,12538,84976
09/11/2018,16:00,2330.8,2337.5,2320.8,2332.8,13231,85344
09/12/2018,16:00,2334.2,2336.9,2319.7,2334.1,13857,85400
09/13/2018,16:00,2333.8,2343.7,2331.9,2337.8,10902,9350
09/14/2018,16:00,2337.7,2350.0,2336.1,2345.5,31140,26873
09/17/2018,16:00,2343.4,2347.5,2325.0,2325.9,49582,60035
09/18/2018,16:00,2328.6,2339.6,2321.6,2335.5,38598,79327
09/19/2018,16:00,2338.0,2345.4,2324.2,2328.4,19265,83198
09/20/2018,16:00,2331.0,2346.5,2328.6,2343.7,14093,85730
09/21/2018,16:00,2346.2,2351.6,2336.3,2337.8,15157,84285
09/24/2018,16:00,2334.9,2338.0,2319.4,2330.0,13625,84530
09/25/2018,16:00,2330.2,2335.4,2326.5,2327.8,11421,84478
09/26/2018,16:00,2329.7,2334.3,2306.5,2308.7,16736,84614
09/27/2018,16:00,2308.8,2319.7,2305.9,2310.5,16584,85553
09/28/2018,16:00,2313.5,2323.0,2302.0,2317.0,16584,85530
10/01/2018,16:00,2321.0,2328.1,2296.0,2300.8,19827,85811
10/02/2018,16:00,2302.3,2306.7,2290.2,2293.7,14857,85504
10/03/2018,16:00,2293.7,2310.4,2292.0,2300.3,15366,84290
10/04/2018,16:00,2297.1,2297.4,2270.3,2277.7,20662,83964
10/05/2018,16:00,2280.0,2284.8,2251.7,2263.3,23597,83461
10/08/2018,16:00,2269.2,2269.6,2249.1,2263.8,14726,83051
10/09/2018,16:00,2265.1,2265.8,2251.1,2252.4,18897,83168
10/10/2018,16:00,2251.8,2256.2,2185.8,2200.6,35979,83568
10/11/2018,16:00,2189.7,2201.8,2156.9,2160.9,47834,81448
10/12/2018,16:00,2163.7,2194.4,2139.4,2165.1,34528,79463
10/15/2018,16:00,2166.8,2185.9,2149.2,2173.0,17633,78817
10/16/2018,16:00,2167.3,2213.7,2166.5,2213.2,18412,77494
10/17/2018,16:00,2211.3,2215.2,2185.0,2206.9,21152,77151
10/18/2018,16:00,2208.2,2208.2,2172.0,2177.6,18483,75747
10/19/2018,16:00,2181.8,2191.0,2160.9,2166.6,21083,75774
10/22/2018,16:00,2162.8,2174.0,2153.3,2156.3,17173,75964
10/23/2018,16:00,2155.8,2156.9,2105.8,2137.7,17901,75289
10/24/2018,16:00,2140.8,2143.4,2079.6,2081.3,26282,74550
10/25/2018,16:00,2090.0,2117.9,2083.0,2107.2,25051,74202
10/26/2018,16:00,2098.0,2108.6,2060.0,2086.9,24728,74990
10/29/2018,16:00,2091.9,2124.9,2060.3,2079.7,24406,74224
10/30/2018,16:00,2078.9,2115.6,2076.9,2111.2,26658,75339
10/31/2018,16:00,2114.1,2133.3,2110.3,2116.6,26577,72347
11/01/2018,16:00,2118.6,2155.4,2117.3,2153.5,25845,68319
11/02/2018,16:00,2148.2,2171.2,2137.7,2154.3,20239,67949
11/05/2018,16:00,2153.4,2170.5,2147.1,2163.1,20825,66733
11/06/2018,16:00,2163.6,2179.0,2157.7,2175.0,15035,65597
11/07/2018,16:00,2174.8,2205.8,2168.0,2203.5,16187,64662
11/08/2018,16:00,2205.1,2206.2,2187.3,2194.9,13942,63612
11/09/2018,16:00,2193.7,2196.9,2162.3,2174.8,13942,63611
11/12/2018,16:00,2173.0,2185.9,2141.5,2143.7,16702,63925
11/13/2018,16:00,2148.6,2169.0,2139.7,2145.0,15291,63778
11/14/2018,16:00,2150.0,2166.3,2121.3,2133.9,19024,63702
11/15/2018,16:00,2133.6,2160.1,2116.8,2155.6,17737,63706
11/16/2018,16:00,2158.9,2162.5,2139.8,2157.0,14385,63168
11/19/2018,16:00,2155.2,2163.1,2124.9,2131.6,17199,63885
11/20/2018,16:00,2134.9,2135.7,2091.7,2100.2,21264,64170
11/21/2018,16:00,2098.1,2135.3,2093.9,2119.5,7221,64067
11/23/2018,16:00,2109.6,2131.0,2101.8,2116.1,7221,64065
11/26/2018,16:00,2117.7,2144.7,2115.6,2139.4,18196,63819
11/27/2018,16:00,2131.6,2146.2,2118.8,2124.2,17596,63610
11/28/2018,16:00,2139.0,2161.9,2114.1,2160.8,22255,62842
11/29/2018,16:00,2155.4,2171.0,2142.2,2158.8,19863,64129
11/30/2018,16:00,2160.4,2175.2,2150.9,2171.3,19863,64139
12/03/2018,16:00,2186.9,2205.5,2167.1,2186.9,22049,63776
12/04/2018,16:00,2184.5,2187.3,2115.6,2117.8,27700,63626
12/06/2018,16:00,2125.7,2126.2,2062.5,2109.1,23595,67007
12/07/2018,16:00,2108.4,2121.3,2062.0,2072.1,23595,67007
12/10/2018,16:00,2068.7,2079.7,2035.9,2060.7,26073,67127
12/11/2018,16:00,2065.4,2090.7,2047.4,2055.7,22910,67645
12/12/2018,16:00,2057.7,2092.0,2056.5,2068.4,22015,66086
12/13/2018,16:00,2072.5,2078.3,2042.5,2047.8,14324,10143
12/14/2018,16:00,2046.2,2048.7,2016.8,2021.8,34288,23656
12/17/2018,16:00,2021.0,2031.4,1976.3,1984.5,56176,45712
12/18/2018,16:00,1992.3,2008.7,1972.1,1983.7,36436,62042
12/19/2018,16:00,1974.8,2005.1,1943.9,1952.9,26431,66030
12/20/2018,16:00,1949.8,1962.5,1913.1,1932.1,26690,67662
12/21/2018,16:00,1935.7,1953.6,1894.6,1900.2,22442,68005
12/24/2018,16:00,1890.9,1910.3,1847.5,1854.3,12344,69900
12/26/2018,16:00,1852.9,1930.6,1834.5,1926.0,18198,69188
12/27/2018,16:00,1926.3,1938.5,1878.2,1933.4,20339,69481
12/28/2018,16:00,1934.2,1954.5,1921.8,1932.5,20339,69436
12/31/2018,16:00,1943.6,1955.0,1924.8,1948.8,17537,69801
01/02/2019,16:00,1950.1,1959.1,1917.1,1945.5,16637,70307
01/03/2019,16:00,1930.6,1946.1,1910.4,1918.0,17738,70504
01/04/2019,16:00,1919.2,1978.5,1911.6,1972.2,16101,69276
01/07/2019,16:00,1976.6,2003.7,1965.8,1989.9,15709,69112
01/08/2019,16:00,1992.6,2020.5,1989.9,2019.2,14190,69775
01/09/2019,16:00,2015.5,2041.8,2014.9,2036.5,13229,70020
01/10/2019,16:00,2031.7,2052.0,2020.4,2050.2,14823,70121
01/11/2019,16:00,2046.7,2054.3,2036.8,2051.1,10657,69751
01/14/2019,16:00,2049.7,2050.0,2032.9,2041.1,13910,69540
01/15/2019,16:00,2041.5,2053.9,2038.8,2051.9,12955,68889
01/16/2019,16:00,2048.6,2069.8,2046.2,2064.0,13884,68785
01/17/2019,16:00,2061.9,2088.6,2050.6,2081.2,16991,68680
01/18/2019,16:00,2080.9,2109.9,2078.5,2105.3,14281,67609
01/22/2019,16:00,2099.5,2101.7,2068.1,2077.4,16774,67487
01/23/2019,16:00,2076.8,2091.1,2059.6,2075.0,11974,67554
01/24/2019,16:00,2072.0,2091.2,2068.5,2086.8,11505,67636
01/25/2019,16:00,2084.6,2110.3,2083.5,2105.6,11505,67634
01/28/2019,16:00,2106.0,2106.0,2088.3,2103.3,12858,67816
01/29/2019,16:00,2102.1,2110.4,2094.6,2103.6,10202,67564
01/30/2019,16:00,2107.1,2122.9,2094.8,2114.5,15332,67385
01/31/2019,16:00,2115.3,2128.3,2107.1,2122.7,19696,67002
02/01/2019,16:00,2126.8,2131.6,2117.7,2128.0,17267,65432
02/04/2019,16:00,2123.4,2146.1,2121.4,2144.6,12630,65618
02/05/2019,16:00,2143.9,2154.4,2142.2,2152.6,12200,65651
02/06/2019,16:00,2149.1,2155.5,2143.9,2150.2,12794,65652
02/07/2019,16:00,2149.8,2150.0,2125.5,2141.5,18847,65602
02/08/2019,16:00,2139.9,2143.4,2124.1,2139.6,12690,65838
02/11/2019,16:00,2142.9,2152.8,2136.8,2152.3,14765,65658
02/12/2019,16:00,2150.5,2174.5,2149.5,2171.2,12485,65103
02/13/2019,16:00,2171.3,2184.3,2170.0,2180.4,13484,65568
02/14/2019,16:00,2178.0,2187.5,2167.6,2178.9,16248,66897
02/15/2019,16:00,2175.8,2203.5,2168.0,2201.7,16248,67047
02/19/2019,16:00,2202.3,2209.2,2192.9,2204.0,15154,67518
02/20/2019,16:00,2202.7,2216.0,2200.8,2212.1,16436,67174
02/21/2019,16:00,2213.6,2221.6,2198.2,2205.7,16142,67582
02/22/2019,16:00,2205.5,2222.7,2203.5,2220.7,15200,68350
02/25/2019,16:00,2224.5,2234.1,2217.2,2220.1,14893,68102
02/26/2019,16:00,2218.9,2220.6,2200.9,2203.4,15567,67597
02/27/2019,16:00,2199.1,2209.3,2194.9,2205.5,13578,67626
02/28/2019,16:00,2207.7,2208.2,2194.4,2197.4,15525,67643
03/01/2019,16:00,2198.0,2218.6,2196.9,2211.9,15525,67785
03/04/2019,16:00,2216.8,2221.7,2185.8,2202.1,17370,67403
03/05/2019,16:00,2200.2,2207.0,2192.8,2194.8,11993,66912
03/06/2019,16:00,2191.1,2195.3,2167.5,2168.6,16912,64630
03/07/2019,16:00,2166.0,2172.5,2147.7,2152.6,12985,13297
03/08/2019,16:00,2152.3,2154.3,2137.1,2145.9,29222,25370
03/11/2019,16:00,2147.7,2172.1,2142.8,2171.3,43278,50942
03/12/2019,16:00,2170.8,2179.1,2168.0,2174.2,25328,61461
03/13/2019,16:00,2173.4,2190.0,2166.7,2181.5,16510,64099
03/14/2019,16:00,2185.6,2188.3,2171.9,2178.6,12927,64709
03/15/2019,16:00,2178.5,2194.8,2176.7,2180.8,19402,63174
03/18/2019,16:00,2180.2,2199.6,2178.6,2195.6,17492,62854
03/19/2019,16:00,2197.2,2205.3,2180.9,2185.5,16959,63064
03/20/2019,16:00,2185.2,2190.1,2160.0,2170.4,18634,63055
03/21/2019,16:00,2165.0,2201.1,2158.9,2195.0,19726,63497
03/22/2019,16:00,2194.7,2198.8,2139.0,2139.7,21758,62795
03/25/2019,16:00,2142.6,2154.0,2127.4,2144.1,17903,62813
03/26/2019,16:00,2147.9,2171.3,2146.1,2162.7,11817,62708
03/27/2019,16:00,2163.1,2169.9,2144.3,2161.2,14089,62995
03/28/2019,16:00,2159.2,2179.3,2151.7,2176.6,17591,61785
03/29/2019,16:00,2178.7,2192.1,2176.8,2182.6,17591,61937
04/01/2019,16:00,2186.2,2209.2,2186.2,2208.6,17158,61928
04/02/2019,16:00,2205.5,2209.6,2192.7,2200.8,11472,61323
04/03/2019,16:00,2198.5,2220.5,2197.4,2210.4,11150,61510
04/04/2019,16:00,2213.7,2222.1,2209.1,2220.2,9656,61442
04/05/2019,16:00,2219.3,2236.6,2218.1,2235.1,13577,62253
04/08/2019,16:00,2236.1,2236.4,2223.6,2235.0,11322,63006
04/09/2019,16:00,2235.3,2235.5,2209.6,2212.7,10225,63577
04/10/2019,16:00,2213.8,2233.1,2210.6,2231.0,11400,63717
04/11/2019,16:00,2231.1,2238.7,2227.6,2236.5,10637,63558
04/12/2019,16:00,2233.1,2254.4,2233.1,2250.9,10637,63536
04/15/2019,16:00,2251.5,2255.4,2243.2,2247.6,8669,63533
04/16/2019,16:00,2247.5,2256.3,2243.9,2249.2,9331,64068
04/17/2019,16:00,2247.7,2257.0,2229.3,2234.3,10228,64847
04/18/2019,16:00,2232.3,2241.5,2223.3,2238.7,9084,65275
04/22/2019,16:00,2241.4,2242.4,2224.6,2231.5,6368,65481
04/23/2019,16:00,2231.9,2259.8,2228.8,2255.8,12220,65171
04/24/2019,16:00,2257.3,2269.7,2251.8,2261.9,10244,64802
04/25/2019,16:00,2256.7,2259.8,2228.0,2239.0,9675,64375
04/26/2019,16:00,2236.9,2259.6,2233.2,2257.7,9797,64226
04/29/2019,16:00,2257.7,2264.5,2254.9,2258.5,7786,64337
04/30/2019,16:00,2259.1,2262.5,2236.9,2255.0,17505,65386
05/01/2019,16:00,2260.3,2262.3,2227.0,2233.0,12545,65197
05/02/2019,16:00,2228.3,2242.2,2217.3,2236.1,12097,67134
05/03/2019,16:00,2237.5,2267.9,2235.4,2265.5,12097,67133
05/06/2019,16:00,2252.6,2265.7,2222.6,2260.9,14762,67414
05/07/2019,16:00,2255.6,2257.4,2208.8,2221.1,16654,66640
05/08/2019,16:00,2225.4,2231.1,2211.7,2215.1,12434,66243
05/09/2019,16:00,2218.0,2218.9,2183.6,2210.1,12541,65514
05/10/2019,16:00,2209.6,2221.6,2180.0,2216.0,12541,65514
05/13/2019,16:00,2209.6,2209.6,2152.0,2159.7,15025,65301
05/14/2019,16:00,2154.2,2186.7,2149.6,2178.5,14741,65660
05/15/2019,16:00,2182.1,2186.9,2160.6,2182.7,11697,65461
05/16/2019,16:00,2183.8,2206.3,2174.6,2194.7,16015,65229
05/17/2019,16:00,2195.9,2197.8,2170.3,2171.8,16015,65188
05/20/2019,16:00,2174.6,2183.8,2152.7,2158.4,12200,65097
05/21/2019,16:00,2162.3,2185.6,2160.5,2182.5,15202,65385
05/22/2019,16:00,2181.9,2184.7,2162.7,2167.1,12125,64961
05/23/2019,16:00,2166.9,2166.9,2125.5,2135.6,14053,64760
05/24/2019,16:00,2136.0,2150.8,2133.1,2145.0,11668,64769
05/28/2019,16:00,2146.6,2152.0,2124.4,2125.5,15729,64402
05/29/2019,16:00,2127.1,2128.3,2101.5,2113.9,15509,65452
05/30/2019,16:00,2112.0,2129.5,2101.0,2109.6,15719,66178
05/31/2019,16:00,2110.1,2110.4,2082.9,2091.8,15719,66169
06/03/2019,16:00,2087.4,2111.7,2078.1,2104.5,24147,66090
06/04/2019,16:00,2110.9,2151.5,2104.0,2150.8,15595,65667
06/05/2019,16:00,2148.6,2160.4,2134.9,2155.8,12213,64923
06/06/2019,16:00,2150.7,2168.0,2145.7,2163.3,13962,64350
06/07/2019,16:00,2158.9,2182.0,2158.8,2173.4,11311,64434
06/10/2019,16:00,2182.1,2196.2,2176.2,2183.9,11956,63910
06/11/2019,16:00,2186.0,2204.4,2179.4,2185.2,11511,63728
06/12/2019,16:00,2185.9,2187.4,2176.2,2182.2,9319,62660
06/13/2019,16:00,2185.3,2198.0,2182.1,2194.0,12449,7859
06/14/2019,16:00,2194.0,2198.4,2179.5,2181.7,27433,23392
06/17/2019,16:00,2184.1,2190.9,2179.3,2182.2,44036,48387
06/18/2019,16:00,2184.8,2217.3,2178.2,2203.6,24143,56890
06/19/2019,16:00,2204.1,2211.9,2200.9,2209.0,15951,60993
06/20/2019,16:00,2209.1,2230.8,2207.9,2221.4,14672,62257
06/21/2019,16:00,2220.8,2221.6,2203.8,2209.5,13312,62630
06/24/2019,16:00,2205.3,2215.2,2193.4,2193.8,10166,62975
06/25/2019,16:00,2196.6,2201.0,2181.6,2183.0,9570,63023
06/26/2019,16:00,2184.1,2195.0,2179.5,2181.3,9818,63472
06/27/2019,16:00,2180.5,2206.1,2180.5,2205.0,13064,63627
06/28/2019,16:00,2205.1,2238.3,2202.9,2227.8,19097,63377
07/01/2019,16:00,2244.5,2255.9,2225.0,2233.6,15585,63574
07/02/2019,16:00,2234.3,2237.1,2220.3,2227.5,15546,63084
07/03/2019,16:00,2229.1,2247.4,2224.8,2245.5,12264,63605
07/05/2019,16:00,2250.1,2252.0,2223.9,2246.8,12264,63580
07/08/2019,16:00,2247.0,2247.0,2225.1,2228.5,12877,63984
07/09/2019,16:00,2226.6,2229.9,2217.3,2228.8,15092,64180
07/10/2019,16:00,2228.5,2240.4,2222.3,2226.3,13341,63737
07/11/2019,16:00,2225.5,2231.8,2213.2,2221.6,12141,65059
07/12/2019,16:00,2220.7,2245.0,2220.5,2242.9,12141,65059
07/15/2019,16:00,2240.4,2247.9,2227.6,2231.7,10721,64577
07/16/2019,16:00,2231.8,2239.4,2222.8,2232.4,10635,64557
07/17/2019,16:00,2230.8,2235.9,2213.2,2217.3,11110,64357
07/18/2019,16:00,2214.4,2229.5,2209.9,2223.7,10011,64741
07/19/2019,16:00,2229.0,2235.9,2212.4,2217.1,10011,64741
07/22/2019,16:00,2214.1,2225.7,2213.4,2216.1,9011,64615
07/23/2019,16:00,2218.1,2237.7,2216.4,2236.9,12132,64639
07/24/2019,16:00,2232.8,2266.2,2229.6,2264.6,14405,65249
07/25/2019,16:00,2265.0,2269.2,2240.3,2243.6,14233,64689
07/26/2019,16:00,2241.9,2265.4,2240.2,2263.4,10704,64782
07/29/2019,16:00,2261.5,2265.8,2250.6,2254.4,10710,66383
07/30/2019,16:00,2253.9,2268.4,2237.6,2267.2,15258,68234
07/31/2019,16:00,2265.7,2271.9,2234.5,2245.9,21326,67559
08/01/2019,16:00,2239.9,2257.1,2203.9,2213.8,16914,69320
08/02/2019,16:00,2209.3,2212.4,2180.7,2192.9,16914,69320
08/05/2019,16:00,2188.5,2192.7,2120.7,2138.3,21014,69954
08/06/2019,16:00,2120.9,2163.5,2096.3,2161.6,16727,70094
08/07/2019,16:00,2155.6,2170.8,2130.0,2165.6,15761,69504
08/08/2019,16:00,2161.8,2206.3,2156.4,2204.5,20504,70273
08/09/2019,16:00,2196.7,2201.1,2173.1,2179.4,12996,69879
08/12/2019,16:00,2178.2,2187.0,2146.6,2150.4,10138,69652
08/13/2019,16:00,2150.6,2190.4,2140.6,2172.3,13896,69464
08/14/2019,16:00,2175.4,2176.5,2113.5,2116.1,19463,69914
08/15/2019,16:00,2112.9,2135.7,2102.7,2112.5,16634,69886
08/16/2019,16:00,2116.0,2154.1,2115.0,2152.1,11209,69346
08/19/2019,16:00,2153.8,2177.7,2153.8,2170.0,8106,68735
08/20/2019,16:00,2169.1,2174.9,2151.2,2154.2,9493,68213
08/21/2019,16:00,2149.4,2172.3,2147.5,2164.8,10000,67767
08/22/2019,16:00,2170.1,2176.4,2154.6,2166.5,10810,67720
08/23/2019,16:00,2165.1,2175.0,2108.8,2114.3,23138,69394
08/26/2019,16:00,2100.0,2141.8,2092.7,2129.7,15694,69953
08/27/2019,16:00,2134.1,2142.6,2106.0,2109.7,14253,69863
08/28/2019,16:00,2109.9,2133.1,2100.8,2127.5,12411,69610
08/29/2019,16:00,2123.2,2158.5,2118.3,2155.3,10767,69274
08/30/2019,16:00,2153.9,2168.3,2148.7,2159.2,13753,68569
09/03/2019,16:00,2142.4,2151.1,2125.1,2135.0,17654,68391
09/04/2019,16:00,2131.4,2160.8,2130.9,2158.9,10544,67185
09/05/2019,16:00,2159.0,2198.7,2158.5,2190.6,9573,66802
09/06/2019,16:00,2187.0,2199.4,2187.0,2189.6,9573,66802
09/09/2019,16:00,2188.1,2205.6,2188.1,2204.9,12826,66288
09/10/2019,16:00,2203.0,2218.1,2189.1,2215.7,11914,66370
09/11/2019,16:00,2216.0,2246.0,2206.1,2242.3,16240,65448
09/12/2019,16:00,2244.1,2254.5,2229.4,2240.0,5870,4242
09/13/2019,16:00,2243.3,2254.8,2239.5,2241.3,43549,25836
09/16/2019,16:00,2231.0,2250.5,2224.9,2244.7,42217,46045
09/17/2019,16:00,2247.8,2248.9,2229.7,2237.0,26352,56949
09/18/2019,16:00,2238.8,2238.8,2215.3,2232.0,17221,60994
09/19/2019,16:00,2232.4,2244.2,2220.7,2227.8,12255,62006
09/20/2019,16:00,2226.7,2238.8,2215.4,2221.0,15688,63149
09/23/2019,16:00,2227.9,2235.6,2212.5,2225.4,12205,63684
09/24/2019,16:00,2231.4,2236.5,2197.6,2202.9,14972,63713
09/25/2019,16:00,2203.7,2228.8,2192.7,2225.2,12270,63829
09/26/2019,16:00,2224.8,2230.7,2206.3,2213.4,12525,63132
09/27/2019,16:00,2215.2,2225.9,2192.2,2200.1,12525,63132
09/30/2019,16:00,2206.7,2218.5,2199.2,2213.4,14342,63209
10/01/2019,16:00,2217.8,2228.8,2173.8,2176.5,19748,63251
10/02/2019,16:00,2176.4,2182.2,2137.4,2150.9,21419,65055
10/03/2019,16:00,2146.6,2163.1,2125.8,2161.1,10642,64884
10/04/2019,16:00,2160.1,2180.6,2151.6,2179.8,10642,64884
10/07/2019,16:00,2166.2,2184.0,2165.6,2170.6,9655,65283
10/08/2019,16:00,2169.3,2178.1,2135.2,2136.9,13566,65416
10/09/2019,16:00,2137.2,2156.8,2134.5,2149.1,11754,65081
10/10/2019,16:00,2151.0,2170.7,2126.4,2159.9,19318,64905
10/11/2019,16:00,2168.0,2209.5,2163.3,2192.9,19318,64907
10/14/2019,16:00,2193.9,2201.4,2177.7,2184.8,6255,64419
10/15/2019,16:00,2184.1,2206.1,2184.1,2199.7,10146,63648
10/16/2019,16:00,2200.2,2206.0,2190.8,2198.3,14511,64752
10/17/2019,16:00,2198.9,2217.3,2195.5,2214.2,17037,66881
10/18/2019,16:00,2215.3,2217.1,2201.0,2212.5,10450,67246
10/21/2019,16:00,2210.3,2233.0,2210.2,2223.4,9520,67649
10/22/2019,16:00,2225.2,2233.8,2217.9,2222.5,7422,67682
10/23/2019,16:00,2221.5,2227.1,2215.7,2224.3,5600,67515
10/24/2019,16:00,2227.9,2233.6,2215.4,2224.7,6625,68221
10/25/2019,16:00,2224.0,2240.6,2221.1,2234.5,7479,68042
10/28/2019,16:00,2235.5,2256.3,2235.0,2246.3,9164,68424
10/29/2019,16:00,2247.0,2256.3,2237.9,2251.0,12366,68289
10/30/2019,16:00,2251.2,2251.4,2233.4,2245.1,12899,69223
10/31/2019,16:00,2246.9,2247.1,2220.9,2230.4,14499,71027
11/01/2019,16:00,2231.3,2259.6,2229.7,2259.0,14499,71023
11/04/2019,16:00,2258.7,2274.4,2258.7,2270.2,11628,71311
11/05/2019,16:00,2268.0,2285.8,2267.3,2274.8,8902,71945
11/06/2019,16:00,2273.2,2276.9,2259.8,2265.7,9105,72175
11/07/2019,16:00,2267.4,2286.0,2263.7,2268.2,10505,72410
11/08/2019,16:00,2268.5,2275.7,2259.9,2273.9,8736,72689
11/11/2019,16:00,2274.4,2274.9,2260.3,2270.2,7346,72976
11/12/2019,16:00,2270.9,2278.7,2263.4,2266.8,9147,73378
11/13/2019,16:00,2267.2,2267.7,2252.3,2262.5,12370,74121
11/14/2019,16:00,2267.0,2270.1,2257.7,2266.9,12177,73716
11/15/2019,16:00,2266.6,2280.2,2266.6,2276.5,7832,73965
11/18/2019,16:00,2275.7,2280.8,2267.3,2273.0,9432,72906
11/19/2019,16:00,2273.3,2282.2,2268.7,2277.5,10622,73491
11/20/2019,16:00,2275.8,2280.8,2256.6,2270.2,15159,74688
11/21/2019,16:00,2265.5,2276.7,2253.6,2256.3,11422,74370
11/22/2019,16:00,2255.8,2265.5,2253.6,2261.4,9125,74376
11/25/2019,16:00,2268.3,2288.3,2267.2,2285.4,12486,75526
11/26/2019,16:00,2285.4,2296.8,2281.0,2293.4,11400,75623
11/27/2019,16:00,2295.4,2307.6,2294.7,2306.6,9099,76268
11/29/2019,16:00,2298.6,2303.6,2283.6,2285.4,13884,74621
12/02/2019,16:00,2286.3,2297.8,2270.1,2271.0,15694,74413
12/03/2019,16:00,2272.0,2277.0,2243.1,2259.8,16237,73976
12/04/2019,16:00,2260.0,2286.1,2254.0,2275.7,16760,75154
12/05/2019,16:00,2275.1,2284.1,2271.3,2278.8,14354,76780
12/06/2019,16:00,2280.0,2305.7,2279.9,2298.5,14354,76654
12/09/2019,16:00,2299.9,2300.6,2286.6,2288.8,8479,76165
12/10/2019,16:00,2288.2,2292.2,2275.0,2288.0,10069,76135
12/11/2019,16:00,2289.7,2294.4,2283.8,2291.7,10658,76138
12/12/2019,16:00,2296.7,2318.3,2287.8,2313.6,47233,38612
12/13/2019,16:00,2315.7,2325.4,2295.0,2301.8,47233,38608
12/16/2019,16:00,2303.8,2324.6,2303.5,2315.2,49833,66861
12/17/2019,16:00,2315.4,2323.0,2311.2,2321.8,27801,75019
12/18/2019,16:00,2320.1,2325.7,2314.6,2322.6,15515,78058
12/19/2019,16:00,2324.0,2332.3,2320.2,2330.9,12601,79120
12/20/2019,16:00,2331.3,2346.9,2328.8,2340.5,12864,79492
12/23/2019,16:00,2341.8,2346.9,2334.0,2339.2,10593,79761
12/24/2019,16:00,2340.5,2342.0,2336.6,2338.1,5120,78590
12/26/2019,16:00,2339.7,2344.9,2336.7,2342.7,9982,78512
12/27/2019,16:00,2343.1,2350.4,2334.3,2338.0,9982,78512
12/30/2019,16:00,2334.7,2343.0,2328.3,2335.9,12725,79661
12/31/2019,16:00,2334.6,2345.1,2329.7,2337.8,17326,77955
01/02/2020,16:00,2341.1,2353.6,2320.4,2339.4,17774,78343
01/03/2020,16:00,2341.2,2342.9,2305.2,2329.5,17655,77964
01/06/2020,16:00,2319.4,2329.9,2310.0,2328.1,14940,77148
01/07/2020,16:00,2325.7,2332.7,2316.1,2322.9,13956,77267
01/08/2020,16:00,2318.9,2334.3,2287.0,2326.2,17616,76899
01/09/2020,16:00,2330.7,2337.7,2325.6,2332.1,12418,76651
01/10/2020,16:00,2332.0,2337.0,2320.3,2325.8,10497,76642
01/13/2020,16:00,2325.5,2343.4,2322.2,2342.5,11665,77252
01/14/2020,16:00,2340.9,2354.2,2331.0,2347.7,13224,77442
01/15/2020,16:00,2348.8,2359.2,2341.3,2350.8,17021,78657
01/16/2020,16:00,2354.4,2374.4,2354.4,2373.8,18737,78721
01/17/2020,16:00,2373.0,2381.5,2366.3,2369.4,13847,78300
01/21/2020,16:00,2368.2,2370.7,2353.4,2357.2,14440,78533
01/22/2020,16:00,2357.7,2369.7,2351.9,2355.8,13895,78187
01/23/2020,16:00,2352.9,2364.2,2337.4,2360.6,18434,78084
01/24/2020,16:00,2360.7,2368.2,2326.6,2338.1,18434,78084
01/27/2020,16:00,2332.7,2332.7,2301.3,2308.5,21542,77256
01/28/2020,16:00,2309.6,2335.6,2308.5,2330.1,13687,76833
01/29/2020,16:00,2333.6,2339.0,2317.2,2319.4,12502,76990
01/30/2020,16:00,2323.0,2324.6,2298.4,2321.5,16716,77622
01/31/2020,16:00,2322.7,2325.7,2274.1,2280.0,23961,77652
02/03/2020,16:00,2281.7,2312.2,2280.9,2302.2,18180,77827
02/04/2020,16:00,2298.9,2337.8,2297.2,2329.1,13766,77894
02/05/2020,16:00,2332.4,2355.9,2325.0,2353.2,14173,77897
02/06/2020,16:00,2355.4,2367.1,2341.3,2342.5,11871,78228
02/07/2020,16:00,2345.8,2346.9,2319.1,2322.4,14158,78364
02/10/2020,16:00,2320.5,2336.1,2309.6,2333.4,10426,78337
02/11/2020,16:00,2334.3,2358.5,2334.0,2349.7,11816,78658
02/12/2020,16:00,2351.0,2364.9,2348.4,2363.8,11494,77811
02/13/2020,16:00,2363.7,2373.8,2345.2,2370.5,10134,78165
02/14/2020,16:00,2372.9,2380.0,2361.6,2369.5,10134,78165
02/18/2020,16:00,2369.7,2370.1,2350.3,2362.8,13063,78726
02/19/2020,16:00,2364.5,2380.0,2363.2,2371.0,13296,78211
02/20/2020,16:00,2373.9,2382.1,2354.3,2378.8,15899,78250
02/21/2020,16:00,2376.0,2376.9,2350.9,2357.1,16892,77169
02/24/2020,16:00,2346.0,2346.0,2284.6,2294.8,23128,77223
02/25/2020,16:00,2293.6,2316.3,2220.9,2223.5,35916,75621
02/26/2020,16:00,2228.3,2246.5,2187.3,2194.8,24556,75008
02/27/2020,16:00,2187.9,2197.6,2106.8,2124.2,63815,74117
02/28/2020,16:00,2110.8,2125.4,2041.0,2085.2,63815,74259
03/02/2020,16:00,2072.9,2148.3,2055.7,2146.8,44571,73574
03/03/2020,16:00,2138.9,2178.5,2088.2,2105.0,35166,72748
03/04/2020,16:00,2100.1,2173.8,2091.6,2172.2,27023,71458
03/05/2020,16:00,2162.8,2166.0,2081.5,2102.0,31371,73044
03/06/2020,16:00,2101.9,2109.3,2026.9,2068.7,31371,73025
03/09/2020,16:00,2048.5,2048.5,1891.8,1901.3,29181,75602
03/10/2020,16:00,1894.8,1982.9,1877.6,1964.9,40134,76123
03/11/2020,16:00,1955.8,1960.4,1832.6,1849.9,46823,78806
03/12/2020,16:00,1865.5,1865.5,1671.5,1683.9,53296,39283
03/13/2020,16:00,1681.0,1845.5,1648.5,1818.4,53296,40313
03/16/2020,16:00,1741.1,1741.1,1549.7,1567.6,44950,59957
03/17/2020,16:00,1610.4,1687.6,1578.0,1678.7,42556,73786
03/18/2020,16:00,1656.9,1657.6,1472.2,1528.6,26291,80321
03/19/2020,16:00,1540.3,1612.1,1471.8,1585.4,18640,81961
03/20/2020,16:00,1562.2,1645.6,1510.1,1531.0,11141,82921
03/23/2020,16:00,1468.1,1576.0,1442.9,1486.0,12247,83762
03/24/2020,16:00,1501.2,1630.4,1495.7,1621.6,11962,82184
03/25/2020,16:00,1618.5,1712.6,1591.7,1662.1,16564,81213
03/26/2020,16:00,1662.1,1744.4,1619.5,1739.2,9168,81888
03/27/2020,16:00,1738.9,1739.4,1666.6,1691.9,10368,82770
03/30/2020,16:00,1662.5,1734.7,1661.5,1732.9,12388,81469
03/31/2020,16:00,1733.2,1743.3,1695.6,1717.3,10942,80976
04/01/2020,16:00,1705.0,1705.0,1620.0,1630.8,11599,81974
04/02/2020,16:00,1635.1,1681.8,1613.0,1649.0,8202,82130
04/03/2020,16:00,1645.1,1656.1,1595.9,1609.7,8507,82189
04/06/2020,16:00,1625.6,1723.7,1621.4,1718.6,9849,80508
04/07/2020,16:00,1711.4,1808.4,1699.9,1738.3,13714,79253
04/08/2020,16:00,1727.5,1820.2,1718.8,1812.8,14978,77301
04/09/2020,16:00,1806.5,1888.7,1787.0,1861.2,11677,75790
04/13/2020,16:00,1874.2,1874.2,1795.3,1812.8,11322,75639
04/14/2020,16:00,1818.3,1866.5,1815.0,1845.6,10442,74749
04/15/2020,16:00,1846.4,1847.9,1775.3,1783.0,9877,75333
04/16/2020,16:00,1784.1,1811.7,1756.0,1782.8,13145,74401
04/17/2020,16:00,1842.5,1857.9,1820.5,1836.1,13145,74401
04/20/2020,16:00,1831.2,1839.5,1799.9,1806.7,13334,74885
04/21/2020,16:00,1805.8,1819.5,1754.9,1765.9,11989,75548
04/22/2020,16:00,1764.6,1805.5,1762.5,1786.1,8841,74881
04/23/2020,16:00,1787.8,1827.6,1779.8,1802.6,9718,74977
04/24/2020,16:00,1799.6,1832.3,1783.5,1824.0,6040,74284
04/27/2020,16:00,1834.6,1898.0,1817.5,1889.2,10098,73463
04/28/2020,16:00,1888.6,1939.4,1877.5,1904.4,12934,71727
04/29/2020,16:00,1906.6,1986.7,1902.9,1975.3,11045,69949
04/30/2020,16:00,1979.8,1987.2,1912.8,1920.8,11836,72452
05/01/2020,16:00,1905.1,1908.1,1847.0,1864.0,11836,72452
05/04/2020,16:00,1839.9,1868.6,1825.5,1867.1,8051,72287
05/05/2020,16:00,1864.3,1915.3,1862.7,1882.5,7874,71779
05/06/2020,16:00,1883.7,1902.5,1863.1,1869.2,6632,71475
05/07/2020,16:00,1861.8,1913.2,1854.0,1896.2,9539,70559
05/08/2020,16:00,1902.7,1957.3,1900.3,1953.1,9539,70528
05/11/2020,16:00,1949.0,1967.3,1919.3,1942.8,14049,70781
05/12/2020,16:00,1940.0,1952.6,1859.8,1881.7,12237,70438
05/13/2020,16:00,1860.2,1886.3,1809.9,1827.5,12656,71194
05/14/2020,16:00,1831.9,1849.3,1768.3,1843.0,14920,71527
05/15/2020,16:00,1844.6,1860.8,1817.6,1855.7,9269,71759
05/18/2020,16:00,1852.5,1960.4,1851.0,1952.1,14262,70442
05/19/2020,16:00,1952.0,1972.5,1927.7,1929.4,12771,70155
05/20/2020,16:00,1926.1,1976.0,1923.8,1964.8,9384,69256
05/21/2020,16:00,1970.2,1979.5,1948.4,1972.6,14049,68374
05/22/2020,16:00,1966.5,1979.5,1939.2,1972.5,8495,67730
05/26/2020,16:00,1999.9,2043.9,1996.4,2030.3,11197,67273
05/27/2020,16:00,2036.2,2084.4,2023.1,2077.2,12073,67132
05/28/2020,16:00,2078.2,2098.0,2044.4,2051.8,12254,67909
05/29/2020,16:00,2056.2,2063.5,2017.8,2041.8,14585,66477
06/01/2020,16:00,2048.0,2073.2,2022.5,2062.1,10352,65485
06/02/2020,16:00,2065.7,2084.0,2048.7,2078.5,9099,65017
06/03/2020,16:00,2076.4,2135.3,2074.9,2128.1,10949,65034
06/04/2020,16:00,2127.4,2138.2,2104.8,2129.4,13381,63034
06/05/2020,16:00,2133.0,2221.9,2127.0,2189.0,13381,63000
06/08/2020,16:00,2190.6,2225.2,2185.0,2224.0,9849,62565
06/09/2020,16:00,2222.5,2224.5,2173.0,2184.0,11329,62912
06/10/2020,16:00,2188.1,2206.1,2129.6,2136.1,63,192
06/11/2020,16:00,2129.9,2129.9,1996.9,1999.6,15107,10040
06/12/2020,16:00,2007.7,2070.8,1985.8,2035.8,62661,35092
06/15/2020,16:00,2039.0,2074.1,1954.2,2064.8,60199,55042
06/16/2020,16:00,2077.6,2142.5,2069.9,2101.3,30961,61829
06/17/2020,16:00,2098.5,2124.7,2072.0,2076.7,15259,63606
06/18/2020,16:00,2074.9,2089.7,2048.9,2072.4,11671,64920
06/19/2020,16:00,2068.9,2104.2,2045.5,2064.0,13723,64065
06/22/2020,16:00,2046.9,2077.4,2027.4,2069.9,11280,64291
06/23/2020,16:00,2074.2,2102.5,2038.0,2072.2,14424,63591
06/24/2020,16:00,2065.8,2077.4,1992.5,2010.1,16668,63713
06/25/2020,16:00,2018.8,2036.9,1985.5,2034.1,15339,64576
06/26/2020,16:00,2033.6,2038.2,1994.3,1998.9,15339,64576
06/29/2020,16:00,1990.4,2044.8,1986.0,2040.4,14730,65850
06/30/2020,16:00,2039.9,2068.6,2030.2,2063.6,16237,63498
07/01/2020,16:00,2059.9,2075.7,2039.3,2049.4,16924,63233
07/02/2020,16:00,2048.5,2092.7,2045.4,2059.0,12310,63787
07/06/2020,16:00,2057.5,2101.0,2057.5,2077.9,12486,63105
07/07/2020,16:00,2077.1,2087.0,2041.3,2042.7,13198,62847
07/08/2020,16:00,2046.7,2063.1,2033.8,2055.1,11017,62961
07/09/2020,16:00,2059.8,2060.9,2006.4,2028.6,12934,63564
07/10/2020,16:00,2030.4,2058.3,2006.1,2053.5,10725,63735
07/13/2020,16:00,2063.0,2086.0,2032.0,2033.9,14069,63313
07/14/2020,16:00,2045.8,2063.7,2021.7,2063.1,16051,63046
07/15/2020,16:00,2081.8,2122.9,2076.8,2116.6,17023,61925
07/16/2020,16:00,2122.8,2126.1,2096.3,2108.6,13173,61051
07/17/2020,16:00,2107.2,2122.7,2103.8,2116.5,9616,60288
07/20/2020,16:00,2112.5,2118.1,2096.3,2105.8,9872,59810
07/21/2020,16:00,2108.4,2141.6,2103.6,2129.6,11448,59615
07/22/2020,16:00,2128.6,2154.0,2111.2,2143.2,10056,58875
07/23/2020,16:00,2147.9,2168.8,2130.3,2145.8,13018,59412
07/24/2020,16:00,2151.5,2154.5,2126.4,2130.0,10922,59554
07/27/2020,16:00,2134.6,2149.9,2122.4,2148.0,9627,59240
07/28/2020,16:00,2149.1,2154.4,2128.2,2129.7,9146,59066
07/29/2020,16:00,2135.9,2173.7,2129.2,2170.4,8876,58632
07/30/2020,16:00,2169.8,2172.2,2129.1,2157.7,15384,58333
07/31/2020,16:00,2163.6,2163.6,2116.7,2145.0,20346,58278
08/03/2020,16:00,2146.4,2169.7,2137.5,2166.9,13553,57855
08/04/2020,16:00,2168.7,2178.5,2156.5,2175.7,10129,57198
08/05/2020,16:00,2177.5,2203.9,2174.8,2202.6,10021,57009
08/06/2020,16:00,2200.5,2209.9,2189.2,2196.1,11595,57503
08/07/2020,16:00,2194.5,2222.6,2183.8,2220.3,11595,57495
08/10/2020,16:00,2216.3,2238.4,2214.8,2228.9,10474,56836
08/11/2020,16:00,2229.1,2258.0,2222.1,2227.0,13865,56409
08/12/2020,16:00,2235.0,2251.3,2229.7,2240.0,11609,56594
08/13/2020,16:00,2238.9,2246.0,2227.7,2235.6,10366,56413
08/14/2020,16:00,2236.3,2243.0,2218.0,2232.1,10366,56421
08/17/2020,16:00,2231.3,2243.0,2229.8,2237.2,9687,57220
08/18/2020,16:00,2235.3,2241.2,2214.5,2219.6,12238,57686
08/19/2020,16:00,2219.6,2227.7,2208.0,2211.0,11734,57853
08/20/2020,16:00,2208.5,2210.4,2187.6,2199.2,10251,58325
08/21/2020,16:00,2199.7,2202.6,2178.7,2193.1,10251,58319
08/24/2020,16:00,2194.1,2222.1,2194.0,2221.2,11029,58684
08/25/2020,16:00,2220.5,2237.4,2203.1,2218.9,14030,58066
08/26/2020,16:00,2218.3,2221.5,2207.0,2211.5,9106,58170
08/27/2020,16:00,2212.1,2228.2,2208.2,2219.1,10986,57865
08/28/2020,16:00,2225.2,2239.6,2214.8,2230.3,10986,57863
08/31/2020,16:00,2233.5,2241.8,2207.7,2210.3,13529,57926
09/01/2020,16:00,2211.8,2227.1,2191.2,2224.5,12866,57462
09/02/2020,16:00,2226.4,2254.5,2219.9,2250.5,15393,56919
09/03/2020,16:00,2248.6,2254.5,2178.6,2189.5,25386,56103
09/04/2020,16:00,2194.6,2219.4,2142.5,2180.7,25386,56103
09/08/2020,16:00,2198.1,2203.5,2131.9,2138.2,27876,56323
09/09/2020,16:00,2129.7,2172.9,2114.1,2163.7,88,89
09/10/2020,16:00,2159.9,2185.6,2138.8,2140.5,9568,6619
09/11/2020,16:00,2147.4,2158.1,2121.6,2138.3,41721,27619
09/14/2020,16:00,2146.3,2180.0,2145.5,2176.6,41515,50951
09/15/2020,16:00,2170.1,2193.9,2170.1,2177.2,19826,55071
09/16/2020,16:00,2177.4,2207.5,2175.3,2183.6,13416,56173
09/17/2020,16:00,2189.0,2189.0,2146.8,2172.6,12380,56360
09/18/2020,16:00,2174.2,2181.8,2134.9,2151.6,15549,57654
09/21/2020,16:00,2151.1,2159.0,2082.2,2104.2,15801,58217
09/22/2020,16:00,2109.0,2122.6,2096.7,2118.3,11983,58730
09/23/2020,16:00,2114.1,2133.2,2074.8,2075.8,14764,58276
09/24/2020,16:00,2081.3,2099.6,2051.1,2075.7,14844,58216
09/25/2020,16:00,2081.0,2106.1,2054.0,2102.0,11974,58262
09/28/2020,16:00,2106.0,2149.8,2102.9,2143.9,11996,57016
09/29/2020,16:00,2150.3,2153.8,2121.6,2133.9,11823,57016
09/30/2020,16:00,2139.4,2164.5,2116.6,2146.2,18692,56890
10/01/2020,16:00,2139.9,2171.4,2139.9,2170.2,13475,57169
10/02/2020,16:00,2167.1,2195.7,2129.1,2188.1,14852,56992
10/05/2020,16:00,2200.3,2233.4,2194.2,2232.5,11985,56979
10/06/2020,16:00,2229.6,2268.6,2213.3,2223.1,20725,57386
10/07/2020,16:00,2218.9,2263.1,2215.7,2257.1,12035,56907
10/08/2020,16:00,2258.8,2282.5,2258.8,2277.1,9200,56373
10/09/2020,16:00,2284.2,2297.0,2275.5,2282.9,12382,56234
10/12/2020,16:00,2284.0,2301.0,2281.3,2295.6,10864,55976
10/13/2020,16:00,2299.3,2299.3,2274.9,2280.3,12440,56363
10/14/2020,16:00,2279.7,2296.2,2268.6,2269.9,10747,56072
10/15/2020,16:00,2273.9,2292.8,2241.2,2289.3,11311,56559
10/16/2020,16:00,2291.8,2302.2,2278.2,2284.4,9285,56865
10/19/2020,16:00,2284.5,2300.5,2256.4,2260.3,9807,57516
10/20/2020,16:00,2271.7,2291.7,2260.4,2271.0,11672,57198
10/21/2020,16:00,2271.3,2283.5,2256.6,2257.0,12007,55994
10/22/2020,16:00,2257.0,2295.2,2242.7,2290.1,12168,56787
10/23/2020,16:00,2296.8,2307.9,2281.3,2302.3,12168,56868
10/26/2020,16:00,2293.2,2293.2,2236.5,2259.1,12511,56628
10/27/2020,16:00,2258.3,2269.4,2223.6,2233.6,9728,56858
10/28/2020,16:00,2227.2,2227.2,2179.8,2180.5,16693,57115
10/29/2020,16:00,2189.7,2209.7,2164.9,2200.1,22126,55448
10/30/2020,16:00,2189.2,2199.9,2157.7,2185.9,18983,56152
11/02/2020,16:00,2185.7,2225.3,2173.3,2222.4,14994,56060
11/03/2020,16:00,2222.6,2274.7,2222.1,2267.0,13072,54572
11/04/2020,16:00,2272.0,2297.1,2200.3,2267.1,13798,53752
11/05/2020,16:00,2273.6,2329.5,2253.5,2324.5,13665,54207
11/06/2020,16:00,2326.5,2333.1,2298.2,2313.5,9772,53685
11/09/2020,16:00,2327.2,2481.5,2322.3,2371.0,18631,52812
11/10/2020,16:00,2376.5,2414.5,2355.9,2396.4,16551,53213
11/11/2020,16:00,2402.4,2411.9,2379.2,2393.9,9623,52879
11/12/2020,16:00,2398.0,2398.0,2341.2,2357.1,13165,52972
11/13/2020,16:00,2360.7,2405.6,2344.1,2402.1,10948,52547
11/16/2020,16:00,2411.3,2455.3,2409.5,2443.6,13332,52834
11/17/2020,16:00,2444.4,2455.9,2410.4,2448.5,9558,53100
11/18/2020,16:00,2444.3,2465.2,2414.4,2419.3,11884,53342
11/19/2020,16:00,2419.2,2439.6,2404.5,2438.5,11459,53625
11/20/2020,16:00,2419.9,2442.6,2412.5,2436.3,9348,54093
11/23/2020,16:00,2429.4,2480.0,2428.2,2469.8,11021,54068
11/24/2020,16:00,2468.7,2513.4,2468.7,2506.9,12700,53874
11/25/2020,16:00,2508.3,2518.2,2479.2,2491.0,12862,53854
11/27/2020,16:00,2483.7,2499.5,2476.0,2495.6,7127,54149
11/30/2020,16:00,2500.3,2502.3,2454.3,2458.7,18639,54812
12/01/2020,16:00,2467.0,2497.3,2464.5,2484.3,15076,53595
12/02/2020,16:00,2480.0,2486.7,2463.1,2480.8,15276,53476
12/03/2020,16:00,2484.5,2506.5,2474.2,2493.0,10447,53844
12/04/2020,16:00,2494.3,2536.5,2494.2,2534.7,10447,53844
12/07/2020,16:00,2534.6,2542.8,2516.6,2526.0,11055,53497
12/08/2020,16:00,2521.7,2542.2,2505.5,2538.6,14837,54109
12/09/2020,16:00,2543.9,2554.5,2516.1,2529.3,1286,972
12/10/2020,16:00,2533.9,2542.1,2512.6,2539.4,10268,8511
12/11/2020,16:00,2544.0,2548.2,2507.1,2532.7,38761,25930
12/14/2020,16:00,2548.1,2563.5,2528.5,2529.6,43285,43709
12/15/2020,16:00,2533.1,2583.3,2528.1,2580.9,25846,49166
12/16/2020,16:00,2579.6,2593.2,2561.8,2574.1,21976,51918
12/17/2020,16:00,2577.0,2595.2,2573.4,2591.9,17017,53361
12/18/2020,16:00,2590.5,2603.6,2569.0,2580.3,21907,53549
12/21/2020,16:00,2595.9,2603.3,2489.5,2574.2,18456,54398
12/22/2020,16:00,2575.2,2590.2,2552.8,2585.1,13908,53903
12/23/2020,16:00,2582.4,2611.8,2565.0,2605.2,9908,53711
12/24/2020,16:00,2608.1,2616.9,2595.1,2609.1,6034,54064
12/28/2020,16:00,2603.6,2638.4,2601.2,2602.2,12372,53702
12/29/2020,16:00,2606.2,2618.3,2566.0,2577.8,17994,53442
12/30/2020,16:00,2581.3,2610.9,2572.1,2596.5,11652,53499
12/31/2020,16:00,2596.3,2610.4,2578.3,2600.6,16031,52210
01/04/2021,16:00,2604.5,2626.7,2543.3,2563.9,26052,51996
01/05/2021,16:00,2567.9,2607.3,2552.2,2596.4,16684,52173
01/06/2021,16:00,2594.5,2704.6,2588.4,2688.4,22597,54029
01/07/2021,16:00,2686.8,2719.0,2677.6,2715.0,13881,54421
01/08/2021,16:00,2713.8,2732.0,2682.7,2710.3,12369,54699
01/11/2021,16:00,2727.5,2727.5,2674.7,2714.8,12570,54582
01/12/2021,16:00,2717.7,2745.3,2711.1,2743.7,10275,54552
01/13/2021,16:00,2738.3,2749.1,2717.5,2719.5,11939,54079
01/14/2021,16:00,2726.9,2757.7,2720.1,2743.5,13446,54735
01/15/2021,16:00,2746.1,2746.9,2690.7,2717.4,15847,54049
01/19/2021,16:00,2727.3,2746.9,2725.7,2738.4,14035,53987
01/20/2021,16:00,2735.7,2765.1,2729.4,2763.6,14302,54334
01/21/2021,16:00,2759.1,2773.4,2744.8,2746.8,10996,53711
01/22/2021,16:00,2751.7,2758.0,2720.4,2756.0,9488,53924
01/25/2021,16:00,2757.0,2776.8,2722.0,2746.7,11994,53885
01/26/2021,16:00,2746.5,2764.9,2712.3,2721.7,10688,53285
01/27/2021,16:00,2715.4,2722.7,2643.7,2659.2,16224,53330
01/28/2021,16:00,2660.3,2697.9,2634.7,2679.8,17916,52061
01/29/2021,16:00,2670.4,2687.3,2624.7,2632.8,17916,52056
02/01/2021,16:00,2636.8,2686.3,2593.1,2681.3,11123,52394
02/02/2021,16:00,2680.1,2715.1,2675.6,2711.1,10450,52267
02/03/2021,16:00,2710.1,2721.4,2690.8,2711.4,7950,51482
02/04/2021,16:00,2714.4,2751.0,2699.2,2745.0,7482,51304
02/05/2021,16:00,2747.2,2775.0,2743.1,2771.2,10203,51353
02/08/2021,16:00,2778.8,2814.6,2774.4,2811.1,8449,51648
02/09/2021,16:00,2810.6,2826.4,2802.2,2817.1,7589,51574
02/10/2021,16:00,2818.0,2835.8,2798.1,2814.6,9659,51314
02/11/2021,16:00,2818.7,2838.4,2798.6,2831.6,9742,51856
02/12/2021,16:00,2826.1,2844.3,2815.0,2838.8,7174,51461
02/16/2021,16:00,2856.8,2864.1,2826.6,2833.9,9530,51052
02/17/2021,16:00,2837.7,2839.0,2796.7,2821.3,8327,51216
02/18/2021,16:00,2822.7,2828.7,2780.2,2792.6,7665,50968
02/19/2021,16:00,2796.3,2836.9,2781.2,2831.1,8832,50900
02/22/2021,16:00,2838.1,2843.5,2802.8,2821.8,7971,50794
02/23/2021,16:00,2827.9,2837.1,2757.6,2825.3,11152,50449
02/24/2021,16:00,2827.3,2881.0,2813.2,2873.7,10646,50648
02/25/2021,16:00,2875.3,2886.7,2786.6,2793.8,18502,49956
02/26/2021,16:00,2796.2,2823.9,2758.9,2791.8,18502,49956
03/01/2021,16:00,2795.8,2871.2,2793.9,2860.5,10717,50346
03/02/2021,16:00,2864.2,2866.2,2820.1,2823.5,10552,49618
03/03/2021,16:00,2825.8,2857.6,2799.9,2803.0,10463,49627
03/04/2021,16:00,2807.0,2815.2,2711.0,2747.5,13474,49818
03/05/2021,16:00,2754.0,2813.4,2701.7,2807.7,13474,49817
03/08/2021,16:00,2807.3,2860.7,2779.5,2826.1,14447,49557
03/09/2021,16:00,2839.8,2867.6,2830.4,2844.0,7786,49387
03/10/2021,16:00,2846.7,2890.3,2833.3,2878.4,119,131
03/11/2021,16:00,2881.9,2924.1,2881.9,2918.0,8436,5253
03/12/2021,16:00,2920.4,2947.1,2906.5,2942.2,28712,24944
03/15/2021,16:00,2951.9,2981.7,2931.9,2979.4,26670,39813
03/16/2021,16:00,2975.9,2981.2,2933.7,2944.9,16126,44551
03/17/2021,16:00,2952.6,2964.0,2918.8,2962.8,13041,47058
03/18/2021,16:00,2963.2,2977.6,2903.6,2909.1,8267,47688
03/19/2021,16:00,2917.1,2932.7,2883.4,2908.6,14961,46954
03/22/2021,16:00,2909.2,2915.6,2883.6,2893.6,8752,46382
03/23/2021,16:00,2901.4,2904.9,2815.6,2825.8,11647,46610
03/24/2021,16:00,2832.8,2873.7,2810.0,2811.5,9293,46626
03/25/2021,16:00,2817.9,2873.3,2778.9,2864.3,9728,46053
03/26/2021,16:00,2869.1,2928.8,2865.5,2923.6,9728,46049
03/29/2021,16:00,2919.1,2933.7,2867.6,2873.9,10009,45417
03/30/2021,16:00,2885.8,2911.2,2866.9,2905.5,8120,45432
03/31/2021,16:00,2906.2,2930.7,2902.5,2907.2,10075,45364
04/01/2021,16:00,2910.6,2949.7,2905.7,2945.1,103,45334
04/05/2021,16:00,2982.8,2982.8,2945.7,2963.0,9396,44888
04/06/2021,16:00,2962.2,2984.1,2946.3,2964.1,9864,45251
04/07/2021,16:00,2969.9,2973.7,2936.7,2944.9,9488,45669
04/08/2021,16:00,2951.5,2962.8,2928.4,2955.6,6608,46211
04/09/2021,16:00,2963.3,2970.2,2948.8,2967.1,6608,46211
04/12/2021,16:00,2963.9,2980.2,2951.7,2976.6,7585,46134
04/13/2021,16:00,2976.9,2987.4,2948.3,2964.8,9310,45734
04/14/2021,16:00,2968.9,3002.0,2959.1,2978.8,12941,45569
04/15/2021,16:00,2985.6,3008.0,2975.9,2999.1,7662,45661
04/16/2021,16:00,2993.5,3026.4,2993.2,3018.5,8879,45705
04/19/2021,16:00,3011.9,3021.2,2988.2,3003.2,10280,46302
04/20/2021,16:00,3003.6,3014.8,2947.4,2963.2,10718,46071
04/21/2021,16:00,2961.9,3012.4,2953.7,3011.2,11131,45986
04/22/2021,16:00,3006.7,3032.9,2989.3,2997.5,9018,45810
04/23/2021,16:00,3002.8,3054.6,3002.8,3043.4,10282,45696
04/26/2021,16:00,3038.7,3064.9,3038.7,3054.7,7644,44972
04/27/2021,16:00,3055.5,3067.2,3046.1,3060.5,7099,44859
04/28/2021,16:00,3060.7,3068.6,3047.8,3059.3,6397,44755
04/29/2021,16:00,3056.6,3082.9,3040.1,3059.4,9752,44485
04/30/2021,16:00,3054.8,3055.0,3018.0,3022.2,13693,44634
05/03/2021,16:00,3036.9,3056.9,3030.7,3038.1,9727,44610
05/04/2021,16:00,3037.8,3039.1,2999.2,3028.7,14564,44922
05/05/2021,16:00,3031.7,3044.7,3005.1,3024.2,9357,44605
05/06/2021,16:00,3027.7,3041.5,2997.4,3038.3,9836,44673
05/07/2021,16:00,3038.1,3072.4,3025.7,3068.7,9836,44673
05/10/2021,16:00,3071.4,3079.9,3027.3,3035.5,11189,44552
05/11/2021,16:00,3034.2,3037.7,2979.9,3010.6,15262,45168
05/12/2021,16:00,3010.1,3015.4,2921.6,2926.6,18148,44992
05/13/2021,16:00,2930.6,2988.2,2907.9,2976.3,17873,45383
05/14/2021,16:00,2973.9,3028.7,2972.9,3020.4,13059,45018
05/17/2021,16:00,3024.7,3026.0,2988.7,3017.6,8818,44795
05/18/2021,16:00,3020.4,3030.3,2981.9,2988.9,11767,44382
05/19/2021,16:00,2989.7,2989.7,2928.7,2972.5,10942,44118
05/20/2021,16:00,2969.9,2991.3,2947.5,2983.3,8200,44732
05/21/2021,16:00,2982.1,3013.3,2978.2,2988.7,6172,44417
05/24/2021,16:00,3029.6,3029.9,2983.9,3002.1,7945,44702
05/25/2021,16:00,3005.5,3023.8,2980.1,2982.6,7505,44598
05/26/2021,16:00,2983.8,3010.7,2983.8,3009.3,7090,45347
05/27/2021,16:00,3012.2,3033.3,2999.9,3026.2,7584,45100
05/28/2021,16:00,3033.4,3041.2,3014.2,3028.6,7584,45100
06/01/2021,16:00,3015.8,3051.6,3015.8,3043.6,11480,44558
06/02/2021,16:00,3047.6,3051.0,3024.0,3029.2,10968,44838
06/03/2021,16:00,3030.0,3033.5,2993.1,3014.4,9362,44674
06/04/2021,16:00,3016.9,3032.7,3006.7,3029.4,7332,44634
06/07/2021,16:00,3030.2,3039.3,3016.5,3026.2,9200,44588
06/08/2021,16:00,3031.2,3054.6,3015.5,3049.9,9725,44170
06/09/2021,16:00,3049.6,3055.2,3031.7,3032.5,9472,44170
06/10/2021,16:00,3027.4,3052.3,3023.5,3032.7,9081,6314
06/11/2021,16:00,3033.5,3055.1,3031.7,3052.8,27917,23222
06/14/2021,16:00,3052.8,3063.5,3018.9,3029.2,26183,36551
06/15/2021,16:00,3029.5,3038.0,3006.3,3026.4,16403,43765
06/16/2021,16:00,3025.3,3027.3,2992.6,3007.1,12618,44306
06/17/2021,16:00,3001.2,3008.3,2941.7,2963.7,13540,45081
06/18/2021,16:00,2964.7,2965.2,2902.5,2911.4,14836,44591
06/21/2021,16:00,2925.6,2976.5,2887.0,2973.5,12219,44118
06/22/2021,16:00,2973.2,2983.7,2952.0,2977.1,8824,43879
06/23/2021,16:00,2976.5,2991.5,2970.9,2978.5,9129,43882
06/24/2021,16:00,2983.0,3010.2,2981.0,3004.6,12135,42837
06/25/2021,16:00,3013.5,3034.5,3001.6,3029.7,12135,42802
06/28/2021,16:00,3037.1,3037.5,2986.4,3000.0,11428,42153
06/29/2021,16:00,2996.0,3018.7,2991.7,2996.8,7041,42440
06/30/2021,16:00,3000.8,3004.2,2977.0,2999.4,10338,42729
07/01/2021,16:00,3003.5,3028.8,3001.2,3022.3,12133,43930
07/02/2021,16:00,3022.5,3033.6,3003.2,3013.0,8725,44033
07/06/2021,16:00,3016.2,3018.9,2958.9,2980.8,13151,43371
07/07/2021,16:00,2979.3,2996.1,2958.5,2984.6,9799,42723
07/08/2021,16:00,2986.1,2990.0,2920.1,2951.6,15224,43792
07/09/2021,16:00,2950.4,3011.2,2933.7,3008.5,13230,43806
07/12/2021,16:00,3009.0,3019.6,2985.2,3016.2,7812,43599
07/13/2021,16:00,3020.8,3020.8,2973.0,2974.3,8692,43400
07/14/2021,16:00,2971.9,3002.4,2954.5,2960.1,9249,43893
07/15/2021,16:00,2962.4,2962.5,2930.5,2950.6,8690,43895
07/16/2021,16:00,2947.9,2973.2,2914.5,2918.7,10056,43634
07/19/2021,16:00,2919.5,2919.5,2850.6,2873.1,14812,44672
07/20/2021,16:00,2881.5,2959.6,2873.3,2946.6,15059,45097
07/21/2021,16:00,2947.8,2989.4,2941.6,2978.5,11908,45290
07/22/2021,16:00,2981.2,2985.8,2938.5,2951.5,8734,44255
07/23/2021,16:00,2953.0,2977.6,2949.4,2974.2,8619,43916
07/26/2021,16:00,2938.8,2994.5,2931.0,2978.8,7576,43516
07/27/2021,16:00,2979.0,2979.0,2944.2,2962.4,8721,43803
07/28/2021,16:00,2963.2,2997.9,2946.1,2983.5,8495,44005
07/29/2021,16:00,2985.5,3026.1,2979.2,3010.0,7531,43879
07/30/2021,16:00,3009.7,3029.8,2985.8,3005.7,8316,43892
08/02/2021,16:00,3012.8,3047.4,2992.4,2994.5,8251,43516
08/03/2021,16:00,2998.4,3014.0,2972.8,3010.7,10429,42304
08/04/2021,16:00,3006.9,3013.7,2981.1,2984.2,9235,42491
08/05/2021,16:00,2986.2,3014.6,2981.5,3009.8,7591,42858
08/06/2021,16:00,3011.2,3036.6,3007.2,3021.3,7879,43562
08/09/2021,16:00,3021.2,3023.0,2997.4,3013.5,6492,43690
08/10/2021,16:00,3015.4,3031.5,3004.3,3023.3,7760,43311
08/11/2021,16:00,3020.8,3046.5,3010.4,3045.4,7242,43056
08/12/2021,16:00,3046.4,3050.7,3026.2,3040.3,6420,42814
08/13/2021,16:00,3039.0,3046.0,3030.7,3036.3,6608,43132
08/16/2021,16:00,3033.0,3035.3,3005.2,3029.1,8060,43473
08/17/2021,16:00,3025.9,3026.0,2968.0,2996.1,11719,43387
08/18/2021,16:00,2991.7,3007.6,2960.2,2970.3,9005,43604
08/19/2021,16:00,2965.4,2972.8,2922.8,2948.3,12370,43798
08/20/2021,16:00,2951.2,2982.5,2925.5,2980.6,7956,43549
08/23/2021,16:00,2980.5,3008.4,2980.4,3004.1,7597,43525
08/24/2021,16:00,3010.1,3035.3,3007.5,3029.3,8045,43132
08/25/2021,16:00,3030.6,3058.9,3026.0,3046.5,7573,43338
08/26/2021,16:00,3049.5,3051.0,3017.2,3020.5,10491,42883
08/27/2021,16:00,3019.7,3077.8,3013.4,3072.4,12747,43432
08/30/2021,16:00,3075.7,3080.4,3059.9,3066.0,9534,43315
08/31/2021,16:00,3069.7,3078.0,3049.3,3059.0,9417,43422
09/01/2021,16:00,3062.6,3076.8,3040.9,3066.4,9130,43746
09/02/2021,16:00,3064.2,3086.5,3057.8,3078.6,8086,42331
09/03/2021,16:00,3080.2,3089.3,3059.0,3065.5,8086,42331
09/07/2021,16:00,3063.2,3067.0,3030.6,3034.3,10035,42681
09/08/2021,16:00,3032.7,3036.7,3007.7,3024.6,8829,42681
09/09/2021,16:00,3016.4,3042.0,3011.0,3018.4,9961,6589
09/10/2021,16:00,3019.1,3036.3,2991.1,2992.1,25766,21331
09/13/2021,16:00,2994.2,3016.1,2990.0,3009.6,26178,34539
09/14/2021,16:00,3015.2,3023.5,2971.7,2979.1,20156,41532
09/15/2021,16:00,2982.6,3010.7,2974.5,3009.4,17447,43058
09/16/2021,16:00,3009.1,3018.8,2989.5,3004.6,21031,43081
09/17/2021,16:00,3002.7,3010.7,2975.3,2982.3,21031,43046
09/20/2021,16:00,2978.6,2978.6,2905.9,2940.2,22765,43350
09/21/2021,16:00,2936.5,2972.9,2921.5,2936.3,14393,43515
09/22/2021,16:00,2931.9,2991.8,2915.3,2971.9,12437,42750
09/23/2021,16:00,2972.9,3023.7,2972.9,3009.0,11850,41929
09/24/2021,16:00,3013.6,3019.5,2989.6,3003.9,11850,41929
09/27/2021,16:00,3004.5,3044.3,2999.1,3028.9,12443,41749
09/28/2021,16:00,3025.5,3035.1,2984.0,2987.1,14956,41449
09/29/2021,16:00,2992.9,3004.6,2977.9,2988.6,10344,41318
09/30/2021,16:00,2992.7,3016.1,2943.1,2946.1,17329,41706
10/01/2021,16:00,2945.7,3007.7,2916.5,2988.0,13430,41655
10/04/2021,16:00,2996.6,3002.9,2962.8,2973.5,15014,41733
10/05/2021,16:00,2981.5,3003.0,2959.4,2977.2,12022,40505
10/06/2021,16:00,2976.2,2978.4,2926.6,2973.9,15552,40214
10/07/2021,16:00,2974.4,3031.0,2974.4,3012.6,13730,39836
10/08/2021,16:00,3015.5,3023.7,2992.8,2996.9,8488,38930
10/11/2021,16:00,2999.4,3019.6,2974.8,2982.7,8686,38854
10/12/2021,16:00,2978.9,3011.6,2956.9,2998.7,11449,39131
10/13/2021,16:00,2993.2,3014.6,2977.1,3007.9,11972,39116
10/14/2021,16:00,3008.6,3058.7,3008.6,3054.8,11471,38831
10/15/2021,16:00,3055.8,3086.7,3053.2,3056.9,10894,40018
10/18/2021,16:00,3060.1,3067.8,3038.4,3062.8,12988,39950
10/19/2021,16:00,3062.1,3085.0,3060.1,3070.6,9262,40081
10/20/2021,16:00,3072.0,3098.3,3064.1,3092.1,10504,40162
10/21/2021,16:00,3091.5,3107.6,3078.3,3101.2,12541,40462
10/22/2021,16:00,3103.5,3120.6,3090.9,3104.3,12541,40462
10/25/2021,16:00,3097.0,3128.9,3092.5,3117.7,11919,40881
10/26/2021,16:00,3120.3,3128.1,3096.0,3100.9,12871,40553
10/27/2021,16:00,3100.1,3102.7,3055.7,3056.8,14081,40790
10/28/2021,16:00,3060.4,3107.3,3055.9,3100.8,12227,40769
10/29/2021,16:00,3102.3,3115.1,3090.6,3102.3,12393,40359
11/01/2021,16:00,3108.3,3162.1,3104.3,3160.5,14041,40631
11/02/2021,16:00,3158.9,3173.5,3146.9,3164.6,17141,40611
11/03/2021,16:00,3162.3,3208.5,3154.6,3197.3,14409,41487
11/04/2021,16:00,3198.7,3217.5,3181.5,3190.4,15162,41283
11/05/2021,16:00,3190.3,3234.7,3186.4,3208.4,13668,41482
11/08/2021,16:00,3205.7,3237.1,3205.7,3211.3,12370,41702
11/09/2021,16:00,3210.8,3222.9,3202.3,3209.6,13127,41861
11/10/2021,16:00,3208.2,3217.8,3175.3,3189.6,14476,42150
11/11/2021,16:00,3188.8,3210.4,3184.5,3203.3,9736,42203
11/12/2021,16:00,3203.9,3216.1,3200.7,3215.0,8715,42141
11/15/2021,16:00,3216.9,3227.2,3210.4,3219.5,9978,42131
11/16/2021,16:00,3219.8,3234.9,3211.6,3218.4,10077,42291
11/17/2021,16:00,3220.0,3220.9,3182.6,3196.9,11225,41741
11/18/2021,16:00,3199.9,3210.0,3172.7,3195.7,13280,41484
11/19/2021,16:00,3195.7,3207.2,3160.7,3178.7,12591,42308
11/22/2021,16:00,3184.1,3214.8,3180.8,3188.3,15222,42223
11/23/2021,16:00,3187.5,3200.0,3158.1,3180.7,18006,42053
11/24/2021,16:00,3183.7,3185.6,3155.0,3185.1,11053,41768
11/26/2021,16:00,3184.1,3184.1,3056.0,3074.3,15496,41250
11/29/2021,16:00,3105.7,3127.7,3074.0,3097.0,15854,40730
11/30/2021,16:00,3098.7,3110.2,3011.9,3038.8,19414,40768
12/01/2021,16:00,3040.5,3088.8,2966.1,2976.1,19073,41015
12/02/2021,16:00,2978.8,3058.1,2976.7,3054.7,23440,40972
12/03/2021,16:00,3048.3,3063.3,2990.9,3006.8,23440,40969
12/06/2021,16:00,3017.9,3086.9,3013.2,3070.3,16266,40908
12/07/2021,16:00,3071.8,3139.8,3065.6,3120.1,13532,41422
12/08/2021,16:00,3124.9,3138.6,3105.8,3129.3,132,176
12/09/2021,16:00,3127.3,3127.3,3081.1,3082.9,9838,6269
12/10/2021,16:00,3085.7,3109.4,3067.4,3088.4,29692,20777
12/13/2021,16:00,3091.1,3106.6,3050.6,3066.6,33197,33408
12/14/2021,16:00,3068.8,3079.1,3038.7,3052.3,17336,36604
12/15/2021,16:00,3051.8,3082.2,3019.6,3080.4,15346,37721
12/16/2021,16:00,3079.5,3105.0,3032.0,3045.1,16568,38328
12/17/2021,16:00,3046.4,3064.8,3010.2,3038.9,19377,38078
12/20/2021,16:00,3039.2,3040.9,2954.4,2997.6,19856,38107
12/21/2021,16:00,2998.9,3064.0,2994.6,3062.7,13141,37667
12/22/2021,16:00,3063.5,3088.8,3052.7,3087.3,11932,37315
12/23/2021,16:00,3085.9,3112.8,3085.8,3105.4,10781,36254
12/27/2021,16:00,3111.3,3145.3,3097.9,3143.0,11210,37501
12/28/2021,16:00,3142.9,3165.4,3136.7,3146.1,9546,37408
12/29/2021,16:00,3149.2,3162.7,3139.5,3156.8,10035,37211
12/30/2021,16:00,3156.7,3179.3,3149.4,3150.1,10187,37426
12/31/2021,16:00,3152.3,3168.9,3136.8,3153.4,10329,37703
01/03/2022,16:00,3166.3,3180.5,3140.6,3157.0,18431,37999
01/04/2022,16:00,3160.1,3188.7,3156.1,3174.0,19180,38194
01/05/2022,16:00,3174.2,3186.6,3105.7,3109.4,19461,39171
01/06/2022,16:00,3109.3,3142.0,3091.3,3127.9,19947,40551
01/07/2022,16:00,3131.5,3138.8,3092.8,3099.6,20400,42089
01/10/2022,16:00,3099.5,3108.6,3044.9,3091.6,22370,43142
01/11/2022,16:00,3093.3,3119.4,3064.6,3114.7,17364,42494
01/12/2022,16:00,3117.4,3141.1,3093.6,3110.5,11291,42219
01/13/2022,16:00,3109.0,3137.6,3093.6,3102.1,12841,42502
01/14/2022,16:00,3109.3,3109.9,3052.1,3096.5,12377,42537
01/18/2022,16:00,3088.9,3095.5,3026.9,3035.7,13127,44042
01/19/2022,16:00,3037.5,3051.3,2991.7,2998.2,19071,44086
01/20/2022,16:00,2999.4,3042.0,2935.7,2943.9,27117,45719
01/21/2022,16:00,2946.8,2964.0,2900.0,2902.9,27117,45718
01/24/2022,16:00,2901.2,2958.9,2830.1,2955.0,46599,46339
01/25/2022,16:00,2954.3,2956.6,2856.3,2891.5,16657,46628
01/26/2022,16:00,2897.2,2961.8,2851.4,2876.7,15403,47318
01/27/2022,16:00,2883.0,2929.0,2825.7,2847.8,15190,48210
01/28/2022,16:00,2848.5,2888.9,2796.7,2880.5,16122,49239
01/31/2022,16:00,2882.4,2947.4,2858.4,2932.8,18190,46063
02/01/2022,16:00,2936.9,2975.9,2919.1,2965.7,12227,46056
02/02/2022,16:00,2963.5,2983.4,2951.1,2972.6,12355,46077
02/03/2022,16:00,2969.6,2972.4,2926.1,2941.5,9300,46547
02/04/2022,16:00,2940.0,2954.9,2896.5,2928.3,9300,46547
02/07/2022,16:00,2936.0,2953.0,2916.0,2938.2,9092,46926
02/08/2022,16:00,2938.0,2988.0,2929.8,2985.1,8371,47126
02/09/2022,16:00,2985.7,3033.4,2985.7,3032.8,8503,46391
02/10/2022,16:00,3032.0,3057.3,2979.1,2993.0,11408,45952
02/11/2022,16:00,2992.5,3016.1,2942.4,2966.4,11888,45896
02/14/2022,16:00,2961.1,2982.1,2927.9,2945.6,19518,46469
02/15/2022,16:00,2946.7,3010.7,2938.8,3002.7,16159,46728
02/16/2022,16:00,3002.3,3023.9,2987.9,3009.7,12595,46759
02/17/2022,16:00,3011.4,3014.6,2952.5,2960.1,15170,47067
02/18/2022,16:00,2957.7,2982.8,2936.1,2942.9,13936,47118
02/22/2022,16:00,2899.0,2954.5,2890.8,2919.7,19515,47870
02/23/2022,16:00,2922.7,2939.8,2861.0,2864.6,18036,47887
02/24/2022,16:00,2869.0,2905.6,2794.6,2889.7,23929,48504
02/25/2022,16:00,2889.3,2976.6,2867.8,2973.3,23929,48502
02/28/2022,16:00,2933.5,2987.4,2892.0,2975.2,22936,48766
03/01/2022,16:00,2974.7,2996.0,2902.9,2927.5,21988,49571
03/02/2022,16:00,2930.0,3004.0,2906.4,2987.5,23084,49455
03/03/2022,16:00,2985.7,3014.2,2950.3,2972.2,16407,49378
03/04/2022,16:00,2972.2,2977.0,2902.3,2923.5,11609,49902
03/07/2022,16:00,2913.6,2933.1,2823.5,2830.1,11343,50135
03/08/2022,16:00,2827.4,2897.8,2798.1,2837.3,16584,51954
03/09/2022,16:00,2834.5,2923.9,2833.6,2910.9,14411,51954
03/10/2022,16:00,2890.3,2913.1,2871.8,2908.5,8110,6143
03/11/2022,16:00,2910.8,2955.3,2880.3,2881.4,43172,32375
03/14/2022,16:00,2957.3,2957.3,2847.8,2860.3,29665,44357
03/15/2022,16:00,2863.0,2901.7,2832.6,2899.2,20909,48950
03/16/2022,16:00,2895.6,2988.7,2890.5,2974.1,23545,49409
03/17/2022,16:00,2986.1,3002.5,2957.9,3000.9,11596,49798
03/18/2022,16:00,2990.6,3030.9,2977.2,3020.6,18357,49604
03/21/2022,16:00,3024.9,3042.4,2994.1,3012.5,11476,49527
03/22/2022,16:00,3011.6,3050.9,3001.5,3030.4,10254,48983
03/23/2022,16:00,3029.2,3036.8,2975.9,2979.6,17063,48432
03/24/2022,16:00,2977.3,3014.2,2976.1,3010.4,12503,47736
03/25/2022,16:00,3012.0,3030.8,3002.3,3030.3,12934,47308
03/28/2022,16:00,3029.7,3035.9,2998.3,3034.2,14837,47166
03/29/2022,16:00,3034.4,3098.5,3029.6,3091.3,17922,46838
03/30/2022,16:00,3086.5,3089.9,3036.5,3050.0,13294,46397
03/31/2022,16:00,3052.0,3061.2,3007.9,3011.5,9995,46340
04/01/2022,16:00,3018.7,3041.3,3003.9,3027.8,14577,45971
04/04/2022,16:00,3021.3,3031.7,3008.5,3022.3,8709,46210
04/05/2022,16:00,3020.7,3034.6,2966.1,2972.1,9541,46314
04/06/2022,16:00,2976.9,2978.7,2924.4,2941.4,10120,46416
04/07/2022,16:00,2940.3,2953.4,2901.0,2935.8,8766,46668
04/08/2022,16:00,2933.8,2959.3,2922.0,2933.9,8766,46668
04/11/2022,16:00,2928.0,2957.6,2914.4,2922.3,9939,46464
04/12/2022,16:00,2926.3,2970.8,2909.5,2918.9,12487,46659
04/13/2022,16:00,2922.7,2965.1,2921.4,2960.9,13648,46410
04/14/2022,16:00,2958.5,2981.2,2943.1,2945.4,15993,46568
04/18/2022,16:00,2944.1,2954.6,2928.0,2940.9,13230,46861
04/19/2022,16:00,2947.1,3004.4,2932.8,3000.9,10336,47343
04/20/2022,16:00,2995.2,3037.0,2992.7,3020.9,11975,46888
04/21/2022,16:00,3028.4,3050.1,2964.4,2971.5,14828,46739
04/22/2022,16:00,2966.8,2971.8,2886.9,2900.0,16790,47994
04/25/2022,16:00,2896.4,2917.7,2846.2,2915.1,20452,49334
04/26/2022,16:00,2912.9,2920.7,2831.1,2839.2,19857,51181
04/27/2022,16:00,2834.6,2869.9,2824.8,2839.6,22078,52063
04/28/2022,16:00,2854.6,2897.8,2818.9,2887.2,16480,53343
04/29/2022,16:00,2882.4,2901.8,2813.2,2817.4,16480,53343
05/02/2022,16:00,2831.1,2846.6,2777.0,2829.2,21366,55231
05/03/2022,16:00,2829.0,2869.8,2819.4,2859.1,13919,54424
05/04/2022,16:00,2858.3,2931.0,2833.5,2921.6,11674,55000
05/05/2022,16:00,2927.9,2934.2,2805.8,2835.9,19991,58002
05/06/2022,16:00,2832.9,2837.6,2764.2,2793.0,19991,57782
05/09/2022,16:00,2838.3,2838.3,2703.5,2716.4,14951,59361
05/10/2022,16:00,2721.2,2755.7,2662.9,2704.5,15827,60104
05/11/2022,16:00,2703.0,2754.2,2661.2,2676.5,14315,60471
05/12/2022,16:00,2673.1,2704.1,2643.0,2677.0,13490,60957
05/13/2022,16:00,2678.7,2766.4,2678.4,2746.5,9913,60424
05/16/2022,16:00,2749.9,2760.2,2717.9,2736.3,9754,60333
05/17/2022,16:00,2737.0,2813.7,2737.0,2811.8,13388,59995
05/18/2022,16:00,2814.2,2815.7,2704.9,2712.9,14109,59711
05/19/2022,16:00,2715.7,2740.2,2681.4,2711.8,10525,60326
05/20/2022,16:00,2712.2,2744.1,2649.0,2704.3,10525,60325
05/23/2022,16:00,2712.6,2741.3,2696.9,2732.0,8467,59816
05/24/2022,16:00,2720.2,2723.1,2657.6,2705.3,10338,60169
05/25/2022,16:00,2707.4,2756.4,2687.0,2746.2,9074,59954
05/26/2022,16:00,2751.0,2813.6,2742.6,2798.0,8931,58712
05/27/2022,16:00,2799.5,2867.9,2797.1,2867.4,8931,58712
05/31/2022,16:00,2869.3,2871.2,2819.1,2836.1,20234,55861
06/01/2022,16:00,2839.2,2854.2,2782.8,2811.9,10528,55486
06/02/2022,16:00,2813.9,2872.6,2805.1,2871.1,9864,54917
06/03/2022,16:00,2872.1,2876.0,2832.2,2845.5,7692,55231
06/06/2022,16:00,2847.5,2872.3,2843.1,2859.4,7912,55597
06/07/2022,16:00,2857.6,2890.0,2830.6,2883.1,11158,56878
06/08/2022,16:00,2884.7,2887.9,2833.6,2843.8,263,240
06/09/2022,16:00,2835.2,2860.2,2785.9,2790.3,16409,11963
06/10/2022,16:00,2793.4,2794.9,2717.5,2728.3,30888,28359
06/13/2022,16:00,2717.5,2717.5,2603.5,2617.7,45200,48827
06/14/2022,16:00,2621.6,2646.8,2582.2,2607.2,32782,54198
06/15/2022,16:00,2607.3,2662.2,2593.9,2632.1,17136,56379
06/16/2022,16:00,2637.1,2655.8,2508.6,2527.9,17805,57327
06/17/2022,16:00,2529.9,2562.7,2516.4,2546.2,20246,58620
06/21/2022,16:00,2566.9,2591.8,2557.5,2572.3,13589,57800
06/22/2022,16:00,2572.2,2578.9,2525.7,2560.6,14039,57947
06/23/2022,16:00,2560.5,2581.4,2543.4,2566.7,15291,56905
06/24/2022,16:00,2568.6,2659.1,2566.3,2655.9,15291,56905
06/27/2022,16:00,2658.1,2680.5,2643.5,2668.5,13162,56377
06/28/2022,16:00,2665.2,2698.4,2629.2,2634.0,12228,56073
06/29/2022,16:00,2633.3,2641.9,2595.4,2613.5,12953,56285
06/30/2022,16:00,2613.3,2617.6,2560.3,2587.0,18285,57285
07/01/2022,16:00,2582.9,2623.0,2559.0,2618.9,16550,58256
07/05/2022,16:00,2607.7,2626.5,2549.8,2613.0,15402,58725
07/06/2022,16:00,2616.0,2628.6,2576.3,2606.6,12917,58504
07/07/2022,16:00,2608.0,2656.4,2594.9,2647.5,11331,57431
07/08/2022,16:00,2648.0,2662.1,2625.1,2646.8,11620,56950
07/11/2022,16:00,2645.1,2645.1,2612.7,2621.0,10713,57394
07/12/2022,16:00,2619.2,2641.2,2595.8,2614.2,12196,56762
07/13/2022,16:00,2615.4,2645.2,2573.4,2601.7,13593,56587
07/14/2022,16:00,2599.2,2603.4,2551.2,2584.9,10442,56841
07/15/2022,16:00,2587.3,2629.5,2576.7,2629.5,11222,55728
07/18/2022,16:00,2636.3,2662.1,2616.8,2625.7,9863,55178
07/19/2022,16:00,2626.5,2702.7,2625.2,2697.9,10607,54663
07/20/2022,16:00,2703.5,2728.9,2683.7,2717.3,13610,53538
07/21/2022,16:00,2717.4,2743.3,2699.6,2740.4,11306,53415
07/22/2022,16:00,2740.5,2757.8,2704.4,2722.0,11306,53415
07/25/2022,16:00,2718.5,2740.3,2709.6,2735.2,10637,53435
07/26/2022,16:00,2733.9,2737.1,2711.8,2724.2,10495,53537
07/27/2022,16:00,2719.8,2776.4,2719.8,2768.7,9831,53202
07/28/2022,16:00,2770.6,2814.6,2751.8,2809.6,9891,52913
07/29/2022,16:00,2804.5,2846.0,2802.3,2836.8,15698,53587
08/01/2022,16:00,2838.0,2848.0,2807.2,2837.0,13302,52120
08/02/2022,16:00,2835.4,2839.5,2804.2,2814.9,10345,52036
08/03/2022,16:00,2817.0,2841.7,2806.6,2832.4,10962,51522
08/04/2022,16:00,2832.6,2845.1,2812.7,2814.1,7889,51223
08/05/2022,16:00,2813.4,2832.4,2785.1,2824.1,10145,51074
08/08/2022,16:00,2825.8,2869.2,2820.1,2848.3,10193,51089
08/09/2022,16:00,2848.5,2851.8,2814.4,2825.2,10376,51785
08/10/2022,16:00,2823.9,2888.8,2817.7,2884.4,11818,50875
08/11/2022,16:00,2883.5,2934.6,2882.8,2904.2,13356,49688
08/12/2022,16:00,2905.3,2940.7,2898.7,2937.1,8814,49737
08/15/2022,16:00,2935.1,2947.4,2916.3,2942.5,12906,49218
08/16/2022,16:00,2941.3,2971.4,2935.6,2962.9,10274,48759
08/17/2022,16:00,2962.7,2966.1,2907.5,2929.6,10016,48943
08/18/2022,16:00,2928.9,2948.8,2919.5,2944.6,8898,49155
08/19/2022,16:00,2943.6,2945.1,2894.6,2903.0,9099,49287
08/22/2022,16:00,2894.2,2896.6,2841.6,2851.5,11781,49353
08/23/2022,16:00,2850.1,2873.8,2833.4,2844.2,11662,49105
08/24/2022,16:00,2844.5,2866.2,2835.1,2864.1,8484,48904
08/25/2022,16:00,2865.8,2900.3,2861.4,2895.3,11403,48773
08/26/2022,16:00,2898.0,2910.9,2811.9,2812.1,11403,48773
08/29/2022,16:00,2816.1,2827.1,2789.9,2807.0,13688,49407
08/30/2022,16:00,2808.2,2828.8,2761.4,2770.1,14939,50236
08/31/2022,16:00,2770.7,2789.6,2749.9,2757.6,12120,50974
09/01/2022,16:00,2755.1,2756.8,2702.2,2732.2,13755,51612
09/02/2022,16:00,2732.7,2769.6,2704.8,2724.1,14964,51385
09/06/2022,16:00,2733.2,2743.2,2683.4,2700.9,14993,51853
09/07/2022,16:00,2698.9,2758.8,2683.8,2752.8,355,313
09/08/2022,16:00,2758.3,2776.4,2717.6,2776.4,11594,7544
09/09/2022,16:00,2774.2,2821.7,2772.2,2817.7,26058,24778
09/12/2022,16:00,2827.4,2856.7,2818.0,2851.2,30900,41579
09/13/2022,16:00,2851.8,2867.6,2742.5,2751.5,19810,45890
09/14/2022,16:00,2751.4,2766.7,2720.9,2756.0,17536,48031
09/15/2022,16:00,2754.4,2771.8,2723.9,2732.1,13215,48536
09/16/2022,16:00,2725.2,2726.4,2678.1,2707.6,13955,48583
09/19/2022,16:00,2700.6,2735.3,2670.0,2734.3,12973,48384
09/20/2022,16:00,2733.6,2741.7,2674.2,2696.7,10534,48055
09/21/2022,16:00,2700.9,2729.9,2648.3,2649.9,12908,48009
09/22/2022,16:00,2650.5,2676.5,2601.0,2607.1,14091,48464
09/23/2022,16:00,2606.4,2611.5,2527.1,2559.4,14954,49533
09/26/2022,16:00,2557.9,2573.7,2514.9,2524.7,16958,50600
09/27/2022,16:00,2525.0,2563.6,2503.4,2526.4,20965,51029
09/28/2022,16:00,2527.0,2596.7,2496.7,2582.7,15745,50770
09/29/2022,16:00,2585.2,2587.0,2513.3,2540.2,24834,54380
09/30/2022,16:00,2540.6,2572.2,2518.1,2525.6,24834,54380
10/03/2022,16:00,2518.9,2600.8,2508.1,2589.2,17162,54370
10/04/2022,16:00,2590.2,2677.8,2585.8,2672.9,14412,53933
10/05/2022,16:00,2672.6,2675.5,2622.8,2664.5,13914,53703
10/06/2022,16:00,2664.2,2678.2,2636.2,2644.6,14320,54004
10/07/2022,16:00,2636.5,2656.5,2573.8,2583.8,11588,54494
10/10/2022,16:00,2579.3,2599.5,2563.8,2582.1,12834,55342
10/11/2022,16:00,2584.0,2613.6,2551.1,2587.8,14228,55997
10/12/2022,16:00,2586.9,2607.1,2561.2,2575.7,11712,55877
10/13/2022,16:00,2578.5,2633.8,2509.3,2620.1,16727,55707
10/14/2022,16:00,2622.1,2657.9,2562.2,2565.9,15716,56160
10/17/2022,16:00,2562.7,2636.7,2562.7,2633.8,16250,55133
10/18/2022,16:00,2635.8,2690.9,2635.8,2670.5,13763,54941
10/19/2022,16:00,2670.1,2679.2,2596.0,2622.0,13104,55359
10/20/2022,16:00,2619.9,2643.6,2577.5,2590.1,15731,54203
10/21/2022,16:00,2587.3,2636.7,2565.7,2636.7,15731,54203
10/24/2022,16:00,2642.4,2659.3,2612.4,2645.7,11180,53407
10/25/2022,16:00,2646.5,2710.1,2634.4,2704.0,11360,52430
10/26/2022,16:00,2703.6,2747.3,2698.2,2716.4,13267,51237
10/27/2022,16:00,2713.2,2742.6,2691.6,2710.5,12765,50938
10/28/2022,16:00,2703.7,2764.1,2692.8,2761.9,12765,50938
10/31/2022,16:00,2752.3,2766.2,2735.3,2754.2,17701,48561
11/01/2022,16:00,2754.3,2783.7,2748.1,2759.7,15730,47074
11/02/2022,16:00,2761.5,2776.1,2684.9,2690.7,14046,46896
11/03/2022,16:00,2690.7,2700.3,2642.3,2684.1,13558,48120
11/04/2022,16:00,2679.1,2742.2,2679.1,2717.6,15010,48182
11/07/2022,16:00,2703.3,2748.6,2702.4,2742.9,9340,47861
11/08/2022,16:00,2741.2,2774.6,2721.3,2749.8,9981,47458
11/09/2022,16:00,2750.0,2756.0,2691.5,2698.8,10207,47758
11/10/2022,16:00,2700.7,2843.8,2696.7,2843.1,17747,47710
11/11/2022,16:00,2842.7,2871.0,2835.6,2849.2,12542,46539
11/14/2022,16:00,2846.9,2861.7,2823.4,2831.5,15629,45947
11/15/2022,16:00,2831.3,2884.6,2830.5,2857.6,13422,45589
11/16/2022,16:00,2853.8,2873.5,2820.4,2827.9,10847,45693
11/17/2022,16:00,2829.2,2836.9,2780.4,2811.4,22378,45526
11/18/2022,16:00,2813.1,2841.7,2802.8,2827.3,8783,45155
11/21/2022,16:00,2830.8,2833.3,2808.4,2823.1,8304,45365
11/22/2022,16:00,2822.4,2863.6,2816.6,2862.4,10025,45291
11/23/2022,16:00,2863.8,2878.2,2851.2,2868.0,12589,44644
11/25/2022,16:00,2870.8,2880.4,2862.0,2878.8,6316,44438
11/28/2022,16:00,2868.9,2871.3,2820.8,2829.6,10579,44545
11/29/2022,16:00,2827.6,2846.9,2825.1,2834.4,8398,44312
11/30/2022,16:00,2833.5,2906.4,2812.1,2905.6,19363,43311
12/01/2022,16:00,2908.3,2918.1,2879.4,2884.2,10653,42815
12/02/2022,16:00,2883.0,2901.7,2840.4,2883.6,10653,42816
12/05/2022,16:00,2886.4,2889.9,2813.6,2824.9,11034,43627
12/06/2022,16:00,2825.2,2830.4,2773.5,2792.5,10663,44171
12/07/2022,16:00,2792.4,2814.0,2780.4,2789.7,57,91
12/08/2022,16:00,2796.9,2827.6,2795.7,2811.1,3346,2317
12/09/2022,16:00,2815.4,2822.5,2780.5,2780.6,28798,19158
12/12/2022,16:00,2781.7,2813.1,2773.8,2804.8,30139,36218
12/13/2022,16:00,2805.9,2893.6,2803.2,2826.4,22018,40924
12/14/2022,16:00,2827.9,2846.2,2794.4,2820.3,15532,42675
12/15/2022,16:00,2819.4,2823.8,2746.1,2752.7,14440,43697
12/16/2022,16:00,2751.7,2758.8,2708.6,2725.0,16426,44253
12/19/2022,16:00,2714.9,2740.1,2689.3,2698.9,10501,43755
12/20/2022,16:00,2699.9,2726.0,2674.6,2718.5,10920,42987
12/21/2022,16:00,2720.4,2764.2,2718.3,2760.3,11727,42866
12/22/2022,16:00,2763.3,2763.3,2687.6,2725.2,10301,42447
12/23/2022,16:00,2723.7,2747.0,2714.0,2744.7,8772,42167
12/27/2022,16:00,2756.0,2767.6,2732.7,2746.2,6146,42536
12/28/2022,16:00,2747.0,2757.4,2703.1,2706.9,7987,42654
12/29/2022,16:00,2707.4,2760.0,2703.8,2747.5,8231,42456
12/30/2022,16:00,2750.8,2750.8,2719.1,2745.2,9918,42365
01/03/2023,16:00,2759.8,2772.8,2709.9,2727.2,15735,43142
01/04/2023,16:00,2730.8,2778.1,2723.1,2763.1,18644,42949
01/05/2023,16:00,2765.8,2768.7,2723.2,2738.6,14176,42691
01/06/2023,16:00,2739.8,2804.7,2736.2,2798.4,14176,42690
01/09/2023,16:00,2805.2,2828.6,2797.5,2800.3,9417,42576
01/10/2023,16:00,2801.3,2825.7,2786.0,2823.2,9989,42541
01/11/2023,16:00,2822.2,2856.4,2822.0,2855.5,8355,42102
01/12/2023,16:00,2854.7,2883.0,2840.9,2878.1,14933,41768
01/13/2023,16:00,2879.2,2893.1,2853.9,2890.2,9381,42265
01/17/2023,16:00,2886.4,2902.1,2878.9,2884.2,10572,42653
01/18/2023,16:00,2882.8,2910.9,2849.8,2852.0,12470,43081
01/19/2023,16:00,2850.9,2853.5,2811.2,2821.9,9830,43312
01/20/2023,16:00,2823.9,2866.5,2814.9,2863.7,11105,42881
01/23/2023,16:00,2864.4,2906.0,2857.8,2896.5,10507,42508
01/24/2023,16:00,2895.7,2901.4,2874.2,2882.7,10199,42361
01/25/2023,16:00,2885.8,2898.2,2855.5,2893.5,9028,42486
01/26/2023,16:00,2893.1,2918.3,2886.4,2912.9,7137,42795
01/27/2023,16:00,2910.9,2934.7,2904.6,2925.1,7137,42802
01/30/2023,16:00,2928.2,2931.7,2895.0,2902.1,8736,43215
01/31/2023,16:00,2903.7,2960.0,2885.2,2955.2,14645,42576
02/01/2023,16:00,2955.3,3019.3,2943.9,2997.5,14667,41944
02/02/2023,16:00,2996.9,3044.1,2995.3,3029.1,14579,42387
02/03/2023,16:00,3024.6,3036.5,3002.3,3013.1,18045,43477
02/06/2023,16:00,3006.8,3011.6,2970.7,2983.3,11550,43546
02/07/2023,16:00,2986.7,3008.6,2953.2,2996.6,13556,43466
02/08/2023,16:00,2997.6,3004.3,2963.3,2971.3,13208,43908
02/09/2023,16:00,2971.7,2998.0,2928.6,2940.5,10474,45142
02/10/2023,16:00,2941.8,2944.7,2915.8,2942.6,8709,44897
02/13/2023,16:00,2939.8,2974.4,2929.8,2971.6,7383,45115
02/14/2023,16:00,2969.8,2994.2,2945.6,2970.8,10098,44769
02/15/2023,16:00,2970.9,2993.4,2949.0,2992.0,6548,44905
02/16/2023,16:00,2988.2,2999.8,2954.3,2969.7,9150,45160
02/17/2023,16:00,2967.4,2970.4,2945.4,2967.8,8501,45298
02/21/2023,16:00,2960.6,2960.6,2898.0,2904.4,9092,44700
02/22/2023,16:00,2903.6,2923.0,2895.6,2907.1,13037,45120
02/23/2023,16:00,2906.3,2932.1,2885.4,2912.9,10712,45128
02/24/2023,16:00,2911.5,2916.8,2871.9,2897.7,11661,44789
02/27/2023,16:00,2896.8,2933.3,2894.4,2907.1,10059,44760
02/28/2023,16:00,2911.6,2923.2,2892.9,2898.5,14497,44759
03/01/2023,16:00,2897.0,2913.5,2886.4,2908.8,13757,44535
03/02/2023,16:00,2906.7,2920.6,2878.5,2916.0,12106,45148
03/03/2023,16:00,2914.6,2949.9,2910.3,2947.2,12106,45152
03/06/2023,16:00,2943.9,2953.5,2907.5,2914.4,9789,45096
03/07/2023,16:00,2912.7,2922.5,2877.5,2882.1,9857,44671
03/08/2023,16:00,2881.2,2895.6,2867.2,2883.6,13181,44254
03/09/2023,16:00,2883.9,2891.4,2817.0,2820.0,4568,2572
03/10/2023,16:00,2813.8,2831.0,2729.6,2753.6,30851,15031
03/13/2023,16:00,2757.3,2795.6,2674.1,2703.3,49309,33345
03/14/2023,16:00,2703.4,2777.1,2697.9,2747.7,30789,40326
03/15/2023,16:00,2747.3,2754.7,2652.6,2690.1,22580,42991
03/16/2023,16:00,2690.0,2735.7,2655.9,2725.6,20529,40839
03/17/2023,16:00,2719.2,2734.3,2659.1,2672.3,19477,41879
03/20/2023,16:00,2680.5,2728.1,2629.5,2713.6,16215,41756
03/21/2023,16:00,2712.2,2764.8,2711.1,2757.7,12185,41042
03/22/2023,16:00,2755.2,2762.5,2687.5,2694.3,17557,40809
03/23/2023,16:00,2695.0,2734.4,2660.4,2688.1,16299,41419
03/24/2023,16:00,2689.4,2700.7,2640.6,2700.5,14640,41365
03/27/2023,16:00,2701.6,2733.6,2693.4,2726.0,11539,41210
03/28/2023,16:00,2724.2,2735.8,2710.3,2729.6,9088,40683
03/29/2023,16:00,2729.3,2756.7,2728.7,2754.1,12780,40287
03/30/2023,16:00,2753.4,2782.8,2750.7,2763.1,17119,39396
03/31/2023,16:00,2760.7,2809.4,2758.8,2807.9,17119,39822
04/03/2023,16:00,2801.9,2820.9,2785.9,2804.7,13296,39426
04/04/2023,16:00,2803.1,2814.8,2747.2,2764.8,11068,40238
04/05/2023,16:00,2766.1,2766.8,2726.9,2739.9,8593,39995
04/06/2023,16:00,2739.4,2749.2,2726.3,2737.8,8910,39880
04/07/2023,16:00,2739.5,2758.7,2731.8,2754.0,109,39877
04/10/2023,16:00,2754.0,2773.8,2723.7,2772.9,9799,39450
04/11/2023,16:00,2772.8,2801.9,2768.2,2792.2,8029,39425
04/12/2023,16:00,2792.3,2818.8,2774.3,2776.1,11128,39334
04/13/2023,16:00,2777.3,2799.7,2768.6,2793.4,10130,39640
04/14/2023,16:00,2793.9,2811.4,2765.9,2787.1,9890,39429
04/17/2023,16:00,2786.1,2802.5,2777.9,2800.2,8384,39938
04/18/2023,16:00,2800.4,2814.6,2783.3,2795.5,8418,39845
04/19/2023,16:00,2795.8,2802.9,2776.2,2796.2,8192,39661
04/20/2023,16:00,2795.5,2800.3,2774.7,2789.6,9262,39427
04/21/2023,16:00,2789.2,2799.7,2767.5,2786.3,8332,39306
04/24/2023,16:00,2783.8,2800.0,2772.6,2787.5,8831,39653
04/25/2023,16:00,2787.5,2788.2,2728.8,2736.5,11963,39346
04/26/2023,16:00,2735.5,2743.2,2712.8,2716.3,14473,38921
04/27/2023,16:00,2717.2,2757.1,2713.3,2752.5,12292,37803
04/28/2023,16:00,2751.0,2781.2,2735.0,2779.3,12292,37807
05/01/2023,16:00,2778.2,2797.2,2770.5,2773.4,11337,38228
05/02/2023,16:00,2772.1,2778.4,2707.2,2738.7,15915,38113
05/03/2023,16:00,2737.6,2782.6,2725.9,2727.8,18891,38097
05/04/2023,16:00,2738.3,2738.3,2680.9,2692.6,16051,38633
05/05/2023,16:00,2689.6,2753.8,2689.6,2746.0,11564,38228
05/08/2023,16:00,2750.4,2759.0,2728.6,2738.9,8603,38097
05/09/2023,16:00,2737.9,2738.4,2716.2,2730.5,8639,37420
05/10/2023,16:00,2730.3,2767.4,2707.0,2733.4,11895,37509
05/11/2023,16:00,2733.8,2743.4,2703.2,2716.4,8827,37657
05/12/2023,16:00,2715.9,2733.4,2698.8,2711.8,8419,37767
05/15/2023,16:00,2711.3,2743.9,2708.5,2733.1,8111,37607
05/16/2023,16:00,2733.9,2734.6,2697.3,2705.3,8779,37328
05/17/2023,16:00,2703.3,2745.8,2697.1,2740.3,12074,37366
05/18/2023,16:00,2739.8,2764.3,2727.7,2762.8,10762,37675
05/19/2023,16:00,2762.3,2775.3,2728.3,2735.6,9280,37962
05/22/2023,16:00,2731.9,2761.3,2730.3,2753.5,8635,37901
05/23/2023,16:00,2753.5,2763.8,2723.8,2728.2,10283,37791
05/24/2023,16:00,2728.0,2732.7,2692.2,2699.9,13422,37785
05/25/2023,16:00,2697.2,2706.9,2678.7,2698.5,15858,38395
05/26/2023,16:00,2698.1,2727.0,2691.7,2723.8,9985,38046
05/30/2023,16:00,2728.7,2740.2,2709.8,2721.4,15564,37566
05/31/2023,16:00,2720.8,2722.0,2671.2,2685.4,17590,38553
06/01/2023,16:00,2684.8,2711.3,2674.5,2709.1,16895,38189
06/02/2023,16:00,2710.4,2786.8,2707.7,2786.0,16895,38193
06/05/2023,16:00,2786.8,2794.3,2743.9,2759.5,17459,39145
06/06/2023,16:00,2755.6,2814.0,2752.7,2810.4,13172,38744
06/07/2023,16:00,2808.1,2853.3,2803.9,2852.1,13229,38000
06/08/2023,16:00,2852.6,2855.2,2820.4,2834.9,2536,1771
06/09/2023,16:00,2832.9,2839.2,2812.2,2821.9,25440,1771
06/12/2023,16:00,2822.1,2841.2,2811.6,2836.1,29134,31867
06/13/2023,16:00,2838.6,2872.4,2835.4,2863.3,15221,36029
06/14/2023,16:00,2864.6,2883.1,2830.0,2847.4,14897,37129
06/15/2023,16:00,2844.0,2873.0,2826.5,2871.3,12591,38313
06/16/2023,16:00,2866.0,2884.9,2848.8,2858.0,14926,38538
06/20/2023,16:00,2859.5,2859.6,2826.1,2840.4,9726,38734
06/21/2023,16:00,2838.4,2847.7,2821.2,2836.4,9516,38558
06/22/2023,16:00,2837.0,2839.8,2807.4,2820.7,8981,38443
06/23/2023,16:00,2824.7,2824.7,2786.6,2790.4,12114,38698
06/26/2023,16:00,2790.6,2823.8,2780.2,2809.9,10318,38265
06/27/2023,16:00,2814.5,2855.2,2806.1,2851.6,8804,38435
06/28/2023,16:00,2850.4,2854.9,2831.8,2850.3,10060,38221
06/29/2023,16:00,2854.7,2882.8,2846.0,2881.5,8865,38584
06/30/2023,16:00,2880.0,2908.7,2879.1,2898.0,10951,37982
07/03/2023,16:00,2899.7,2912.8,2891.9,2905.7,7954,37708
07/05/2023,16:00,2903.8,2905.4,2877.4,2882.0,9269,37567
07/06/2023,16:00,2882.1,2882.8,2826.6,2852.2,11385,37679
07/07/2023,16:00,2850.2,2898.8,2843.2,2876.1,8809,37799
07/10/2023,16:00,2878.3,2911.1,2858.6,2909.5,9648,38397
07/11/2023,16:00,2910.4,2942.0,2906.7,2938.3,7493,38042
07/12/2023,16:00,2937.4,2978.7,2936.9,2958.4,11628,38495
07/13/2023,16:00,2962.3,2975.7,2956.5,2972.7,7804,38407
07/14/2023,16:00,2968.7,2974.3,2934.6,2945.6,10151,38584
07/17/2023,16:00,2944.6,2970.0,2935.7,2963.8,7001,38442
07/18/2023,16:00,2959.9,2992.2,2955.7,2989.0,8842,38396
07/19/2023,16:00,2986.4,3005.2,2981.9,2998.4,9879,38186
07/20/2023,16:00,2996.6,3008.6,2972.4,2982.9,11421,38098
07/21/2023,16:00,2986.3,3000.1,2973.2,2976.3,9707,37703
07/24/2023,16:00,2977.9,2995.3,2970.9,2979.9,9651,37616
07/25/2023,16:00,2979.8,2997.6,2970.7,2984.5,8665,37377
07/26/2023,16:00,2983.8,3006.5,2978.5,2998.4,11357,37453
07/27/2023,16:00,2992.5,3022.1,2956.9,2963.9,14245,38317
07/28/2023,16:00,2965.2,2995.4,2958.2,2985.6,11979,38658
07/31/2023,16:00,2983.9,3003.4,2979.8,2997.3,11310,39006
08/01/2023,16:00,2998.4,3001.1,2972.5,2989.1,9299,39112
08/02/2023,16:00,2970.8,2981.2,2947.6,2957.9,10947,39470
08/03/2023,16:00,2958.6,2964.1,2929.3,2947.1,10498,39380
08/04/2023,16:00,2945.2,2975.1,2938.1,2946.4,12277,39637
08/07/2023,16:00,2947.1,2970.4,2947.1,2967.8,8199,39609
08/08/2023,16:00,2967.2,2967.2,2914.6,2943.7,10096,39655
08/09/2023,16:00,2941.4,2954.5,2920.9,2929.5,9146,39574
08/10/2023,16:00,2933.5,2960.1,2913.9,2923.8,11280,39450
08/11/2023,16:00,2926.9,2932.5,2911.6,2923.8,7935,39381
08/14/2023,16:00,2926.6,2932.7,2901.7,2928.6,9242,39966
08/15/2023,16:00,2929.7,2932.7,2889.6,2891.9,10638,40175
08/16/2023,16:00,2894.2,2901.7,2865.9,2867.1,11200,40389
08/17/2023,16:00,2866.3,2877.4,2831.2,2832.7,12223,40459
08/18/2023,16:00,2832.6,2845.5,2812.2,2838.5,13624,40651
08/21/2023,16:00,2839.7,2852.3,2820.8,2840.9,13013,38117
08/22/2023,16:00,2838.1,2854.7,2823.9,2828.3,12663,37818
08/23/2023,16:00,2830.1,2859.3,2822.2,2856.8,10141,37735
08/24/2023,16:00,2859.0,2871.2,2826.8,2829.6,10999,37808
08/25/2023,16:00,2831.9,2850.0,2811.7,2838.0,12670,37827
08/28/2023,16:00,2838.0,2874.7,2836.4,2860.5,10246,37696
08/29/2023,16:00,2861.8,2897.9,2851.5,2897.2,9559,38160
08/30/2023,16:00,2898.4,2912.5,2891.6,2903.0,7320,37916
08/31/2023,16:00,2903.9,2916.8,2900.3,2902.6,7696,37724
09/01/2023,16:00,2903.7,2933.0,2902.7,2926.8,9552,37872
09/05/2023,16:00,2911.4,2914.4,2864.2,2865.1,14219,38524
09/06/2023,16:00,2865.0,2880.4,2844.6,2857.7,8839,38710
09/07/2023,16:00,2858.0,2859.8,2824.2,2833.2,3153,2469
09/08/2023,16:00,2833.8,2839.7,2823.5,2829.5,18380,2469
09/11/2023,16:00,2829.0,2850.2,2828.2,2833.1,32538,33950
09/12/2023,16:00,2834.6,2845.9,2825.3,2832.4,13610,37565
09/13/2023,16:00,2833.8,2839.8,2806.5,2817.4,12114,39374
09/14/2023,16:00,2818.4,2854.3,2816.7,2850.1,12999,40451
09/15/2023,16:00,2852.1,2859.2,2812.9,2821.1,14435,40519
09/18/2023,16:00,2822.7,2829.9,2811.6,2817.5,9676,39546
09/19/2023,16:00,2820.1,2827.9,2802.3,2812.0,8308,39449
09/20/2023,16:00,2813.0,2836.0,2793.8,2796.1,10395,38836
09/21/2023,16:00,2796.1,2796.9,2746.2,2749.0,10247,38915
09/22/2023,16:00,2747.8,2763.5,2743.3,2744.3,11175,38536
09/25/2023,16:00,2748.1,2763.6,2729.2,2759.8,10362,38434
09/26/2023,16:00,2762.7,2762.7,2718.3,2719.9,12008,38498
09/27/2023,16:00,2725.9,2744.9,2714.1,2733.3,15796,38320
09/28/2023,16:00,2737.7,2770.3,2726.1,2759.5,12206,38359
09/29/2023,16:00,2764.6,2781.6,2745.3,2748.5,21003,38762
10/02/2023,16:00,2752.6,2765.3,2704.9,2714.8,13855,38854
10/03/2023,16:00,2715.4,2719.8,2663.8,2674.2,13859,39166
10/04/2023,16:00,2671.8,2689.5,2654.7,2686.4,14597,39068
10/05/2023,16:00,2681.1,2692.2,2665.4,2681.1,13960,39316
10/06/2023,16:00,2679.7,2715.1,2653.8,2701.3,14730,39206
10/09/2023,16:00,2690.3,2726.4,2669.2,2719.1,10624,38682
10/10/2023,16:00,2718.1,2758.9,2716.5,2742.9,10575,38970
10/11/2023,16:00,2741.7,2761.2,2731.6,2750.4,10476,38816
10/12/2023,16:00,2753.9,2767.7,2686.6,2700.7,10905,39010
10/13/2023,16:00,2697.0,2711.7,2677.3,2685.9,11210,38816
10/16/2023,16:00,2687.7,2731.1,2687.7,2724.7,11948,38193
10/17/2023,16:00,2727.0,2772.2,2710.5,2755.0,11734,38332
10/18/2023,16:00,2754.0,2756.7,2696.4,2698.6,13506,38241
10/19/2023,16:00,2699.2,2707.3,2652.3,2659.9,14460,38358
10/20/2023,16:00,2661.0,2666.0,2629.9,2632.6,13854,38708
10/23/2023,16:00,2638.7,2641.2,2608.1,2610.4,11687,39054
10/24/2023,16:00,2616.6,2639.0,2611.3,2622.8,10639,39875
10/25/2023,16:00,2619.3,2621.0,2582.9,2585.3,11853,40363
10/26/2023,16:00,2587.6,2614.1,2568.8,2595.2,15599,40111
10/27/2023,16:00,2598.4,2608.8,2557.9,2563.9,14319,40026
10/30/2023,16:00,2568.1,2596.7,2561.4,2581.9,12248,39786
10/31/2023,16:00,2579.0,2608.2,2569.8,2603.2,13854,39726
11/01/2023,16:00,2599.8,2617.9,2582.9,2617.3,17488,39393
11/02/2023,16:00,2616.0,2669.1,2616.0,2667.7,15120,39505
11/03/2023,16:00,2669.0,2728.5,2665.5,2715.3,15468,39524
11/06/2023,16:00,2720.3,2720.3,2681.4,2691.2,13649,39178
11/07/2023,16:00,2687.6,2691.0,2671.4,2684.1,10979,39492
11/08/2023,16:00,2684.4,2695.5,2667.8,2672.8,10627,39876
11/09/2023,16:00,2669.1,2687.4,2640.7,2644.8,12118,39605
11/10/2023,16:00,2647.1,2677.0,2640.7,2674.9,11422,39270
11/13/2023,16:00,2676.6,2679.5,2659.0,2671.8,11661,40141
11/14/2023,16:00,2673.2,2773.8,2666.7,2766.4,20464,40680
11/15/2023,16:00,2770.6,2805.0,2765.7,2777.8,16034,38839
11/16/2023,16:00,2775.1,2784.6,2742.1,2750.5,18643,39044
11/17/2023,16:00,2752.3,2776.4,2751.2,2771.1,11797,39056
11/20/2023,16:00,2768.9,2786.6,2759.4,2781.8,11851,39244
11/21/2023,16:00,2780.3,2785.2,2762.7,2768.6,11588,39744
11/22/2023,16:00,2767.7,2791.4,2766.0,2782.4,13645,39810
11/24/2023,16:00,2777.4,2797.0,2776.5,2793.1,6262,40081
11/27/2023,16:00,2793.1,2794.2,2771.4,2788.8,11775,40173
11/28/2023,16:00,2789.4,2793.3,2768.8,2772.0,19922,40237
11/29/2023,16:00,2771.9,2808.1,2770.8,2781.1,20201,39908
11/30/2023,16:00,2781.7,2798.8,2774.1,2795.7,24020,39868
12/01/2023,16:00,2795.4,2858.1,2782.8,2856.1,18322,39169
12/04/2023,16:00,2857.9,2879.6,2845.5,2877.3,19297,38488
12/05/2023,16:00,2876.1,2877.5,2836.2,2842.2,16044,38321
12/06/2023,16:00,2843.6,2879.9,2835.5,2837.1,13507,38098
12/07/2023,16:00,2838.1,2851.7,2826.2,2850.6,2605,2163
12/08/2023,16:00,2852.1,2873.2,2839.4,2861.5,21436,2163
12/11/2023,16:00,2865.4,2877.7,2855.4,2875.2,31859,33797
12/12/2023,16:00,2875.7,2892.0,2857.5,2869.0,16938,38072
12/13/2023,16:00,2869.1,2945.8,2855.7,2937.4,21111,41372
12/14/2023,16:00,2944.4,3010.6,2941.7,3002.0,17361,41669
12/15/2023,16:00,2997.9,3021.6,2968.3,2975.9,16078,41249
12/18/2023,16:00,2980.1,2991.3,2972.9,2978.8,13019,40377
12/19/2023,16:00,2976.0,3016.5,2972.3,3014.5,9452,40449
12/20/2023,16:00,3008.6,3029.7,2965.9,2969.2,11749,39736
12/21/2023,16:00,2975.4,3008.0,2973.9,3006.3,11889,39406
12/22/2023,16:00,3004.5,3032.2,2996.5,3016.5,8670,39644
12/26/2023,16:00,3016.4,3047.1,3016.4,3038.2,4368,39539
12/27/2023,16:00,3039.9,3046.9,3028.9,3038.8,10014,40020
12/28/2023,16:00,3037.2,3043.5,3025.1,3036.4,9053,41643
12/29/2023,16:00,3037.7,3043.7,3007.3,3010.2,19918,41631
01/02/2024,16:00,3016.9,3023.0,2984.1,2998.1,14086,42248
01/03/2024,16:00,3000.3,3003.8,2931.0,2932.7,17463,43227
01/04/2024,16:00,2938.2,2944.2,2922.8,2927.4,16370,42966
01/05/2024,16:00,2933.8,2953.9,2890.7,2934.6,16216,42559
01/08/2024,16:00,2939.9,2970.3,2920.2,2969.6,12214,42651
01/09/2024,16:00,2967.8,2967.8,2934.8,2950.3,11949,41734
01/10/2024,16:00,2949.7,2961.7,2935.5,2957.2,10079,41474
01/11/2024,16:00,2960.7,2968.9,2920.9,2949.4,9941,41501
01/12/2024,16:00,2946.0,2981.0,2938.0,2946.8,8944,41722
01/16/2024,16:00,2940.7,2953.3,2913.2,2928.4,13247,41903
01/17/2024,16:00,2930.3,2930.3,2888.6,2909.3,12503,41270
01/18/2024,16:00,2908.3,2932.6,2901.5,2930.2,12761,40913
01/19/2024,16:00,2930.8,2960.7,2916.9,2956.9,12932,41042
01/22/2024,16:00,2960.7,2995.5,2958.8,2988.2,16094,41378
01/23/2024,16:00,2990.0,3010.0,2967.9,2976.9,10041,41290
01/24/2024,16:00,2979.1,3005.3,2954.4,2958.8,10633,41397
01/25/2024,16:00,2959.0,2990.7,2956.9,2975.2,11556,41227
01/26/2024,16:00,2977.3,2994.2,2970.4,2977.7,8674,41338
01/29/2024,16:00,2971.3,3004.5,2966.9,3003.9,10706,41850
01/30/2024,16:00,3002.2,3006.7,2985.4,2996.6,10884,41177
01/31/2024,16:00,3005.7,3011.4,2942.1,2944.0,19927,39431
02/01/2024,16:00,2948.0,2982.6,2927.2,2978.3,14626,38977
02/02/2024,16:00,2983.1,2990.6,2942.0,2978.6,13674,38339
02/05/2024,16:00,2977.7,2980.5,2924.2,2946.6,11834,38308
02/06/2024,16:00,2946.7,2963.9,2936.0,2960.1,7488,37737
02/07/2024,16:00,2961.2,2984.1,2950.5,2973.3,9422,37765
02/08/2024,16:00,2969.4,2999.3,2961.7,2997.8,7556,37914
02/09/2024,16:00,2998.6,3019.7,2994.0,3018.6,9445,38400
02/12/2024,16:00,3019.7,3055.0,3016.2,3045.7,9388,39360
02/13/2024,16:00,3043.4,3048.5,2953.0,2974.0,14977,38901
02/14/2024,16:00,2978.4,3019.4,2973.7,3013.9,9480,38443
02/15/2024,16:00,3018.7,3066.7,3016.7,3063.6,12070,38609
02/16/2024,16:00,3069.5,3069.5,3032.0,3036.6,11990,38697
02/20/2024,16:00,3032.8,3032.9,3001.6,3015.4,9845,38628
02/21/2024,16:00,3014.7,3026.0,3000.9,3020.3,8096,38580
02/22/2024,16:00,3022.7,3064.8,3020.9,3061.4,10225,38838
02/23/2024,16:00,3059.2,3073.2,3047.1,3063.8,9348,38689
02/26/2024,16:00,3066.6,3075.3,3051.6,3060.0,7352,38659
02/27/2024,16:00,3059.1,3074.6,3056.1,3073.0,9271,39497
02/28/2024,16:00,3076.4,3081.0,3051.4,3071.0,9583,39060
02/29/2024,16:00,3071.2,3102.4,3063.2,3093.3,15084,38487
03/01/2024,16:00,3090.1,3115.8,3080.3,3114.4,13293,38931
03/04/2024,16:00,3119.2,3151.0,3113.2,3133.6,14776,38847
03/05/2024,16:00,3127.6,3141.0,3111.5,3124.0,10158,38276
03/06/2024,16:00,3123.4,3154.4,3122.2,3142.0,15281,37094
03/07/2024,16:00,3140.3,3174.9,3126.4,3170.8,12832,36398
03/08/2024,16:00,3173.0,3198.3,3146.7,3154.1,22305,1126
03/11/2024,16:00,3150.3,3159.2,3122.9,3141.4,31044,30315
03/12/2024,16:00,3142.4,3162.0,3123.1,3155.2,21420,33973
03/13/2024,16:00,3155.2,3175.6,3149.9,3166.7,12231,35535
03/14/2024,16:00,3170.3,3178.5,3108.0,3130.5,13454,36899
03/15/2024,16:00,3129.4,3141.9,3118.2,3127.4,16437,37962
03/18/2024,16:00,3128.2,3140.9,3118.5,3120.1,9599,37842
03/19/2024,16:00,3122.3,3145.4,3108.1,3140.6,9887,37565
03/20/2024,16:00,3140.2,3188.5,3131.8,3180.6,12180,37597
03/21/2024,16:00,3182.1,3220.2,3181.6,3213.6,11502,38448
03/22/2024,16:00,3217.1,3222.8,3181.2,3187.2,12197,38263
03/25/2024,16:00,3183.1,3204.6,3180.1,3189.7,7444,37795
03/26/2024,16:00,3193.3,3205.6,3182.0,3183.3,7757,37615
03/27/2024,16:00,3187.7,3238.0,3187.3,3233.8,11616,37855
03/28/2024,16:00,3233.8,3256.9,3227.9,3244.6,12494,37037
04/01/2024,16:00,3256.1,3264.3,3218.5,3221.6,9851,37046
04/02/2024,16:00,3223.7,3228.0,3169.1,3180.6,13989,36494
04/03/2024,16:00,3188.2,3197.7,3167.9,3192.8,11426,35929
04/04/2024,16:00,3195.2,3222.3,3151.3,3157.7,14452,35689
04/05/2024,16:00,3161.5,3192.1,3147.0,3183.2,11892,35217
04/08/2024,16:00,3190.9,3204.7,3173.3,3196.6,7661,35217
04/09/2024,16:00,3199.1,3211.1,3174.6,3199.4,10976,35431
04/10/2024,16:00,3205.0,3211.6,3126.0,3137.6,18317,36022
04/11/2024,16:00,3135.7,3155.4,3110.2,3138.3,13493,36170
04/12/2024,16:00,3139.5,3144.0,3080.4,3089.8,12295,36088
04/15/2024,16:00,3094.5,3122.9,3049.0,3058.3,13327,36017
04/16/2024,16:00,3058.9,3059.9,3024.8,3043.7,12685,35844
04/17/2024,16:00,3047.7,3062.8,3016.1,3019.5,12270,35493
04/18/2024,16:00,3022.5,3044.3,3003.8,3013.7,10879,35513
04/19/2024,16:00,3014.6,3033.4,2962.0,3023.1,14792,35430
04/22/2024,16:00,3032.5,3066.6,3019.2,3050.3,10137,35434
04/23/2024,16:00,3052.2,3095.3,3042.8,3084.4,11941,34884
04/24/2024,16:00,3083.2,3097.8,3065.6,3085.5,11906,34113
04/25/2024,16:00,3089.3,3103.7,3037.9,3071.9,12568,34131
04/26/2024,16:00,3069.5,3100.3,3063.3,3081.2,8498,34571
04/29/2024,16:00,3080.8,3103.4,3080.7,3096.9,8113,34773
04/30/2024,16:00,3098.0,3098.9,3034.4,3044.4,13841,34958
05/01/2024,16:00,3042.3,3094.9,3029.3,3046.6,19237,34904
05/02/2024,16:00,3055.7,3092.2,3040.2,3083.4,12546,35163
05/03/2024,16:00,3086.2,3139.4,3077.4,3112.0,11078,35359
05/06/2024,16:00,3124.2,3153.6,3117.4,3152.9,10995,36041
05/07/2024,16:00,3152.0,3175.2,3151.1,3160.1,12938,36949
05/08/2024,16:00,3159.2,3159.2,3137.7,3147.9,9084,36949
05/09/2024,16:00,3147.3,3181.1,3137.9,3177.9,8370,36972
05/10/2024,16:00,3178.0,3192.4,3167.2,3174.1,7514,37085
05/13/2024,16:00,3172.2,3199.7,3170.9,3172.8,8082,37404
05/14/2024,16:00,3175.4,3210.7,3164.9,3200.0,11320,37322
05/15/2024,16:00,3201.1,3239.9,3198.3,3221.8,9143,37540
05/16/2024,16:00,3217.4,3226.3,3193.0,3194.0,7790,38231
05/17/2024,16:00,3195.1,3198.3,3185.7,3196.5,6506,38736
05/20/2024,16:00,3201.5,3208.5,3190.6,3197.9,6501,38643
05/21/2024,16:00,3197.4,3199.4,3181.3,3193.5,5992,38799
05/22/2024,16:00,3193.7,3197.1,3157.6,3168.4,7881,38804
05/23/2024,16:00,3163.0,3181.9,3122.1,3127.9,10994,39100
05/24/2024,16:00,3129.7,3155.6,3129.7,3152.9,8092,39094
05/28/2024,16:00,3168.3,3168.8,3124.8,3134.6,8345,39512
05/29/2024,16:00,3132.3,3132.3,3090.6,3094.4,10984,38907
05/30/2024,16:00,3091.2,3130.5,3082.4,3122.7,11088,37756
05/31/2024,16:00,3122.2,3166.2,3109.1,3159.1,18766,39550
06/03/2024,16:00,3161.7,3189.7,3113.5,3133.0,15763,39519
06/04/2024,16:00,3130.7,3135.0,3088.5,3091.2,14710,39598
06/05/2024,16:00,3091.4,3126.4,3086.5,3124.4,11400,38888
06/06/2024,16:00,3122.5,3126.9,3102.2,3114.8,12958,38453
06/07/2024,16:00,3114.8,3122.4,3076.8,3091.9,12359,38250
06/10/2024,16:00,3087.4,3101.5,3057.0,3097.6,10255,38346
06/11/2024,16:00,3098.0,3099.6,3056.0,3083.3,8042,38019
06/12/2024,16:00,3083.6,3157.0,3083.6,3121.7,12007,37289
06/13/2024,16:00,3115.8,3130.7,3085.5,3103.9,5636,4169
06/14/2024,16:00,3097.5,3099.2,3047.2,3065.3,20640,4169
06/17/2024,16:00,3061.9,3093.3,3048.8,3090.4,29646,31307
06/18/2024,16:00,3091.9,3104.8,3080.0,3097.9,10881,33902
06/20/2024,16:00,3094.4,3108.9,3082.1,3090.0,10565,35520
06/21/2024,16:00,3098.0,3103.7,3071.8,3099.8,9619,36053
06/24/2024,16:00,3104.7,3136.5,3091.5,3118.2,9417,36429
06/25/2024,16:00,3117.8,3126.6,3076.1,3087.7,9366,36299
06/26/2024,16:00,3087.0,3093.3,3066.0,3078.6,8324,36631
06/27/2024,16:00,3077.2,3092.3,3068.5,3089.2,9389,37213
06/28/2024,16:00,3089.3,3117.9,3075.7,3092.6,14086,37696
07/01/2024,16:00,3095.8,3107.2,3059.8,3063.1,15567,37865
07/02/2024,16:00,3066.1,3075.8,3048.6,3074.4,11890,37729
07/03/2024,16:00,3071.6,3095.6,3070.9,3079.5,6388,37267
07/05/2024,16:00,3081.7,3091.4,3047.3,3056.3,8984,37372
07/08/2024,16:00,3054.1,3090.1,3051.1,3066.7,10057,36732
07/09/2024,16:00,3071.2,3074.4,3046.2,3048.1,10169,37219
07/10/2024,16:00,3049.7,3084.8,3047.2,3083.4,9029,37212
07/11/2024,16:00,3080.0,3161.7,3076.3,3156.1,14857,37524
07/12/2024,16:00,3159.1,3198.3,3157.4,3180.6,12644,37793
07/15/2024,16:00,3185.4,3221.7,3183.6,3199.6,10110,37566
07/16/2024,16:00,3205.0,3278.0,3196.4,3275.7,11753,37394
07/17/2024,16:00,3276.8,3281.8,3230.6,3231.6,12378,37539
07/18/2024,16:00,3239.5,3265.1,3187.4,3195.8,11280,36928
07/19/2024,16:00,3200.5,3203.3,3163.1,3172.8,10334,36562
07/22/2024,16:00,3175.8,3212.3,3158.6,3210.3,8162,36505
07/23/2024,16:00,3208.9,3225.9,3193.3,3214.4,8873,36796
07/24/2024,16:00,3213.9,3220.1,3152.5,3154.8,11137,37245
07/25/2024,16:00,3162.7,3224.4,3145.2,3179.6,11584,37447
07/26/2024,16:00,3185.4,3236.2,3185.4,3230.2,10350,37622
07/29/2024,16:00,3229.5,3251.1,3213.9,3223.1,7369,37774
07/30/2024,16:00,3222.8,3249.2,3205.3,3234.7,8680,37365
07/31/2024,16:00,3237.2,3298.9,3229.8,3254.6,15381,36905
08/01/2024,16:00,3255.2,3275.5,3160.6,3183.4,14955,36163
08/02/2024,16:00,3183.1,3184.4,3063.2,3096.2,18390,35906
08/05/2024,16:00,3072.7,3077.9,2931.0,3016.1,23636,35181
08/06/2024,16:00,3032.7,3079.9,2997.9,3043.5,17597,34746
08/07/2024,16:00,3033.0,3094.3,3008.5,3021.3,12737,34313
08/08/2024,16:00,3012.0,3090.9,2995.3,3084.5,11045,33859
08/09/2024,16:00,3080.5,3103.7,3059.9,3080.7,7774,33286
08/12/2024,16:00,3083.9,3090.0,3056.1,3062.6,6847,33481
08/13/2024,16:00,3062.2,3105.6,3053.5,3101.3,7880,33679
08/14/2024,16:00,3101.4,3126.9,3086.9,3097.8,7547,33561
08/15/2024,16:00,3098.7,3165.8,3087.4,3156.5,8972,33497
08/16/2024,16:00,3160.9,3168.2,3140.0,3156.9,5850,33324
08/19/2024,16:00,3165.7,3185.4,3150.2,3184.4,5961,33563
08/20/2024,16:00,3185.8,3197.0,3151.4,3157.7,5890,33775
08/21/2024,16:00,3158.5,3198.4,3158.1,3196.3,7735,33832
08/22/2024,16:00,3193.8,3208.3,3170.2,3176.2,6863,33928
08/23/2024,16:00,3181.9,3250.1,3181.8,3241.4,9848,33891
08/26/2024,16:00,3250.0,3263.3,3227.9,3230.5,7824,34186
08/27/2024,16:00,3231.8,3239.5,3205.0,3219.3,5697,33979
08/28/2024,16:00,3219.7,3221.6,3187.8,3202.9,7455,34222
08/29/2024,16:00,3201.2,3238.1,3188.2,3211.5,8313,34108
08/30/2024,16:00,3217.7,3234.2,3193.3,3232.6,8046,34429
09/03/2024,16:00,3225.5,3231.1,3141.9,3151.1,11025,33990
09/04/2024,16:00,3151.8,3163.8,3132.8,3142.3,8394,34174
09/05/2024,16:00,3141.5,3150.2,3111.5,3120.7,8976,34306
09/06/2024,16:00,3122.4,3139.9,3065.6,3077.7,11733,34285
09/09/2024,16:00,3072.1,3110.6,3071.4,3091.3,10441,33862
09/10/2024,16:00,3095.2,3095.5,3060.9,3085.1,8029,33729
09/11/2024,16:00,3081.1,3099.4,3029.8,3096.5,9535,33447
09/12/2024,16:00,3094.0,3127.5,3083.8,3120.3,1077,884
09/13/2024,16:00,3121.4,3175.4,3120.6,3172.2,14478,884
09/16/2024,16:00,3172.2,3195.4,3170.4,3191.8,30067,27821
09/17/2024,16:00,3189.0,3228.8,3184.4,3208.9,14685,30083
09/18/2024,16:00,3207.6,3262.7,3198.5,3209.1,14460,32981
09/19/2024,16:00,3218.3,3289.7,3214.9,3262.8,13168,33133
09/20/2024,16:00,3261.3,3262.3,3226.1,3238.2,13089,33133
09/23/2024,16:00,3245.0,3261.6,3233.6,3255.6,10900,30899
09/24/2024,16:00,3254.0,3269.9,3248.0,3254.2,7264,32510
09/25/2024,16:00,3254.0,3259.7,3216.3,3221.8,7693,32422
09/26/2024,16:00,3222.7,3268.5,3222.7,3248.5,10807,32781
09/27/2024,16:00,3248.1,3280.5,3239.4,3251.5,9420,32781
09/30/2024,16:00,3250.3,3258.7,3224.1,3253.9,12064,32831
10/01/2024,16:00,3253.5,3259.2,3202.3,3226.4,13597,32912
10/02/2024,16:00,3222.8,3241.4,3206.0,3228.8,8798,32200
10/03/2024,16:00,3230.3,3231.8,3195.4,3219.1,9864,32317
10/04/2024,16:00,3218.0,3264.8,3213.7,3248.5,10479,32566
10/07/2024,16:00,3251.1,3253.2,3206.5,3225.0,9835,32795
10/08/2024,16:00,3230.3,3237.4,3212.6,3227.0,8902,33021
10/09/2024,16:00,3226.9,3258.4,3210.6,3248.5,7958,33011
10/10/2024,16:00,3246.3,3249.0,3213.5,3232.0,8584,33930
10/11/2024,16:00,3235.3,3284.6,3224.7,3282.8,7257,33715
10/14/2024,16:00,3280.1,3306.0,3271.7,3302.3,5884,33913
10/15/2024,16:00,3304.1,3331.2,3292.7,3293.9,11149,33959
10/16/2024,16:00,3296.7,3333.4,3292.8,3322.7,6794,35454
10/17/2024,16:00,3322.2,3335.8,3314.5,3326.4,8518,35454
10/18/2024,16:00,3323.4,3335.8,3314.7,3324.3,5134,34712
10/21/2024,16:00,3325.5,3333.1,3280.2,3287.4,6282,34533
10/22/2024,16:00,3290.0,3290.0,3252.0,3267.2,8740,34628
10/23/2024,16:00,3263.9,3268.2,3225.5,3246.3,5988,36541
10/24/2024,16:00,3245.4,3261.3,3237.3,3250.7,7862,36117
10/25/2024,16:00,3245.2,3264.6,3222.4,3230.6,6512,35523
10/28/2024,16:00,3240.3,3270.5,3238.8,3262.6,7821,35841
10/29/2024,16:00,3264.2,3269.7,3232.9,3266.1,8852,36625
10/30/2024,16:00,3266.3,3298.2,3252.0,3260.7,6828,37519
10/31/2024,16:00,3260.1,3271.4,3208.2,3218.9,10595,37408
11/01/2024,16:00,3215.2,3251.3,3203.3,3223.9,8327,36880
11/04/2024,16:00,3215.4,3257.7,3207.3,3232.7,7063,37043
11/05/2024,16:00,3231.3,3287.8,3211.4,3277.6,6937,37130
11/06/2024,16:00,3289.4,3445.5,3278.7,3409.3,12959,38182
11/07/2024,16:00,3413.4,3430.2,3396.0,3403.0,10145,39374
11/08/2024,16:00,3413.2,3423.6,3394.3,3417.5,8524,39847
11/11/2024,16:00,3424.1,3458.1,3424.1,3446.9,8211,40744
11/12/2024,16:00,3443.0,3448.6,3401.4,3411.9,7126,40931
11/13/2024,16:00,3412.4,3444.8,3391.0,3393.8,7391,41168
11/14/2024,16:00,3395.8,3411.9,3356.6,3364.4,10195,42412
11/15/2024,16:00,3367.2,3369.3,3318.8,3326.4,6963,42774
11/18/2024,16:00,3328.3,3344.8,3320.8,3333.0,7028,43521
11/19/2024,16:00,3331.6,3339.4,3290.2,3334.7,8948,43773
11/20/2024,16:00,3336.1,3352.9,3314.6,3350.1,6875,43677
11/21/2024,16:00,3347.5,3411.2,3335.5,3403.4,9004,43900
11/22/2024,16:00,3403.6,3465.1,3397.2,3458.1,11637,45425
11/25/2024,16:00,3474.2,3531.8,3474.2,3508.6,12971,47054
11/26/2024,16:00,3516.3,3516.4,3472.7,3492.4,12644,47054
11/27/2024,16:00,3497.2,3524.3,3474.6,3479.1,9742,49783
11/29/2024,16:00,3502.3,3506.5,3480.8,3483.1,5937,49783
12/02/2024,16:00,3489.0,3492.3,3460.1,3471.0,8581,49792
12/03/2024,16:00,3471.4,3478.7,3448.1,3460.4,8762,50516
12/04/2024,16:00,3452.3,3474.1,3449.3,3469.4,6682,50742
12/05/2024,16:00,3467.0,3472.6,3438.2,3440.9,6083,50724
12/06/2024,16:00,3443.1,3466.2,3431.9,3440.6,7109,51008
12/09/2024,16:00,3444.7,3460.9,3422.0,3424.2,7489,50866
12/10/2024,16:00,3422.3,3432.2,3392.8,3402.5,8573,50777
12/11/2024,16:00,3408.4,3432.0,3401.0,3423.0,7192,50920
12/12/2024,16:00,3421.0,3426.2,3400.7,3402.1,8716,51327
12/13/2024,16:00,3398.5,3410.7,3371.5,3385.4,18173,1788
12/16/2024,16:00,3383.7,3406.1,3374.4,3386.4,35895,1788
12/17/2024,16:00,3385.8,3387.8,3336.3,3346.0,24483,37198
12/18/2024,16:00,3345.6,3367.7,3202.2,3216.9,15073,48640
12/19/2024,16:00,3213.5,3263.0,3206.8,3208.4,11897,51427
12/20/2024,16:00,3209.5,3261.9,3171.2,3229.8,15031,50198
12/23/2024,16:00,3235.4,3245.8,3203.4,3234.3,7896,51015
12/24/2024,16:00,3235.5,3260.2,3224.1,3256.5,3571,50142
12/26/2024,16:00,3254.1,3269.9,3236.0,3264.4,5807,49828
12/27/2024,16:00,3264.9,3265.3,3211.9,3231.9,6127,49379
12/30/2024,16:00,3232.0,3234.7,3181.2,3209.7,7211,48906
12/31/2024,16:00,3208.0,3236.1,3204.8,3216.5,9398,49006
01/02/2025,16:00,3218.0,3249.4,3196.6,3207.3,9599,50229
01/03/2025,16:00,3212.0,3247.8,3198.4,3243.3,9565,48833
01/06/2025,16:00,3248.0,3284.0,3238.6,3248.6,7062,48930
01/07/2025,16:00,3252.4,3268.9,3211.3,3226.3,9399,48501
01/08/2025,16:00,3226.2,3237.5,3194.4,3234.1,7193,47115
01/09/2025,16:00,3232.8,3234.4,3219.4,3224.8,184,46713
01/10/2025,16:00,3226.0,3233.7,3173.5,3186.9,8398,46713
01/13/2025,16:00,3179.8,3216.7,3156.8,3212.5,7572,46070
01/14/2025,16:00,3222.8,3258.8,3215.6,3249.8,12481,45801
01/15/2025,16:00,3253.0,3321.5,3253.0,3291.2,9511,45249
01/16/2025,16:00,3290.1,3321.2,3280.2,3314.2,7470,45361
01/17/2025,16:00,3310.7,3342.8,3310.3,3326.2,7622,45326
01/21/2025,16:00,3357.0,3382.9,3301.6,3381.3,10907,45209
01/22/2025,16:00,3377.4,3388.0,3362.5,3365.4,14089,45445
01/23/2025,16:00,3368.0,3370.8,3341.4,3365.2,11517,44602
01/24/2025,16:00,3365.6,3370.2,3351.4,3358.5,11275,44602
01/27/2025,16:00,3347.6,3350.6,3306.5,3325.2,27311,43994
01/28/2025,16:00,3324.3,3338.3,3307.2,3329.0,14562,43748
01/29/2025,16:00,3323.9,3344.8,3300.6,3314.8,13366,43833
01/30/2025,16:00,3319.4,3367.2,3318.2,3350.6,16011,43210
01/31/2025,16:00,3343.9,3365.0,3314.5,3319.8,14968,43210
02/03/2025,16:00,3279.8,3306.1,3228.7,3280.9,19070,43155
02/04/2025,16:00,3299.1,3305.7,3262.2,3300.9,14610,42636
02/05/2025,16:00,3302.9,3336.2,3295.1,3329.6,11246,42444
02/06/2025,16:00,3335.7,3348.2,3304.4,3327.7,12404,42370
02/07/2025,16:00,3317.7,3327.9,3281.2,3285.8,14854,42351
02/10/2025,16:00,3270.8,3306.0,3270.8,3289.5,9932,42288
02/11/2025,16:00,3286.8,3287.7,3263.3,3273.6,8243,42817
02/12/2025,16:00,3271.7,3280.3,3210.4,3250.7,14332,42570
02/13/2025,16:00,3254.7,3282.0,3246.8,3279.6,13904,42671
02/14/2025,16:00,3280.8,3298.6,3270.9,3275.5,9199,42686
02/18/2025,16:00,3282.3,3310.8,3278.3,3304.5,11059,42686
02/19/2025,16:00,3309.9,3312.7,3275.2,3286.9,9912,43556
02/20/2025,16:00,3285.5,3285.5,3237.5,3254.3,9649,43226
02/21/2025,16:00,3255.7,3278.0,3167.7,3176.5,14661,43050
02/24/2025,16:00,3179.8,3198.0,3154.8,3173.0,16563,43440
02/25/2025,16:00,3178.4,3194.8,3147.6,3171.1,11502,42939
02/26/2025,16:00,3177.2,3209.0,3168.5,3177.6,13669,42571
02/27/2025,16:00,3184.0,3201.6,3135.9,3138.2,16849,41854
02/28/2025,16:00,3140.8,3171.7,3120.9,3169.5,18769,41854
03/03/2025,16:00,3168.8,3194.5,3082.7,3097.7,13012,42781
03/04/2025,16:00,3103.6,3108.7,3011.2,3051.1,18694,43292
03/05/2025,16:00,3074.3,3091.1,3032.2,3087.7,23218,42603
03/06/2025,16:00,3084.6,3088.0,3027.1,3039.5,18526,42323
03/07/2025,16:00,3041.5,3067.8,2991.3,3059.4,15752,42323
03/10/2025,16:00,3041.3,3050.1,2971.6,2995.2,18213,43742
03/11/2025,16:00,3000.7,3020.7,2955.8,2979.5,15882,43720
03/12/2025,16:00,2984.3,3030.1,2956.4,2976.0,11478,43419
03/13/2025,16:00,2974.2,2983.7,2914.8,2929.5,3217,2048
03/14/2025,16:00,2938.0,3001.2,2936.9,2998.2,23170,2048
03/17/2025,16:00,2992.8,3053.2,2974.9,3043.1,37738,33820
03/18/2025,16:00,3040.8,3042.5,3007.9,3016.2,24508,41417
03/19/2025,16:00,3017.4,3069.8,3013.7,3054.4,9668,42216
03/20/2025,16:00,3056.3,3069.1,3027.2,3031.4,8126,42299
03/21/2025,16:00,3031.8,3035.6,2981.5,3014.4,14142,43582
03/24/2025,16:00,3025.3,3092.0,3025.3,3087.8,9771,42885
03/25/2025,16:00,3087.2,3100.6,3063.0,3079.3,6977,42594
03/26/2025,16:00,3081.3,3099.2,3050.5,3059.3,8486,42165
03/27/2025,16:00,3047.5,3069.9,3023.9,3036.2,10784,42099
03/28/2025,16:00,3036.3,3042.7,2967.0,2980.2,10216,42392
03/31/2025,16:00,2959.2,3003.1,2924.9,2985.6,14643,40898
04/01/2025,16:00,2982.1,3014.7,2951.3,3001.9,12396,40495
04/02/2025,16:00,3003.3,3091.7,2957.4,3050.2,10360,40991
04/03/2025,16:00,2930.4,2955.5,2836.2,2846.5,16189,41847
04/04/2025,16:00,2840.4,2846.5,2651.6,2706.3,29247,44927
04/07/2025,16:00,2679.0,2792.0,2561.9,2673.6,31258,46889
04/08/2025,16:00,2686.0,2767.1,2581.7,2617.1,20187,48901
04/09/2025,16:00,2603.5,2876.4,2533.8,2860.7,24870,48114
04/10/2025,16:00,2875.1,2883.7,2668.0,2740.9,20125,49067
04/11/2025,16:00,2740.7,2786.6,2689.5,2776.4,14777,49401
04/14/2025,16:00,2797.0,2824.7,2771.3,2811.6,8685,48437
04/15/2025,16:00,2808.2,2841.3,2794.3,2808.2,7905,47667
04/16/2025,16:00,2788.1,2815.8,2748.2,2778.6,9700,47902
04/17/2025,16:00,2779.8,2818.8,2776.6,2802.4,7203,47433
04/21/2025,16:00,2788.7,2797.8,2710.2,2737.6,5826,48057
04/22/2025,16:00,2732.9,2816.6,2730.6,2806.9,10101,46612
04/23/2025,16:00,2862.7,2927.1,2832.2,2842.1,15212,45735
04/24/2025,16:00,2840.2,2912.9,2819.0,2902.1,9356,45222
04/25/2025,16:00,2902.3,2908.9,2866.2,2888.7,10264,44818
04/28/2025,16:00,2884.7,2916.2,2864.3,2898.5,11179,44332
04/29/2025,16:00,2892.9,2926.3,2876.0,2910.8,14127,43704
04/30/2025,16:00,2912.8,2914.2,2840.4,2904.8,17702,43640
05/01/2025,16:00,2895.9,2951.1,2892.3,2921.3,17138,42660
05/02/2025,16:00,2924.1,2995.8,2923.4,2989.2,15201,41320
05/05/2025,16:00,2984.9,3003.2,2958.6,2982.4,8308,41504
05/06/2025,16:00,2980.4,2985.1,2944.5,2960.4,6946,41043
05/07/2025,16:00,2962.4,2992.6,2949.3,2970.3,8659,41059
05/08/2025,16:00,2967.8,3031.5,2965.7,3005.6,7266,40888
05/09/2025,16:00,3001.2,3016.2,2987.9,3000.6,7425,40833
05/12/2025,16:00,3025.1,3119.1,3025.1,3106.1,8540,39992
05/13/2025,16:00,3108.8,3130.3,3092.5,3115.5,6050,39538
05/14/2025,16:00,3114.4,3119.4,3098.6,3104.6,6547,39455
05/15/2025,16:00,3103.7,3115.7,3082.2,3111.1,6591,39186
05/16/2025,16:00,3111.6,3144.9,3102.0,3144.4,7305,39773
05/19/2025,16:00,3122.2,3135.2,3101.2,3133.0,6366,39660
05/20/2025,16:00,3131.9,3138.2,3113.6,3124.8,6521,39566
05/21/2025,16:00,3124.6,3124.7,3036.9,3041.9,7572,39589
05/22/2025,16:00,3040.5,3053.5,3014.3,3035.5,9716,38695
05/23/2025,16:00,3039.7,3047.1,2961.6,3029.4,7502,38718
05/27/2025,16:00,3058.8,3099.8,3047.4,3095.2,10618,39150
05/28/2025,16:00,3094.6,3098.5,3050.3,3054.9,7619,38013
05/29/2025,16:00,3052.6,3126.6,3038.4,3063.9,6098,37710
05/30/2025,16:00,3058.3,3062.0,3023.8,3051.1,8238,37620
06/02/2025,16:00,3041.8,3051.9,3004.0,3046.2,6326,37398
06/03/2025,16:00,3047.3,3088.8,3021.4,3083.2,8544,36924
06/04/2025,16:00,3088.2,3099.6,3074.2,3076.7,4926,36523
06/05/2025,16:00,3075.1,3096.9,3055.9,3070.9,6326,36425
06/06/2025,16:00,3066.4,3112.3,3066.4,3100.7,7245,36253
06/09/2025,16:00,3102.9,3124.4,3094.7,3107.7,6057,36175
06/10/2025,16:00,3112.5,3129.3,3103.9,3117.2,5940,36280
06/11/2025,16:00,3113.7,3149.6,3091.8,3101.3,6123,36232
06/12/2025,16:00,3095.2,3106.3,3071.8,3103.4,2129,1047
06/13/2025,16:00,3100.7,3100.7,3022.0,3055.2,18524,1047
06/16/2025,16:00,3043.1,3105.5,3043.1,3088.3,30377,27890
06/17/2025,16:00,3090.1,3090.4,3056.2,3062.4,15677,34144
06/18/2025,16:00,3060.7,3097.8,3050.4,3073.1,8313,34938
06/20/2025,16:00,3037.6,3101.0,3037.6,3071.1,9236,35869
06/23/2025,16:00,3065.4,3101.8,3040.2,3098.7,11041,36294
06/24/2025,16:00,3097.0,3135.3,3097.0,3127.2,9175,35526
06/25/2025,16:00,3123.9,3130.0,3095.4,3101.0,8208,35341
06/26/2025,16:00,3097.8,3147.3,3097.0,3143.3,10528,34622
06/27/2025,16:00,3146.6,3170.5,3132.0,3150.3,11610,35063
06/30/2025,16:00,3152.7,3168.9,3136.9,3149.5,12546,34755
07/01/2025,16:00,3145.3,3209.8,3133.8,3188.3,10690,34910
07/02/2025,16:00,3187.3,3223.9,3177.6,3218.7,8879,34923
07/03/2025,16:00,3220.1,3250.0,3218.8,3235.8,4890,34399
07/07/2025,16:00,3228.3,3239.0,3183.8,3203.9,7323,35212
07/08/2025,16:00,3193.6,3233.1,3192.3,3218.1,8401,35415
07/09/2025,16:00,3220.0,3233.5,3205.8,3230.4,5924,35444
07/10/2025,16:00,3230.1,3264.0,3221.2,3245.4,6536,35338
07/11/2025,16:00,3246.0,3248.8,3209.9,3216.0,5906,35346
07/14/2025,16:00,3200.0,3228.0,3190.0,3226.5,6725,35270
07/15/2025,16:00,3223.2,3238.7,3162.9,3168.3,7229,35406
07/16/2025,16:00,3165.2,3187.2,3137.6,3183.6,7546,35476
07/17/2025,16:00,3177.2,3223.5,3168.9,3217.8,8254,35631
07/18/2025,16:00,3220.9,3233.9,3200.4,3213.3,7194,35881
07/21/2025,16:00,3213.7,3233.2,3191.1,3192.4,8277,35464
07/22/2025,16:00,3200.5,3239.2,3191.4,3234.5,10617,36077
07/23/2025,16:00,3238.8,3268.1,3236.0,3258.8,9080,35640
07/24/2025,16:00,3254.0,3255.2,3226.4,3227.9,8686,35142
07/25/2025,16:00,3233.1,3259.2,3221.0,3256.2,8445,35020
07/28/2025,16:00,3276.3,3282.6,3241.2,3250.1,9099,37064
07/29/2025,16:00,3249.0,3267.9,3233.9,3245.4,7492,37349
07/30/2025,16:00,3248.5,3259.2,3197.6,3224.8,8836,37299
07/31/2025,16:00,3199.4,3227.5,3182.6,3189.1,13170,37670
08/01/2025,16:00,3193.0,3196.5,3099.3,3139.3,11873,37409
08/04/2025,16:00,3135.8,3189.5,3134.4,3179.8,9070,37826
08/05/2025,16:00,3189.7,3195.4,3149.9,3177.4,7107,37684
08/06/2025,16:00,3179.9,3200.5,3157.7,3166.9,8578,38348
08/07/2025,16:00,3162.1,3201.3,3147.6,3160.8,8326,38807
08/08/2025,16:00,3169.3,3180.7,3153.8,3159.6,7223,39285
08/11/2025,16:00,3167.7,3174.1,3140.1,3146.2,6545,39468
08/12/2025,16:00,3148.7,3221.3,3146.9,3218.3,10553,39958
08/13/2025,16:00,3218.6,3270.0,3218.2,3266.6,7833,39846
08/14/2025,16:00,3258.3,3263.5,3206.5,3224.2,10008,39542
08/15/2025,16:00,3224.7,3239.4,3202.7,3205.6,8295,39900
08/18/2025,16:00,3210.1,3216.2,3202.4,3213.8,6857,40181
08/19/2025,16:00,3213.5,3246.0,3204.2,3219.6,6358,40131
08/20/2025,16:00,3222.5,3222.9,3188.2,3205.5,6410,39992
08/21/2025,16:00,3206.2,3207.2,3180.8,3201.7,5967,40329
08/22/2025,16:00,3207.2,3301.2,3196.4,3288.6,13318,40531
08/25/2025,16:00,3291.3,3292.5,3259.8,3261.6,8671,40154
08/26/2025,16:00,3265.3,3286.0,3247.8,3276.4,8227,40131
08/27/2025,16:00,3280.0,3304.5,3263.5,3297.6,10919,41158
08/28/2025,16:00,3303.9,3321.3,3283.1,3301.6,8328,41260
08/29/2025,16:00,3303.7,3306.6,3271.3,3282.5,8706,41183
09/02/2025,16:00,3284.5,3284.5,3233.5,3267.8,9400,40971
09/03/2025,16:00,3263.6,3283.5,3244.7,3261.7,7883,41163
09/04/2025,16:00,3262.3,3315.6,3261.0,3309.0,6813,41314
09/05/2025,16:00,3309.0,3352.5,3297.8,3323.5,8764,40647
09/08/2025,16:00,3320.8,3333.3,3301.2,3324.2,11638,41156
09/09/2025,16:00,3322.9,3331.5,3283.5,3294.1,8563,40652
09/10/2025,16:00,3287.8,3314.2,3278.8,3292.1,9528,38652
09/11/2025,16:00,3293.2,3347.6,3286.1,3346.4,1352,1433
09/12/2025,16:00,3340.5,3341.3,3306.6,3308.1,18209,1433
09/15/2025,16:00,3312.6,3330.3,3303.6,3308.7,36870,34838
09/16/2025,16:00,3306.5,3314.9,3280.7,3297.2,15122,39507
09/17/2025,16:00,3300.6,3352.2,3269.8,3294.5,16232,42141
09/18/2025,16:00,3297.5,3341.5,3297.5,3336.1,11276,42471
09/19/2025,16:00,3343.5,3347.3,3299.4,3306.1,15118,41446
09/22/2025,16:00,3308.0,3312.8,3285.0,3304.8,9544,41559
09/23/2025,16:00,3303.0,3336.6,3294.6,3303.5,10070,41516
09/24/2025,16:00,3307.6,3316.3,3276.6,3277.4,9278,41464
09/25/2025,16:00,3282.8,3287.6,3237.7,3258.5,9163,41732
09/26/2025,16:00,3258.2,3294.8,3252.0,3291.2,10132,42173
09/29/2025,16:00,3293.0,3313.6,3273.9,3282.5,9443,41940
09/30/2025,16:00,3280.0,3291.0,3256.7,3286.2,12931,42458
10/01/2025,16:00,3280.4,3300.7,3253.2,3295.6,10641,42276
10/02/2025,16:00,3291.2,3303.0,3273.0,3299.4,10792,42919
10/03/2025,16:00,3299.9,3329.0,3298.6,3308.5,11868,42691
10/06/2025,16:00,3311.3,3330.5,3300.4,3314.7,11360,43213
10/07/2025,16:00,3317.7,3323.6,3266.6,3276.2,14397,44099
10/08/2025,16:00,3279.0,3314.0,3270.3,3310.2,10312,43571
10/09/2025,16:00,3312.6,3317.3,3265.4,3272.8,8819,43704
10/10/2025,16:00,3273.4,3284.9,3149.1,3178.4,12529,43421
10/13/2025,16:00,3205.2,3252.7,3201.6,3241.8,12837,43421
10/14/2025,16:00,3239.7,3288.7,3198.0,3271.8,14148,43745
10/15/2025,16:00,3270.4,3307.9,3246.5,3273.8,10481,43855
10/16/2025,16:00,3274.4,3287.1,3217.1,3232.7,10028,43898
10/17/2025,16:00,3230.8,3246.1,3183.2,3238.7,11264,43881
10/20/2025,16:00,3246.2,3282.6,3233.3,3278.6,7226,43899
10/21/2025,16:00,3284.8,3300.5,3264.5,3290.0,7718,44228
10/22/2025,16:00,3288.8,3297.2,3236.6,3251.7,9429,44492
10/23/2025,16:00,3255.7,3301.0,3247.2,3295.4,8557,44446
10/24/2025,16:00,3302.2,3347.6,3300.3,3312.5,9931,44641
10/27/2025,16:00,3321.3,3342.5,3315.5,3324.3,8390,44594
10/28/2025,16:00,3324.7,3325.2,3289.6,3294.5,8458,44567
10/29/2025,16:00,3291.3,3311.2,3256.5,3272.3,10234,44389
10/30/2025,16:00,3272.3,3292.1,3227.1,3238.3,9854,44014
10/31/2025,16:00,3231.3,3264.1,3226.2,3257.7,10878,43997
11/03/2025,16:00,3258.8,3266.9,3213.9,3253.9,11872,43931
11/04/2025,16:00,3258.7,3258.7,3209.2,3225.7,10688,44066
11/05/2025,16:00,3232.5,3268.2,3209.6,3248.2,11708,43761
11/06/2025,16:00,3249.7,3262.7,3204.4,3215.8,16714,43976
11/07/2025,16:00,3223.2,3257.3,3189.8,3252.1,14282,43807
11/10/2025,16:00,3264.0,3289.2,3244.3,3272.8,12575,44027
11/11/2025,16:00,3272.1,3283.6,3258.3,3272.3,7059,43636
11/12/2025,16:00,3271.4,3303.5,3267.5,3283.7,9821,44105
11/13/2025,16:00,3277.4,3293.3,3211.5,3220.9,15093,44786
11/14/2025,16:00,3223.4,3232.8,3179.8,3213.4,11766,44786
