Date,Time,Open,High,Low,Close,Vol,OI
01/03/2000,16:00,2108.75,2115.75,2072.0,2086.5,61938,13954
01/04/2000,16:00,2086.75,2088.5,2029.25,2031.25,63714,12993
01/05/2000,16:00,2031.25,2047.0,2004.75,2032.75,72680,13855
01/06/2000,16:00,2030.75,2046.0,2015.5,2024.5,67724,14530
01/07/2000,16:00,2023.5,2081.25,2017.25,2079.5,60513,15318
01/10/2000,16:00,2079.5,2100.75,2075.0,2094.0,59216,16060
01/11/2000,16:00,2093.5,2094.75,2066.75,2073.75,70064,16964
01/12/2000,16:00,2073.25,2079.25,2058.5,2061.25,62507,16814
01/13/2000,16:00,2061.25,2086.5,2061.0,2078.75,57447,15988
01/14/2000,16:00,2081.25,2104.75,2075.25,2098.25,57407,16088
01/18/2000,16:00,2099.0,2100.0,2081.75,2089.0,65451,16845
01/19/2000,16:00,2088.5,2093.75,2070.0,2092.25,57785,18110
01/20/2000,16:00,2092.5,2104.75,2067.75,2076.0,76893,18744
01/21/2000,16:00,2075.0,2083.0,2069.0,2074.0,58381,18300
01/24/2000,16:00,2073.75,2088.25,2023.0,2032.5,71143,18846
01/25/2000,16:00,2030.75,2044.5,2017.25,2038.75,76173,18771
01/26/2000,16:00,2037.25,2042.5,2028.0,2035.75,58280,18218
01/27/2000,16:00,2032.25,2048.25,2007.75,2030.5,71787,19323
01/28/2000,16:00,2030.75,2039.75,1981.0,1986.75,69741,21203
01/31/2000,16:00,1985.0,2022.75,1976.75,2020.5,63461,22297
02/01/2000,16:00,2022.5,2041.5,2011.0,2036.5,58194,19996
02/02/2000,16:00,2036.5,2049.25,2029.75,2034.0,52552,21131
02/03/2000,16:00,2035.5,2058.0,2025.0,2055.5,74802,21531
02/04/2000,16:00,2056.25,2069.25,2046.25,2051.0,60837,22426
02/07/2000,16:00,2049.25,2053.0,2038.75,2046.75,60552,22789
02/08/2000,16:00,2047.0,2069.25,2045.25,2065.5,62668,23288
02/09/2000,16:00,2067.75,2074.5,2036.75,2038.25,77282,24677
02/10/2000,16:00,2038.5,2049.0,2032.0,2038.25,68746,23972
02/11/2000,16:00,2038.25,2046.25,2004.0,2015.75,72296,24276
02/14/2000,16:00,2016.0,2023.25,2006.5,2018.0,66869,24572
02/15/2000,16:00,2017.5,2034.5,2000.75,2029.75,79599,26301
02/16/2000,16:00,2029.75,2033.25,2010.0,2012.5,69979,25676
02/17/2000,16:00,2013.25,2026.75,2004.0,2006.0,65479,26008
02/18/2000,16:00,2006.25,2013.25,1968.75,1973.75,63401,26668
02/22/2000,16:00,1975.75,1983.5,1956.25,1970.75,78957,26850
02/23/2000,16:00,1969.0,1994.0,1964.25,1983.75,69515,28104
02/24/2000,16:00,1984.75,1989.75,1950.75,1975.25,81031,29293
02/25/2000,16:00,1975.25,1986.25,1950.75,1957.5,73993,29796
02/28/2000,16:00,1960.5,1985.75,1947.25,1968.25,82524,29169
02/29/2000,16:00,1969.0,1993.75,1967.75,1991.75,66528,28230
03/01/2000,16:00,1992.0,2008.5,1990.75,2004.25,60719,29558
03/02/2000,16:00,2004.0,2010.25,1992.25,2004.75,62403,30059
03/03/2000,16:00,2004.5,2034.25,2003.25,2030.25,65174,29923
03/06/2000,16:00,2030.75,2032.5,2006.0,2014.75,59701,29549
03/07/2000,16:00,1996.25,2006.25,1952.75,1953.5,85186,31256
03/08/2000,16:00,1974.5,1995.5,1968.0,1985.75,981,1194
03/09/2000,16:00,1986.75,2025.25,1978.5,2023.25,49478,5974
03/10/2000,16:00,2023.0,2036.0,2013.75,2019.5,65485,9561
03/13/2000,16:00,2014.75,2020.0,1983.0,2002.25,69397,11559
03/14/2000,16:00,2002.0,2016.0,1978.5,1981.75,77452,12057
03/15/2000,16:00,1981.75,2019.25,1976.25,2016.75,84171,16204
03/16/2000,16:00,2016.75,2083.25,2015.25,2080.25,81281,19516
03/17/2000,16:00,2080.0,2099.5,2070.0,2090.25,65382,19528
03/20/2000,16:00,2087.75,2092.25,2068.5,2079.75,57944,19351
03/21/2000,16:00,2079.25,2116.0,2065.0,2109.5,69275,20284
03/22/2000,16:00,2109.75,2127.0,2105.75,2119.75,63556,19191
03/23/2000,16:00,2119.0,2154.75,2111.75,2145.75,68507,20348
03/24/2000,16:00,2144.5,2176.0,2137.0,2157.25,67498,20996
03/27/2000,16:00,2154.0,2156.25,2137.75,2140.75,47937,21853
03/28/2000,16:00,2141.75,2151.25,2124.75,2131.0,60846,23252
03/29/2000,16:00,2131.0,2143.0,2116.75,2131.75,60070,22668
03/30/2000,16:00,2131.25,2136.75,2095.25,2106.25,67180,23213
03/31/2000,16:00,2107.0,2140.5,2102.75,2119.25,58120,24538
04/03/2000,16:00,2113.75,2130.5,2103.75,2130.25,69157,25418
04/04/2000,16:00,2130.75,2146.5,2032.75,2117.75,20172,23915
04/05/2000,16:00,2116.5,2123.5,2093.0,2106.25,13765,24035
04/06/2000,16:00,2105.75,2132.5,2103.25,2118.25,62641,24682
04/07/2000,16:00,2118.25,2136.75,2115.5,2132.0,59600,25173
04/10/2000,16:00,2132.25,2145.75,2119.75,2122.75,71268,25287
04/11/2000,16:00,2122.0,2131.0,2099.25,2119.5,87236,27598
04/12/2000,16:00,2120.25,2126.25,2076.75,2077.75,79953,28279
04/13/2000,16:00,2078.25,2094.25,2053.0,2057.75,81672,24774
04/14/2000,16:00,2057.0,2064.5,1948.75,1969.0,89863,28399
04/17/2000,16:00,1946.0,2019.25,1946.0,2017.0,88854,28620
04/18/2000,16:00,2017.0,2057.25,2002.75,2050.5,90179,29110
04/19/2000,16:00,2050.25,2061.75,2037.0,2041.0,79567,29695
04/20/2000,16:00,2041.75,2048.75,2033.25,2048.5,52356,31236
04/24/2000,16:00,2044.5,2044.5,2018.75,2039.25,84006,31969
04/25/2000,16:00,2040.0,2091.5,2039.0,2091.25,76239,34442
04/26/2000,16:00,2090.0,2097.0,2068.75,2075.75,74709,33471
04/27/2000,16:00,2076.75,2082.5,2042.25,2069.75,82034,34645
04/28/2000,16:00,2069.75,2089.0,2059.75,2062.25,55736,35075
05/01/2000,16:00,2060.75,2094.5,2059.75,2078.5,70484,34949
05/02/2000,16:00,2078.5,2080.5,2050.75,2053.25,76428,34713
05/03/2000,16:00,2052.5,2053.25,2006.25,2024.25,89986,34415
05/04/2000,16:00,2025.75,2030.5,2013.25,2025.25,69945,34567
05/05/2000,16:00,2025.25,2047.75,2007.75,2041.75,62443,35239
05/08/2000,16:00,2040.25,2041.25,2026.25,2032.5,68052,35754
05/09/2000,16:00,2032.0,2041.5,2011.25,2021.0,79134,35460
05/10/2000,16:00,2020.5,2027.5,1984.75,1990.5,95745,37312
05/11/2000,16:00,1990.0,2020.75,1984.25,2017.25,71052,38982
05/12/2000,16:00,2019.75,2040.5,2016.0,2033.0,66862,39447
05/15/2000,16:00,2031.25,2061.25,2025.0,2059.25,67375,40948
05/16/2000,16:00,2059.25,2080.5,2058.0,2073.5,75672,41726
05/17/2000,16:00,2072.5,2072.5,2050.0,2058.5,80821,41015
05/18/2000,16:00,2057.75,2067.5,2043.25,2043.5,75011,42260
05/19/2000,16:00,2043.5,2048.75,2008.75,2017.25,74207,43329
05/22/2000,16:00,2014.75,2025.0,1974.25,2006.25,99118,42667
05/23/2000,16:00,2005.75,2013.25,1980.5,1984.25,86805,37440
05/24/2000,16:00,1983.75,2009.75,1967.25,2004.0,100591,40519
05/25/2000,16:00,2005.75,2019.5,1979.75,1991.0,82947,36695
05/26/2000,16:00,1989.75,1998.25,1975.0,1984.0,64458,37182
05/30/2000,16:00,1985.25,2030.5,1983.25,2029.0,69512,38834
05/31/2000,16:00,2029.0,2040.75,2021.25,2023.75,85402,37164
06/01/2000,16:00,2023.75,2055.5,2022.0,2053.5,80777,40651
06/02/2000,16:00,2052.5,2093.75,2048.75,2077.25,66869,44663
06/05/2000,16:00,2079.75,2082.25,2069.5,2072.5,74361,44509
06/06/2000,16:00,2073.0,2078.5,2059.0,2065.25,73797,42314
06/07/2000,16:00,2044.0,2058.0,2038.0,2053.0,66898,44076
06/08/2000,16:00,2075.5,2080.5,2061.0,2068.75,56169,6983
06/09/2000,16:00,2069.5,2085.25,2057.25,2065.0,52856,11808
06/12/2000,16:00,2063.0,2071.0,2049.0,2049.5,59590,16107
06/13/2000,16:00,2049.0,2076.5,2046.25,2074.75,88338,16638
06/14/2000,16:00,2074.75,2088.0,2070.0,2078.25,80800,19892
06/15/2000,16:00,2077.5,2086.75,2066.75,2078.75,77996,20958
06/16/2000,16:00,2078.5,2084.5,2060.0,2068.5,67957,21204
06/19/2000,16:00,2068.0,2094.75,2063.75,2085.75,69943,22552
06/20/2000,16:00,2086.25,2089.75,2071.25,2079.25,76061,20681
06/21/2000,16:00,2078.0,2084.0,2068.75,2079.25,69601,20540
06/22/2000,16:00,2078.5,2080.25,2049.0,2056.75,74457,23344
06/23/2000,16:00,2056.0,2060.0,2037.5,2044.5,60199,24974
06/26/2000,16:00,2044.0,2060.75,2044.0,2059.5,63208,23330
06/27/2000,16:00,2059.75,2064.75,2050.0,2051.5,59772,26698
06/28/2000,16:00,2051.5,2068.5,2050.5,2051.25,62665,27108
06/29/2000,16:00,2052.25,2054.25,2031.5,2038.75,82982,29836
06/30/2000,16:00,2037.25,2051.5,2035.5,2051.0,58376,29260
07/03/2000,16:00,2052.5,2071.25,2048.0,2069.0,18739,30813
07/05/2000,16:00,2067.75,2073.75,2039.0,2044.0,67641,32320
07/06/2000,16:00,2044.0,2059.5,2036.75,2054.5,71125,31507
07/07/2000,16:00,2054.75,2082.75,2053.75,2075.0,70694,32216
07/10/2000,16:00,2074.5,2083.25,2070.5,2072.25,66398,30800
07/11/2000,16:00,2071.5,2086.0,2066.5,2075.5,81991,31468
07/12/2000,16:00,2077.5,2095.25,2077.5,2086.25,68192,30808
07/13/2000,16:00,2086.75,2097.25,2083.0,2091.0,71409,31357
07/14/2000,16:00,2090.5,2106.5,2090.0,2104.5,64542,31846
07/17/2000,16:00,2103.75,2113.5,2100.0,2102.5,58964,31624
07/18/2000,16:00,2102.0,2105.0,2086.5,2092.75,74555,32529
07/19/2000,16:00,2092.5,2094.5,2073.75,2080.75,74457,33212
07/20/2000,16:00,2081.0,2097.75,2078.5,2096.5,72999,37206
07/21/2000,16:00,2096.25,2096.75,2069.0,2070.25,63935,32214
07/24/2000,16:00,2069.75,2080.0,2056.75,2061.25,76214,34414
07/25/2000,16:00,2061.25,2068.5,2058.25,2065.25,74691,33635
07/26/2000,16:00,2065.25,2065.75,2046.5,2050.5,77470,35950
07/27/2000,16:00,2048.5,2056.25,2036.5,2044.0,85698,38093
07/28/2000,16:00,2043.75,2049.5,2004.0,2011.75,85342,40549
07/31/2000,16:00,2012.0,2029.75,2009.25,2019.25,76129,40736
08/01/2000,16:00,2020.0,2035.0,2017.5,2027.75,75506,40651
08/02/2000,16:00,2027.5,2042.25,2023.0,2033.0,78730,40628
08/03/2000,16:00,2031.25,2045.5,2013.75,2042.5,86320,40255
08/04/2000,16:00,2042.5,2054.0,2039.5,2052.0,76949,40223
08/07/2000,16:00,2051.75,2071.0,2050.0,2067.5,65354,40956
08/08/2000,16:00,2066.75,2074.75,2059.5,2073.0,62031,42854
08/09/2000,16:00,2073.0,2080.0,2059.75,2061.25,66767,44413
08/10/2000,16:00,2061.75,2065.25,2048.75,2054.25,57852,43623
08/11/2000,16:00,2053.75,2065.25,2041.0,2059.75,64405,43186
08/14/2000,16:00,2059.75,2080.0,2056.25,2079.25,54212,43297
08/15/2000,16:00,2078.5,2081.5,2071.5,2075.5,57815,45444
08/16/2000,16:00,2072.25,2083.25,2062.5,2074.0,70707,46336
08/17/2000,16:00,2072.25,2087.5,2067.0,2084.0,66725,48266
08/18/2000,16:00,2084.0,2088.5,2075.5,2081.5,99394,46519
08/21/2000,16:00,2081.5,2090.25,2077.75,2087.5,47849,47944
08/22/2000,16:00,2087.5,2095.25,2083.5,2087.75,49036,48995
08/23/2000,16:00,2088.0,2094.0,2075.25,2090.5,65125,49496
08/24/2000,16:00,2091.0,2096.75,2086.75,2095.5,52060,47291
08/25/2000,16:00,2097.0,2099.5,2090.5,2093.5,43327,48892
08/28/2000,16:00,2094.0,2110.5,2091.5,2099.0,64224,49293
08/29/2000,16:00,2099.5,2100.0,2089.75,2098.75,60904,50704
08/30/2000,16:00,2099.0,2099.5,2083.5,2084.5,60102,53148
08/31/2000,16:00,2085.0,2110.0,2084.25,2101.75,59845,45039
09/01/2000,16:00,2103.25,2120.5,2099.75,2103.5,52305,46971
09/05/2000,16:00,2106.25,2107.25,2087.0,2092.5,64717,45253
09/06/2000,16:00,2092.75,2093.0,2092.0,2092.75,77698,45282
09/07/2000,16:00,2074.5,2088.25,2074.0,2087.75,10388,44138
09/08/2000,16:00,2086.75,2087.0,2071.5,2077.25,6454,42275
09/11/2000,16:00,2074.25,2087.75,2062.0,2070.5,101121,18244
09/12/2000,16:00,2070.5,2077.0,2059.0,2060.5,82766,21152
09/13/2000,16:00,2059.75,2067.0,2050.75,2063.75,102121,23253
09/14/2000,16:00,2064.25,2073.0,2055.25,2059.25,86796,20436
09/15/2000,16:00,2058.5,2066.0,2037.25,2040.0,165128,25628
09/18/2000,16:00,2041.5,2046.0,2018.5,2023.75,104794,29453
09/19/2000,16:00,2023.25,2039.0,2023.0,2034.75,103371,28669
09/20/2000,16:00,2035.0,2036.75,2006.5,2025.75,109667,27131
09/21/2000,16:00,2026.5,2030.25,2011.75,2025.5,98528,28720
09/22/2000,16:00,2011.0,2027.25,1993.0,2024.75,194832,30882
09/25/2000,16:00,2025.75,2034.0,2011.75,2017.25,85491,29527
09/26/2000,16:00,2017.25,2023.25,1998.75,1999.25,99803,31344
09/27/2000,16:00,2000.25,2012.25,1994.5,2003.0,101916,31265
09/28/2000,16:00,2004.0,2037.25,2001.25,2032.25,84280,33990
09/29/2000,16:00,2029.25,2029.5,2010.25,2010.25,156554,32328
10/02/2000,16:00,2010.0,2020.5,2003.75,2012.5,83093,34114
10/03/2000,16:00,2013.5,2030.25,1995.0,1997.5,89040,38656
10/04/2000,16:00,1998.25,2013.5,1988.75,2006.5,101607,43305
10/05/2000,16:00,2005.75,2018.25,2003.5,2012.5,92232,43395
10/06/2000,16:00,2012.25,2016.75,1967.75,1982.5,189890,46223
10/09/2000,16:00,1981.5,1983.0,1964.25,1972.75,66336,45985
10/10/2000,16:00,1973.75,1980.75,1946.25,1947.25,105576,50733
10/11/2000,16:00,1949.75,1954.25,1918.0,1934.75,130958,50132
10/12/2000,16:00,1935.75,1944.0,1895.25,1900.25,108679,52535
10/13/2000,16:00,1902.5,1944.0,1895.75,1942.5,172096,53559
10/16/2000,16:00,1942.25,1950.0,1934.5,1948.25,84809,51654
10/17/2000,16:00,1947.25,1951.75,1911.25,1916.25,99262,53411
10/18/2000,16:00,1919.0,1928.25,1880.25,1910.0,111665,54167
10/19/2000,16:00,1912.25,1960.25,1912.25,1958.0,88966,52836
10/20/2000,16:00,1958.25,1978.25,1950.75,1967.0,143622,49488
10/23/2000,16:00,1967.25,1976.0,1956.0,1973.25,84597,51387
10/24/2000,16:00,1971.5,1985.0,1955.25,1960.5,98771,52150
10/25/2000,16:00,1961.5,1961.75,1926.75,1930.25,110258,54001
10/26/2000,16:00,1931.0,1940.5,1904.75,1927.25,118206,53377
10/27/2000,16:00,1926.25,1958.25,1924.25,1956.25,160564,50593
10/30/2000,16:00,1954.25,1975.75,1943.25,1969.0,101978,52878
10/31/2000,16:00,1965.25,2001.75,1964.75,1995.25,89597,53489
11/01/2000,16:00,1992.5,1995.75,1975.75,1990.5,92930,50896
11/02/2000,16:00,1990.75,1991.75,1986.25,1991.25,77315,52226
11/03/2000,16:00,1990.5,2000.75,1986.75,1993.0,133920,53697
11/06/2000,16:00,1992.25,2008.75,1992.25,2001.75,57591,54685
11/07/2000,16:00,2000.75,2002.25,1988.25,2000.0,62985,53694
11/08/2000,16:00,2000.0,2011.25,1966.75,1968.25,88003,57393
11/09/2000,16:00,1970.0,1977.0,1934.75,1959.75,109751,65336
11/10/2000,16:00,1961.0,1964.25,1926.75,1928.5,181414,68213
11/13/2000,16:00,1925.25,1929.25,1891.25,1915.0,121489,73784
11/14/2000,16:00,1915.25,1956.0,1914.75,1950.25,101344,69572
11/15/2000,16:00,1950.5,1960.75,1937.75,1953.75,89420,66354
11/16/2000,16:00,1953.0,1959.0,1932.75,1935.5,86732,63934
11/17/2000,16:00,1935.0,1949.75,1916.5,1927.0,180156,70468
11/20/2000,16:00,1926.0,1929.75,1901.5,1904.0,82152,72780
11/21/2000,16:00,1904.5,1919.0,1892.75,1912.25,81882,72952
11/22/2000,16:00,1912.25,1917.25,1878.25,1880.0,76674,73138
11/24/2000,16:00,1879.5,1905.75,1876.5,1904.0,48250,72330
11/27/2000,16:00,1911.25,1924.0,1909.5,1913.25,89335,70960
11/28/2000,16:00,1914.75,1920.75,1893.75,1896.0,114270,68834
11/29/2000,16:00,1894.25,1913.75,1889.25,1891.5,111993,77494
11/30/2000,16:00,1889.0,1890.0,1853.0,1877.25,121701,78537
12/01/2000,16:00,1877.75,1894.5,1866.25,1877.0,187168,76201
12/04/2000,16:00,1879.25,1893.75,1869.5,1886.0,92525,77257
12/05/2000,16:00,1887.75,1936.5,1885.25,1930.5,95795,77650
12/06/2000,16:00,1929.25,1935.75,1895.5,1910.75,99873,78914
12/07/2000,16:00,1910.5,1918.25,1891.5,1893.25,12054,65126
12/08/2000,16:00,1906.25,1957.75,1903.25,1909.5,90260,16708
12/11/2000,16:00,1937.75,1963.5,1932.5,1954.25,14101,18846
12/12/2000,16:00,1954.25,1954.25,1941.75,1951.0,60271,24123
12/13/2000,16:00,1951.75,1960.5,1926.75,1928.5,89321,27509
12/14/2000,16:00,1929.25,1934.75,1907.25,1909.5,96950,31718
12/15/2000,16:00,1901.5,1910.0,1874.75,1877.0,98399,31810
12/18/2000,16:00,1881.25,1904.0,1880.75,1897.25,91611,34533
12/19/2000,16:00,1898.0,1918.0,1868.5,1869.0,98051,36592
12/20/2000,16:00,1870.0,1877.25,1827.25,1831.5,107160,43025
12/21/2000,16:00,1831.75,1855.5,1821.5,1839.75,99016,48531
12/22/2000,16:00,1841.0,1878.75,1841.0,1878.5,110880,45180
12/26/2000,16:00,1875.25,1889.25,1869.75,1887.75,44482,49136
12/27/2000,16:00,1888.75,1902.75,1878.75,1901.0,65382,36510
12/28/2000,16:00,1901.0,1905.5,1892.75,1904.25,56807,37684
12/29/2000,16:00,1904.0,1907.75,1877.25,1878.25,100726,37977
01/02/2001,16:00,1882.25,1888.0,1840.5,1851.25,92668,44738
01/03/2001,16:00,1852.25,1918.5,1840.0,1910.25,130684,43668
01/04/2001,16:00,1911.25,1916.75,1892.75,1900.25,110846,47325
01/05/2001,16:00,1897.0,1931.25,1854.25,1855.25,117776,53523
01/08/2001,16:00,1859.5,1863.75,1838.75,1860.75,120010,54621
01/09/2001,16:00,1863.25,1876.75,1855.0,1860.0,115968,55145
01/10/2001,16:00,1860.75,1880.0,1848.5,1878.25,131074,56216
01/11/2001,16:00,1877.0,1894.75,1870.75,1886.25,96098,54603
01/12/2001,16:00,1883.25,1896.0,1873.25,1881.25,219328,59082
01/16/2001,16:00,1880.0,1890.75,1874.75,1886.5,103751,58589
01/17/2001,16:00,1888.5,1909.0,1885.75,1892.75,120321,65060
01/18/2001,16:00,1893.75,1915.25,1888.25,1907.0,119657,67769
01/19/2001,16:00,1910.25,1923.0,1897.0,1898.5,222196,62735
01/22/2001,16:00,1897.25,1915.25,1892.5,1909.25,111996,58859
01/23/2001,16:00,1908.0,1924.0,1899.75,1917.25,105167,57178
01/24/2001,16:00,1917.5,1930.25,1916.5,1921.25,104969,54715
01/25/2001,16:00,1921.0,1930.0,1914.0,1916.25,100092,55256
01/26/2001,16:00,1914.25,1918.0,1901.5,1913.5,188824,53231
01/29/2001,16:00,1914.0,1925.25,1909.75,1922.0,128918,52070
01/30/2001,16:00,1920.5,1935.5,1914.5,1931.0,75169,55009
01/31/2001,16:00,1931.25,1933.75,1931.0,1932.25,88591,56204
02/01/2001,16:00,1924.75,1934.75,1917.5,1933.75,101060,59540
02/02/2001,16:00,1933.75,1937.25,1904.0,1904.5,204840,62380
02/05/2001,16:00,1905.5,1914.25,1902.5,1914.0,185372,63966
02/06/2001,16:00,1914.0,1921.75,1907.25,1907.5,91098,61461
02/07/2001,16:00,1906.25,1907.75,1890.75,1900.5,105297,67010
02/08/2001,16:00,1900.0,1907.75,1885.0,1886.5,101416,64997
02/09/2001,16:00,1887.5,1889.75,1870.0,1872.25,179542,66315
02/12/2001,16:00,1873.0,1889.25,1870.5,1885.25,109598,64670
02/13/2001,16:00,1885.5,1893.25,1873.5,1877.5,115469,66157
02/14/2001,16:00,1877.5,1878.0,1859.75,1871.0,138185,64188
02/15/2001,16:00,1871.25,1887.0,1869.75,1884.75,101489,64592
02/16/2001,16:00,1881.5,1881.5,1847.5,1856.25,193030,65876
02/20/2001,16:00,1855.5,1862.75,1833.0,1836.75,111725,68764
02/21/2001,16:00,1835.75,1839.75,1806.25,1806.75,146905,71825
02/22/2001,16:00,1809.25,1816.0,1781.5,1808.5,160101,73959
02/23/2001,16:00,1808.75,1813.0,1768.25,1797.5,290470,77848
02/26/2001,16:00,1802.5,1825.5,1795.0,1824.5,121179,78171
02/27/2001,16:00,1824.25,1828.25,1805.5,1815.25,142433,79751
02/28/2001,16:00,1815.0,1820.25,1782.0,1789.5,152581,79606
03/01/2001,16:00,1790.5,1795.25,1766.75,1794.75,148163,81859
03/02/2001,16:00,1794.25,1805.5,1772.25,1785.25,290320,88472
03/05/2001,16:00,1787.5,1795.75,1786.0,1794.75,104966,86931
03/06/2001,16:00,1794.75,1821.75,1793.75,1808.0,128315,87845
03/07/2001,16:00,1808.25,1818.0,1806.0,1817.0,136392,87658
03/08/2001,16:00,1815.75,1819.25,1808.25,1816.75,104167,18990
03/09/2001,16:00,1816.75,1817.0,1777.25,1781.25,126493,26887
03/12/2001,16:00,1780.75,1783.25,1722.25,1727.75,145811,31552
03/13/2001,16:00,1729.75,1748.75,1720.75,1746.25,171907,34472
03/14/2001,16:00,1747.25,1748.25,1702.75,1715.75,180953,41603
03/15/2001,16:00,1717.5,1731.25,1711.25,1722.0,124837,40428
03/16/2001,16:00,1723.25,1729.75,1694.75,1698.25,150117,48988
03/19/2001,16:00,1701.5,1723.5,1695.0,1717.0,116313,48242
03/20/2001,16:00,1717.25,1730.0,1688.0,1689.0,148873,45487
03/21/2001,16:00,1689.75,1698.0,1663.75,1669.5,184502,51577
03/22/2001,16:00,1669.75,1673.5,1624.75,1655.75,201555,60347
03/23/2001,16:00,1659.0,1691.75,1657.25,1690.0,318416,56448
03/26/2001,16:00,1690.0,1707.5,1687.5,1703.25,124308,58233
03/27/2001,16:00,1703.0,1731.25,1697.5,1726.5,133168,65873
03/28/2001,16:00,1726.0,1726.0,1692.25,1696.75,143724,67531
03/29/2001,16:00,1697.25,1710.0,1680.5,1697.5,147181,71849
03/30/2001,16:00,1697.75,1711.75,1688.25,1710.75,248434,70535
04/02/2001,16:00,1707.5,1715.5,1682.0,1686.5,141710,64812
04/03/2001,16:00,1687.5,1690.5,1643.25,1645.0,188481,67376
04/04/2001,16:00,1645.75,1663.0,1635.25,1649.5,186025,68783
04/05/2001,16:00,1649.75,1698.0,1649.75,1692.25,161660,72129
04/06/2001,16:00,1692.75,1702.0,1663.25,1677.25,182660,76423
04/09/2001,16:00,1674.75,1692.0,1670.25,1674.0,169954,80214
04/10/2001,16:00,1686.5,1719.25,1686.25,1708.75,179040,85725
04/11/2001,16:00,1709.75,1730.75,1702.75,1710.0,169708,88707
04/12/2001,16:00,1710.25,1730.75,1699.75,1729.0,144921,86222
04/16/2001,16:00,1729.25,1732.0,1710.5,1718.75,131826,87274
04/17/2001,16:00,1717.0,1737.5,1703.75,1732.25,169897,87815
04/18/2001,16:00,1742.75,1796.5,1742.75,1783.0,170538,102398
04/19/2001,16:00,1785.75,1799.25,1775.25,1795.5,155757,107652
04/20/2001,16:00,1797.0,1804.75,1777.0,1787.5,140825,108897
04/23/2001,16:00,1787.75,1788.75,1759.25,1762.75,133867,110004
04/24/2001,16:00,1762.75,1776.25,1750.5,1753.25,143201,110671
04/25/2001,16:00,1753.25,1775.25,1749.5,1768.75,143786,108449
04/26/2001,16:00,1767.75,1790.75,1762.25,1777.25,130242,108398
04/27/2001,16:00,1777.75,1796.5,1774.75,1795.25,106105,107116
04/30/2001,16:00,1795.5,1811.5,1785.0,1791.0,135317,109602
05/01/2001,16:00,1790.0,1810.0,1782.5,1809.25,158858,107786
05/02/2001,16:00,1808.25,1815.0,1798.25,1807.75,165317,105939
05/03/2001,16:00,1807.5,1809.0,1780.25,1791.0,140114,98061
05/04/2001,16:00,1790.5,1810.75,1771.75,1810.0,155024,94886
05/07/2001,16:00,1810.25,1811.5,1799.5,1800.25,134219,98917
05/08/2001,16:00,1803.0,1813.75,1792.75,1800.25,125078,101600
05/09/2001,16:00,1802.25,1802.25,1787.5,1794.5,135964,101193
05/10/2001,16:00,1793.75,1810.5,1793.0,1798.25,118278,101138
05/11/2001,16:00,1798.25,1802.0,1780.25,1788.5,111010,105279
05/14/2001,16:00,1788.75,1790.75,1780.75,1788.75,82948,107103
05/15/2001,16:00,1789.0,1798.75,1782.5,1794.25,119095,111365
05/16/2001,16:00,1793.25,1828.0,1772.75,1825.25,166551,122168
05/17/2001,16:00,1825.75,1836.25,1821.5,1828.25,142637,123450
05/18/2001,16:00,1828.25,1832.75,1820.25,1832.25,116856,114679
05/21/2001,16:00,1832.25,1853.75,1827.0,1851.25,144708,116711
05/22/2001,16:00,1851.5,1856.0,1845.75,1849.5,143922,113766
05/23/2001,16:00,1827.0,1850.0,1827.0,1827.25,152405,113734
05/24/2001,16:00,1827.0,1834.25,1819.75,1831.25,135790,115151
05/25/2001,16:00,1832.0,1836.75,1812.5,1815.75,91808,119237
05/28/2001,16:00,1832.0,1832.0,1812.5,1819.5,114047,119237
05/29/2001,16:00,1817.0,1820.25,1803.25,1805.25,114635,123668
05/30/2001,16:00,1804.0,1805.0,1783.5,1786.75,148287,120294
05/31/2001,16:00,1787.75,1801.0,1786.0,1794.25,126946,120340
06/01/2001,16:00,1792.5,1804.0,1784.0,1801.75,132432,116233
06/04/2001,16:00,1801.25,1806.75,1793.75,1806.25,103840,92546
06/05/2001,16:00,1806.0,1825.25,1804.0,1821.25,118497,95406
06/06/2001,16:00,1821.5,1823.0,1806.25,1808.75,154186,97331
06/07/2001,16:00,1808.5,1815.75,1802.5,1813.25,15353,84943
06/08/2001,16:00,1815.0,1821.5,1793.25,1803.25,105762,29584
06/11/2001,16:00,1802.0,1804.0,1785.75,1792.75,109656,36976
06/12/2001,16:00,1793.5,1798.75,1772.0,1791.0,140785,41970
06/13/2001,16:00,1791.75,1797.0,1777.5,1779.5,145569,50247
06/14/2001,16:00,1779.5,1780.0,1748.25,1749.75,147137,55611
06/15/2001,16:00,1750.25,1757.75,1738.5,1752.75,145621,57911
06/18/2001,16:00,1752.75,1757.25,1742.5,1746.5,129875,55642
06/19/2001,16:00,1746.75,1762.25,1742.25,1750.75,164920,56434
06/20/2001,16:00,1750.25,1761.5,1743.25,1756.0,180882,59662
06/21/2001,16:00,1755.75,1776.0,1753.0,1769.75,155020,69492
06/22/2001,16:00,1769.25,1771.0,1754.75,1761.75,122986,73301
06/25/2001,16:00,1760.75,1766.75,1747.5,1750.25,112757,68922
06/26/2001,16:00,1750.5,1756.25,1732.75,1747.25,148487,74992
06/27/2001,16:00,1747.5,1754.25,1740.5,1745.75,140324,74489
06/28/2001,16:00,1746.75,1771.5,1740.0,1753.75,151191,81010
06/29/2001,16:00,1754.5,1772.25,1754.5,1758.5,134631,71882
07/02/2001,16:00,1760.25,1775.0,1755.75,1772.75,105297,80171
07/03/2001,16:00,1772.75,1774.0,1762.5,1772.0,57913,79112
07/05/2001,16:00,1772.0,1772.0,1748.25,1749.0,70416,79387
07/06/2001,16:00,1748.75,1750.25,1719.75,1720.5,128218,82637
07/09/2001,16:00,1721.25,1736.0,1715.75,1727.0,139075,83917
07/10/2001,16:00,1729.25,1737.5,1712.75,1713.25,164772,86051
07/11/2001,16:00,1712.0,1720.0,1700.75,1712.0,186472,95437
07/12/2001,16:00,1714.25,1744.25,1713.0,1741.0,152005,90713
07/13/2001,16:00,1741.25,1752.5,1736.25,1752.0,127109,92574
07/16/2001,16:00,1751.25,1752.25,1732.5,1737.25,133609,94783
07/17/2001,16:00,1737.0,1749.25,1728.25,1747.25,163156,96951
07/18/2001,16:00,1746.0,1747.75,1729.25,1738.75,170044,100233
07/19/2001,16:00,1736.75,1758.25,1734.5,1749.75,182607,104549
07/20/2001,16:00,1744.5,1748.0,1738.0,1741.75,116044,102026
07/23/2001,16:00,1741.75,1750.25,1718.25,1718.75,147690,103891
07/24/2001,16:00,1720.5,1723.5,1695.25,1705.0,173722,107048
07/25/2001,16:00,1705.75,1722.5,1702.75,1718.25,172106,107565
07/26/2001,16:00,1719.25,1736.5,1712.75,1732.25,149254,112462
07/27/2001,16:00,1732.5,1741.0,1726.75,1736.5,127497,112653
07/30/2001,16:00,1736.75,1741.25,1729.75,1736.5,125524,112958
07/31/2001,16:00,1737.0,1754.5,1735.75,1742.0,131948,112856
08/01/2001,16:00,1740.75,1754.25,1737.5,1748.25,138248,111104
08/02/2001,16:00,1747.0,1761.0,1745.75,1752.75,119946,109924
08/03/2001,16:00,1753.0,1754.5,1735.75,1746.75,140720,110499
08/06/2001,16:00,1746.5,1747.75,1727.5,1729.75,116564,108186
08/07/2001,16:00,1730.5,1739.0,1725.0,1734.5,118342,109034
08/08/2001,16:00,1736.75,1738.25,1710.5,1712.25,165090,113236
08/09/2001,16:00,1712.5,1716.0,1704.5,1714.5,167818,116139
08/10/2001,16:00,1714.75,1724.25,1698.75,1718.0,174116,119693
08/13/2001,16:00,1719.75,1724.5,1713.5,1719.25,129706,117591
08/14/2001,16:00,1719.75,1729.5,1714.0,1719.0,135535,121828
08/15/2001,16:00,1719.25,1722.0,1706.25,1707.5,147574,124986
08/16/2001,16:00,1708.0,1712.75,1695.0,1711.5,201078,125852
08/17/2001,16:00,1711.75,1711.75,1685.0,1692.25,161599,132346
08/20/2001,16:00,1691.5,1703.75,1687.75,1702.5,133864,133320
08/21/2001,16:00,1703.0,1710.25,1682.5,1683.0,143288,136675
08/22/2001,16:00,1683.0,1698.75,1682.0,1694.0,199995,138209
08/23/2001,16:00,1695.75,1699.5,1689.0,1690.25,150673,135146
08/24/2001,16:00,1691.5,1715.75,1691.5,1714.25,159590,130276
08/27/2001,16:00,1714.5,1718.75,1706.25,1707.25,131497,133994
08/28/2001,16:00,1707.25,1709.25,1689.5,1690.25,154466,133994
08/29/2001,16:00,1689.75,1695.5,1675.0,1679.25,165135,140909
08/30/2001,16:00,1679.0,1683.0,1652.25,1656.0,200188,146356
08/31/2001,16:00,1656.5,1671.0,1653.75,1661.75,122586,146058
09/04/2001,16:00,1664.25,1685.25,1655.0,1657.75,199048,155406
09/05/2001,16:00,1657.75,1665.25,1641.75,1660.25,242276,167828
09/06/2001,16:00,1660.25,1663.75,1629.75,1630.25,205503,168136
09/07/2001,16:00,1633.5,1635.75,1608.5,1610.0,231563,169849
09/10/2001,16:00,1610.75,1625.75,1594.25,1622.5,243100,172024
09/11/2001,16:00,1623.0,1629.75,1594.75,1622.5,11802,172455
09/17/2001,16:00,1564.75,1589.25,1545.75,1565.75,10564,6907
09/18/2001,16:00,1566.25,1574.5,1555.5,1562.25,172394,20377
09/19/2001,16:00,1562.25,1572.5,1506.75,1540.75,336014,41532
09/20/2001,16:00,1540.25,1545.25,1500.75,1507.5,287414,60684
09/21/2001,16:00,1505.75,1514.75,1461.75,1496.25,310764,74172
09/24/2001,16:00,1499.5,1535.5,1496.5,1531.0,237775,87935
09/25/2001,16:00,1531.25,1544.25,1520.25,1541.5,248202,96126
09/26/2001,16:00,1541.25,1548.5,1527.75,1537.75,216020,98328
09/27/2001,16:00,1537.25,1547.0,1523.5,1545.75,195769,104184
09/28/2001,16:00,1546.0,1568.5,1545.0,1567.0,210521,105697
10/01/2001,16:00,1567.5,1567.5,1552.0,1566.5,198018,107177
10/02/2001,16:00,1565.25,1579.25,1557.5,1578.75,205915,110022
10/03/2001,16:00,1577.5,1602.0,1564.5,1597.75,271455,118823
10/04/2001,16:00,1595.75,1610.75,1591.75,1597.75,281825,120997
10/05/2001,16:00,1597.0,1605.0,1578.5,1595.0,243154,120621
10/08/2001,16:00,1590.25,1596.0,1579.0,1588.5,175904,120437
10/09/2001,16:00,1587.5,1594.75,1579.0,1583.25,208269,117507
10/10/2001,16:00,1583.25,1608.5,1578.0,1606.5,240136,124452
10/11/2001,16:00,1607.0,1626.0,1602.75,1623.0,248488,123939
10/12/2001,16:00,1625.5,1629.25,1596.25,1617.25,265381,126805
10/15/2001,16:00,1616.0,1617.0,1603.5,1615.75,193478,131896
10/16/2001,16:00,1614.5,1628.25,1612.0,1622.0,226480,143465
10/17/2001,16:00,1620.75,1637.75,1598.75,1599.25,293529,144846
10/18/2001,16:00,1599.0,1604.25,1589.0,1596.25,234202,142689
10/19/2001,16:00,1597.0,1601.25,1582.0,1595.75,205611,144712
10/22/2001,16:00,1595.75,1617.75,1591.25,1616.75,183283,153622
10/23/2001,16:00,1616.25,1625.0,1604.75,1611.5,232132,154283
10/24/2001,16:00,1610.25,1622.5,1603.5,1608.25,219638,155590
10/25/2001,16:00,1609.0,1627.75,1589.0,1626.25,271959,164958
10/26/2001,16:00,1626.25,1635.75,1618.25,1625.25,190117,159791
10/29/2001,16:00,1626.5,1626.5,1595.5,1596.25,227696,157796
10/30/2001,16:00,1597.5,1598.0,1576.75,1582.5,237684,157770
10/31/2001,16:00,1582.25,1599.5,1578.75,1579.5,241692,154324
11/01/2001,16:00,1580.75,1611.0,1576.5,1605.25,275542,161453
11/02/2001,16:00,1605.75,1614.5,1598.25,1612.75,211978,170192
11/05/2001,16:00,1612.5,1631.5,1611.25,1627.0,183836,190039
11/06/2001,16:00,1629.25,1645.0,1618.5,1644.25,179207,201378
11/07/2001,16:00,1643.75,1651.25,1632.0,1642.75,237184,203687
11/08/2001,16:00,1641.75,1660.75,1639.25,1646.75,242657,213897
11/09/2001,16:00,1646.0,1649.75,1634.5,1646.75,182124,220663
11/12/2001,16:00,1645.75,1650.25,1619.75,1640.0,214790,216941
11/13/2001,16:00,1640.0,1665.25,1638.5,1665.0,229310,225764
11/14/2001,16:00,1664.75,1675.5,1657.0,1666.75,226973,233555
11/15/2001,16:00,1665.5,1675.25,1658.5,1668.5,230883,237765
11/16/2001,16:00,1668.75,1674.75,1653.5,1663.25,194296,236161
11/19/2001,16:00,1663.75,1678.0,1663.5,1677.25,173058,241286
11/20/2001,16:00,1677.5,1678.75,1665.5,1667.5,170204,242747
11/21/2001,16:00,1666.5,1672.25,1654.25,1660.25,136856,242109
11/23/2001,16:00,1660.25,1677.0,1654.75,1676.25,57065,242703
11/26/2001,16:00,1675.75,1682.25,1669.5,1678.5,198769,241859
11/27/2001,16:00,1678.75,1688.0,1664.0,1673.75,259831,246486
11/28/2001,16:00,1673.25,1674.25,1651.5,1652.5,267883,247609
11/29/2001,16:00,1653.0,1667.75,1648.25,1667.75,220853,251099
11/30/2001,16:00,1667.75,1667.75,1658.25,1663.25,169772,240185
12/03/2001,16:00,1660.5,1661.5,1648.5,1652.75,193563,239242
12/04/2001,16:00,1652.25,1671.25,1651.0,1671.0,209468,237553
12/05/2001,16:00,1670.75,1698.5,1668.75,1692.0,220546,245752
12/06/2001,16:00,1691.75,1697.75,1687.25,1691.75,203750,245867
12/07/2001,16:00,1692.0,1693.75,1675.5,1683.75,178238,240160
12/10/2001,16:00,1683.75,1685.75,1661.75,1662.5,184921,243860
12/11/2001,16:00,1662.5,1675.0,1656.75,1659.75,201757,235739
12/12/2001,16:00,1660.0,1666.75,1649.0,1661.25,230980,192900
12/13/2001,16:00,1661.25,1662.25,1637.75,1639.0,200225,23739
12/14/2001,16:00,1639.75,1652.25,1637.0,1648.5,203189,31035
12/17/2001,16:00,1648.25,1661.25,1643.75,1660.0,182600,37552
12/18/2001,16:00,1659.75,1669.25,1657.25,1667.75,158378,43719
12/19/2001,16:00,1667.0,1676.5,1657.5,1675.25,211254,51221
12/20/2001,16:00,1674.75,1675.25,1663.0,1663.75,181226,50961
12/21/2001,16:00,1663.5,1672.5,1661.5,1670.5,125287,57003
12/24/2001,16:00,1670.25,1671.25,1664.75,1669.25,19350,53490
12/26/2001,16:00,1667.25,1683.0,1665.25,1675.0,68154,56681
12/27/2001,16:00,1674.5,1681.75,1672.5,1681.5,73349,57212
12/28/2001,16:00,1681.0,1688.25,1679.75,1681.25,81393,53715
12/31/2001,16:00,1681.25,1685.0,1663.25,1671.25,96049,55442
01/02/2002,16:00,1665.75,1678.25,1658.5,1676.0,216814,60568
01/03/2002,16:00,1676.0,1690.0,1672.75,1688.5,209639,66239
01/04/2002,16:00,1689.0,1700.25,1685.75,1697.25,217254,72023
01/07/2002,16:00,1695.25,1700.5,1685.75,1688.75,252385,73511
01/08/2002,16:00,1688.5,1692.25,1680.0,1685.25,214929,75316
01/09/2002,16:00,1685.0,1697.75,1673.5,1676.5,244405,79942
01/10/2002,16:00,1675.75,1683.5,1673.0,1681.0,240437,78705
01/11/2002,16:00,1681.0,1685.5,1667.25,1669.75,210448,78140
01/14/2002,16:00,1669.5,1670.0,1659.5,1662.25,211627,79896
01/15/2002,16:00,1662.25,1672.0,1658.75,1671.0,237659,92592
01/16/2002,16:00,1666.0,1667.25,1646.75,1647.75,287021,97140
01/17/2002,16:00,1648.5,1662.0,1648.5,1656.25,228632,94754
01/18/2002,16:00,1653.25,1658.0,1646.25,1651.0,207991,95471
01/22/2002,16:00,1651.25,1658.75,1639.75,1643.25,232639,99640
01/23/2002,16:00,1644.5,1654.75,1639.5,1651.0,225856,88691
01/24/2002,16:00,1651.25,1661.75,1650.75,1655.25,213161,89427
01/25/2002,16:00,1654.75,1661.0,1649.5,1655.25,188073,93484
01/28/2002,16:00,1654.5,1661.0,1648.25,1657.5,192217,93527
01/29/2002,16:00,1658.0,1660.25,1619.5,1622.5,317488,99162
01/30/2002,16:00,1622.5,1637.75,1602.75,1637.5,351667,98294
01/31/2002,16:00,1637.5,1652.5,1635.0,1652.5,232762,105087
02/01/2002,16:00,1650.75,1654.25,1640.5,1645.5,193618,100297
02/04/2002,16:00,1645.25,1646.0,1613.0,1617.25,265893,102002
02/05/2002,16:00,1617.5,1623.5,1604.25,1611.0,320617,105338
02/06/2002,16:00,1611.25,1616.5,1599.0,1605.25,344677,107268
02/07/2002,16:00,1608.25,1617.0,1598.25,1599.0,306289,110134
02/08/2002,16:00,1598.25,1618.75,1597.5,1618.5,244390,112161
02/11/2002,16:00,1619.0,1634.75,1616.25,1632.25,226677,101579
02/12/2002,16:00,1632.5,1635.25,1624.5,1629.5,203828,105902
02/13/2002,16:00,1629.25,1643.5,1627.25,1640.75,246722,105902
02/14/2002,16:00,1641.0,1647.5,1633.75,1638.75,229777,117878
02/15/2002,16:00,1638.5,1640.0,1625.0,1626.75,221738,119626
02/19/2002,16:00,1626.0,1630.0,1603.75,1605.75,249155,123695
02/20/2002,16:00,1606.0,1623.5,1595.75,1623.0,321713,127389
02/21/2002,16:00,1622.5,1624.0,1600.25,1601.0,323446,129131
02/22/2002,16:00,1601.25,1617.0,1596.25,1613.75,356770,138384
02/25/2002,16:00,1614.0,1635.5,1609.0,1631.5,285520,135444
02/26/2002,16:00,1631.25,1638.0,1622.5,1630.0,298360,138277
02/27/2002,16:00,1630.0,1645.75,1623.75,1633.5,366137,142010
02/28/2002,16:00,1634.0,1644.75,1627.75,1629.0,330573,151082
03/01/2002,16:00,1628.25,1655.5,1628.0,1654.5,272762,159008
03/04/2002,16:00,1653.0,1676.75,1652.0,1673.75,346406,149311
03/05/2002,16:00,1674.5,1680.75,1666.5,1671.0,340314,150008
03/06/2002,16:00,1670.5,1688.25,1667.25,1684.5,7716,6588
03/07/2002,16:00,1684.25,1690.75,1672.0,1681.25,303813,32211
03/08/2002,16:00,1680.25,1695.5,1680.0,1685.75,272711,40263
03/11/2002,16:00,1685.25,1695.5,1681.0,1688.25,232076,46271
03/12/2002,16:00,1688.25,1689.25,1676.0,1688.75,284926,54154
03/13/2002,16:00,1688.75,1693.25,1672.5,1676.5,295071,58897
03/14/2002,16:00,1676.75,1680.25,1672.5,1674.75,234381,65225
03/15/2002,16:00,1675.25,1689.0,1673.75,1686.0,227876,76224
03/18/2002,16:00,1685.25,1695.0,1680.25,1686.5,274847,77954
03/19/2002,16:00,1686.25,1696.75,1686.0,1693.5,261004,85815
03/20/2002,16:00,1693.5,1694.5,1671.0,1671.5,302166,96332
03/21/2002,16:00,1671.5,1677.75,1660.5,1672.0,290501,95529
03/22/2002,16:00,1672.25,1678.25,1666.0,1668.75,231494,95106
03/25/2002,16:00,1668.25,1672.5,1652.25,1654.75,255031,109230
03/26/2002,16:00,1654.75,1668.75,1653.25,1661.25,289497,110798
03/27/2002,16:00,1661.25,1668.5,1656.0,1664.25,265959,115225
03/28/2002,16:00,1663.75,1676.0,1662.5,1668.5,190233,119622
04/01/2002,16:00,1664.5,1669.25,1653.5,1663.75,226002,130728
04/02/2002,16:00,1664.25,1664.25,1656.25,1657.25,270855,131992
04/03/2002,16:00,1656.75,1660.5,1640.0,1649.5,297820,138038
04/04/2002,16:00,1649.0,1652.0,1640.25,1645.0,335576,139154
04/05/2002,16:00,1646.5,1654.25,1639.75,1644.75,290784,141676
04/08/2002,16:00,1645.25,1648.0,1629.25,1646.75,354121,145591
04/09/2002,16:00,1648.5,1650.75,1637.0,1639.75,333302,146849
04/10/2002,16:00,1639.75,1652.75,1638.25,1651.25,417344,143638
04/11/2002,16:00,1651.25,1652.25,1622.25,1623.25,435034,158866
04/12/2002,16:00,1622.75,1633.75,1622.75,1631.25,350240,157276
04/15/2002,16:00,1631.75,1636.0,1619.25,1623.5,348581,159093
04/16/2002,16:00,1623.25,1650.25,1623.25,1649.0,298111,155236
04/17/2002,16:00,1650.75,1655.0,1643.0,1647.25,281483,150702
04/18/2002,16:00,1646.5,1652.0,1627.75,1642.25,359020,152913
04/19/2002,16:00,1638.25,1650.0,1635.75,1646.0,210311,155611
04/22/2002,16:00,1646.75,1647.25,1625.25,1627.5,274229,157497
04/23/2002,16:00,1628.5,1633.0,1618.5,1622.5,355381,161342
04/24/2002,16:00,1622.0,1629.0,1610.75,1611.0,345431,167395
04/25/2002,16:00,1612.0,1614.25,1602.75,1611.75,371957,180681
04/26/2002,16:00,1612.25,1617.0,1589.5,1591.25,359819,181983
04/29/2002,16:00,1591.5,1599.0,1582.75,1584.25,325832,189862
04/30/2002,16:00,1584.75,1602.5,1582.75,1596.5,323154,194009
05/01/2002,16:00,1596.0,1608.5,1584.0,1607.75,379536,193647
05/02/2002,16:00,1607.5,1611.5,1598.5,1603.75,310755,194790
05/03/2002,16:00,1604.25,1607.25,1588.0,1592.25,312252,197535
05/06/2002,16:00,1593.0,1595.75,1569.25,1571.0,357636,194931
05/07/2002,16:00,1571.0,1579.0,1565.0,1566.75,355300,203309
05/08/2002,16:00,1571.0,1609.25,1566.75,1605.75,420083,203453
05/09/2002,16:00,1604.75,1609.25,1591.5,1593.25,334526,204181
05/10/2002,16:00,1593.25,1598.75,1571.75,1573.25,350010,209392
05/13/2002,16:00,1573.25,1595.25,1572.75,1594.75,353665,208623
05/14/2002,16:00,1594.75,1619.0,1593.5,1617.75,365501,222222
05/15/2002,16:00,1618.0,1624.5,1608.25,1613.75,433309,231886
05/16/2002,16:00,1612.75,1620.0,1608.5,1618.25,350003,228069
05/17/2002,16:00,1618.75,1628.25,1616.25,1624.5,296585,232844
05/20/2002,16:00,1624.0,1625.75,1610.0,1612.75,346435,237284
05/21/2002,16:00,1612.5,1620.0,1598.5,1602.25,346435,238192
05/22/2002,16:00,1602.25,1606.0,1594.75,1603.0,336004,248479
05/23/2002,16:00,1603.75,1618.5,1599.75,1616.25,349488,248166
05/24/2002,16:00,1616.75,1620.25,1601.25,1601.75,248708,250836
05/28/2002,16:00,1602.5,1609.25,1589.25,1595.75,358643,251578
05/29/2002,16:00,1595.75,1596.75,1586.0,1587.0,309031,252564
05/30/2002,16:00,1587.5,1592.25,1573.5,1585.0,395294,268582
05/31/2002,16:00,1584.75,1600.0,1582.0,1586.75,333444,233788
06/03/2002,16:00,1585.5,1590.25,1555.75,1558.0,452872,0
06/04/2002,16:00,1558.0,1566.25,1550.0,1560.75,568362,240055
06/05/2002,16:00,1561.75,1570.75,1557.75,1569.75,400761,231674
06/06/2002,16:00,1570.75,1573.0,1544.5,1548.75,484645,239798
06/07/2002,16:00,1535.25,1553.25,1529.5,1547.5,429243,237800
06/10/2002,16:00,1548.5,1558.5,1544.25,1551.25,319397,240529
06/11/2002,16:00,1551.0,1564.25,1531.25,1533.5,445770,244365
06/12/2002,16:00,1533.25,1542.0,1521.75,1539.5,7704,14395
06/13/2002,16:00,1542.25,1546.25,1527.0,1529.5,375702,46014
06/14/2002,16:00,1529.5,1529.75,1497.25,1528.25,479809,76131
06/17/2002,16:00,1527.25,1557.0,1526.5,1554.75,411315,96320
06/18/2002,16:00,1554.75,1563.75,1549.0,1563.5,392143,99838
06/19/2002,16:00,1560.5,1560.75,1536.0,1538.5,439470,111428
06/20/2002,16:00,1539.25,1544.25,1523.0,1526.0,506469,108803
06/21/2002,16:00,1525.75,1532.0,1503.25,1510.25,442517,129048
06/24/2002,16:00,1510.75,1523.75,1489.25,1515.0,647193,151924
06/25/2002,16:00,1514.0,1525.5,1492.0,1492.75,527896,146730
06/26/2002,16:00,1493.25,1498.0,1463.75,1493.0,699054,152589
06/27/2002,16:00,1493.75,1511.25,1482.25,1510.25,616024,166306
06/28/2002,16:00,1510.5,1521.5,1504.25,1508.25,366376,173781
07/01/2002,16:00,1507.25,1514.5,1485.25,1487.25,420864,190949
07/02/2002,16:00,1488.0,1492.5,1463.75,1466.0,587772,203397
07/03/2002,16:00,1466.5,1473.75,1453.0,1471.5,417776,214403
07/05/2002,16:00,1471.5,1511.25,1468.5,1509.25,203364,218798
07/08/2002,16:00,1508.75,1514.0,1491.5,1496.5,504371,214137
07/09/2002,16:00,1496.5,1500.0,1469.75,1472.25,524564,215050
07/10/2002,16:00,1472.75,1479.75,1436.0,1437.0,716068,241155
07/11/2002,16:00,1438.0,1448.75,1418.75,1445.25,791119,238489
07/12/2002,16:00,1446.25,1456.25,1431.0,1435.5,520596,237242
07/15/2002,16:00,1435.0,1440.0,1394.0,1438.75,806721,272713
07/16/2002,16:00,1438.75,1442.25,1413.0,1421.5,812924,317872
07/17/2002,16:00,1419.25,1448.0,1409.75,1423.25,698809,314274
07/18/2002,16:00,1424.75,1437.0,1392.5,1393.75,608179,314077
07/19/2002,16:00,1392.75,1397.25,1358.0,1362.25,658101,327703
07/22/2002,16:00,1361.0,1374.5,1329.0,1337.25,925735,354156
07/23/2002,16:00,1338.75,1354.5,1312.5,1315.0,877937,366340
07/24/2002,16:00,1313.5,1365.75,1289.25,1362.25,975947,370292
07/25/2002,16:00,1363.0,1373.0,1330.75,1355.0,881267,360755
07/26/2002,16:00,1355.5,1374.0,1343.0,1372.0,544176,365909
07/29/2002,16:00,1373.25,1418.25,1370.75,1412.0,532257,370189
07/30/2002,16:00,1412.5,1428.5,1401.75,1423.75,697449,359697
07/31/2002,16:00,1422.75,1434.25,1407.0,1429.75,570156,347937
08/01/2002,16:00,1427.5,1429.75,1397.25,1402.25,652038,369165
08/02/2002,16:00,1401.75,1403.75,1370.75,1383.25,534536,372172
08/05/2002,16:00,1383.25,1386.0,1349.75,1352.25,553381,356714
08/06/2002,16:00,1351.5,1393.25,1346.75,1379.25,585765,365386
08/07/2002,16:00,1377.75,1398.75,1371.75,1394.25,637127,347487
08/08/2002,16:00,1394.75,1425.0,1392.0,1424.0,618677,347052
08/09/2002,16:00,1423.0,1433.0,1408.0,1426.0,494097,344981
08/12/2002,16:00,1424.75,1426.5,1409.5,1420.75,406946,330633
08/13/2002,16:00,1420.75,1430.5,1400.25,1403.5,576910,341449
08/14/2002,16:00,1402.5,1439.5,1394.0,1436.25,703547,351659
08/15/2002,16:00,1437.0,1454.0,1434.0,1448.75,591566,354504
08/16/2002,16:00,1448.0,1454.25,1433.25,1446.25,430166,342748
08/19/2002,16:00,1446.5,1470.75,1439.75,1467.25,427142,343747
08/20/2002,16:00,1466.5,1467.75,1449.75,1458.0,473767,346327
08/21/2002,16:00,1458.0,1471.25,1449.25,1470.5,526005,345019
08/22/2002,16:00,1469.5,1484.25,1464.25,1479.25,440714,349325
08/23/2002,16:00,1479.25,1480.5,1454.75,1459.25,344364,346062
08/26/2002,16:00,1458.5,1469.75,1448.0,1465.75,458916,339628
08/27/2002,16:00,1465.5,1474.75,1448.0,1454.75,510032,337237
08/28/2002,16:00,1455.0,1455.25,1431.25,1434.75,469850,341542
08/29/2002,16:00,1434.75,1443.5,1420.75,1434.25,476152,353962
08/30/2002,16:00,1433.75,1447.0,1427.25,1434.25,286234,348227
09/03/2002,16:00,1431.5,1431.5,1394.25,1396.0,504632,349630
09/04/2002,16:00,1395.5,1415.0,1393.25,1408.0,613561,337594
09/05/2002,16:00,1408.25,1409.25,1387.5,1401.5,644464,338791
09/06/2002,16:00,1402.75,1418.25,1399.75,1412.75,479200,336522
09/09/2002,16:00,1410.75,1426.25,1400.75,1418.75,521686,339613
09/10/2002,16:00,1418.5,1430.5,1416.75,1429.5,510950,337713
09/11/2002,16:00,1429.25,1445.75,1423.75,1424.0,12719,14420
09/12/2002,16:00,1424.5,1427.25,1402.25,1407.5,476925,79546
09/13/2002,16:00,1407.5,1411.5,1394.5,1409.5,484294,94450
09/16/2002,16:00,1409.5,1412.5,1397.0,1411.25,374392,108004
09/17/2002,16:00,1410.75,1434.25,1390.0,1390.75,654778,129512
09/18/2002,16:00,1386.25,1397.25,1375.0,1382.0,648224,140329
09/19/2002,16:00,1381.5,1382.0,1359.25,1359.75,628154,160398
09/20/2002,16:00,1361.25,1369.25,1356.5,1360.5,517443,167628
09/23/2002,16:00,1361.75,1364.25,1342.75,1352.75,596003,180742
09/24/2002,16:00,1353.75,1354.0,1333.75,1339.0,689228,199440
09/25/2002,16:00,1340.0,1363.25,1328.5,1359.5,715420,184156
09/26/2002,16:00,1361.0,1375.5,1355.5,1372.75,700147,188363
09/27/2002,16:00,1371.25,1375.25,1342.5,1343.5,620681,208761
09/30/2002,16:00,1343.5,1344.25,1316.5,1333.25,753340,225470
10/01/2002,16:00,1334.75,1372.75,1328.5,1372.25,746897,222936
10/02/2002,16:00,1372.0,1373.0,1341.25,1348.75,804722,220980
10/03/2002,16:00,1347.25,1358.75,1334.5,1338.75,795709,230420
10/04/2002,16:00,1338.0,1348.5,1310.5,1324.0,850508,254476
10/07/2002,16:00,1323.0,1327.0,1300.25,1306.75,752007,268907
10/08/2002,16:00,1306.5,1328.25,1296.75,1318.75,977753,291441
10/09/2002,16:00,1319.75,1321.75,1292.75,1296.5,991686,323298
10/10/2002,16:00,1296.75,1325.5,1285.5,1321.25,878748,343969
10/11/2002,16:00,1321.25,1362.25,1317.5,1356.75,733504,303227
10/14/2002,16:00,1355.0,1363.25,1345.75,1360.5,497294,309618
10/15/2002,16:00,1360.5,1402.25,1359.75,1401.0,910545,317263
10/16/2002,16:00,1392.75,1403.5,1373.75,1381.0,737766,335752
10/17/2002,16:00,1383.75,1407.0,1381.75,1397.25,621766,345778
10/18/2002,16:00,1403.75,1407.75,1384.0,1401.5,609515,345736
10/21/2002,16:00,1400.25,1420.0,1390.75,1417.0,646050,309573
10/22/2002,16:00,1415.5,1415.5,1399.75,1409.75,608452,299388
10/23/2002,16:00,1408.75,1417.25,1391.25,1416.5,769969,325740
10/24/2002,16:00,1416.0,1423.25,1395.75,1398.75,781977,329353
10/25/2002,16:00,1397.25,1418.25,1393.5,1417.0,628869,360219
10/28/2002,16:00,1418.5,1427.5,1403.25,1410.0,614252,350579
10/29/2002,16:00,1410.0,1411.5,1384.25,1399.75,742826,367087
10/30/2002,16:00,1399.75,1414.0,1395.25,1408.0,788491,371514
10/31/2002,16:00,1407.25,1417.0,1396.0,1403.75,684690,368163
11/01/2002,16:00,1400.25,1422.25,1393.25,1416.75,617612,388587
11/04/2002,16:00,1424.0,1443.25,1423.0,1425.75,546383,386056
11/05/2002,16:00,1424.75,1434.0,1422.0,1432.25,517610,397602
11/06/2002,16:00,1433.5,1444.75,1421.25,1444.0,743375,409785
11/07/2002,16:00,1444.25,1444.5,1415.25,1421.0,634244,401529
11/08/2002,16:00,1424.0,1429.0,1408.75,1409.75,587172,398232
11/11/2002,16:00,1410.25,1412.25,1391.25,1396.0,407126,408299
11/12/2002,16:00,1396.0,1412.75,1394.0,1403.0,602744,390867
11/13/2002,16:00,1403.25,1411.0,1388.5,1404.0,757522,396060
11/14/2002,16:00,1404.25,1424.0,1399.5,1420.75,631810,411519
11/15/2002,16:00,1420.5,1428.75,1412.75,1427.25,557849,411243
11/18/2002,16:00,1427.25,1435.75,1416.75,1418.25,526690,402604
11/19/2002,16:00,1417.75,1424.0,1410.5,1416.25,598001,403189
11/20/2002,16:00,1416.5,1437.5,1411.5,1437.0,620615,445576
11/21/2002,16:00,1437.25,1455.0,1434.75,1453.75,628101,463134
11/22/2002,16:00,1454.0,1455.75,1445.5,1447.0,464042,463986
11/25/2002,16:00,1447.25,1455.5,1440.75,1447.75,505244,462979
11/26/2002,16:00,1448.25,1450.75,1429.0,1429.75,523417,443316
11/27/2002,16:00,1431.0,1459.25,1430.25,1456.25,430465,445600
11/29/2002,16:00,1456.5,1460.75,1449.0,1454.25,151426,444041
12/02/2002,16:00,1452.25,1473.5,1445.0,1453.5,653891,456523
12/03/2002,16:00,1454.0,1457.75,1436.0,1442.0,629913,432787
12/04/2002,16:00,1441.5,1444.0,1427.0,1437.25,758699,439560
12/05/2002,16:00,1437.5,1444.5,1423.5,1426.75,651673,433732
12/06/2002,16:00,1428.0,1434.25,1410.0,1432.0,726066,442948
12/09/2002,16:00,1432.0,1436.0,1407.25,1407.75,568754,445410
12/10/2002,16:00,1407.75,1423.5,1407.0,1420.25,536345,444213
12/11/2002,16:00,1420.5,1428.5,1413.75,1420.5,9671,8729
12/12/2002,16:00,1421.0,1427.25,1414.5,1420.25,477547,48744
12/13/2002,16:00,1420.0,1422.0,1405.0,1405.75,465340,85158
12/16/2002,16:00,1405.25,1430.5,1403.25,1428.75,470885,96943
12/17/2002,16:00,1428.75,1430.5,1419.5,1421.25,437652,100972
12/18/2002,16:00,1422.5,1422.75,1405.25,1410.75,457878,116267
12/19/2002,16:00,1411.25,1419.5,1398.0,1404.0,543007,125222
12/20/2002,16:00,1403.75,1416.5,1403.5,1416.0,361821,158882
12/23/2002,16:00,1415.5,1421.25,1409.5,1416.25,247476,166561
12/24/2002,16:00,1416.25,1419.25,1409.25,1410.75,95319,169316
12/26/2002,16:00,1409.5,1422.5,1405.0,1410.0,193489,181758
12/27/2002,16:00,1409.5,1410.75,1390.5,1391.0,256017,173153
12/30/2002,16:00,1391.5,1400.75,1388.25,1396.75,327933,178408
12/31/2002,16:00,1397.25,1400.25,1387.25,1398.25,302443,183525
01/02/2003,16:00,1402.25,1429.0,1401.75,1426.75,469308,210665
01/03/2003,16:00,1426.75,1430.0,1421.0,1429.25,420723,200195
01/06/2003,16:00,1430.25,1450.75,1423.0,1445.75,541644,238281
01/07/2003,16:00,1445.25,1449.75,1438.0,1443.0,670729,237858
01/08/2003,16:00,1443.0,1443.0,1426.5,1429.25,642338,234635
01/09/2003,16:00,1429.5,1447.75,1427.25,1444.0,618017,266651
01/10/2003,16:00,1445.0,1452.25,1434.25,1445.75,693024,270630
01/13/2003,16:00,1445.75,1456.25,1440.0,1445.75,690749,269097
01/14/2003,16:00,1445.5,1450.75,1439.75,1448.5,529887,283027
01/15/2003,16:00,1446.5,1452.0,1434.75,1440.25,593761,276680
01/16/2003,16:00,1439.0,1445.0,1430.0,1435.75,629942,286313
01/17/2003,16:00,1436.25,1442.75,1417.0,1422.25,487767,279014
01/21/2003,16:00,1422.5,1426.5,1405.25,1407.75,548963,282584
01/22/2003,16:00,1407.75,1411.0,1395.25,1396.75,638614,278963
01/23/2003,16:00,1397.5,1409.0,1394.75,1402.25,689708,296138
01/24/2003,16:00,1402.25,1404.75,1376.75,1379.5,770020,281737
01/27/2003,16:00,1379.5,1383.0,1361.5,1366.5,811260,260502
01/28/2003,16:00,1367.5,1379.25,1364.25,1373.75,744867,264028
01/29/2003,16:00,1374.5,1387.0,1355.25,1380.0,837194,265709
01/30/2003,16:00,1380.25,1386.0,1359.0,1359.25,749161,277682
01/31/2003,16:00,1359.75,1377.0,1355.75,1374.0,803363,289617
02/03/2003,16:00,1374.0,1383.25,1373.25,1377.75,570817,277784
02/04/2003,16:00,1377.75,1380.25,1357.5,1368.5,745702,306112
02/05/2003,16:00,1366.75,1380.25,1359.75,1363.75,772112,325117
02/06/2003,16:00,1363.5,1364.75,1351.25,1359.75,796603,330524
02/07/2003,16:00,1358.75,1368.75,1344.5,1349.75,685741,332547
02/10/2003,16:00,1350.75,1356.0,1341.5,1355.25,651782,322594
02/11/2003,16:00,1355.75,1362.0,1342.75,1349.0,662308,363230
02/12/2003,16:00,1349.0,1350.75,1335.5,1336.0,621031,377035
02/13/2003,16:00,1336.75,1341.75,1324.5,1338.25,738507,369056
02/14/2003,16:00,1339.0,1356.5,1333.0,1356.25,728304,358611
02/18/2003,16:00,1358.5,1372.5,1355.25,1370.75,547104,354313
02/19/2003,16:00,1370.5,1371.25,1357.0,1366.0,504111,356563
02/20/2003,16:00,1366.0,1371.0,1355.0,1358.0,591809,365512
02/21/2003,16:00,1358.0,1371.5,1349.0,1366.5,678201,359891
02/24/2003,16:00,1366.75,1369.75,1350.25,1351.75,543074,358916
02/25/2003,16:00,1351.75,1359.25,1336.5,1359.0,819005,372147
02/26/2003,16:00,1359.0,1362.5,1345.0,1347.0,669295,409768
02/27/2003,16:00,1346.75,1362.0,1344.5,1357.5,727683,404699
02/28/2003,16:00,1357.5,1366.25,1353.0,1360.25,570659,395000
03/03/2003,16:00,1363.25,1372.25,1351.25,1354.75,543604,395284
03/04/2003,16:00,1354.5,1356.0,1340.5,1341.5,537918,402006
03/05/2003,16:00,1341.5,1349.25,1337.5,1348.75,718141,386489
03/06/2003,16:00,1348.75,1349.75,1338.25,1341.0,740696,387349
03/07/2003,16:00,1339.0,1349.0,1328.25,1347.75,863148,401582
03/10/2003,16:00,1346.75,1347.5,1324.75,1327.0,615741,400763
03/11/2003,16:00,1326.75,1334.0,1318.75,1319.5,756699,395564
03/12/2003,16:00,1319.75,1325.25,1307.75,1325.0,870057,405755
03/13/2003,16:00,1324.75,1352.75,1323.25,1352.5,853337,191797
03/14/2003,16:00,1352.25,1362.5,1347.0,1353.25,867163,271797
03/17/2003,16:00,1351.0,1383.0,1342.25,1381.25,1081930,366387
03/18/2003,16:00,1381.5,1393.0,1376.25,1386.5,859251,337851
03/19/2003,16:00,1386.75,1394.75,1380.5,1393.0,734164,387314
03/20/2003,16:00,1393.0,1399.5,1377.5,1395.0,864431,421345
03/21/2003,16:00,1395.0,1416.0,1393.25,1413.5,795953,466209
03/24/2003,16:00,1405.75,1405.75,1380.75,1383.75,687937,440253
03/25/2003,16:00,1384.0,1399.5,1376.25,1392.5,732576,443259
03/26/2003,16:00,1393.0,1395.75,1385.0,1388.25,579032,448857
03/27/2003,16:00,1388.25,1393.75,1377.0,1387.75,585527,450848
03/28/2003,16:00,1387.75,1389.75,1379.5,1383.25,458814,449086
03/31/2003,16:00,1378.75,1380.0,1360.25,1367.25,633339,436718
04/01/2003,16:00,1364.75,1380.75,1363.25,1377.0,760265,449801
04/02/2003,16:00,1376.25,1404.5,1375.25,1397.5,611726,480228
04/03/2003,16:00,1398.0,1409.0,1393.25,1393.5,639921,476747
04/04/2003,16:00,1393.75,1404.5,1391.0,1398.75,666105,483387
04/07/2003,16:00,1403.25,1425.25,1396.5,1397.25,765439,503414
04/08/2003,16:00,1397.5,1408.25,1393.75,1398.5,602987,503233
04/09/2003,16:00,1398.75,1407.5,1384.5,1387.0,833414,513145
04/10/2003,16:00,1387.25,1392.75,1381.75,1392.0,559969,520339
04/11/2003,16:00,1392.0,1403.75,1385.0,1388.5,593582,523704
04/14/2003,16:00,1391.25,1406.75,1385.75,1406.25,544169,551308
04/15/2003,16:00,1406.75,1414.25,1400.25,1414.0,604335,562598
04/16/2003,16:00,1416.5,1423.75,1396.75,1399.0,664044,562541
04/17/2003,16:00,1399.75,1413.75,1398.0,1411.5,507684,569422
04/21/2003,16:00,1413.25,1418.0,1407.0,1413.25,472416,580034
04/22/2003,16:00,1412.75,1432.25,1405.25,1429.75,818667,617694
04/23/2003,16:00,1430.5,1439.75,1428.75,1437.75,605926,637888
04/24/2003,16:00,1437.75,1438.75,1425.75,1430.0,594369,643869
04/25/2003,16:00,1430.0,1433.0,1416.25,1418.75,538212,636721
04/28/2003,16:00,1419.25,1438.25,1415.5,1433.75,651701,682772
04/29/2003,16:00,1433.5,1444.0,1430.0,1436.25,764864,686854
04/30/2003,16:00,1436.5,1441.75,1430.25,1436.25,708681,674517
05/01/2003,16:00,1435.75,1436.25,1420.75,1435.25,276331,663642
05/02/2003,16:00,1437.0,1450.5,1431.0,1447.75,593443,690267
05/05/2003,16:00,1447.25,1453.75,1443.75,1446.5,588037,664609
05/06/2003,16:00,1446.0,1459.75,1444.5,1455.0,716168,685863
05/07/2003,16:00,1454.75,1457.25,1445.5,1449.75,650834,696269
05/08/2003,16:00,1449.25,1449.5,1438.5,1440.75,733728,685676
05/09/2003,16:00,1440.5,1453.75,1439.5,1452.5,522708,700277
05/12/2003,16:00,1453.5,1467.0,1448.5,1464.5,590987,709709
05/13/2003,16:00,1464.0,1467.5,1458.5,1463.0,566810,705191
05/14/2003,16:00,1462.75,1468.5,1454.75,1460.5,603259,708503
05/15/2003,16:00,1460.25,1469.0,1458.25,1466.5,638934,710609
05/16/2003,16:00,1466.0,1470.0,1458.25,1464.5,494993,735988
05/19/2003,16:00,1462.0,1462.0,1439.75,1442.75,629154,749754
05/20/2003,16:00,1442.75,1446.0,1431.5,1439.5,771576,765901
05/21/2003,16:00,1440.0,1444.5,1433.5,1442.25,817480,766476
05/22/2003,16:00,1442.75,1455.75,1440.0,1451.0,615742,784671
05/23/2003,16:00,1450.75,1455.5,1446.75,1452.5,366154,785291
05/27/2003,16:00,1452.5,1473.5,1447.25,1469.75,620984,813940
05/28/2003,16:00,1469.75,1479.75,1469.0,1472.25,658453,802051
05/29/2003,16:00,1471.75,1482.5,1466.0,1469.5,741751,804940
05/30/2003,16:00,1469.25,1486.25,1468.5,1483.5,635391,833814
06/02/2003,16:00,1484.0,1499.75,1483.75,1488.5,876317,855301
06/03/2003,16:00,1487.0,1493.5,1483.75,1492.5,701725,856865
06/04/2003,16:00,1492.75,1508.25,1490.5,1506.5,786903,899349
06/05/2003,16:00,1506.25,1511.5,1497.75,1511.0,769694,900769
06/06/2003,16:00,1510.75,1528.75,1506.25,1508.0,889043,892555
06/09/2003,16:00,1506.5,1512.25,1492.5,1497.25,708826,884774
06/10/2003,16:00,1497.25,1507.25,1496.5,1507.0,574081,893800
06/11/2003,16:00,1506.75,1518.5,1502.0,1516.25,34752,46111
06/12/2003,16:00,1517.25,1524.75,1510.5,1520.75,677729,141053
06/13/2003,16:00,1520.0,1522.5,1504.0,1509.75,528438,199117
06/16/2003,16:00,1509.5,1531.25,1506.75,1530.5,752230,255705
06/17/2003,16:00,1530.5,1537.0,1526.75,1530.75,729729,278283
06/18/2003,16:00,1530.75,1535.75,1524.25,1529.5,661336,290712
06/19/2003,16:00,1529.75,1534.0,1512.5,1515.0,707395,312745
06/20/2003,16:00,1514.75,1522.75,1512.0,1512.75,571235,316608
06/23/2003,16:00,1513.5,1514.0,1496.75,1502.25,592917,316334
06/24/2003,16:00,1502.25,1508.0,1498.25,1502.75,697281,318978
06/25/2003,16:00,1503.0,1511.5,1491.25,1493.25,700564,424739
06/26/2003,16:00,1493.0,1507.5,1492.5,1504.75,671388,314751
06/27/2003,16:00,1505.0,1509.25,1493.25,1494.5,575973,327249
06/30/2003,16:00,1495.75,1504.0,1492.25,1494.5,560639,449450
07/01/2003,16:00,1494.0,1503.75,1481.5,1502.5,620181,507798
07/02/2003,16:00,1502.75,1515.0,1502.5,1514.25,585594,348748
07/03/2003,16:00,1514.25,1515.5,1495.75,1503.75,433087,365753
07/07/2003,16:00,1505.0,1526.25,1504.5,1523.75,652919,473871
07/08/2003,16:00,1524.0,1529.75,1518.5,1528.75,471856,463828
07/09/2003,16:00,1528.5,1531.25,1517.25,1522.25,657389,365012
07/10/2003,16:00,1520.5,1521.25,1503.25,1510.0,710298,381272
07/11/2003,16:00,1510.0,1521.5,1506.5,1518.5,487374,458941
07/14/2003,16:00,1518.5,1536.0,1517.25,1523.75,546656,467324
07/15/2003,16:00,1523.5,1532.25,1516.25,1522.25,311435,486625
07/16/2003,16:00,1523.75,1528.5,1508.75,1516.25,682840,387816
07/17/2003,16:00,1515.0,1515.25,1498.0,1502.0,741064,422556
07/18/2003,16:00,1503.25,1514.5,1498.75,1511.75,377711,491769
07/21/2003,16:00,1512.5,1513.5,1494.75,1499.25,820053,433801
07/22/2003,16:00,1498.75,1510.75,1495.5,1508.0,820053,415094
07/23/2003,16:00,1509.0,1512.25,1499.0,1508.75,601019,419330
07/24/2003,16:00,1508.5,1519.5,1500.0,1501.5,737463,439349
07/25/2003,16:00,1500.25,1519.0,1496.25,1518.0,700564,424739
07/28/2003,16:00,1519.25,1521.75,1512.75,1515.25,434530,510748
07/29/2003,16:00,1515.0,1519.25,1502.75,1510.25,370483,502455
07/30/2003,16:00,1510.0,1515.0,1505.25,1507.75,560639,449450
07/31/2003,16:00,1507.5,1525.25,1506.75,1510.5,850836,467253
08/01/2003,16:00,1510.0,1514.0,1498.25,1500.75,620181,507798
08/04/2003,16:00,1500.5,1506.25,1486.0,1501.5,577262,511101
08/05/2003,16:00,1501.5,1503.5,1479.5,1480.75,716130,486890
08/06/2003,16:00,1480.25,1496.5,1479.75,1486.25,722594,518929
08/07/2003,16:00,1486.25,1496.5,1483.25,1495.75,652919,473871
08/08/2003,16:00,1495.25,1501.25,1493.5,1499.25,471856,463828
08/11/2003,16:00,1499.25,1506.0,1494.0,1502.5,487374,458941
08/12/2003,16:00,1502.5,1511.75,1500.0,1511.25,474326,456972
08/13/2003,16:00,1510.75,1514.75,1501.0,1506.0,498772,478025
08/14/2003,16:00,1505.5,1513.0,1500.5,1509.0,546656,467324
08/15/2003,16:00,1501.0,1513.75,1494.5,1511.75,311435,486625
08/18/2003,16:00,1511.25,1521.5,1511.0,1520.0,377711,491769
08/19/2003,16:00,1520.0,1524.75,1515.5,1524.25,471439,489657
08/20/2003,16:00,1523.0,1524.5,1517.0,1520.25,404406,491938
08/21/2003,16:00,1520.25,1530.75,1519.5,1523.25,606183,494080
08/22/2003,16:00,1523.5,1533.5,1513.0,1513.75,600576,498592
08/25/2003,16:00,1513.0,1515.5,1508.25,1515.0,404564,488061
08/26/2003,16:00,1515.0,1519.25,1503.75,1516.75,653620,495515
08/27/2003,16:00,1517.0,1519.0,1513.75,1517.0,318614,495646
08/28/2003,16:00,1516.5,1525.25,1511.5,1522.5,434530,510748
08/29/2003,16:00,1522.5,1530.5,1520.25,1529.0,370483,502455
09/02/2003,16:00,1529.5,1544.0,1525.75,1543.25,820276,511577
09/03/2003,16:00,1543.25,1551.0,1541.5,1548.25,761140,518038
09/04/2003,16:00,1548.25,1550.75,1542.5,1549.5,577262,511101
09/05/2003,16:00,1550.25,1551.0,1539.0,1543.5,661744,515104
09/08/2003,16:00,1543.0,1554.0,1542.5,1551.75,671760,523931
09/09/2003,16:00,1552.25,1556.0,1541.75,1545.25,621684,515453
09/10/2003,16:00,1544.5,1545.5,1530.5,1534.75,773685,523696
09/11/2003,16:00,1536.25,1542.5,1532.0,1538.0,611338,132846
09/12/2003,16:00,1538.0,1541.0,1528.0,1539.25,654027,203844
09/15/2003,16:00,1539.5,1541.5,1534.25,1535.25,552144,223276
09/16/2003,16:00,1535.25,1551.0,1534.75,1550.5,664916,321307
09/17/2003,16:00,1550.5,1552.5,1545.0,1548.25,567196,316506
09/18/2003,16:00,1548.25,1561.25,1546.25,1560.0,707985,370026
09/19/2003,16:00,1560.25,1561.75,1552.25,1555.75,583482,358802
09/22/2003,16:00,1554.5,1554.5,1538.5,1544.0,752271,353779
09/23/2003,16:00,1544.0,1551.25,1542.0,1548.25,623754,367830
09/24/2003,16:00,1548.25,1551.0,1529.0,1530.0,923217,365513
09/25/2003,16:00,1530.0,1537.25,1520.0,1520.5,805260,368013
09/26/2003,16:00,1520.5,1524.75,1516.75,1517.25,745028,0
09/29/2003,16:00,1518.0,1528.25,1515.5,1527.0,756865,381686
09/30/2003,16:00,1526.5,1527.75,1510.5,1516.75,1004864,385390
10/01/2003,16:00,1518.25,1539.75,1517.75,1539.25,915508,394365
10/02/2003,16:00,1539.0,1543.75,1534.25,1542.25,727229,404827
10/03/2003,16:00,1542.25,1560.75,1540.75,1551.25,831490,413769
10/06/2003,16:00,1549.75,1557.75,1549.0,1556.25,332455,407843
10/07/2003,16:00,1556.25,1561.0,1547.0,1560.0,834746,427825
10/08/2003,16:00,1560.5,1562.5,1551.75,1557.75,658006,424571
10/09/2003,16:00,1557.75,1570.0,1555.75,1561.25,771553,451005
10/10/2003,16:00,1560.5,1565.25,1556.75,1563.25,503349,447309
10/13/2003,16:00,1563.25,1570.75,1562.25,1567.25,307181,463345
10/14/2003,16:00,1567.25,1572.25,1561.75,1570.25,567501,475326
10/15/2003,16:00,1571.0,1578.5,1564.25,1567.25,661440,467195
10/16/2003,16:00,1565.75,1575.0,1564.0,1572.0,733689,494074
10/17/2003,16:00,1570.5,1574.75,1557.5,1560.5,608788,464043
10/20/2003,16:00,1560.25,1568.25,1557.0,1568.0,549399,481043
10/21/2003,16:00,1568.0,1572.25,1563.5,1566.25,572797,488354
10/22/2003,16:00,1566.5,1567.0,1549.25,1553.25,682947,476665
10/23/2003,16:00,1552.5,1557.25,1542.5,1551.25,693849,495576
10/24/2003,16:00,1551.0,1553.0,1539.0,1552.75,644041,497077
10/27/2003,16:00,1551.0,1559.5,1550.0,1553.5,541229,504954
10/28/2003,16:00,1552.75,1568.75,1552.5,1567.5,648859,465908
10/29/2003,16:00,1567.0,1571.5,1562.75,1569.0,569839,470983
10/30/2003,16:00,1568.75,1577.25,1565.0,1571.25,744512,474611
10/31/2003,16:00,1571.25,1575.0,1569.25,1572.25,452365,478563
11/03/2003,16:00,1570.0,1583.25,1569.25,1577.0,609967,491531
11/04/2003,16:00,1577.0,1579.75,1572.75,1575.0,554811,474554
11/05/2003,16:00,1575.0,1577.25,1566.0,1576.25,556444,460635
11/06/2003,16:00,1576.5,1581.5,1568.0,1581.25,618281,471828
11/07/2003,16:00,1581.0,1587.25,1572.75,1573.25,614109,455433
11/10/2003,16:00,1574.0,1576.5,1567.0,1569.0,495923,440922
11/11/2003,16:00,1569.0,1570.5,1564.25,1568.5,403191,438246
11/12/2003,16:00,1568.0,1581.75,1567.25,1579.75,645534,469772
11/13/2003,16:00,1579.5,1582.75,1574.75,1580.75,575631,451626
11/14/2003,16:00,1581.0,1587.0,1569.75,1571.75,649695,458333
11/17/2003,16:00,1570.75,1570.75,1557.0,1566.25,686497,461384
11/18/2003,16:00,1566.0,1571.25,1553.75,1555.5,773553,473080
11/19/2003,16:00,1555.75,1566.5,1553.75,1563.75,644049,459217
11/20/2003,16:00,1564.0,1569.0,1553.75,1554.75,797586,476725
11/21/2003,16:00,1554.5,1559.75,1553.0,1559.0,534013,458031
11/24/2003,16:00,1558.5,1574.25,1558.0,1572.25,658516,460201
11/25/2003,16:00,1572.25,1580.5,1570.25,1576.0,562943,488777
11/26/2003,16:00,1575.75,1581.25,1570.0,1579.5,480652,485444
11/28/2003,16:00,1580.0,1583.0,1576.5,1580.5,135440,473311
12/01/2003,16:00,1581.75,1593.25,1578.5,1591.75,663167,514506
12/02/2003,16:00,1591.75,1593.75,1587.0,1589.75,564852,526070
12/03/2003,16:00,1589.25,1597.0,1587.0,1587.75,677047,556056
12/04/2003,16:00,1587.5,1593.25,1585.5,1592.25,574760,561655
12/05/2003,16:00,1589.75,1591.5,1582.25,1585.0,638116,552706
12/08/2003,16:00,1583.75,1592.25,1580.5,1591.75,498544,564431
12/09/2003,16:00,1592.0,1595.5,1581.5,1583.25,680486,557920
12/10/2003,16:00,1583.5,1585.75,1575.75,1583.5,636587,534138
12/11/2003,16:00,1583.25,1596.5,1582.0,1595.0,716159,177309
12/12/2003,16:00,1595.0,1597.5,1589.5,1596.5,521080,220335
12/15/2003,16:00,1610.5,1612.75,1590.25,1591.5,822025,276857
12/16/2003,16:00,1591.5,1598.75,1589.5,1597.5,512294,315404
12/17/2003,16:00,1597.5,1600.75,1593.5,1600.25,446062,328498
12/18/2003,16:00,1600.25,1612.75,1598.75,1612.5,586263,333720
12/19/2003,16:00,1612.0,1614.25,1606.25,1609.5,539361,332758
12/22/2003,16:00,1606.5,1617.0,1604.5,1616.75,292581,337376
12/23/2003,16:00,1616.5,1619.75,1614.25,1617.5,267667,347184
12/24/2003,16:00,1617.5,1619.25,1613.5,1617.0,94667,343021
12/26/2003,16:00,1617.5,1621.0,1616.5,1617.5,68120,348859
12/29/2003,16:00,1617.5,1633.25,1617.0,1631.75,301478,379341
12/30/2003,16:00,1631.75,1633.0,1629.0,1631.75,218431,367845
12/31/2003,16:00,1631.75,1635.5,1628.75,1634.5,322533,363018
01/02/2004,16:00,1635.0,1642.0,1627.5,1633.0,452889,376063
01/05/2004,16:00,1632.75,1645.5,1632.75,1644.0,609539,414061
01/06/2004,16:00,1643.75,1647.5,1639.5,1646.0,520267,414596
01/07/2004,16:00,1645.75,1650.75,1638.75,1649.5,623738,429452
01/08/2004,16:00,1649.5,1654.5,1647.75,1653.5,655254,444261
01/09/2004,16:00,1653.5,1655.0,1643.0,1644.0,870229,451970
01/12/2004,16:00,1643.5,1652.5,1642.25,1652.25,636419,477893
01/13/2004,16:00,1652.25,1653.25,1637.75,1645.25,739977,493698
01/14/2004,16:00,1645.25,1656.5,1643.25,1655.25,530133,511077
01/15/2004,16:00,1653.75,1660.5,1647.0,1657.25,876169,512165
01/16/2004,16:00,1657.0,1663.0,1656.0,1662.0,574795,516623
01/20/2004,16:00,1661.75,1666.25,1658.0,1661.5,563145,533002
01/21/2004,16:00,1661.25,1672.75,1656.75,1670.0,683620,562647
01/22/2004,16:00,1670.0,1673.25,1665.5,1668.0,556580,566023
01/23/2004,16:00,1665.75,1673.25,1659.25,1664.25,641861,557651
01/26/2004,16:00,1664.0,1679.0,1662.0,1678.25,588066,591271
01/27/2004,16:00,1678.25,1678.75,1666.0,1666.5,655547,551988
01/28/2004,16:00,1666.25,1672.0,1648.75,1653.25,821903,564232
01/29/2004,16:00,1652.5,1657.75,1644.75,1654.25,886218,579668
01/30/2004,16:00,1655.0,1656.25,1650.0,1654.0,585391,543382
02/02/2004,16:00,1654.25,1666.25,1650.5,1658.5,675576,559298
02/03/2004,16:00,1658.5,1660.5,1653.5,1657.0,594482,539366
02/04/2004,16:00,1657.0,1657.5,1646.0,1648.0,771930,532634
02/05/2004,16:00,1647.75,1654.25,1646.5,1650.5,579920,529989
02/06/2004,16:00,1650.75,1666.0,1649.0,1663.0,646603,570049
02/09/2004,16:00,1663.25,1667.75,1661.75,1664.0,472032,535024
02/10/2004,16:00,1664.25,1670.75,1661.5,1667.25,506464,533341
02/11/2004,16:00,1667.25,1682.75,1665.25,1679.25,735265,573057
02/12/2004,16:00,1679.25,1681.5,1674.5,1675.0,447641,556931
02/13/2004,16:00,1675.5,1680.75,1666.0,1669.75,534255,543959
02/17/2004,16:00,1669.5,1682.75,1669.25,1680.5,472647,573511
02/18/2004,16:00,1680.5,1682.75,1672.25,1675.25,534794,560116
02/19/2004,16:00,1675.25,1682.5,1669.25,1671.25,645777,565766
02/20/2004,16:00,1670.75,1675.0,1661.75,1667.75,686761,575658
02/23/2004,16:00,1668.0,1671.5,1660.0,1664.0,611027,567956
02/24/2004,16:00,1664.5,1668.25,1657.25,1662.5,742235,577545
02/25/2004,16:00,1663.0,1669.0,1661.0,1667.0,556898,585217
02/26/2004,16:00,1667.25,1671.25,1661.75,1667.25,528708,586282
02/27/2004,16:00,1667.75,1676.0,1664.5,1668.5,593104,583924
03/01/2004,16:00,1668.25,1681.5,1668.25,1679.5,533975,606353
03/02/2004,16:00,1679.5,1680.75,1670.5,1673.0,588494,579493
03/03/2004,16:00,1673.25,1676.75,1667.25,1674.75,640846,590670
03/04/2004,16:00,1674.5,1679.25,1673.25,1678.25,410537,590014
03/05/2004,16:00,1677.25,1687.75,1670.5,1681.75,1078585,618621
03/08/2004,16:00,1682.0,1684.0,1667.25,1668.0,644665,621490
03/09/2004,16:00,1668.0,1671.0,1660.25,1663.5,777885,609470
03/10/2004,16:00,1663.5,1665.75,1643.25,1643.25,990475,595948
03/11/2004,16:00,1644.5,1650.25,1628.25,1629.25,1036107,263051
03/12/2004,16:00,1629.5,1644.75,1626.0,1643.0,741242,320891
03/15/2004,16:00,1642.25,1643.75,1626.5,1630.0,1037954,354220
03/16/2004,16:00,1630.0,1638.0,1626.0,1635.25,874709,389027
03/17/2004,16:00,1635.25,1650.0,1634.5,1647.5,695265,404607
03/18/2004,16:00,1647.5,1651.5,1636.5,1647.75,837275,438778
03/19/2004,16:00,1648.0,1652.25,1631.5,1632.25,649991,437614
03/22/2004,16:00,1632.5,1632.5,1612.5,1618.25,972312,460542
03/23/2004,16:00,1618.25,1625.25,1614.75,1616.25,753983,476135
03/24/2004,16:00,1616.5,1622.5,1609.75,1616.5,827573,478706
03/25/2004,16:00,1616.75,1634.25,1615.0,1631.0,664861,474860
03/26/2004,16:00,1631.25,1639.0,1629.25,1631.0,554179,467022
03/29/2004,16:00,1631.0,1648.5,1631.0,1646.75,669922,461473
03/30/2004,16:00,1646.75,1651.75,1642.5,1651.0,562087,465641
03/31/2004,16:00,1651.0,1654.75,1644.75,1650.0,693645,484548
04/01/2004,16:00,1652.25,1659.75,1648.5,1658.5,640574,493415
04/02/2004,16:00,1658.25,1670.0,1657.0,1667.0,773288,482974
04/05/2004,16:00,1666.5,1674.5,1663.0,1673.25,479671,495770
04/06/2004,16:00,1673.25,1673.5,1666.5,1669.75,469548,498996
04/07/2004,16:00,1669.5,1671.5,1662.0,1667.25,632450,504456
04/08/2004,16:00,1667.25,1679.5,1658.0,1664.5,640090,508175
04/12/2004,16:00,1664.0,1671.5,1661.0,1669.0,384108,517463
04/13/2004,16:00,1669.25,1675.0,1651.25,1653.25,828295,530030
04/14/2004,16:00,1653.0,1657.0,1645.75,1654.75,972966,557467
04/15/2004,16:00,1654.25,1658.5,1644.0,1650.0,880208,559952
04/16/2004,16:00,1649.5,1661.0,1647.0,1659.0,681187,569456
04/19/2004,16:00,1657.5,1660.25,1653.25,1658.75,507413,556393
04/20/2004,16:00,1658.5,1663.5,1638.25,1639.5,774369,569143
04/21/2004,16:00,1640.5,1649.75,1639.25,1647.5,861177,569788
04/22/2004,16:00,1649.0,1667.0,1643.25,1661.75,848340,597470
04/23/2004,16:00,1665.0,1667.25,1658.25,1664.5,515762,575375
04/26/2004,16:00,1663.25,1669.25,1656.0,1663.0,554092,560063
04/27/2004,16:00,1662.75,1671.25,1659.75,1663.0,743858,566483
04/28/2004,16:00,1663.0,1663.25,1645.0,1648.5,837185,579831
04/29/2004,16:00,1648.0,1653.0,1631.5,1639.0,1145907,585253
04/30/2004,16:00,1638.25,1644.0,1628.75,1631.0,817525,552729
05/03/2004,16:00,1630.25,1643.0,1629.25,1641.0,609878,545451
05/04/2004,16:00,1641.0,1652.5,1636.5,1640.5,781489,550994
05/05/2004,16:00,1640.5,1649.5,1637.5,1647.0,665017,559833
05/06/2004,16:00,1647.0,1647.25,1629.75,1638.0,782294,576950
05/07/2004,16:00,1638.0,1642.0,1619.5,1620.5,986625,585135
05/10/2004,16:00,1620.0,1622.0,1603.0,1608.5,1231781,614259
05/11/2004,16:00,1608.5,1620.25,1606.25,1617.25,755064,613715
05/12/2004,16:00,1617.5,1624.75,1600.25,1623.75,1189881,600095
05/13/2004,16:00,1623.5,1627.5,1615.75,1618.75,868300,594765
05/14/2004,16:00,1618.5,1627.0,1610.75,1619.75,857016,585744
05/17/2004,16:00,1619.0,1619.75,1603.25,1610.5,819851,580304
05/18/2004,16:00,1610.25,1619.5,1609.5,1615.25,644992,578321
05/19/2004,16:00,1615.75,1630.75,1610.75,1611.75,1029552,583400
05/20/2004,16:00,1612.0,1617.75,1609.0,1615.5,659182,580901
05/21/2004,16:00,1615.0,1624.75,1613.75,1617.5,674780,568308
05/24/2004,16:00,1617.75,1626.75,1616.0,1621.5,725025,563170
05/25/2004,16:00,1621.5,1638.75,1615.0,1637.5,914619,574161
05/26/2004,16:00,1637.0,1642.0,1633.75,1641.0,605407,553297
05/27/2004,16:00,1641.0,1649.5,1639.5,1647.75,706751,554066
05/28/2004,16:00,1647.25,1648.75,1642.5,1645.25,359808,544842
06/01/2004,16:00,1646.5,1648.0,1637.5,1646.25,621570,546784
06/02/2004,16:00,1646.25,1653.5,1643.25,1650.5,570289,558681
06/03/2004,16:00,1650.25,1651.0,1639.5,1640.0,613526,549722
06/04/2004,16:00,1641.0,1654.5,1640.5,1648.25,623184,553037
06/07/2004,16:00,1647.5,1667.0,1647.5,1665.25,578498,585119
06/08/2004,16:00,1665.25,1667.75,1660.5,1667.0,518265,581133
06/09/2004,16:00,1666.75,1668.0,1655.5,1656.5,615183,565646
06/10/2004,16:00,1657.0,1662.0,1654.75,1661.75,366761,134554
06/11/2004,16:00,1662.0,1662.0,1658.0,1661.75,8125,0
06/14/2004,16:00,1659.25,1660.0,1647.25,1651.0,580332,333111
06/15/2004,16:00,1651.0,1663.25,1650.75,1659.25,745580,444083
06/16/2004,16:00,1658.75,1662.5,1655.5,1658.5,506959,477742
06/17/2004,16:00,1658.5,1659.5,1651.75,1657.0,569216,507216
06/18/2004,16:00,1656.75,1665.0,1652.0,1659.5,522615,545974
06/21/2004,16:00,1660.25,1664.75,1653.75,1654.75,407234,535175
06/22/2004,16:00,1654.75,1661.25,1649.25,1660.5,585314,563715
06/23/2004,16:00,1660.25,1670.75,1656.5,1669.5,553760,577584
06/24/2004,16:00,1669.5,1671.75,1665.0,1666.75,477243,582861
06/25/2004,16:00,1667.0,1671.5,1659.0,1660.75,476509,583185
06/28/2004,16:00,1662.25,1671.25,1656.5,1657.25,569180,585150
06/29/2004,16:00,1657.5,1664.0,1653.25,1661.25,515740,589972
06/30/2004,16:00,1661.25,1670.0,1658.5,1666.0,708253,595602
07/01/2004,16:00,1667.0,1669.25,1647.75,1651.75,886319,572799
07/02/2004,16:00,1652.0,1655.0,1648.0,1651.25,457987,556835
07/06/2004,16:00,1651.25,1654.5,1638.0,1640.5,750511,575931
07/07/2004,16:00,1640.5,1647.5,1639.0,1643.5,518030,553291
07/08/2004,16:00,1643.0,1644.75,1633.5,1636.25,733944,564743
07/09/2004,16:00,1636.25,1641.0,1635.5,1638.25,489827,561058
07/12/2004,16:00,1639.25,1641.75,1631.5,1639.0,660826,567323
07/13/2004,16:00,1639.0,1641.5,1636.5,1639.75,484624,554923
07/14/2004,16:00,1637.25,1645.25,1632.25,1636.75,800975,572683
07/15/2004,16:00,1637.0,1640.5,1628.5,1629.0,681355,581110
07/16/2004,16:00,1630.5,1638.0,1625.5,1628.25,655474,600265
07/19/2004,16:00,1628.75,1631.5,1621.0,1624.25,687796,599088
07/20/2004,16:00,1624.25,1640.25,1621.25,1637.5,661956,588220
07/21/2004,16:00,1637.5,1641.5,1615.0,1616.0,891225,626520
07/22/2004,16:00,1615.75,1624.75,1608.5,1619.25,854998,609913
07/23/2004,16:00,1617.5,1619.5,1607.75,1611.0,638928,596664
07/26/2004,16:00,1611.25,1615.0,1602.5,1608.5,728731,596759
07/27/2004,16:00,1608.5,1621.5,1608.25,1618.0,744885,584465
07/28/2004,16:00,1618.0,1624.0,1606.25,1621.0,802235,573977
07/29/2004,16:00,1621.25,1629.25,1618.0,1625.75,671856,579878
07/30/2004,16:00,1625.75,1629.5,1621.5,1626.5,493272,580964
08/02/2004,16:00,1623.5,1633.75,1621.0,1631.0,584118,588389
08/03/2004,16:00,1631.25,1632.0,1622.0,1622.75,575958,589699
08/04/2004,16:00,1623.0,1627.75,1614.5,1622.5,644751,594541
08/05/2004,16:00,1622.5,1624.25,1602.75,1604.0,657904,609096
08/06/2004,16:00,1604.25,1608.5,1586.25,1589.0,896597,639607
08/09/2004,16:00,1589.75,1594.75,1588.0,1589.75,480071,614149
08/10/2004,16:00,1590.0,1604.25,1589.5,1601.75,603931,617668
08/11/2004,16:00,1601.75,1602.75,1590.75,1601.25,682787,627596
08/12/2004,16:00,1601.25,1603.5,1585.5,1589.25,718858,655245
08/13/2004,16:00,1590.0,1593.25,1585.5,1591.75,592108,661600
08/16/2004,16:00,1591.0,1606.25,1586.5,1603.0,627915,660862
08/17/2004,16:00,1602.75,1612.5,1601.0,1608.5,593673,654153
08/18/2004,16:00,1608.5,1621.5,1603.5,1620.0,717331,661074
08/19/2004,16:00,1619.75,1621.0,1611.25,1616.75,607182,661950
08/20/2004,16:00,1616.75,1626.0,1612.75,1624.25,566065,671375
08/23/2004,16:00,1623.0,1627.25,1619.75,1621.75,547848,674875
08/24/2004,16:00,1621.75,1626.75,1617.75,1623.0,556798,646955
08/25/2004,16:00,1622.75,1632.0,1618.25,1629.25,576935,665333
08/26/2004,16:00,1629.25,1632.25,1627.5,1630.0,331025,662776
08/27/2004,16:00,1629.5,1635.25,1628.75,1633.75,335912,671853
08/30/2004,16:00,1633.0,1633.5,1623.5,1624.5,359193,677326
08/31/2004,16:00,1624.75,1630.75,1619.75,1629.5,623724,679653
09/01/2004,16:00,1629.75,1635.25,1623.5,1632.25,613831,693113
09/02/2004,16:00,1632.0,1645.75,1630.0,1645.0,512030,689731
09/03/2004,16:00,1641.75,1646.75,1638.25,1640.0,459941,695395
09/07/2004,16:00,1640.25,1650.0,1640.25,1647.75,657022,708398
09/08/2004,16:00,1647.5,1649.0,1641.5,1644.75,655151,129992
09/09/2004,16:00,1644.0,1647.25,1638.75,1643.0,622370,264485
09/10/2004,16:00,1643.25,1651.25,1639.25,1649.0,540756,335976
09/13/2004,16:00,1649.0,1655.75,1648.25,1653.25,643021,411083
09/14/2004,16:00,1653.0,1655.5,1650.25,1655.0,520668,468958
09/15/2004,16:00,1654.75,1655.25,1645.0,1645.75,557925,505879
09/16/2004,16:00,1646.25,1652.0,1645.75,1649.5,452590,527236
09/17/2004,16:00,1649.5,1656.5,1647.75,1654.0,518182,551596
09/20/2004,16:00,1653.75,1654.0,1645.5,1647.25,563160,543707
09/21/2004,16:00,1647.5,1657.5,1646.25,1652.25,543857,560261
09/22/2004,16:00,1652.0,1652.5,1637.0,1638.0,757021,563170
09/23/2004,16:00,1637.75,1640.0,1632.0,1632.25,616454,567966
09/24/2004,16:00,1632.25,1639.5,1632.0,1636.5,421659,557182
09/27/2004,16:00,1636.25,1639.0,1628.25,1630.25,547651,573085
09/28/2004,16:00,1630.25,1637.5,1626.25,1634.75,661460,598028
09/29/2004,16:00,1634.75,1640.5,1632.25,1640.25,575671,589843
09/30/2004,16:00,1640.25,1642.0,1634.5,1640.0,593430,593528
10/01/2004,16:00,1639.75,1658.5,1636.75,1658.25,679874,629689
10/04/2004,16:00,1656.5,1666.25,1656.0,1660.5,570055,653867
10/05/2004,16:00,1660.25,1665.0,1657.25,1661.5,531192,665553
10/06/2004,16:00,1660.75,1668.75,1658.5,1667.75,590808,678693
10/07/2004,16:00,1668.0,1668.0,1655.5,1656.5,551060,664443
10/08/2004,16:00,1656.5,1661.0,1645.25,1647.0,718784,668912
10/11/2004,16:00,1647.0,1652.0,1647.0,1651.0,285971,669151
10/12/2004,16:00,1650.75,1651.75,1641.0,1647.5,712789,685613
10/13/2004,16:00,1648.5,1652.5,1634.5,1637.25,785662,676752
10/14/2004,16:00,1637.0,1640.5,1627.0,1628.0,830879,679634
10/15/2004,16:00,1628.0,1638.75,1627.0,1633.25,774418,724803
10/18/2004,16:00,1633.75,1640.25,1627.5,1638.0,660608,740902
10/19/2004,16:00,1638.5,1643.5,1627.0,1628.5,854833,730439
10/20/2004,16:00,1628.5,1629.25,1618.75,1626.75,863732,726868
10/21/2004,16:00,1626.75,1634.25,1623.0,1632.75,813591,722247
10/22/2004,16:00,1631.25,1634.75,1619.75,1621.0,664670,724303
10/25/2004,16:00,1620.5,1622.0,1613.0,1620.25,735235,728587
10/26/2004,16:00,1620.5,1637.0,1619.5,1636.5,806763,740336
10/27/2004,16:00,1636.0,1651.75,1631.75,1649.75,963330,757048
10/28/2004,16:00,1649.0,1656.25,1645.25,1652.5,664428,756636
10/29/2004,16:00,1652.75,1657.0,1649.5,1655.25,556564,768841
11/01/2004,16:00,1652.5,1659.0,1651.25,1655.75,494666,785225
11/02/2004,16:00,1655.75,1666.0,1652.75,1655.5,831105,814706
11/03/2004,16:00,1655.5,1674.0,1652.25,1670.0,981514,813963
11/04/2004,16:00,1669.25,1687.0,1667.0,1685.5,897586,856715
11/05/2004,16:00,1685.5,1696.75,1683.25,1692.75,833448,861473
11/08/2004,16:00,1692.0,1692.5,1687.25,1691.5,439648,901132
11/09/2004,16:00,1691.5,1695.0,1687.75,1689.25,589789,866605
11/10/2004,16:00,1689.5,1695.5,1687.75,1689.75,694097,877789
11/11/2004,16:00,1690.0,1701.0,1688.0,1698.75,548869,913018
11/12/2004,16:00,1698.25,1709.75,1696.75,1707.75,676262,946545
11/15/2004,16:00,1708.0,1711.0,1705.5,1711.0,625695,986427
11/16/2004,16:00,1710.25,1710.75,1700.75,1702.5,658437,985697
11/17/2004,16:00,1702.5,1714.75,1702.25,1709.25,831375,1028326
11/18/2004,16:00,1709.0,1711.25,1705.5,1710.0,527776,964156
11/19/2004,16:00,1710.0,1710.75,1694.25,1697.25,723841,968757
11/22/2004,16:00,1697.0,1704.0,1691.5,1703.0,531349,997738
11/23/2004,16:00,1703.0,1705.5,1696.5,1704.25,635022,1016437
11/24/2004,16:00,1703.75,1708.25,1703.0,1707.0,428298,1022032
11/26/2004,16:00,1707.0,1712.5,1704.25,1705.75,179479,1032334
11/29/2004,16:00,1705.5,1716.25,1697.25,1701.0,812904,1035082
11/30/2004,16:00,1701.5,1704.5,1698.0,1699.0,687321,1024256
12/01/2004,16:00,1700.5,1717.25,1700.0,1714.75,707865,1060621
12/02/2004,16:00,1714.5,1720.75,1712.0,1715.5,716558,1052318
12/03/2004,16:00,1718.75,1723.5,1710.75,1714.25,827492,1023412
12/06/2004,16:00,1714.25,1718.25,1710.25,1714.25,456185,1030231
12/07/2004,16:00,1714.25,1718.5,1702.0,1702.75,802914,905647
12/08/2004,16:00,1702.25,1709.75,1701.0,1709.0,691265,874555
12/09/2004,16:00,1708.25,1716.25,1698.5,1713.5,848103,399314
12/10/2004,16:00,1713.25,1717.0,1709.75,1714.5,729848,511565
12/13/2004,16:00,1714.75,1725.5,1714.5,1725.25,562390,558604
12/14/2004,16:00,1725.0,1731.0,1722.0,1729.25,608799,677640
12/15/2004,16:00,1729.25,1732.25,1724.25,1730.0,632881,666133
12/16/2004,16:00,1729.75,1733.5,1723.0,1729.25,729814,686288
12/17/2004,16:00,1729.0,1731.75,1718.0,1721.0,821953,690600
12/20/2004,16:00,1720.25,1729.5,1718.0,1721.5,494262,693615
12/21/2004,16:00,1721.25,1731.25,1720.0,1730.75,451956,714063
12/22/2004,16:00,1730.0,1737.0,1729.5,1733.75,401650,729708
12/23/2004,16:00,1733.5,1739.25,1731.75,1734.5,268933,733340
12/27/2004,16:00,1735.0,1739.75,1730.0,1731.25,297065,729778
12/28/2004,16:00,1731.25,1739.5,1730.5,1738.25,251113,724632
12/29/2004,16:00,1738.25,1740.0,1735.5,1739.75,210237,742222
12/30/2004,16:00,1739.5,1741.75,1736.25,1737.5,210317,748094
12/31/2004,16:00,1737.5,1742.5,1733.5,1736.5,246153,741148
01/03/2005,16:00,1736.25,1744.0,1724.5,1729.0,672360,777438
01/04/2005,16:00,1729.0,1732.25,1709.5,1713.75,869562,796843
01/05/2005,16:00,1713.5,1717.75,1705.5,1706.0,855689,816988
01/06/2005,16:00,1706.0,1716.5,1705.5,1711.0,678414,822895
01/07/2005,16:00,1711.25,1717.25,1706.25,1709.0,766197,828632
01/10/2005,16:00,1709.75,1719.5,1708.0,1714.5,727775,825187
01/11/2005,16:00,1714.0,1715.5,1704.5,1706.75,759233,816648
01/12/2005,16:00,1708.75,1712.5,1699.5,1710.25,948455,827578
01/13/2005,16:00,1710.5,1713.0,1699.0,1700.75,727580,830791
01/14/2005,16:00,1701.0,1709.5,1699.5,1706.5,518753,798175
01/18/2005,16:00,1707.75,1720.5,1703.25,1718.5,777663,839714
01/19/2005,16:00,1718.75,1720.0,1706.0,1706.25,730230,830843
01/20/2005,16:00,1704.25,1705.75,1696.75,1699.25,929786,829311
01/21/2005,16:00,1700.0,1703.5,1690.0,1691.25,900208,829063
01/24/2005,16:00,1692.75,1697.0,1687.0,1689.0,854722,840647
01/25/2005,16:00,1689.0,1698.25,1688.75,1692.5,739854,846406
01/26/2005,16:00,1692.5,1699.5,1692.25,1696.0,751462,849953
01/27/2005,16:00,1695.75,1700.75,1693.0,1697.5,732660,850265
01/28/2005,16:00,1698.0,1700.25,1689.0,1697.5,829911,822019
01/31/2005,16:00,1699.5,1705.75,1699.5,1704.5,669875,797969
02/01/2005,16:00,1704.5,1713.75,1702.25,1712.0,651757,808503
02/02/2005,16:00,1712.5,1718.75,1711.75,1716.0,587228,823896
02/03/2005,16:00,1715.0,1716.25,1708.5,1712.25,569604,819238
02/04/2005,16:00,1712.5,1727.25,1711.0,1724.75,654585,859513
02/07/2005,16:00,1725.5,1727.75,1722.25,1723.5,441330,856579
02/08/2005,16:00,1723.75,1729.0,1722.75,1725.0,458474,862817
02/09/2005,16:00,1724.5,1727.25,1714.5,1715.75,674518,858552
02/10/2005,16:00,1715.25,1722.25,1714.5,1719.25,624507,875556
02/11/2005,16:00,1719.5,1732.75,1716.5,1729.75,807304,909925
02/14/2005,16:00,1730.5,1731.25,1726.75,1729.0,417612,901245
02/15/2005,16:00,1729.0,1736.25,1728.25,1733.5,677146,909608
02/16/2005,16:00,1733.25,1736.25,1726.25,1733.25,659402,928300
02/17/2005,16:00,1733.5,1734.75,1723.5,1723.75,807624,917567
02/18/2005,16:00,1724.0,1726.5,1720.25,1725.0,600297,899449
02/22/2005,16:00,1725.75,1726.0,1706.75,1707.5,949859,873563
02/23/2005,16:00,1707.75,1716.75,1706.25,1715.5,761306,886962
02/24/2005,16:00,1715.5,1724.25,1710.75,1723.5,749925,909218
02/25/2005,16:00,1723.5,1736.0,1722.5,1734.75,657702,931592
02/28/2005,16:00,1734.75,1737.5,1721.0,1726.75,746263,923939
03/01/2005,16:00,1727.75,1736.0,1725.75,1732.75,646303,937421
03/02/2005,16:00,1733.0,1739.75,1726.75,1732.25,864801,943881
03/03/2005,16:00,1732.5,1739.5,1727.25,1732.75,802229,950837
03/04/2005,16:00,1732.75,1748.5,1732.0,1747.0,709416,955536
03/07/2005,16:00,1748.5,1752.5,1746.0,1748.0,590194,962424
03/08/2005,16:00,1748.5,1749.25,1741.25,1743.25,678481,925558
03/09/2005,16:00,1743.5,1746.75,1729.25,1729.75,1057580,891650
03/10/2005,16:00,1730.0,1734.5,1723.75,1732.25,775611,395929
03/11/2005,16:00,1733.75,1736.75,1720.75,1723.75,893746,546705
03/14/2005,16:00,1724.0,1730.75,1722.0,1730.25,708213,646044
03/15/2005,16:00,1730.5,1734.5,1720.0,1721.0,910448,727927
03/16/2005,16:00,1720.75,1724.5,1707.75,1710.25,1026859,779892
03/17/2005,16:00,1710.75,1716.25,1708.5,1712.25,761057,813808
03/18/2005,16:00,1712.5,1715.25,1704.75,1709.0,787043,816531
03/21/2005,16:00,1709.75,1711.75,1700.75,1704.5,664651,831765
03/22/2005,16:00,1704.5,1712.0,1690.25,1692.5,859051,843519
03/23/2005,16:00,1691.25,1698.5,1687.0,1692.75,865506,859285
03/24/2005,16:00,1693.0,1702.5,1692.75,1693.75,658008,848640
03/28/2005,16:00,1694.25,1701.75,1694.25,1695.75,519128,827320
03/29/2005,16:00,1696.0,1701.5,1685.0,1688.25,975050,863635
03/30/2005,16:00,1688.25,1704.0,1687.25,1703.75,811569,872121
03/31/2005,16:00,1703.75,1706.5,1700.25,1702.25,717296,850492
04/01/2005,16:00,1702.0,1711.75,1690.75,1696.0,1094072,894913
04/04/2005,16:00,1695.5,1700.25,1689.0,1698.0,810132,888620
04/05/2005,16:00,1698.25,1705.25,1696.75,1703.5,665877,878452
04/06/2005,16:00,1703.0,1711.25,1702.25,1707.5,779290,885679
04/07/2005,16:00,1707.5,1714.0,1704.5,1713.5,811332,870444
04/08/2005,16:00,1713.5,1713.75,1701.0,1701.75,732352,883787
04/11/2005,16:00,1701.0,1705.5,1699.5,1702.0,623058,887767
04/12/2005,16:00,1702.0,1711.5,1691.25,1708.25,1241970,880642
04/13/2005,16:00,1708.0,1708.75,1691.75,1694.25,1005028,908089
04/14/2005,16:00,1694.0,1696.75,1678.25,1678.75,1265440,965779
04/15/2005,16:00,1678.5,1682.25,1661.25,1661.75,1425789,974337
04/18/2005,16:00,1662.25,1669.75,1654.0,1665.0,1106722,982641
04/19/2005,16:00,1665.25,1675.25,1664.75,1674.0,909978,967766
04/20/2005,16:00,1676.0,1678.0,1655.0,1658.0,1331518,1026795
04/21/2005,16:00,1657.5,1682.0,1656.0,1679.75,1041607,983525
04/22/2005,16:00,1679.25,1679.5,1662.0,1675.5,960073,975998
04/25/2005,16:00,1675.25,1684.5,1673.75,1682.25,722198,939982
04/26/2005,16:00,1682.5,1684.25,1670.75,1672.0,648713,949733
04/27/2005,16:00,1671.25,1679.75,1663.5,1675.5,930845,967454
04/28/2005,16:00,1675.75,1676.75,1660.75,1661.25,910474,991705
04/29/2005,16:00,1662.25,1677.75,1658.5,1676.75,1150696,996012
05/02/2005,16:00,1676.0,1682.75,1673.75,1681.75,655692,968676
05/03/2005,16:00,1682.25,1687.0,1675.5,1684.25,945783,961589
05/04/2005,16:00,1684.0,1696.0,1681.0,1693.5,916232,955684
05/05/2005,16:00,1693.75,1698.25,1685.75,1693.25,995990,966053
05/06/2005,16:00,1692.75,1700.5,1689.25,1689.5,786504,972825
05/09/2005,16:00,1690.75,1699.0,1688.25,1696.5,643470,966628
05/10/2005,16:00,1696.5,1696.75,1681.75,1684.5,969039,1007158
05/11/2005,16:00,1684.25,1691.75,1676.25,1690.75,1092276,991407
05/12/2005,16:00,1690.25,1693.5,1676.75,1677.5,1080807,1012465
05/13/2005,16:00,1678.5,1683.75,1665.0,1675.0,1171498,986064
05/16/2005,16:00,1675.0,1686.0,1673.0,1685.25,765420,944449
05/17/2005,16:00,1685.25,1694.5,1679.0,1693.5,885389,964989
05/18/2005,16:00,1693.25,1707.75,1690.5,1705.0,924983,982691
05/19/2005,16:00,1705.0,1711.0,1703.5,1709.5,776523,978389
05/20/2005,16:00,1709.75,1711.25,1704.25,1708.5,549423,997095
05/23/2005,16:00,1709.0,1717.25,1707.5,1714.5,637243,1013375
05/24/2005,16:00,1714.5,1715.0,1708.75,1712.0,628157,1008700
05/25/2005,16:00,1710.5,1712.0,1704.5,1710.75,590207,1012785
05/26/2005,16:00,1710.5,1718.5,1710.0,1716.25,549682,1014003
05/27/2005,16:00,1716.25,1718.75,1714.25,1718.5,278454,1014937
05/31/2005,16:00,1718.25,1720.25,1709.75,1710.5,691298,1011770
06/01/2005,16:00,1710.75,1725.25,1710.0,1719.5,1059928,1033205
06/02/2005,16:00,1719.75,1724.0,1716.75,1723.5,549044,989578
06/03/2005,16:00,1723.25,1725.25,1713.0,1716.75,858227,982029
06/06/2005,16:00,1716.5,1717.75,1711.25,1716.25,521956,961070
06/07/2005,16:00,1716.25,1728.0,1715.75,1717.25,1021351,978312
06/08/2005,16:00,1717.5,1721.75,1711.75,1714.25,759672,894952
06/09/2005,16:00,1714.0,1721.0,1709.5,1719.25,770432,388370
06/10/2005,16:00,1719.0,1722.0,1710.75,1717.25,701440,502118
06/13/2005,16:00,1717.25,1725.75,1713.0,1720.75,820789,608508
06/14/2005,16:00,1720.5,1726.75,1718.5,1723.25,651880,673842
06/15/2005,16:00,1723.0,1727.5,1716.75,1725.0,854410,715216
06/16/2005,16:00,1725.0,1731.0,1723.5,1729.0,734931,770947
06/17/2005,16:00,1729.0,1738.5,1728.5,1733.75,802869,795294
06/20/2005,16:00,1733.75,1737.75,1728.5,1733.25,490354,784432
06/21/2005,16:00,1733.25,1735.75,1729.5,1734.25,586447,799381
06/22/2005,16:00,1734.25,1738.25,1729.25,1734.25,571229,799859
06/23/2005,16:00,1734.5,1735.75,1717.0,1717.25,888432,825653
06/24/2005,16:00,1717.25,1719.5,1706.5,1709.0,806436,829099
06/27/2005,16:00,1708.75,1712.5,1705.75,1709.5,660708,831783
06/28/2005,16:00,1709.25,1720.5,1709.0,1720.0,672914,835449
06/29/2005,16:00,1720.0,1722.0,1715.25,1716.25,525912,817466
06/30/2005,16:00,1716.25,1721.0,1707.25,1708.75,805568,828400
07/01/2005,16:00,1709.25,1715.5,1708.5,1713.25,616158,839674
07/05/2005,16:00,1713.25,1724.0,1708.75,1722.25,713519,857170
07/06/2005,16:00,1722.0,1724.0,1711.25,1711.75,802296,853152
07/07/2005,16:00,1711.5,1716.5,1684.0,1716.0,1327162,889327
07/08/2005,16:00,1716.0,1730.5,1714.0,1729.75,841624,905004
07/11/2005,16:00,1729.75,1738.0,1728.75,1736.75,660773,908496
07/12/2005,16:00,1736.5,1743.0,1733.0,1738.75,731031,948799
07/13/2005,16:00,1739.0,1741.75,1736.0,1741.25,589633,958041
07/14/2005,16:00,1741.0,1750.75,1740.25,1745.0,880014,962267
07/15/2005,16:00,1744.5,1746.75,1739.75,1744.5,554683,938409
07/18/2005,16:00,1743.75,1744.75,1737.25,1739.75,445747,943048
07/19/2005,16:00,1739.75,1747.25,1739.75,1746.5,613904,947209
07/20/2005,16:00,1745.0,1753.25,1738.75,1749.75,923309,951348
07/21/2005,16:00,1751.5,1759.25,1740.25,1743.25,1093565,948331
07/22/2005,16:00,1742.5,1751.25,1740.5,1750.25,542786,950358
07/25/2005,16:00,1750.0,1755.0,1743.75,1747.25,576981,948033
07/26/2005,16:00,1747.25,1750.75,1744.75,1748.25,560862,948465
07/27/2005,16:00,1748.25,1753.75,1745.5,1753.0,553800,945322
07/28/2005,16:00,1752.75,1761.5,1751.5,1760.25,676330,992448
07/29/2005,16:00,1760.25,1762.0,1749.75,1750.0,691729,990868
08/01/2005,16:00,1752.5,1755.25,1749.0,1750.75,562113,1006447
08/02/2005,16:00,1750.5,1760.75,1750.25,1758.25,672058,1003892
08/03/2005,16:00,1758.0,1761.75,1755.5,1761.0,531908,1013780
08/04/2005,16:00,1761.0,1761.75,1749.75,1751.25,622052,1015214
08/05/2005,16:00,1751.5,1754.25,1740.5,1743.0,688747,997177
08/08/2005,16:00,1743.0,1747.75,1737.5,1740.5,653176,1003772
08/09/2005,16:00,1740.0,1749.5,1738.75,1747.5,683725,1020003
08/10/2005,16:00,1747.25,1758.5,1741.5,1747.0,932525,1055404
08/11/2005,16:00,1746.75,1753.75,1743.25,1751.75,744612,1065897
08/12/2005,16:00,1751.5,1751.75,1740.5,1744.25,683616,1054191
08/15/2005,16:00,1744.0,1751.75,1741.0,1750.75,597897,1020287
08/16/2005,16:00,1750.5,1752.25,1733.25,1734.75,853949,1030238
08/17/2005,16:00,1734.75,1741.0,1731.5,1734.75,808255,1045852
08/18/2005,16:00,1734.75,1738.0,1730.0,1734.25,659584,1040564
08/19/2005,16:00,1734.0,1740.5,1733.25,1737.0,546467,1050324
08/22/2005,16:00,1736.5,1744.25,1730.75,1737.25,844986,1046070
08/23/2005,16:00,1736.5,1738.25,1728.75,1734.75,685576,1052666
08/24/2005,16:00,1734.25,1739.0,1722.25,1723.25,1030677,1076349
08/25/2005,16:00,1722.5,1728.25,1721.75,1726.75,576260,1080554
08/26/2005,16:00,1727.0,1728.5,1718.0,1719.25,803310,1066916
08/29/2005,16:00,1716.75,1729.0,1707.25,1727.75,933736,1013697
08/30/2005,16:00,1727.75,1728.25,1714.75,1721.75,1275962,1024367
08/31/2005,16:00,1721.75,1737.5,1718.0,1734.75,1264229,1042627
09/01/2005,16:00,1735.75,1742.0,1729.75,1735.0,992540,1062133
09/02/2005,16:00,1735.0,1739.5,1730.75,1733.0,648621,1042252
09/06/2005,16:00,1732.75,1748.25,1732.5,1747.5,802131,1058986
09/07/2005,16:00,1747.5,1751.25,1744.5,1748.75,741436,985758
09/08/2005,16:00,1748.25,1749.5,1742.5,1745.0,701992,432301
09/09/2005,16:00,1744.75,1757.0,1744.25,1755.25,742718,564234
09/12/2005,16:00,1755.5,1757.75,1752.0,1753.25,602597,662704
09/13/2005,16:00,1752.75,1753.5,1744.25,1745.75,1037023,793684
09/14/2005,16:00,1745.5,1749.0,1738.75,1741.25,835647,832796
09/15/2005,16:00,1741.25,1745.25,1737.5,1740.25,812263,879837
09/16/2005,16:00,1740.25,1751.5,1739.5,1749.0,847635,917790
09/19/2005,16:00,1749.25,1749.75,1740.0,1744.75,634914,906725
09/20/2005,16:00,1744.75,1749.75,1732.25,1734.25,898982,902372
09/21/2005,16:00,1734.25,1736.25,1721.0,1722.75,1051188,958180
09/22/2005,16:00,1722.75,1729.5,1717.5,1726.5,1093253,931369
09/23/2005,16:00,1726.25,1731.5,1721.75,1727.25,648656,919662
09/26/2005,16:00,1730.75,1735.75,1723.5,1728.25,856117,944518
09/27/2005,16:00,1728.25,1732.75,1722.75,1728.5,805798,948003
09/28/2005,16:00,1728.5,1733.75,1724.25,1729.5,820109,964967
09/29/2005,16:00,1729.25,1741.25,1723.0,1738.5,1179578,985700
09/30/2005,16:00,1738.25,1742.75,1736.75,1741.0,659840,966387
10/03/2005,16:00,1742.0,1745.75,1736.5,1738.5,772265,955842
10/04/2005,16:00,1738.25,1742.25,1723.25,1723.5,985820,956144
10/05/2005,16:00,1723.5,1725.25,1706.75,1707.5,1402657,973794
10/06/2005,16:00,1707.5,1713.75,1692.5,1703.75,1603807,984496
10/07/2005,16:00,1703.5,1711.5,1701.75,1706.75,872168,987250
10/10/2005,16:00,1706.25,1711.25,1696.25,1696.75,785969,994794
10/11/2005,16:00,1697.0,1704.75,1693.75,1695.25,963502,982630
10/12/2005,16:00,1696.0,1701.75,1684.0,1685.25,1380597,996929
10/13/2005,16:00,1685.75,1691.25,1678.5,1684.75,1206467,1022775
10/14/2005,16:00,1685.25,1698.25,1685.25,1696.75,1050869,1019795
10/17/2005,16:00,1696.5,1702.5,1693.0,1701.0,758747,1010574
10/18/2005,16:00,1701.0,1703.5,1687.5,1688.25,992428,1047525
10/19/2005,16:00,1689.0,1707.75,1680.5,1707.25,1505185,1071997
10/20/2005,16:00,1705.75,1707.75,1682.0,1686.25,1497794,1103676
10/21/2005,16:00,1686.5,1696.75,1682.5,1690.5,1144612,1084011
10/24/2005,16:00,1690.5,1710.0,1690.0,1709.25,968810,1105108
10/25/2005,16:00,1708.75,1711.5,1698.5,1705.75,976446,1116109
10/26/2005,16:00,1705.5,1714.0,1700.5,1702.75,1021568,1102403
10/27/2005,16:00,1702.25,1702.75,1687.5,1689.25,955560,1144591
10/28/2005,16:00,1688.25,1708.0,1686.25,1706.5,1034230,1093342
10/31/2005,16:00,1706.5,1721.25,1706.25,1716.5,1037613,1091630
11/01/2005,16:00,1710.75,1717.25,1709.75,1713.0,795867,1105204
11/02/2005,16:00,1713.0,1725.25,1709.25,1724.75,994560,1107801
11/03/2005,16:00,1724.75,1734.5,1722.75,1730.5,1013023,1108297
11/04/2005,16:00,1730.25,1732.5,1723.25,1728.75,743547,1091691
11/07/2005,16:00,1729.25,1733.75,1726.0,1729.5,667652,1120642
11/08/2005,16:00,1729.25,1731.25,1725.25,1729.5,629541,1131201
11/09/2005,16:00,1729.25,1736.25,1725.5,1730.5,847127,1144461
11/10/2005,16:00,1730.25,1742.25,1724.0,1740.5,1078112,1145477
11/11/2005,16:00,1740.5,1745.5,1739.25,1744.75,362334,1135334
11/14/2005,16:00,1744.75,1747.0,1740.75,1744.0,553318,1128441
11/15/2005,16:00,1743.75,1747.75,1735.25,1739.25,921501,1119127
11/16/2005,16:00,1739.25,1742.0,1736.0,1741.5,635768,1123588
11/17/2005,16:00,1741.25,1753.0,1740.5,1752.0,802407,1134838
11/18/2005,16:00,1751.75,1759.0,1749.25,1757.0,938944,1119817
11/21/2005,16:00,1757.0,1765.0,1755.25,1763.75,686194,1128083
11/22/2005,16:00,1763.5,1770.75,1759.75,1768.75,809153,1148672
11/23/2005,16:00,1768.5,1779.75,1767.5,1775.25,635533,1153035
11/25/2005,16:00,1775.25,1777.5,1772.5,1776.75,189175,1148814
11/28/2005,16:00,1776.5,1779.75,1765.5,1767.75,795243,1146661
11/29/2005,16:00,1767.5,1774.75,1765.5,1766.0,845046,1166570
11/30/2005,16:00,1766.0,1769.75,1757.25,1757.75,1036807,1172043
12/01/2005,16:00,1759.25,1774.75,1758.5,1771.25,880394,1170872
12/02/2005,16:00,1771.75,1775.0,1769.25,1772.75,691895,1154443
12/05/2005,16:00,1772.75,1773.75,1765.75,1770.25,674928,1120899
12/06/2005,16:00,1770.25,1781.25,1769.75,1772.25,937848,1092881
12/07/2005,16:00,1772.5,1774.0,1760.25,1764.75,1048204,978490
12/08/2005,16:00,1764.25,1771.5,1758.0,1763.5,961383,456567
12/09/2005,16:00,1762.5,1771.25,1761.0,1766.25,787214,588139
12/12/2005,16:00,1767.25,1772.5,1762.5,1768.0,816015,751490
12/13/2005,16:00,1768.25,1780.25,1766.0,1775.75,982257,897700
12/14/2005,16:00,1776.25,1783.75,1772.0,1780.75,949045,940621
12/15/2005,16:00,1780.75,1782.5,1774.25,1776.5,889367,977887
12/16/2005,16:00,1776.25,1783.25,1772.5,1773.0,698893,1011228
12/19/2005,16:00,1774.0,1778.5,1765.5,1766.25,667914,1006593
12/20/2005,16:00,1766.5,1770.75,1763.5,1766.75,625304,1012232
12/21/2005,16:00,1766.75,1775.75,1765.5,1768.75,764030,1011262
12/22/2005,16:00,1768.0,1774.75,1767.75,1774.25,424148,1039665
12/23/2005,16:00,1774.5,1776.5,1771.75,1775.25,274193,1042598
12/27/2005,16:00,1775.75,1779.75,1761.25,1762.75,595885,1037733
12/28/2005,16:00,1762.25,1767.0,1761.75,1764.0,391511,1047344
12/29/2005,16:00,1764.0,1766.5,1757.25,1758.75,367199,1054788
12/30/2005,16:00,1759.0,1760.25,1750.0,1753.5,465731,1000442
01/03/2006,16:00,1754.0,1776.25,1750.25,1773.5,1149131,1064369
01/04/2006,16:00,1773.25,1781.0,1769.5,1779.25,902220,1088590
01/05/2006,16:00,1779.25,1782.0,1774.5,1780.0,761183,1082022
01/06/2006,16:00,1780.0,1791.75,1779.0,1790.5,899355,1119016
01/09/2006,16:00,1790.0,1796.25,1789.0,1793.75,774670,1134212
01/10/2006,16:00,1793.0,1795.5,1788.0,1794.75,895506,1138296
01/11/2006,16:00,1794.5,1799.75,1792.25,1798.5,836995,1146084
01/12/2006,16:00,1798.25,1798.5,1789.25,1792.25,761246,1138377
01/13/2006,16:00,1792.25,1794.5,1786.5,1791.5,716681,1138749
01/17/2006,16:00,1791.5,1794.0,1782.25,1788.25,782532,1147939
01/18/2006,16:00,1785.5,1786.5,1774.0,1782.5,1172085,1143538
01/19/2006,16:00,1781.25,1791.75,1779.0,1787.0,949592,1137833
01/20/2006,16:00,1786.75,1788.0,1763.0,1763.5,1586186,1126819
01/23/2006,16:00,1764.0,1771.5,1762.5,1768.0,892100,1140623
01/24/2006,16:00,1768.0,1775.0,1766.0,1769.25,950405,1146762
01/25/2006,16:00,1769.25,1774.75,1761.0,1769.75,1262226,1170463
01/26/2006,16:00,1769.0,1779.5,1768.5,1776.5,968935,1202944
01/27/2006,16:00,1777.0,1789.25,1776.0,1788.0,889309,1223737
01/30/2006,16:00,1787.75,1790.5,1785.5,1787.25,523825,1213504
01/31/2006,16:00,1787.0,1789.25,1777.25,1782.25,1034519,1212104
02/01/2006,16:00,1778.25,1786.25,1775.0,1786.0,997495,1219717
02/02/2006,16:00,1785.5,1786.0,1769.25,1770.75,1107724,1222807
02/03/2006,16:00,1770.5,1775.25,1762.25,1764.25,1006505,1209063
02/06/2006,16:00,1764.5,1769.25,1762.75,1767.5,526186,1188843
02/07/2006,16:00,1767.25,1768.75,1754.75,1756.25,978806,1172527
02/08/2006,16:00,1756.25,1768.5,1754.5,1767.0,861721,1151241
02/09/2006,16:00,1766.75,1776.5,1764.0,1764.5,935033,1131640
02/10/2006,16:00,1764.75,1771.75,1755.75,1767.0,999625,1128834
02/13/2006,16:00,1767.0,1768.0,1759.25,1764.5,651482,1123211
02/14/2006,16:00,1764.5,1780.25,1761.75,1777.0,1116279,1140552
02/15/2006,16:00,1777.0,1782.5,1771.5,1781.0,965298,1138161
02/16/2006,16:00,1780.75,1791.5,1779.75,1790.5,798754,1144118
02/17/2006,16:00,1790.5,1791.0,1784.75,1787.75,553718,1154931
02/21/2006,16:00,1787.0,1793.0,1781.75,1784.0,715879,1166195
02/22/2006,16:00,1784.0,1795.0,1782.5,1791.0,771937,1196534
02/23/2006,16:00,1791.0,1794.75,1785.25,1789.0,738249,1199764
02/24/2006,16:00,1788.75,1793.0,1785.75,1791.75,549003,1189315
02/27/2006,16:00,1791.75,1798.5,1790.75,1792.75,586818,1187902
02/28/2006,16:00,1793.0,1793.75,1778.75,1781.25,1139694,1127522
03/01/2006,16:00,1780.5,1792.25,1780.25,1790.75,717804,1143358
03/02/2006,16:00,1790.5,1791.75,1783.0,1790.25,958000,1152765
03/03/2006,16:00,1790.25,1797.75,1778.75,1785.25,1119042,1142379
03/06/2006,16:00,1785.5,1790.0,1775.0,1778.25,875562,1147899
03/07/2006,16:00,1778.25,1778.25,1770.5,1776.25,927692,1134531
03/08/2006,16:00,1776.5,1788.5,1767.5,1788.5,1056571,1105119
03/09/2006,16:00,1778.5,1782.5,1770.0,1770.5,887395,564690
03/10/2006,16:00,1770.5,1784.0,1769.25,1781.5,1131494,731006
03/13/2006,16:00,1781.25,1787.25,1780.75,1784.25,892977,917515
03/14/2006,16:00,1784.25,1798.25,1781.0,1797.25,1073523,1003365
03/15/2006,16:00,1797.25,1804.0,1793.75,1802.75,873476,1104390
03/16/2006,16:00,1802.5,1810.0,1800.0,1805.25,911092,1159314
03/17/2006,16:00,1805.0,1809.25,1803.25,1806.0,603136,1180326
03/20/2006,16:00,1806.0,1809.5,1802.0,1804.0,507984,1188089
03/21/2006,16:00,1803.75,1810.0,1794.0,1796.0,1031144,1181087
03/22/2006,16:00,1795.75,1804.5,1793.25,1803.0,737198,1173261
03/23/2006,16:00,1803.25,1804.5,1795.5,1800.25,675368,1145041
03/24/2006,16:00,1800.25,1804.75,1796.0,1801.25,596147,1147673
03/27/2006,16:00,1801.5,1803.0,1796.25,1799.5,462838,1133459
03/28/2006,16:00,1799.25,1804.0,1788.75,1791.0,929472,1140528
03/29/2006,16:00,1790.75,1803.5,1789.25,1798.5,896642,1159253
03/30/2006,16:00,1799.0,1807.75,1793.25,1796.0,991068,1179491
03/31/2006,16:00,1796.25,1800.25,1791.25,1791.75,846848,1132131
04/03/2006,16:00,1795.5,1806.5,1792.75,1794.25,965195,1130207
04/04/2006,16:00,1794.5,1804.75,1790.75,1803.25,1044428,1150211
04/05/2006,16:00,1803.25,1809.75,1800.75,1807.5,838856,1163766
04/06/2006,16:00,1807.5,1809.0,1798.5,1806.0,888393,1170821
04/07/2006,16:00,1805.5,1812.5,1789.75,1792.5,1343222,1198799
04/10/2006,16:00,1792.25,1797.25,1788.75,1794.0,727289,1189875
04/11/2006,16:00,1794.25,1796.25,1777.75,1782.5,1105253,1177213
04/12/2006,16:00,1782.5,1786.75,1781.0,1784.0,637521,1173214
04/13/2006,16:00,1784.0,1787.75,1778.0,1782.75,699153,1184493
04/17/2006,16:00,1782.75,1787.75,1775.0,1781.5,736454,1193486
04/18/2006,16:00,1781.25,1804.5,1781.0,1802.0,1459895,1199935
04/19/2006,16:00,1802.0,1807.25,1796.75,1803.75,951127,1228652
04/20/2006,16:00,1803.25,1813.25,1800.25,1805.5,1048211,1227940
04/21/2006,16:00,1805.75,1812.5,1800.5,1805.5,858597,1254819
04/24/2006,16:00,1804.75,1807.0,1797.5,1803.0,656522,1262027
04/25/2006,16:00,1803.0,1805.25,1792.75,1798.0,1061499,1262235
04/26/2006,16:00,1797.75,1805.0,1796.25,1797.5,902689,1269210
04/27/2006,16:00,1797.5,1809.5,1788.75,1803.5,1471056,1263056
04/28/2006,16:00,1803.25,1810.5,1799.25,1804.5,771181,1272007
05/01/2006,16:00,1807.0,1811.0,1795.5,1796.75,944775,1295975
05/02/2006,16:00,1796.75,1807.5,1796.75,1806.5,801915,1303683
05/03/2006,16:00,1806.5,1807.25,1796.5,1800.75,775548,1300686
05/04/2006,16:00,1800.5,1808.5,1799.75,1805.5,757899,1289761
05/05/2006,16:00,1805.5,1819.75,1804.75,1817.5,919501,1338437
05/08/2006,16:00,1817.75,1819.5,1815.25,1815.75,425184,1347424
05/09/2006,16:00,1816.0,1819.5,1814.25,1817.75,376942,1357270
05/10/2006,16:00,1817.75,1818.5,1809.25,1816.25,762814,1380020
05/11/2006,16:00,1816.0,1819.0,1795.75,1800.25,1288898,1388137
05/12/2006,16:00,1799.75,1801.25,1782.0,1782.75,1344307,1385109
05/15/2006,16:00,1777.5,1787.5,1773.75,1785.75,1316371,1382946
05/16/2006,16:00,1785.5,1790.0,1780.25,1783.5,985048,1356073
05/17/2006,16:00,1783.75,1788.25,1756.75,1757.5,1867018,1426474
05/18/2006,16:00,1758.25,1766.5,1750.0,1751.5,1463035,1454775
05/19/2006,16:00,1752.25,1764.0,1746.75,1759.25,1594958,1427317
05/22/2006,16:00,1759.25,1762.5,1743.75,1750.5,1596248,1444172
05/23/2006,16:00,1751.25,1765.0,1740.5,1741.0,1348393,1433065
05/24/2006,16:00,1741.5,1755.5,1735.25,1749.5,1908749,1419294
05/25/2006,16:00,1749.75,1765.0,1746.25,1764.5,1103898,1391888
05/26/2006,16:00,1764.5,1771.75,1762.5,1771.25,785007,1384721
05/30/2006,16:00,1770.75,1771.75,1747.75,1748.5,1047920,1431542
05/31/2006,16:00,1749.0,1761.75,1744.5,1760.5,1229566,1410548
06/01/2006,16:00,1761.5,1776.25,1754.75,1774.25,1058355,1399587
06/02/2006,16:00,1774.25,1782.5,1769.75,1776.75,1108009,1394878
06/05/2006,16:00,1776.25,1777.0,1754.25,1758.0,1170669,1400970
06/06/2006,16:00,1757.75,1762.25,1743.75,1754.25,1565853,1379610
06/07/2006,16:00,1754.5,1762.25,1743.25,1744.5,1411884,356435
06/08/2006,16:00,1744.75,1749.75,1723.5,1744.0,1813373,576559
06/09/2006,16:00,1743.75,1752.0,1738.25,1739.25,1205238,712602
06/12/2006,16:00,1739.25,1746.5,1723.25,1724.75,1379390,911975
06/13/2006,16:00,1725.25,1733.0,1709.75,1710.25,2369605,1131700
06/14/2006,16:00,1710.5,1720.5,1706.75,1719.0,1852856,1215123
06/15/2006,16:00,1718.75,1748.5,1718.75,1745.5,1684308,1276845
06/16/2006,16:00,1745.5,1745.75,1734.5,1737.75,1170586,1287575
06/19/2006,16:00,1738.75,1744.75,1725.0,1726.25,1194888,1291526
06/20/2006,16:00,1726.5,1737.75,1725.25,1730.25,1138613,1292931
06/21/2006,16:00,1730.25,1746.25,1726.75,1739.5,1181887,1316715
06/22/2006,16:00,1740.0,1744.5,1728.75,1733.75,974787,1259144
06/23/2006,16:00,1733.25,1741.75,1728.75,1733.25,749066,1252473
06/26/2006,16:00,1733.5,1739.0,1731.0,1738.0,630570,1269917
06/27/2006,16:00,1738.5,1741.0,1725.75,1727.5,1054911,1297335
06/28/2006,16:00,1727.5,1735.75,1724.25,1735.5,875877,1289124
06/29/2006,16:00,1735.5,1761.5,1734.75,1760.25,1197231,1329445
06/30/2006,16:00,1759.75,1765.0,1757.0,1757.25,808675,1326680
07/03/2006,16:00,1759.5,1767.5,1759.25,1766.0,270102,1330171
07/05/2006,16:00,1765.75,1766.0,1751.75,1757.5,781097,1321051
07/06/2006,16:00,1757.5,1765.25,1755.75,1760.5,659983,1318579
07/07/2006,16:00,1760.5,1767.75,1748.75,1752.75,997930,1330147
07/10/2006,16:00,1752.25,1760.5,1750.25,1754.75,810573,1331074
07/11/2006,16:00,1754.25,1760.25,1745.25,1760.0,1083630,1342198
07/12/2006,16:00,1759.75,1761.5,1742.25,1746.0,1118764,1347968
07/13/2006,16:00,1746.25,1747.5,1724.5,1725.25,1554836,1371211
07/14/2006,16:00,1725.75,1729.25,1712.75,1720.0,1449117,1392203
07/17/2006,16:00,1720.75,1725.25,1712.5,1718.25,1114304,1385378
07/18/2006,16:00,1718.0,1724.5,1708.75,1723.5,1584211,1397230
07/19/2006,16:00,1723.75,1746.75,1721.75,1740.25,1574314,1375627
07/20/2006,16:00,1740.25,1746.75,1730.25,1732.0,1276737,1364707
07/21/2006,16:00,1733.75,1738.0,1721.25,1722.5,1230862,1389629
07/24/2006,16:00,1722.25,1746.75,1721.25,1745.25,1233394,1381791
07/25/2006,16:00,1745.0,1756.5,1740.25,1749.25,1268058,1371070
07/26/2006,16:00,1749.0,1757.5,1744.5,1751.0,985631,1377247
07/27/2006,16:00,1751.25,1759.5,1744.5,1750.0,1011207,1386937
07/28/2006,16:00,1749.5,1763.75,1748.25,1762.0,938448,1410486
07/31/2006,16:00,1761.5,1762.0,1756.75,1759.5,671544,1393003
08/01/2006,16:00,1760.5,1760.75,1748.0,1754.5,866527,1379068
08/02/2006,16:00,1754.25,1766.0,1753.5,1762.0,857703,1392454
08/03/2006,16:00,1761.75,1766.75,1752.5,1765.0,886700,1411566
08/04/2006,16:00,1765.0,1775.5,1755.75,1763.75,1152493,1436048
08/07/2006,16:00,1763.5,1763.5,1754.75,1760.0,601458,1429450
08/08/2006,16:00,1759.75,1765.5,1749.75,1754.5,994520,1456618
08/09/2006,16:00,1754.25,1766.0,1746.0,1749.25,1156137,1472673
08/10/2006,16:00,1749.25,1754.75,1740.25,1753.25,1112175,1462118
08/11/2006,16:00,1753.0,1754.75,1743.5,1750.0,645007,1466765
08/14/2006,16:00,1752.0,1761.0,1748.5,1751.0,815507,1478282
08/15/2006,16:00,1750.75,1768.25,1750.75,1765.5,1079242,1493368
08/16/2006,16:00,1765.5,1778.0,1764.5,1776.75,916074,1515512
08/17/2006,16:00,1776.5,1782.5,1773.25,1778.75,882907,1514857
08/18/2006,16:00,1778.5,1785.5,1774.5,1784.75,782213,1533945
08/21/2006,16:00,1784.25,1784.5,1776.25,1780.0,554184,1535629
08/22/2006,16:00,1779.25,1783.5,1775.0,1779.75,771246,1517201
08/23/2006,16:00,1779.5,1782.0,1769.25,1775.5,851752,1506840
08/24/2006,16:00,1775.25,1778.5,1771.25,1773.75,684520,1515422
08/25/2006,16:00,1774.5,1779.5,1772.5,1775.25,527282,1538037
08/28/2006,16:00,1775.5,1785.25,1772.25,1781.5,703132,1569002
08/29/2006,16:00,1781.5,1785.25,1774.75,1782.75,927982,1505574
08/30/2006,16:00,1782.75,1786.5,1781.5,1782.75,667130,1497924
08/31/2006,16:00,1782.75,1786.0,1780.75,1783.25,551526,1492123
09/01/2006,16:00,1782.75,1791.75,1782.5,1790.25,626673,1524769
09/05/2006,16:00,1789.5,1794.5,1787.75,1792.25,772895,1529859
09/06/2006,16:00,1792.0,1792.0,1778.0,1780.5,1126600,1529859
09/07/2006,16:00,1780.0,1780.5,1770.5,1774.0,1172894,598317
09/08/2006,16:00,1773.75,1779.0,1772.75,1777.0,742833,733086
09/11/2006,16:00,1777.5,1781.25,1769.0,1778.0,1165605,930969
09/12/2006,16:00,1778.25,1792.75,1774.5,1791.5,1284080,1107897
09/13/2006,16:00,1790.75,1798.5,1788.75,1795.5,1060011,1205843
09/14/2006,16:00,1795.5,1797.5,1791.0,1796.0,931469,1269560
09/15/2006,16:00,1795.75,1803.25,1794.5,1798.75,1060297,1278207
09/18/2006,16:00,1798.0,1803.0,1795.5,1800.75,799315,1313586
09/19/2006,16:00,1800.25,1801.0,1789.25,1797.0,1176450,1303729
09/20/2006,16:00,1797.25,1806.25,1796.0,1803.0,970246,1324711
09/21/2006,16:00,1803.0,1806.5,1792.0,1796.75,1248340,1352953
09/22/2006,16:00,1796.5,1798.0,1787.5,1792.5,892984,1346924
09/25/2006,16:00,1792.25,1806.5,1788.0,1802.25,1283745,1379880
09/26/2006,16:00,1802.25,1813.75,1800.0,1813.25,1150143,1427042
09/27/2006,16:00,1813.0,1816.75,1809.5,1814.25,981555,1422774
09/28/2006,16:00,1814.0,1817.0,1809.5,1813.75,784851,1426994
09/29/2006,16:00,1813.75,1817.0,1811.25,1812.0,683824,1419547
10/02/2006,16:00,1812.25,1815.25,1805.75,1807.0,735497,1403767
10/03/2006,16:00,1807.0,1814.25,1802.5,1809.75,1162516,1451380
10/04/2006,16:00,1810.0,1825.5,1806.25,1824.75,1312184,1489039
10/05/2006,16:00,1824.5,1829.75,1823.0,1827.25,831686,1482534
10/06/2006,16:00,1827.0,1828.0,1819.0,1825.25,917225,1489049
10/09/2006,16:00,1824.25,1828.25,1820.75,1825.75,493343,1487698
10/10/2006,16:00,1825.75,1829.75,1823.5,1827.25,943129,1496271
10/11/2006,16:00,1827.25,1829.0,1817.5,1825.5,1273694,1502145
10/12/2006,16:00,1825.5,1838.5,1825.0,1837.25,1005913,1542067
10/13/2006,16:00,1837.25,1841.25,1834.5,1840.0,842535,1541982
10/16/2006,16:00,1839.75,1844.75,1838.0,1842.5,688016,1538891
10/17/2006,16:00,1842.5,1842.5,1830.5,1838.25,1312925,1549527
10/18/2006,16:00,1838.75,1846.75,1834.25,1839.0,1447105,1562824
10/19/2006,16:00,1839.25,1842.0,1835.5,1840.75,994319,1555427
10/20/2006,16:00,1841.0,1843.25,1836.25,1841.5,816062,1569256
10/23/2006,16:00,1841.25,1864.5,1836.5,1847.25,1240655,1589843
10/24/2006,16:00,1847.25,1852.0,1844.5,1851.25,899769,1602395
10/25/2006,16:00,1850.5,1856.25,1847.75,1855.75,969812,1592037
10/26/2006,16:00,1855.5,1861.75,1851.5,1859.5,1096982,1603417
10/27/2006,16:00,1859.0,1860.0,1847.5,1851.25,1185702,1628184
10/30/2006,16:00,1850.75,1853.5,1845.25,1849.75,890262,1637375
10/31/2006,16:00,1849.75,1853.75,1843.5,1849.75,1295619,1639405
11/01/2006,16:00,1849.25,1854.0,1837.25,1839.5,1445275,1668603
11/02/2006,16:00,1839.25,1842.5,1833.75,1837.75,1031687,1667749
11/03/2006,16:00,1837.75,1843.75,1832.0,1835.0,1199066,1664179
11/06/2006,16:00,1835.5,1853.0,1833.75,1850.25,950803,1709400
11/07/2006,16:00,1850.25,1859.5,1849.0,1855.5,1180040,1685264
11/08/2006,16:00,1855.5,1859.75,1846.75,1858.0,1371018,1689341
11/09/2006,16:00,1857.5,1860.25,1847.75,1850.5,1241693,1684646
11/10/2006,16:00,1850.5,1852.75,1845.75,1851.25,849319,1692323
11/13/2006,16:00,1851.5,1858.75,1849.0,1854.5,897471,1701683
11/14/2006,16:00,1854.5,1865.75,1849.5,1864.25,1487734,1713384
11/15/2006,16:00,1864.0,1872.25,1862.75,1868.0,1116886,1707163
11/16/2006,16:00,1867.75,1874.5,1865.75,1871.5,1116808,1722667
11/17/2006,16:00,1870.75,1871.75,1864.5,1871.25,955820,1746000
11/20/2006,16:00,1871.5,1874.5,1865.5,1871.75,952795,1743531
11/21/2006,16:00,1871.5,1873.5,1869.25,1872.75,769508,1743863
11/22/2006,16:00,1873.0,1877.75,1871.0,1875.0,590684,1742254
11/24/2006,16:00,1875.0,1875.25,1866.5,1869.5,364727,1769920
11/27/2006,16:00,1869.25,1872.75,1849.25,1850.0,1553045,1768443
11/28/2006,16:00,1850.25,1857.0,1845.0,1855.0,1472102,1726086
11/29/2006,16:00,1855.0,1870.0,1855.0,1868.75,1325396,1744092
11/30/2006,16:00,1868.5,1875.25,1862.0,1869.5,1570498,1738620
12/01/2006,16:00,1869.5,1873.0,1854.0,1867.0,1735600,1739740
12/04/2006,16:00,1865.75,1880.0,1864.25,1877.25,1168711,1773659
12/05/2006,16:00,1876.75,1884.0,1876.0,1883.25,1137321,1730216
12/06/2006,16:00,1883.25,1884.25,1878.5,1881.25,832797,1653154
12/07/2006,16:00,1880.75,1886.5,1874.25,1875.25,1129073,655906
12/08/2006,16:00,1875.25,1882.25,1870.75,1876.75,1065022,767974
12/11/2006,16:00,1877.0,1883.75,1876.0,1881.25,838870,967727
12/12/2006,16:00,1881.25,1881.5,1871.5,1879.5,1218607,1219273
12/13/2006,16:00,1879.25,1885.5,1877.5,1881.0,1011712,1382832
12/14/2006,16:00,1881.0,1894.5,1879.0,1892.75,1328093,1445695
12/15/2006,16:00,1893.0,1899.5,1891.75,1892.75,865135,1412796
12/18/2006,16:00,1892.75,1898.5,1886.75,1889.25,690259,1436710
12/19/2006,16:00,1889.25,1895.0,1881.0,1890.75,987742,1493487
12/20/2006,16:00,1891.0,1895.0,1888.5,1889.75,497822,1504228
12/21/2006,16:00,1890.0,1894.0,1881.25,1884.25,627266,1489790
12/22/2006,16:00,1884.5,1886.25,1874.25,1874.75,599004,1481561
12/26/2006,16:00,1875.5,1884.0,1875.0,1883.25,267515,1477087
12/27/2006,16:00,1883.25,1893.25,1883.0,1891.5,429427,1499672
12/28/2006,16:00,1891.5,1892.5,1886.5,1888.25,416781,1511356
12/29/2006,16:00,1888.75,1892.0,1880.0,1883.0,527676,1481743
01/02/2007,16:00,1887.75,1893.5,1886.5,1891.75,25473,1483427
01/03/2007,16:00,1892.25,1894.5,1871.0,1879.25,1220241,1505312
01/04/2007,16:00,1879.75,1886.0,1871.25,1882.0,1032569,1541515
01/05/2007,16:00,1882.25,1883.0,1868.75,1871.0,1058487,1525973
01/08/2007,16:00,1871.75,1879.0,1867.5,1877.0,1040975,1556878
01/09/2007,16:00,1877.0,1881.5,1868.5,1875.0,1274582,1570287
01/10/2007,16:00,1875.25,1879.25,1866.75,1879.0,1145364,1551957
01/11/2007,16:00,1879.0,1890.25,1875.25,1885.5,1229581,1569091
01/12/2007,16:00,1885.75,1896.0,1882.75,1895.25,865572,1611423
01/16/2007,16:00,1895.5,1899.0,1890.75,1893.25,744157,1632104
01/17/2007,16:00,1893.0,1897.5,1889.75,1893.25,930441,1630813
01/18/2007,16:00,1893.0,1896.75,1885.5,1887.75,1117211,1650893
01/19/2007,16:00,1886.75,1893.5,1885.75,1891.25,984888,1647082
01/22/2007,16:00,1891.75,1893.75,1881.25,1885.5,1036460,1636017
01/23/2007,16:00,1885.75,1892.5,1882.25,1890.0,1051050,1648996
01/24/2007,16:00,1889.5,1901.0,1889.25,1900.75,1043019,1677436
01/25/2007,16:00,1900.75,1901.75,1882.0,1883.75,1420031,1652028
01/26/2007,16:00,1884.75,1887.5,1876.5,1882.0,1255881,1640477
01/29/2007,16:00,1882.5,1887.0,1877.75,1880.75,943487,1635702
01/30/2007,16:00,1880.75,1889.0,1880.0,1888.5,914770,1649415
01/31/2007,16:00,1888.5,1901.25,1883.5,1897.5,1263105,1657033
02/01/2007,16:00,1896.75,1906.25,1895.5,1905.25,1116868,1686591
02/02/2007,16:00,1905.25,1909.25,1903.25,1907.5,820588,1702395
02/05/2007,16:00,1907.0,1908.75,1902.5,1908.25,625989,1699433
02/06/2007,16:00,1907.75,1910.25,1902.0,1907.75,822806,1705241
02/07/2007,16:00,1907.5,1912.25,1905.0,1910.25,894783,1720076
02/08/2007,16:00,1910.0,1910.25,1901.25,1908.5,970082,1740670
02/09/2007,16:00,1908.25,1911.5,1891.5,1897.5,1410788,1745979
02/12/2007,16:00,1897.25,1899.25,1889.5,1892.5,947280,1732689
02/13/2007,16:00,1892.75,1904.25,1892.0,1904.0,967121,1756924
02/14/2007,16:00,1903.5,1916.0,1903.25,1913.0,1066671,1794443
02/15/2007,16:00,1913.0,1916.25,1910.75,1914.0,713126,1800470
02/16/2007,16:00,1914.0,1914.25,1909.0,1913.5,670085,1817451
02/19/2007,16:00,1913.0,1917.25,1912.5,1914.0,24912,1800470
02/20/2007,16:00,1913.0,1918.5,1906.75,1916.25,927781,1841502
02/21/2007,16:00,1916.25,1917.5,1908.75,1915.0,987778,1839236
02/22/2007,16:00,1914.75,1919.25,1907.25,1913.75,1138123,1865477
02/23/2007,16:00,1913.25,1913.75,1905.0,1908.25,1060452,1885758
02/26/2007,16:00,1908.5,1914.25,1902.25,1907.0,1197313,1889077
02/27/2007,16:00,1907.25,1907.25,1843.5,1849.75,3533951,1920253
02/28/2007,16:00,1850.25,1873.25,1845.0,1863.5,2502209,1850289
03/01/2007,16:00,1863.25,1868.0,1835.25,1859.5,2730029,1878132
03/02/2007,16:00,1859.25,1864.5,1839.5,1840.25,1987952,1878132
03/05/2007,16:00,1841.5,1848.25,1825.5,1826.75,2342172,1851171
03/06/2007,16:00,1827.5,1854.0,1823.25,1850.0,1666841,1817691
03/07/2007,16:00,1849.75,1857.0,1845.5,1847.75,1525381,1807079
03/08/2007,16:00,1846.75,1864.0,1844.75,1859.5,1250863,736727
03/09/2007,16:00,1859.5,1868.5,1852.25,1859.75,1429936,901957
03/12/2007,16:00,1859.75,1865.5,1853.25,1861.75,1177984,1116135
03/13/2007,16:00,1861.75,1862.25,1831.25,1834.25,2428513,1440060
03/14/2007,16:00,1834.5,1844.25,1817.5,1844.0,2948446,1634788
03/15/2007,16:00,1843.75,1850.75,1838.75,1845.75,1636999,1645814
03/16/2007,16:00,1845.25,1852.0,1837.5,1841.25,1252036,1682293
03/19/2007,16:00,1840.0,1858.25,1837.0,1858.0,1078053,1689045
03/20/2007,16:00,1857.75,1866.25,1854.75,1865.75,1064641,1692585
03/21/2007,16:00,1865.75,1892.0,1863.25,1887.25,1609256,1723300
03/22/2007,16:00,1887.25,1893.25,1883.25,1887.25,1136059,1739937
03/23/2007,16:00,1887.0,1893.25,1885.75,1889.25,785022,1743745
03/26/2007,16:00,1888.5,1891.5,1876.0,1887.5,1153326,1760404
03/27/2007,16:00,1887.25,1888.25,1878.25,1882.75,911001,1735358
03/28/2007,16:00,1882.75,1883.0,1866.5,1871.75,1446110,1766859
03/29/2007,16:00,1872.0,1880.5,1865.5,1873.75,1331006,1789567
03/30/2007,16:00,1874.0,1882.0,1860.25,1873.5,1399338,1814966
04/02/2007,16:00,1874.0,1878.25,1868.0,1875.5,904543,1826878
04/03/2007,16:00,1875.75,1892.75,1875.5,1889.5,1008408,1864921
04/04/2007,16:00,1889.25,1892.25,1886.5,1890.75,753211,1872145
04/05/2007,16:00,1890.25,1897.0,1888.5,1895.0,520584,1865124
04/06/2007,16:00,1894.75,1901.25,1894.25,1895.0,46227,1861234
04/09/2007,16:00,1899.5,1901.25,1894.75,1896.75,576687,1853806
04/10/2007,16:00,1896.75,1900.5,1893.5,1898.25,712441,1877264
04/11/2007,16:00,1898.0,1900.5,1886.75,1890.75,1156391,1888913
04/12/2007,16:00,1890.75,1899.25,1884.5,1897.75,1168430,1860077
04/13/2007,16:00,1897.5,1904.0,1894.5,1903.5,975395,1860771
04/16/2007,16:00,1903.75,1919.5,1903.25,1917.75,1204460,1906040
04/17/2007,16:00,1917.0,1925.0,1913.5,1921.25,1300312,1934706
04/18/2007,16:00,1921.0,1926.75,1915.25,1922.5,1097360,1953100
04/19/2007,16:00,1922.75,1924.0,1910.5,1922.5,1198217,1954508
04/20/2007,16:00,1922.0,1935.75,1921.0,1935.25,1345302,2030270
04/23/2007,16:00,1935.0,1937.0,1929.25,1930.5,847905,2040881
04/24/2007,16:00,1930.25,1933.75,1922.5,1930.75,1202067,2024380
04/25/2007,16:00,1930.5,1945.75,1929.0,1943.0,1220950,2017788
04/26/2007,16:00,1943.0,1947.25,1939.5,1945.0,972312,2019883
04/27/2007,16:00,1944.25,1946.0,1936.75,1944.25,980642,2019082
04/30/2007,16:00,1943.25,1947.25,1930.25,1930.75,1189781,1995372
05/01/2007,16:00,1931.5,1935.25,1924.5,1935.0,1240056,1981374
05/02/2007,16:00,1934.75,1947.0,1934.25,1943.25,984772,1990041
05/03/2007,16:00,1943.0,1951.5,1941.0,1950.5,965288,1990605
05/04/2007,16:00,1950.0,1959.25,1949.25,1956.5,1130491,1996747
05/07/2007,16:00,1955.5,1959.0,1954.5,1956.5,522513,1989695
05/08/2007,16:00,1956.25,1956.25,1948.0,1954.5,880954,1994483
05/09/2007,16:00,1954.0,1961.25,1950.0,1957.75,1119541,1998421
05/10/2007,16:00,1957.75,1958.0,1938.25,1941.5,1655852,2004755
05/11/2007,16:00,1941.25,1955.0,1938.25,1954.5,1218503,1996213
05/14/2007,16:00,1954.25,1958.5,1945.0,1951.0,1121195,1981776
05/15/2007,16:00,1950.5,1962.0,1945.25,1950.75,1717996,1987104
05/16/2007,16:00,1950.25,1960.75,1948.25,1960.25,1261371,2020088
05/17/2007,16:00,1960.0,1964.0,1955.25,1957.5,1120458,2040000
05/18/2007,16:00,1957.75,1970.5,1956.0,1970.25,1197238,2099191
05/21/2007,16:00,1969.75,1976.25,1968.5,1970.25,1023877,2121219
05/22/2007,16:00,1969.75,1975.5,1967.25,1967.5,969947,2131520
05/23/2007,16:00,1967.75,1978.0,1966.25,1967.75,1313246,2135244
05/24/2007,16:00,1967.5,1974.75,1950.0,1953.75,1929248,2148716
05/25/2007,16:00,1953.5,1962.75,1952.5,1959.5,888322,2147245
05/29/2007,16:00,1959.75,1966.75,1956.5,1964.75,1132669,2155203
05/30/2007,16:00,1964.0,1977.0,1954.75,1976.25,1575491,2322641
05/31/2007,16:00,1975.5,1980.25,1972.5,1975.25,1200642,2162058
06/01/2007,16:00,1975.25,1985.25,1975.0,1981.75,1285623,2221457
06/04/2007,16:00,1981.5,1985.0,1975.5,1982.5,1014401,2218964
06/05/2007,16:00,1982.0,1983.5,1969.25,1976.0,1635306,2153791
06/06/2007,16:00,1975.75,1978.25,1957.25,1958.75,1834048,2153791
06/07/2007,16:00,1958.25,1964.5,1928.5,1930.0,1859481,696665
06/08/2007,16:00,1930.0,1950.25,1920.5,1948.75,2013560,881565
06/11/2007,16:00,1948.0,1957.5,1944.75,1951.5,1524589,1078952
06/12/2007,16:00,1951.25,1953.25,1932.75,1933.75,2432564,1390944
06/13/2007,16:00,1933.75,1958.0,1930.0,1956.5,2122247,1473177
06/14/2007,16:00,1955.75,1968.25,1954.75,1965.75,1712047,1537258
06/15/2007,16:00,1965.75,1980.25,1964.5,1974.0,1366620,1561116
06/18/2007,16:00,1973.25,1979.25,1970.0,1972.25,852556,1580742
06/19/2007,16:00,1971.75,1977.0,1966.75,1975.25,1070708,1576863
06/20/2007,16:00,1975.0,1980.5,1951.5,1953.25,1830597,1602768
06/21/2007,16:00,1953.5,1963.25,1944.25,1962.0,1919075,1569497
06/22/2007,16:00,1961.75,1962.25,1939.75,1946.75,1680674,1578239
06/25/2007,16:00,1945.5,1954.25,1931.25,1939.75,1905275,1632502
06/26/2007,16:00,1940.0,1945.75,1923.5,1924.0,1922024,1640966
06/27/2007,16:00,1924.75,1946.25,1918.25,1945.25,1788626,1607166
06/28/2007,16:00,1944.75,1954.25,1941.75,1943.5,1376602,1614959
06/29/2007,16:00,1944.0,1956.5,1930.75,1941.75,1772353,1641911
07/02/2007,16:00,1941.5,1959.0,1941.0,1957.25,913055,1630939
07/03/2007,16:00,1957.25,1963.25,1957.0,1962.5,546285,1615164
07/05/2007,16:00,1962.0,1967.0,1954.75,1960.75,861666,1625142
07/06/2007,16:00,1960.5,1970.25,1957.5,1968.75,882981,1609606
07/09/2007,16:00,1968.5,1972.25,1964.25,1968.75,797179,1631113
07/10/2007,16:00,1968.5,1970.25,1945.25,1946.25,1735981,1676120
07/11/2007,16:00,1946.5,1958.0,1941.5,1957.25,1606676,1661429
07/12/2007,16:00,1957.5,1985.25,1956.0,1982.0,1652964,1678553
07/13/2007,16:00,1981.5,1992.0,1979.75,1986.25,1135596,1682840
07/16/2007,16:00,1986.5,1992.5,1982.75,1986.0,1081563,1692799
07/17/2007,16:00,1985.5,1991.75,1981.25,1985.0,1267583,1693102
07/18/2007,16:00,1983.75,1984.25,1968.75,1981.0,2112721,1717185
07/19/2007,16:00,1981.75,1991.25,1974.75,1986.0,1337495,1702966
07/20/2007,16:00,1985.25,1988.0,1963.5,1971.25,2192420,1734742
07/23/2007,16:00,1970.0,1982.5,1969.75,1975.25,1148097,1737175
07/24/2007,16:00,1975.5,1978.0,1942.75,1948.75,2101765,1775969
07/25/2007,16:00,1948.75,1958.5,1936.75,1951.0,2385315,1772197
07/26/2007,16:00,1949.75,1955.75,1897.25,1914.25,3650201,1848354
07/27/2007,16:00,1916.0,1922.75,1883.5,1884.25,3043045,1917348
07/30/2007,16:00,1886.25,1911.0,1881.25,1907.0,2212883,1893840
07/31/2007,16:00,1906.75,1922.0,1882.5,1888.25,2589335,1967126
08/01/2007,16:00,1888.75,1901.25,1868.5,1896.25,3411368,2030024
08/02/2007,16:00,1895.75,1909.25,1890.75,1908.0,2209158,2034607
08/03/2007,16:00,1907.5,1910.5,1862.5,1869.25,2673337,2050048
08/06/2007,16:00,1865.75,1899.75,1858.5,1894.0,2864358,2060371
08/07/2007,16:00,1894.5,1921.0,1887.0,1908.75,2610986,2093698
08/08/2007,16:00,1908.25,1936.75,1906.75,1930.25,2713939,2093022
08/09/2007,16:00,1928.5,1930.75,1882.75,1884.25,3208674,2073955
08/10/2007,16:00,1884.25,1894.75,1859.25,1877.25,3630084,2083824
08/13/2007,16:00,1880.75,1898.75,1879.75,1881.25,1798787,2042965
08/14/2007,16:00,1881.5,1889.0,1856.5,1860.5,2599901,2067112
08/15/2007,16:00,1859.25,1873.25,1835.0,1840.75,2962153,2075948
08/16/2007,16:00,1840.75,1859.25,1800.75,1850.75,4817982,2162602
08/17/2007,16:00,1851.0,1897.75,1825.75,1876.25,3323512,2047870
08/20/2007,16:00,1875.0,1883.25,1860.75,1875.25,1752018,2070171
08/21/2007,16:00,1875.0,1886.25,1866.5,1876.5,1790908,2009133
08/22/2007,16:00,1876.5,1895.75,1875.0,1895.0,1577659,1997365
08/23/2007,16:00,1894.25,1910.0,1883.25,1892.75,1638692,1975569
08/24/2007,16:00,1892.75,1910.25,1886.25,1909.75,1194936,1975231
08/27/2007,16:00,1909.5,1909.75,1894.25,1896.0,911862,1984793
08/28/2007,16:00,1895.75,1896.75,1861.0,1864.5,1968439,2007338
08/29/2007,16:00,1864.75,1893.5,1861.25,1891.75,2013564,2036036
08/30/2007,16:00,1891.5,1897.75,1878.75,1887.75,1859430,2014224
08/31/2007,16:00,1887.75,1911.0,1887.5,1903.0,1719861,1959100
09/04/2007,16:00,1902.25,1925.5,1894.75,1915.75,1605356,1914390
09/05/2007,16:00,1915.0,1915.75,1894.5,1902.75,1938199,1934244
09/06/2007,16:00,1902.5,1910.75,1895.75,1905.75,1520257,1947312
09/07/2007,16:00,1905.5,1906.5,1876.5,1886.0,2462976,2027560
09/10/2007,16:00,1884.75,1891.75,1867.0,1881.5,2089511,2040812
09/11/2007,16:00,1881.0,1900.75,1879.5,1899.0,1855898,1961487
09/12/2007,16:00,1898.25,1907.5,1892.0,1902.5,1803900,1933025
09/13/2007,16:00,1901.25,1917.25,1897.25,1911.0,1147767,689592
09/14/2007,16:00,1910.75,1913.0,1898.75,1911.0,1397778,887523
09/17/2007,16:00,1910.25,1910.5,1898.0,1902.75,1352552,1073160
09/18/2007,16:00,1903.25,1947.25,1898.0,1946.0,2602689,1385282
09/19/2007,16:00,1945.25,1965.0,1944.5,1954.5,2651718,1583364
09/20/2007,16:00,1953.75,1955.25,1941.75,1944.75,2201481,1662672
09/21/2007,16:00,1944.0,1957.0,1941.5,1947.5,1346720,1685611
09/24/2007,16:00,1946.25,1955.75,1941.0,1944.75,1496817,1731529
09/25/2007,16:00,1944.25,1944.5,1931.75,1942.0,1582077,1746768
09/26/2007,16:00,1942.0,1954.75,1941.5,1949.25,1689313,1815834
09/27/2007,16:00,1949.0,1958.0,1948.75,1957.5,1311882,1775494
09/28/2007,16:00,1957.0,1958.5,1946.0,1951.0,1456078,1779737
10/01/2007,16:00,1953.5,1974.0,1948.25,1969.5,1700876,1836954
10/02/2007,16:00,1969.5,1973.0,1964.25,1967.5,1273754,1863544
10/03/2007,16:00,1967.25,1969.5,1959.5,1963.75,1385584,1864257
10/04/2007,16:00,1963.75,1967.75,1961.0,1965.25,925288,1873495
10/05/2007,16:00,1965.5,1986.5,1963.5,1983.75,1698410,1912725
10/08/2007,16:00,1983.25,1983.5,1972.75,1975.75,718340,1903425
10/09/2007,16:00,1976.0,1990.5,1973.5,1989.25,1282309,1943121
10/10/2007,16:00,1989.0,1989.25,1978.25,1986.25,1306369,1941074
10/11/2007,16:00,1986.0,1999.75,1969.25,1978.25,2280665,1961269
10/12/2007,16:00,1978.0,1988.0,1972.0,1987.5,1412727,1976350
10/15/2007,16:00,1987.5,1989.0,1963.0,1973.25,1954174,2008083
10/16/2007,16:00,1973.25,1974.75,1958.25,1960.5,1844427,1988489
10/17/2007,16:00,1962.0,1974.25,1947.0,1965.5,2240072,2002703
10/18/2007,16:00,1966.5,1968.0,1953.0,1959.75,1556337,1999194
10/19/2007,16:00,1960.0,1962.5,1918.0,1918.75,2689752,1996418
10/22/2007,16:00,1918.25,1928.75,1905.5,1926.5,2401489,1979201
10/23/2007,16:00,1926.5,1940.5,1923.25,1938.5,1746151,1963637
10/24/2007,16:00,1936.25,1937.5,1908.25,1935.0,2688644,1997272
10/25/2007,16:00,1935.25,1942.75,1918.5,1938.0,1954427,2015254
10/26/2007,16:00,1941.0,1956.25,1934.75,1955.5,1550975,2022750
10/29/2007,16:00,1955.0,1964.0,1953.75,1960.0,1019404,2005025
10/30/2007,16:00,1960.25,1961.0,1947.75,1949.0,1024638,2008495
10/31/2007,16:00,1949.25,1971.75,1946.75,1968.0,1961311,2048010
11/01/2007,16:00,1965.5,1968.0,1923.5,1928.75,2522700,2017893
11/02/2007,16:00,1928.75,1938.0,1909.75,1930.5,2779027,2006738
11/05/2007,16:00,1928.75,1929.25,1907.25,1918.5,2089436,2008041
11/06/2007,16:00,1918.5,1939.0,1916.5,1938.0,1721389,2011762
11/07/2007,16:00,1937.75,1938.0,1891.75,1895.75,2623334,2038254
11/08/2007,16:00,1895.0,1904.0,1867.0,1888.5,3096792,2013757
11/09/2007,16:00,1889.5,1893.25,1864.75,1868.0,2533438,2038596
11/12/2007,16:00,1866.75,1882.25,1852.5,1853.25,1946149,2045844
11/13/2007,16:00,1854.0,1899.25,1850.25,1896.25,2063330,2016139
11/14/2007,16:00,1896.0,1909.75,1883.0,1891.0,1892320,2006742
11/15/2007,16:00,1891.0,1895.0,1859.75,1871.0,2256322,1997762
11/16/2007,16:00,1870.75,1879.75,1860.5,1873.25,2135862,1983185
11/19/2007,16:00,1873.25,1878.75,1846.25,1850.5,2102852,2025592
11/20/2007,16:00,1851.5,1869.5,1835.0,1859.0,2970104,2090074
11/21/2007,16:00,1859.75,1861.0,1830.0,1830.75,1996723,2102067
11/23/2007,16:00,1831.5,1855.0,1830.5,1855.0,693706,2060270
11/26/2007,16:00,1855.0,1867.25,1819.75,1822.25,2322802,2063447
11/27/2007,16:00,1822.5,1845.75,1819.25,1839.5,2558722,2065285
11/28/2007,16:00,1839.5,1888.0,1833.5,1883.5,2417256,2103122
11/29/2007,16:00,1884.0,1890.0,1873.75,1884.5,1815242,2076436
11/30/2007,16:00,1883.5,1905.25,1881.5,1896.75,2018633,2119868
12/03/2007,16:00,1897.0,1899.25,1885.0,1888.5,1471676,2076196
12/04/2007,16:00,1888.5,1889.0,1875.5,1876.25,1380860,2025941
12/05/2007,16:00,1876.5,1902.0,1876.0,1900.0,1733327,2027120
12/06/2007,16:00,1900.25,1923.75,1895.0,1920.5,1720838,2044603
12/07/2007,16:00,1920.5,1928.25,1913.75,1920.25,1283732,2041747
12/10/2007,16:00,1919.5,1933.75,1914.0,1931.75,1152663,2048492
12/11/2007,16:00,1931.5,1940.0,1888.5,1891.0,2333091,1982511
12/12/2007,16:00,1890.25,1930.0,1881.75,1903.25,3006773,1851685
12/13/2007,16:00,1903.25,1905.0,1882.75,1901.25,1418643,809173
12/14/2007,16:00,1901.25,1908.0,1880.75,1881.25,1497465,1016808
12/17/2007,16:00,1880.5,1880.5,1857.75,1859.5,1758866,1287610
12/18/2007,16:00,1860.25,1874.75,1848.5,1869.25,2122635,1502139
12/19/2007,16:00,1869.25,1878.25,1858.5,1867.75,1996306,1701087
12/20/2007,16:00,1867.25,1877.75,1860.25,1877.5,1606569,1757316
12/21/2007,16:00,1876.75,1901.75,1874.0,1900.75,1195437,1756116
12/24/2007,16:00,1900.25,1912.5,1897.75,1909.25,253393,1746639
12/26/2007,16:00,1909.25,1913.75,1902.0,1912.5,363604,1744260
12/27/2007,16:00,1912.5,1913.75,1887.75,1892.5,901031,1755401
12/28/2007,16:00,1892.5,1905.75,1883.75,1888.25,792586,1751604
12/31/2007,16:00,1888.0,1891.75,1873.75,1880.0,671363,1720070
01/02/2008,16:00,1881.5,1885.5,1851.75,1861.25,1623508,1764399
01/03/2008,16:00,1861.25,1867.5,1853.75,1861.5,1266237,1758867
01/04/2008,16:00,1861.5,1866.0,1820.25,1825.75,2199479,1882526
01/07/2008,16:00,1825.25,1835.0,1812.75,1824.25,2436934,1884889
01/08/2008,16:00,1824.5,1840.5,1795.75,1799.75,2902242,1979612
01/09/2008,16:00,1800.0,1819.25,1787.75,1814.25,2811604,1988797
01/10/2008,16:00,1815.25,1839.0,1804.25,1823.75,2737056,1999974
01/11/2008,16:00,1823.25,1826.5,1803.0,1810.5,2191787,2019532
01/14/2008,16:00,1811.25,1827.25,1800.75,1823.0,1456055,2038414
01/15/2008,16:00,1823.75,1825.25,1788.0,1790.75,2438444,2118609
01/16/2008,16:00,1784.5,1800.25,1771.25,1778.75,3222442,2199932
01/17/2008,16:00,1780.0,1792.0,1736.75,1742.5,3404177,2310547
01/18/2008,16:00,1743.5,1763.25,1718.5,1728.0,3219547,2281142
01/22/2008,16:00,1730.5,1734.25,1658.25,1712.0,4734875,2461562
01/23/2008,16:00,1714.5,1747.25,1663.75,1744.25,4119794,2472751
01/24/2008,16:00,1745.0,1760.0,1736.0,1755.0,2431922,2433876
01/25/2008,16:00,1758.75,1773.5,1731.0,1736.75,2543013,2423498
01/28/2008,16:00,1738.75,1761.0,1713.0,1757.25,2013859,2414322
01/29/2008,16:00,1756.5,1769.75,1753.0,1764.75,1581503,2317305
01/30/2008,16:00,1764.25,1790.25,1750.0,1753.25,2609409,2428803
01/31/2008,16:00,1752.5,1790.0,1734.25,1782.25,3192392,2431320
02/01/2008,16:00,1775.75,1800.75,1774.25,1799.75,2290938,2347278
02/04/2008,16:00,1799.5,1802.75,1780.75,1781.5,1218675,2306661
02/05/2008,16:00,1782.0,1784.0,1740.25,1746.0,2517764,2397678
02/06/2008,16:00,1746.0,1756.0,1727.5,1732.75,2162714,2415136
02/07/2008,16:00,1734.5,1751.25,1715.5,1743.0,2927426,2433960
02/08/2008,16:00,1743.25,1746.5,1723.75,1733.0,1708720,2408189
02/11/2008,16:00,1732.25,1745.25,1723.0,1741.0,1842322,2401190
02/12/2008,16:00,1740.5,1766.25,1735.5,1752.5,2251770,2375024
02/13/2008,16:00,1752.25,1773.25,1746.25,1766.5,1835901,2365865
02/14/2008,16:00,1766.75,1774.25,1750.0,1753.75,1902104,2280882
02/15/2008,16:00,1753.0,1760.0,1739.75,1754.0,1466909,2251947
02/19/2008,16:00,1752.75,1772.5,1748.0,1758.25,1718585,2263515
02/20/2008,16:00,1757.75,1767.5,1735.5,1761.75,2212665,2289086
02/21/2008,16:00,1761.0,1772.0,1742.0,1749.75,2032645,2273685
02/22/2008,16:00,1749.25,1760.25,1729.75,1758.25,2024737,2252357
02/25/2008,16:00,1757.25,1778.25,1749.0,1774.25,2041157,2259852
02/26/2008,16:00,1773.75,1791.25,1766.5,1785.5,2096189,2216527
02/27/2008,16:00,1784.5,1792.75,1773.75,1783.25,1835677,2206612
02/28/2008,16:00,1782.75,1784.25,1766.25,1768.5,1796976,2181159
02/29/2008,16:00,1768.75,1769.75,1728.0,1734.0,2302716,2185402
03/03/2008,16:00,1732.25,1738.5,1722.75,1734.75,1944534,2167758
03/04/2008,16:00,1735.25,1740.25,1709.75,1729.75,2763950,2205049
03/05/2008,16:00,1730.75,1747.75,1723.0,1738.25,2468567,2179156
03/06/2008,16:00,1738.5,1745.75,1705.0,1710.75,2517077,2157323
03/07/2008,16:00,1709.75,1721.25,1685.0,1695.5,3078193,2180072
03/10/2008,16:00,1694.75,1702.25,1675.25,1678.25,2381829,2125949
03/11/2008,16:00,1679.25,1726.75,1675.0,1726.75,3222244,2067013
03/12/2008,16:00,1725.75,1737.0,1710.75,1712.25,2545300,1896842
03/13/2008,16:00,1713.0,1725.25,1684.75,1716.0,2741325,995665
03/14/2008,16:00,1715.25,1736.75,1676.25,1693.75,3877931,1317894
03/17/2008,16:00,1690.25,1714.75,1653.75,1680.25,3692310,1716417
03/18/2008,16:00,1682.25,1734.75,1679.5,1734.75,3129809,2006027
03/19/2008,16:00,1733.75,1744.5,1697.5,1700.25,3251081,2181281
03/20/2008,16:00,1701.0,1733.25,1687.25,1725.5,2162947,2082636
03/24/2008,16:00,1727.0,1762.25,1726.0,1752.25,1429511,2052258
03/25/2008,16:00,1752.25,1760.25,1742.75,1752.25,1733906,2079949
03/26/2008,16:00,1752.0,1752.5,1734.75,1736.25,1602660,2038073
03/27/2008,16:00,1735.75,1748.75,1727.25,1730.5,2021529,2047999
03/28/2008,16:00,1731.0,1741.25,1714.5,1719.75,1526259,2042759
03/31/2008,16:00,1719.75,1731.25,1710.25,1724.75,1619317,2014400
04/01/2008,16:00,1722.0,1773.25,1716.5,1771.25,2328623,2099373
04/02/2008,16:00,1771.0,1780.75,1763.75,1771.75,1842164,2100633
04/03/2008,16:00,1770.75,1778.5,1760.25,1774.25,1597014,2108652
04/04/2008,16:00,1774.25,1788.75,1765.0,1772.75,1921087,2090867
04/07/2008,16:00,1773.25,1789.75,1770.5,1773.0,1476207,2125932
04/08/2008,16:00,1772.0,1773.0,1763.0,1771.75,1412742,2071582
04/09/2008,16:00,1771.5,1778.25,1752.0,1761.0,1833439,2066475
04/10/2008,16:00,1760.0,1770.0,1752.0,1763.5,1787751,2024010
04/11/2008,16:00,1763.25,1769.75,1732.5,1736.25,2024747,1989347
04/14/2008,16:00,1736.0,1738.0,1726.5,1732.0,1459105,2011892
04/15/2008,16:00,1731.75,1739.5,1725.75,1736.75,1753265,2008577
04/16/2008,16:00,1743.5,1772.25,1738.0,1771.75,2089593,2022096
04/17/2008,16:00,1771.75,1775.25,1759.25,1773.0,1788172,1986201
04/18/2008,16:00,1775.25,1799.0,1770.75,1788.75,1987772,2003193
04/21/2008,16:00,1789.75,1794.75,1781.5,1789.0,1257968,1997859
04/22/2008,16:00,1788.0,1791.5,1771.5,1781.5,1754531,1984022
04/23/2008,16:00,1781.25,1790.5,1773.5,1779.25,1834571,1999890
04/24/2008,16:00,1780.5,1800.0,1768.75,1786.75,2146239,2014881
04/25/2008,16:00,1787.25,1801.5,1781.25,1797.75,1567802,2024058
04/28/2008,16:00,1799.5,1805.5,1794.25,1798.25,1155730,2014172
04/29/2008,16:00,1798.0,1799.75,1787.75,1792.0,1448179,2006011
04/30/2008,16:00,1788.75,1807.75,1784.25,1786.75,1916786,2025398
05/01/2008,16:00,1783.75,1813.0,1783.0,1812.25,1904214,2024139
05/02/2008,16:00,1812.0,1827.75,1806.75,1816.5,1924510,2024348
05/05/2008,16:00,1814.25,1818.0,1801.5,1809.0,1247386,2022552
05/06/2008,16:00,1809.75,1823.0,1797.75,1821.5,1891642,2051767
05/07/2008,16:00,1822.0,1824.75,1791.25,1796.0,1944506,2059625
05/08/2008,16:00,1794.75,1803.75,1790.0,1792.75,1703231,2015710
05/09/2008,16:00,1792.0,1794.0,1782.5,1789.75,1625250,2031689
05/12/2008,16:00,1788.25,1805.75,1787.0,1805.5,1570216,2048049
05/13/2008,16:00,1804.25,1811.5,1797.25,1805.5,1527087,2054737
05/14/2008,16:00,1804.75,1822.25,1799.5,1808.5,1740580,2047910
05/15/2008,16:00,1808.25,1826.25,1805.75,1825.25,1745979,2076083
05/16/2008,16:00,1825.0,1830.25,1815.5,1826.5,1792070,2091359
05/19/2008,16:00,1826.0,1841.75,1822.5,1830.5,1789049,2114234
05/20/2008,16:00,1829.5,1830.0,1809.75,1818.25,1868001,2124511
05/21/2008,16:00,1817.75,1821.75,1788.75,1793.75,2372279,2160116
05/22/2008,16:00,1793.75,1800.5,1791.0,1794.0,1728941,2145071
05/23/2008,16:00,1794.5,1795.75,1773.5,1774.25,1522550,2166611
05/27/2008,16:00,1775.0,1788.5,1771.25,1785.5,1572828,2168426
05/28/2008,16:00,1785.75,1794.0,1778.5,1792.25,1703573,2168697
05/29/2008,16:00,1790.75,1807.75,1787.5,1798.5,1722211,2162078
05/30/2008,16:00,1798.5,1805.75,1795.75,1801.25,1179341,2117469
06/02/2008,16:00,1801.5,1801.75,1778.25,1786.25,1706127,2135386
06/03/2008,16:00,1786.5,1794.25,1770.0,1779.25,2157451,2182360
06/04/2008,16:00,1779.0,1789.25,1771.75,1778.25,2085776,2178024
06/05/2008,16:00,1777.5,1806.5,1776.25,1806.0,1991888,2170601
06/06/2008,16:00,1805.25,1811.75,1759.25,1760.25,2769435,2228017
06/09/2008,16:00,1759.5,1772.25,1751.25,1764.25,2140578,2178564
06/10/2008,16:00,1762.75,1768.0,1748.0,1757.0,2206955,2082516
06/11/2008,16:00,1757.0,1764.25,1735.75,1736.5,2601302,1984857
06/12/2008,16:00,1735.5,1754.0,1731.75,1741.75,1672537,945373
06/13/2008,16:00,1741.5,1762.0,1737.5,1758.25,2033847,1133824
06/16/2008,16:00,1757.5,1766.0,1750.0,1758.5,1707636,1313353
06/17/2008,16:00,1758.75,1770.5,1749.75,1751.5,2018896,1633301
06/18/2008,16:00,1751.25,1754.0,1733.0,1737.25,2294625,1752363
06/19/2008,16:00,1737.25,1748.25,1730.75,1740.0,2356034,1858151
06/20/2008,16:00,1741.0,1742.0,1713.75,1717.5,2322976,1868299
06/23/2008,16:00,1719.25,1726.25,1714.75,1716.75,1451974,1888302
06/24/2008,16:00,1716.25,1726.5,1703.75,1714.0,2115190,1927218
06/25/2008,16:00,1713.5,1733.0,1713.0,1729.5,2070490,1892761
06/26/2008,16:00,1715.75,1720.75,1681.5,1683.0,2644046,1974436
06/27/2008,16:00,1683.5,1690.25,1671.25,1678.5,2338736,2009257
06/30/2008,16:00,1680.25,1690.5,1673.75,1679.5,2168867,2037537
07/01/2008,16:00,1681.5,1685.25,1659.5,1684.75,3199214,2097904
07/02/2008,16:00,1684.75,1693.25,1659.5,1661.25,2431509,2150507
07/03/2008,16:00,1662.0,1672.25,1650.25,1663.5,1847255,2225110
07/04/2008,16:00,1664.0,1667.75,1655.0,1663.5,55419,2225110
07/07/2008,16:00,1657.0,1673.5,1639.25,1650.25,2580560,2263686
07/08/2008,16:00,1650.5,1674.25,1635.0,1672.25,2751962,2274484
07/09/2008,16:00,1673.0,1677.25,1643.25,1646.5,2405025,2318616
07/10/2008,16:00,1647.5,1657.75,1635.5,1653.0,3027898,2350239
07/11/2008,16:00,1653.25,1660.25,1624.0,1638.25,3251690,2410950
07/14/2008,16:00,1638.5,1659.0,1623.25,1626.75,2663429,2439986
07/15/2008,16:00,1627.5,1634.25,1599.25,1610.0,3662907,2502945
07/16/2008,16:00,1611.25,1644.75,1601.0,1639.5,2893515,2463377
07/17/2008,16:00,1638.5,1661.5,1636.5,1652.0,2892500,2479955
07/18/2008,16:00,1648.75,1661.5,1639.5,1659.0,1921007,2396530
07/21/2008,16:00,1657.75,1667.5,1653.5,1660.0,1536139,2376549
07/22/2008,16:00,1656.5,1676.5,1645.75,1672.75,2103273,2378945
07/23/2008,16:00,1673.5,1689.75,1671.25,1681.0,2125754,2342278
07/24/2008,16:00,1679.75,1683.5,1649.5,1652.25,1988950,2368716
07/25/2008,16:00,1651.75,1661.25,1647.75,1652.25,1614028,2340555
07/28/2008,16:00,1653.75,1658.5,1631.5,1633.5,1619650,2407402
07/29/2008,16:00,1633.25,1661.75,1630.0,1660.25,2096150,2427148
07/30/2008,16:00,1660.0,1683.5,1658.25,1683.25,2348334,2413626
07/31/2008,16:00,1683.0,1688.5,1663.5,1665.5,2330165,2427897
08/01/2008,16:00,1665.0,1673.5,1651.5,1658.75,1861777,2404009
08/04/2008,16:00,1659.75,1661.75,1644.75,1647.25,1521764,2438318
08/05/2008,16:00,1647.75,1683.0,1645.75,1681.5,2002327,2430884
08/06/2008,16:00,1681.25,1690.25,1673.75,1686.25,1730315,2422926
08/07/2008,16:00,1686.75,1687.5,1662.0,1666.5,1993045,2449807
08/08/2008,16:00,1666.5,1696.5,1660.5,1690.75,2179132,2481081
08/11/2008,16:00,1690.0,1712.0,1686.5,1703.5,2097151,2430406
08/12/2008,16:00,1702.25,1706.25,1683.75,1690.0,1743555,2395320
08/13/2008,16:00,1689.75,1693.0,1673.0,1683.0,2184428,2392802
08/14/2008,16:00,1683.25,1699.25,1673.75,1692.25,1883891,2382538
08/15/2008,16:00,1692.0,1701.0,1689.0,1698.25,1473919,2346183
08/18/2008,16:00,1698.0,1704.5,1672.5,1680.5,1698350,2360479
08/19/2008,16:00,1680.5,1681.5,1661.25,1667.0,1715971,2403118
08/20/2008,16:00,1666.5,1675.25,1659.0,1672.25,1769970,2369588
08/21/2008,16:00,1672.25,1680.25,1661.75,1674.0,1598014,2388165
08/22/2008,16:00,1673.75,1692.5,1670.0,1690.75,1380141,2360709
08/25/2008,16:00,1689.5,1690.75,1662.75,1665.0,1639629,2373007
08/26/2008,16:00,1665.25,1674.25,1661.0,1670.25,1456121,2330830
08/27/2008,16:00,1670.0,1683.75,1664.0,1680.5,1442209,2295914
08/28/2008,16:00,1680.25,1698.5,1674.0,1696.5,1513592,2320047
08/29/2008,16:00,1695.5,1696.5,1680.0,1681.0,1353013,2288022
09/02/2008,16:00,1680.5,1702.0,1670.0,1675.0,2286856,2305509
09/03/2008,16:00,1674.75,1679.5,1663.75,1673.75,2159339,2285257
09/04/2008,16:00,1674.0,1675.5,1633.5,1635.0,2839366,2282099
09/05/2008,16:00,1635.0,1643.75,1615.0,1639.5,2958715,2255566
09/08/2008,16:00,1662.0,1680.5,1645.25,1665.5,3227266,2286356
09/09/2008,16:00,1665.5,1673.5,1622.0,1625.0,3349429,2260742
09/10/2008,16:00,1626.5,1643.25,1618.75,1631.75,3012184,2079772
09/11/2008,16:00,1631.25,1651.25,1609.5,1649.25,2082338,813024
09/12/2008,16:00,1649.25,1656.5,1631.75,1655.75,2558755,1097924
09/15/2008,16:00,1632.25,1636.5,1592.75,1593.25,3993598,1547367
09/16/2008,16:00,1592.75,1618.25,1560.25,1613.5,4919112,1857101
09/17/2008,16:00,1615.0,1626.75,1554.25,1560.25,5035252,2262253
09/18/2008,16:00,1564.25,1616.0,1533.5,1600.5,6012944,2375062
09/19/2008,16:00,1600.5,1688.5,1599.75,1643.25,4007416,2331147
09/22/2008,16:00,1641.25,1647.5,1602.5,1611.0,2758953,2266475
09/23/2008,16:00,1610.25,1620.0,1582.75,1584.25,3098102,2257726
09/24/2008,16:00,1585.25,1607.5,1577.5,1590.25,2403254,2301700
09/25/2008,16:00,1589.5,1622.0,1583.25,1610.75,2740073,2278290
09/26/2008,16:00,1609.5,1618.5,1582.0,1611.75,2225525,2255752
09/29/2008,16:00,1617.25,1618.5,1510.75,1516.0,3948082,2399327
09/30/2008,16:00,1515.5,1573.0,1509.25,1566.25,2929451,2530826
10/01/2008,16:00,1564.75,1570.25,1541.0,1565.75,2503550,2469551
10/02/2008,16:00,1565.5,1571.25,1512.5,1521.75,2741088,2524814
10/03/2008,16:00,1522.0,1558.25,1499.75,1505.5,3191895,2616745
10/06/2008,16:00,1501.0,1501.25,1406.25,1450.5,4475297,2712900
10/07/2008,16:00,1451.25,1475.25,1396.75,1403.0,4296292,2829907
10/08/2008,16:00,1401.25,1442.25,1360.25,1378.25,5313795,3019876
10/09/2008,16:00,1378.5,1407.25,1302.75,1309.75,4171147,3081137
10/10/2008,16:00,1310.75,1340.25,1234.25,1288.25,5899056,3218719
10/13/2008,16:00,1306.75,1414.75,1306.5,1414.0,3358671,3067800
10/14/2008,16:00,1409.25,1464.25,1371.5,1399.5,4094351,3116338
10/15/2008,16:00,1401.25,1405.75,1294.5,1300.5,3831280,3131194
10/16/2008,16:00,1300.75,1347.25,1262.5,1338.25,5074482,3053823
10/17/2008,16:00,1338.25,1385.0,1305.25,1330.75,3820686,2903973
10/20/2008,16:00,1334.75,1390.0,1322.75,1387.75,2435954,2948948
10/21/2008,16:00,1390.0,1390.0,1348.25,1356.5,2638526,2946223
10/22/2008,16:00,1355.75,1366.5,1269.75,1300.0,3288095,2963011
10/23/2008,16:00,1301.75,1320.5,1253.25,1312.5,4058789,2961485
10/24/2008,16:00,1311.75,1314.5,1237.5,1263.25,3315060,2997214
10/27/2008,16:00,1261.5,1291.25,1222.25,1232.0,2926986,3009103
10/28/2008,16:00,1233.75,1340.0,1224.5,1336.0,3768415,2953383
10/29/2008,16:00,1336.0,1368.5,1311.5,1324.25,3240110,2869259
10/30/2008,16:00,1325.0,1365.75,1324.0,1358.75,2930383,2858356
10/31/2008,16:00,1357.0,1381.25,1337.25,1364.5,2756518,2843103
11/03/2008,16:00,1363.0,1377.0,1354.25,1366.75,1523295,2809446
11/04/2008,16:00,1366.75,1404.0,1361.25,1400.5,2326394,2800375
11/05/2008,16:00,1399.75,1405.75,1344.25,1355.25,2738398,2817648
11/06/2008,16:00,1354.75,1355.25,1294.25,1301.75,3511716,2890398
11/07/2008,16:00,1300.75,1334.75,1298.25,1333.5,2698265,2867067
11/10/2008,16:00,1338.25,1359.75,1302.75,1318.75,2130841,2882271
11/11/2008,16:00,1316.75,1324.5,1280.0,1290.25,2679092,2933221
11/12/2008,16:00,1290.75,1308.25,1245.75,1250.75,3001549,2992291
11/13/2008,16:00,1251.25,1311.0,1214.0,1305.0,4449284,3031805
11/14/2008,16:00,1304.75,1315.25,1257.5,1258.75,3372229,3083912
11/17/2008,16:00,1259.25,1279.0,1244.25,1248.25,2799233,3013221
11/18/2008,16:00,1248.0,1266.25,1222.0,1263.75,3277728,3067328
11/19/2008,16:00,1262.5,1263.25,1201.5,1209.75,3430032,3106576
11/20/2008,16:00,1207.75,1218.0,1142.25,1145.5,4471459,3180412
11/21/2008,16:00,1147.0,1199.5,1136.25,1189.25,4278847,3184606
11/24/2008,16:00,1198.25,1263.5,1180.5,1245.25,3413399,3131237
11/25/2008,16:00,1244.5,1271.25,1230.75,1250.5,3116154,3119670
11/26/2008,16:00,1250.25,1285.0,1226.75,1283.5,2177331,3087937
11/28/2008,16:00,1283.75,1294.25,1272.25,1292.5,889730,3107875
12/01/2008,16:00,1294.75,1294.75,1210.25,1213.0,2630581,3111001
12/02/2008,16:00,1213.25,1248.0,1210.25,1246.25,3242501,3065145
12/03/2008,16:00,1245.75,1271.0,1223.25,1265.75,3332111,3066923
12/04/2008,16:00,1266.25,1272.75,1229.25,1244.75,2834117,3010415
12/05/2008,16:00,1244.75,1276.75,1214.25,1269.75,3221506,2989548
12/08/2008,16:00,1269.5,1316.5,1264.75,1302.0,2646329,2918572
12/09/2008,16:00,1303.5,1313.5,1281.75,1286.75,2629268,2829507
12/10/2008,16:00,1287.75,1306.0,1281.75,1293.0,2582026,2689722
12/11/2008,16:00,1297.25,1302.25,1265.25,1272.25,2054306,1083953
12/12/2008,16:00,1269.0,1284.25,1226.5,1283.25,2877490,1393306
12/15/2008,16:00,1282.75,1290.75,1254.0,1270.0,2246114,1778018
12/16/2008,16:00,1270.25,1312.75,1266.25,1310.5,2624079,2056136
12/17/2008,16:00,1311.25,1316.0,1284.5,1300.75,2332232,2056136
12/18/2008,16:00,1304.75,1309.25,1271.25,1290.25,2087835,2292310
12/19/2008,16:00,1288.75,1301.25,1274.25,1279.0,1844441,2299861
12/22/2008,16:00,1279.75,1289.25,1250.5,1269.0,1178582,2266092
12/23/2008,16:00,1269.0,1275.75,1253.0,1256.25,995885,2288378
12/24/2008,16:00,1257.0,1264.25,1253.75,1262.75,239099,2287467
12/25/2008,16:00,1262.75,1262.75,1262.75,1262.75,0,2288378
12/26/2008,16:00,1263.0,1269.5,1260.5,1266.75,201650,2279235
12/29/2008,16:00,1266.0,1271.25,1251.0,1268.25,614648,2297359
12/30/2008,16:00,1268.0,1286.75,1266.5,1286.0,777046,2296377
12/31/2008,16:00,1285.75,1305.75,1284.25,1297.75,920263,2354825
01/02/2009,16:00,1297.75,1330.5,1294.25,1323.25,1095813,2397124
01/05/2009,16:00,1323.5,1332.0,1314.25,1325.25,1606235,2404780
01/06/2009,16:00,1325.0,1340.5,1321.25,1328.25,1912293,2394348
01/07/2009,16:00,1328.0,1329.5,1296.5,1303.0,1961214,2362926
01/08/2009,16:00,1302.75,1305.5,1289.25,1304.5,1775437,2373225
01/09/2009,16:00,1304.5,1312.5,1280.5,1283.25,2052723,2404350
01/12/2009,16:00,1282.75,1283.25,1258.0,1265.75,1654564,2423792
01/13/2009,16:00,1266.25,1271.75,1254.75,1266.25,2284001,2410824
01/14/2009,16:00,1266.5,1272.75,1230.25,1237.5,2749495,2477047
01/15/2009,16:00,1237.25,1246.25,1210.5,1237.0,3371389,2467373
01/16/2009,16:00,1239.5,1255.5,1224.0,1246.25,2818199,2470233
01/20/2009,16:00,1238.75,1263.5,1195.25,1203.75,2841680,2519962
01/21/2009,16:00,1204.5,1236.25,1198.25,1234.5,2859490,2514091
01/22/2009,16:00,1234.75,1241.75,1205.25,1223.25,3060637,2518548
01/23/2009,16:00,1222.0,1233.75,1197.25,1221.25,2596504,2540021
01/26/2009,16:00,1217.75,1247.25,1208.5,1228.5,2254244,2535478
01/27/2009,16:00,1231.0,1245.25,1229.0,1237.0,1925806,2561141
01/28/2009,16:00,1238.0,1273.75,1235.5,1269.25,2305731,2584678
01/29/2009,16:00,1269.25,1269.5,1238.0,1240.5,2044480,2568452
01/30/2009,16:00,1240.75,1246.75,1215.25,1220.25,2467501,2570289
02/02/2009,16:00,1221.5,1225.25,1204.0,1219.0,1971078,2601288
02/03/2009,16:00,1219.5,1237.5,1213.75,1229.25,2093215,2596102
02/04/2009,16:00,1229.5,1247.25,1223.75,1227.5,2212942,2608557
02/05/2009,16:00,1228.25,1246.75,1214.5,1238.25,2616179,2614345
02/06/2009,16:00,1239.0,1267.0,1234.5,1265.5,2419130,2560932
02/09/2009,16:00,1266.75,1270.75,1250.5,1262.75,1759790,2545782
02/10/2009,16:00,1262.0,1263.75,1217.25,1224.75,3210594,2642211
02/11/2009,16:00,1224.25,1234.0,1217.25,1229.25,2294910,2656184
02/12/2009,16:00,1228.5,1234.5,1203.25,1233.25,3192534,2741164
02/13/2009,16:00,1232.75,1238.25,1216.5,1217.75,2032708,2744343
02/17/2009,16:00,1206.25,1216.5,1183.25,1183.25,2998314,2945607
02/18/2009,16:00,1184.5,1194.0,1174.25,1177.25,2732760,2913176
02/19/2009,16:00,1178.0,1194.5,1172.75,1177.25,2407562,2926649
02/20/2009,16:00,1176.25,1177.25,1150.25,1167.25,3142066,2981760
02/23/2009,16:00,1167.75,1184.25,1137.5,1142.75,2743651,2971831
02/24/2009,16:00,1142.75,1172.5,1141.0,1166.5,2750323,2977925
02/25/2009,16:00,1166.75,1177.25,1149.0,1159.25,3198201,3000355
02/26/2009,16:00,1158.75,1176.75,1148.0,1149.75,2499376,2981867
02/27/2009,16:00,1150.0,1153.75,1127.25,1132.0,3023734,3019173
03/02/2009,16:00,1130.75,1131.5,1096.5,1103.25,2886199,3068814
03/03/2009,16:00,1102.75,1113.0,1086.5,1087.25,3131092,3068814
03/04/2009,16:00,1088.25,1121.5,1079.25,1106.25,3168491,3126706
03/05/2009,16:00,1107.25,1109.5,1074.0,1083.75,3338389,3216344
03/06/2009,16:00,1084.0,1097.0,1063.5,1085.5,3329849,3232128
03/09/2009,16:00,1086.5,1092.5,1068.5,1073.75,2721975,3254116
03/10/2009,16:00,1072.5,1119.5,1071.0,1113.75,3286136,3202510
03/11/2009,16:00,1113.5,1130.25,1109.75,1118.25,3205708,2939912
03/12/2009,16:00,1118.5,1151.0,1109.0,1149.5,2507284,1186206
03/13/2009,16:00,1148.75,1159.25,1140.0,1155.5,2715441,1594762
03/16/2009,16:00,1151.75,1172.5,1147.25,1155.0,2848135,1954437
03/17/2009,16:00,1154.5,1178.0,1147.0,1176.25,2826223,2213449
03/18/2009,16:00,1177.0,1201.5,1162.75,1192.5,3324988,2359316
03/19/2009,16:00,1191.75,1202.5,1178.25,1181.0,2739197,2418461
03/20/2009,16:00,1181.0,1186.5,1162.5,1165.0,2385394,2424211
03/23/2009,16:00,1167.75,1222.0,1166.5,1218.25,2915781,2447448
03/24/2009,16:00,1219.0,1221.0,1202.25,1204.5,2433671,2416847
03/25/2009,16:00,1204.25,1224.5,1188.0,1209.25,3118269,2420013
03/26/2009,16:00,1208.5,1231.5,1208.25,1228.25,2733189,2419907
03/27/2009,16:00,1227.75,1231.0,1210.5,1217.0,2210455,2423107
03/30/2009,16:00,1213.5,1216.25,1176.5,1185.25,2261920,2422348
03/31/2009,16:00,1185.5,1208.0,1185.0,1195.75,2688645,2431108
04/01/2009,16:00,1191.5,1211.25,1180.0,1210.25,2614278,2403239
04/02/2009,16:00,1210.0,1243.25,1208.25,1236.5,2984901,2412665
04/03/2009,16:00,1236.25,1245.5,1223.75,1241.5,2171655,2408515
04/06/2009,16:00,1241.0,1249.0,1219.75,1231.5,1996010,2417769
04/07/2009,16:00,1232.0,1234.75,1211.75,1215.0,2101777,2392583
04/08/2009,16:00,1216.0,1226.25,1203.25,1223.5,2088351,2396750
04/09/2009,16:00,1224.25,1255.5,1223.25,1253.5,2081575,2415124
04/13/2009,16:00,1249.75,1262.25,1242.5,1255.0,1635670,2446104
04/14/2009,16:00,1254.0,1258.5,1237.25,1241.25,2351211,2434118
04/15/2009,16:00,1238.75,1251.5,1232.5,1249.5,2175733,2420862
04/16/2009,16:00,1249.5,1268.0,1241.25,1262.5,2587100,2459558
04/17/2009,16:00,1262.5,1273.0,1254.75,1267.75,1873990,2441033
04/20/2009,16:00,1266.5,1266.5,1229.75,1234.0,2217804,2483762
04/21/2009,16:00,1232.5,1249.75,1224.0,1248.75,2691106,2470419
04/22/2009,16:00,1248.75,1259.75,1236.25,1238.0,2933883,2471488
04/23/2009,16:00,1237.0,1251.0,1232.25,1249.75,2489552,2496409
04/24/2009,16:00,1249.5,1269.75,1242.5,1267.5,2407351,2507231
04/27/2009,16:00,1264.25,1266.75,1247.75,1257.75,2460914,2561806
04/28/2009,16:00,1256.0,1262.5,1239.5,1252.75,2224466,2581588
04/29/2009,16:00,1251.25,1280.25,1250.25,1270.0,2418138,2596112
04/30/2009,16:00,1269.5,1288.0,1265.5,1271.0,2712027,2598192
05/01/2009,16:00,1271.0,1279.25,1263.5,1277.0,1802797,2587402
05/04/2009,16:00,1277.0,1305.75,1277.0,1303.75,2171103,2591981
05/05/2009,16:00,1303.75,1306.0,1294.5,1304.5,1997855,2576604
05/06/2009,16:00,1304.0,1319.0,1292.0,1318.25,2650152,2598715
05/07/2009,16:00,1317.75,1330.5,1299.0,1308.0,2743570,2579594
05/08/2009,16:00,1308.25,1328.75,1304.0,1325.75,2641858,2586203
05/11/2009,16:00,1322.0,1324.0,1306.75,1310.0,2061930,2586413
05/12/2009,16:00,1309.75,1316.25,1295.0,1307.75,2530397,2572298
05/13/2009,16:00,1308.5,1312.25,1281.0,1286.25,2461178,2590652
05/14/2009,16:00,1286.0,1297.75,1279.75,1290.5,2200806,2602365
05/15/2009,16:00,1291.0,1296.5,1277.75,1284.0,2204790,2598274
05/18/2009,16:00,1283.25,1309.75,1276.25,1308.0,1928363,2628867
05/19/2009,16:00,1308.75,1316.75,1304.5,1307.5,1981787,2604960
05/20/2009,16:00,1306.75,1324.5,1300.25,1301.0,2781625,2608326
05/21/2009,16:00,1301.0,1302.0,1278.75,1289.75,2388542,2626356
05/22/2009,16:00,1289.75,1297.0,1283.0,1286.0,1651521,2581131
05/26/2009,16:00,1290.0,1312.0,1277.75,1309.75,2586181,2616854
05/27/2009,16:00,1309.0,1315.0,1291.5,1293.5,2404322,2617463
05/28/2009,16:00,1293.25,1309.75,1287.25,1306.0,2694863,2599394
05/29/2009,16:00,1306.0,1328.75,1303.25,1319.0,2009771,2644555
06/01/2009,16:00,1319.0,1348.25,1317.5,1340.0,2197829,2671528
06/02/2009,16:00,1340.0,1350.0,1335.5,1343.5,1946965,2604053
06/03/2009,16:00,1343.75,1346.75,1323.5,1332.75,1975454,2606183
06/04/2009,16:00,1332.0,1343.0,1329.0,1341.5,1786027,2582735
06/05/2009,16:00,1342.0,1358.5,1334.25,1341.5,2399049,2575881
06/08/2009,16:00,1340.5,1347.5,1326.5,1339.75,1980655,2515640
06/09/2009,16:00,1339.75,1348.0,1335.25,1340.5,1928047,2464113
06/10/2009,16:00,1340.25,1356.0,1328.0,1341.5,2636837,2307624
06/11/2009,16:00,1341.0,1357.75,1337.75,1343.25,1874660,1164112
06/12/2009,16:00,1342.5,1347.75,1336.25,1345.75,1690111,1450895
06/15/2009,16:00,1343.5,1343.75,1320.25,1324.5,2146711,1836691
06/16/2009,16:00,1324.75,1329.75,1311.5,1312.75,2267554,2048921
06/17/2009,16:00,1313.0,1319.25,1304.25,1310.25,2362146,2178606
06/18/2009,16:00,1310.5,1322.75,1308.0,1318.25,1888281,2258850
06/19/2009,16:00,1317.25,1328.0,1315.75,1320.75,1623895,2261507
06/22/2009,16:00,1319.5,1324.25,1292.75,1293.5,2043793,2299498
06/23/2009,16:00,1293.75,1299.5,1289.25,1295.25,1834657,2293093
06/24/2009,16:00,1295.5,1311.5,1293.25,1303.0,1749833,2315683
06/25/2009,16:00,1303.0,1322.75,1296.0,1321.5,2278262,2353370
06/26/2009,16:00,1322.0,1324.0,1313.5,1319.0,1410004,2324969
06/29/2009,16:00,1318.0,1329.0,1312.25,1326.25,1346711,2303627
06/30/2009,16:00,1326.5,1331.25,1313.25,1320.5,2062874,2316515
07/01/2009,16:00,1320.5,1333.25,1318.5,1324.25,1534550,2294645
07/02/2009,16:00,1324.25,1324.75,1297.75,1298.25,1850449,2370329
07/06/2009,16:00,1297.0,1301.25,1287.0,1300.5,1736323,2364076
07/07/2009,16:00,1300.75,1303.25,1280.25,1284.25,1930545,2395011
07/08/2009,16:00,1284.5,1288.5,1270.25,1278.75,2498962,2397981
07/09/2009,16:00,1279.0,1289.5,1278.75,1284.0,1779181,2374328
07/10/2009,16:00,1283.75,1285.25,1273.75,1279.25,1825714,2410129
07/13/2009,16:00,1279.75,1302.75,1270.5,1300.5,2053821,2389760
07/14/2009,16:00,1300.5,1309.0,1297.5,1306.5,2009856,2381811
07/15/2009,16:00,1311.75,1335.75,1311.5,1332.25,2188329,2383588
07/16/2009,16:00,1330.75,1345.75,1326.0,1340.75,2191367,2393874
07/17/2009,16:00,1340.25,1343.75,1333.0,1342.0,1525903,2379395
07/20/2009,16:00,1342.0,1354.25,1338.75,1354.0,1574716,2386040
07/21/2009,16:00,1352.75,1361.25,1344.5,1358.5,1892528,2394233
07/22/2009,16:00,1356.75,1361.75,1348.5,1354.5,2049033,2392638
07/23/2009,16:00,1355.25,1381.5,1353.75,1374.0,2299971,2429291
07/24/2009,16:00,1370.0,1384.0,1367.5,1382.75,1682233,2447685
07/27/2009,16:00,1382.0,1389.0,1374.0,1385.0,1521546,2480172
07/28/2009,16:00,1383.5,1386.5,1371.0,1381.0,1932201,2473690
07/29/2009,16:00,1380.25,1381.0,1369.0,1380.0,1869237,2511758
07/30/2009,16:00,1379.0,1399.0,1378.5,1387.25,2202255,2493562
07/31/2009,16:00,1387.25,1395.5,1383.25,1389.5,2082892,2499338
08/03/2009,16:00,1387.75,1406.25,1387.0,1405.75,1754282,2511073
08/04/2009,16:00,1405.25,1410.0,1397.0,1409.75,1874293,2517204
08/05/2009,16:00,1409.5,1411.5,1396.25,1405.75,1862527,2534143
08/06/2009,16:00,1405.25,1412.75,1394.75,1400.0,1731837,2543186
08/07/2009,16:00,1399.75,1421.0,1395.0,1411.5,1979123,2557842
08/10/2009,16:00,1410.75,1412.75,1403.25,1412.5,1189129,2562559
08/11/2009,16:00,1412.0,1415.75,1395.0,1398.0,1612512,2556966
08/12/2009,16:00,1397.5,1416.25,1390.75,1407.25,2040882,2620971
08/13/2009,16:00,1407.25,1420.25,1403.0,1418.5,1828176,2611704
08/14/2009,16:00,1418.0,1420.75,1397.25,1410.75,1836479,2566203
08/17/2009,16:00,1409.25,1409.25,1380.5,1383.25,2201445,2568025
08/18/2009,16:00,1383.25,1395.0,1381.25,1394.5,1753397,2580058
08/19/2009,16:00,1394.5,1403.75,1381.75,1402.0,2127507,2620243
08/20/2009,16:00,1401.75,1412.75,1399.25,1409.75,1639885,2605685
08/21/2009,16:00,1409.5,1432.0,1401.5,1430.25,1932725,2588633
08/24/2009,16:00,1430.0,1440.0,1426.25,1429.5,1725611,2610680
08/25/2009,16:00,1429.25,1443.0,1423.25,1431.0,2067951,2595556
08/26/2009,16:00,1430.75,1437.0,1425.25,1431.75,1886346,2601835
08/27/2009,16:00,1431.25,1437.75,1419.75,1434.25,2068535,2612388
08/28/2009,16:00,1434.25,1443.75,1427.0,1432.5,1570206,2594398
08/31/2009,16:00,1431.5,1436.0,1418.25,1424.75,1647166,2564015
09/01/2009,16:00,1424.75,1432.75,1400.25,1401.5,3206696,2552223
09/02/2009,16:00,1401.25,1406.0,1396.0,1399.25,1920576,2527275
09/03/2009,16:00,1399.0,1409.25,1396.25,1406.75,1398009,2490094
09/04/2009,16:00,1406.5,1421.25,1405.0,1419.0,1625973,2489435
09/08/2009,16:00,1426.25,1432.0,1417.25,1430.0,1527757,2414265
09/09/2009,16:00,1429.5,1441.25,1423.75,1437.5,2091726,2215736
09/10/2009,16:00,1437.5,1449.0,1432.5,1447.0,1510627,1076887
09/11/2009,16:00,1446.5,1453.25,1443.0,1446.75,1760936,1433498
09/14/2009,16:00,1445.5,1454.75,1435.0,1453.0,1946759,1754819
09/15/2009,16:00,1452.75,1461.5,1447.75,1455.5,2605342,2093060
09/16/2009,16:00,1455.25,1473.5,1454.0,1473.0,2485619,2218338
09/17/2009,16:00,1472.75,1481.0,1465.75,1472.25,2477295,2287204
09/18/2009,16:00,1472.5,1477.25,1465.5,1470.5,1872677,2285348
09/21/2009,16:00,1468.75,1472.25,1461.0,1470.0,1698615,2309550
09/22/2009,16:00,1469.5,1478.75,1469.0,1476.75,1414027,2281989
09/23/2009,16:00,1476.75,1485.25,1464.75,1468.5,2129823,2292316
09/24/2009,16:00,1468.0,1473.5,1450.5,1453.75,2315316,2339397
09/25/2009,16:00,1453.5,1459.0,1445.75,1450.5,1885166,2312742
09/28/2009,16:00,1451.75,1470.5,1445.25,1468.5,1516970,2345906
09/29/2009,16:00,1468.75,1475.25,1462.75,1464.25,1645534,2337279
09/30/2009,16:00,1464.25,1472.75,1451.0,1462.5,2852909,2322630
10/01/2009,16:00,1463.0,1465.5,1434.0,1437.0,2761051,2333339
10/02/2009,16:00,1436.5,1437.25,1421.5,1431.25,2564606,2377429
10/05/2009,16:00,1431.25,1448.0,1429.0,1446.0,1675762,2338305
10/06/2009,16:00,1446.25,1466.25,1445.0,1458.0,2160838,2323862
10/07/2009,16:00,1457.75,1464.25,1454.75,1463.0,1692060,2322719
10/08/2009,16:00,1463.0,1476.75,1462.75,1473.25,1874290,2325368
10/09/2009,16:00,1472.75,1478.0,1468.0,1477.5,1327011,2318284
10/12/2009,16:00,1477.25,1486.25,1476.5,1481.0,1060806,2319235
10/13/2009,16:00,1480.5,1483.75,1472.5,1478.25,1519381,2316144
10/14/2009,16:00,1482.25,1499.25,1482.25,1497.25,1968023,2349352
10/15/2009,16:00,1497.0,1502.75,1490.0,1499.25,1839117,2356006
10/16/2009,16:00,1499.75,1505.0,1487.0,1491.5,2017636,2362701
10/19/2009,16:00,1491.5,1506.25,1485.75,1500.5,1559384,2367497
10/20/2009,16:00,1499.25,1508.5,1491.5,1499.0,1991670,2372653
10/21/2009,16:00,1498.5,1508.0,1482.0,1487.5,2418114,2412330
10/22/2009,16:00,1486.0,1501.75,1479.75,1500.25,2184400,2427259
10/23/2009,16:00,1500.0,1504.75,1481.0,1486.5,2348150,2428355
10/26/2009,16:00,1486.5,1498.0,1470.75,1476.0,2339507,2447660
10/27/2009,16:00,1475.75,1479.25,1466.5,1470.0,2460527,2440271
10/28/2009,16:00,1470.5,1472.5,1447.5,1448.0,2843071,2515492
10/29/2009,16:00,1448.25,1473.5,1446.75,1471.0,2298367,2485726
10/30/2009,16:00,1470.75,1472.25,1439.0,1442.5,3376612,2477634
11/02/2009,16:00,1440.75,1459.0,1435.5,1448.5,2783823,2458795
11/03/2009,16:00,1448.75,1453.5,1436.0,1451.25,2315679,2483205
11/04/2009,16:00,1451.25,1468.0,1450.25,1456.5,2360779,2510493
11/05/2009,16:00,1456.25,1473.5,1448.5,1472.75,1949016,2512147
11/06/2009,16:00,1472.75,1479.0,1463.0,1475.75,2082058,2525359
11/09/2009,16:00,1475.25,1501.5,1474.5,1501.25,1833896,2503851
11/10/2009,16:00,1501.0,1504.0,1494.5,1501.5,1810118,2501068
11/11/2009,16:00,1501.25,1512.75,1500.75,1505.75,1800698,2503906
11/12/2009,16:00,1505.5,1510.5,1492.0,1496.75,2020189,2521044
11/13/2009,16:00,1497.0,1505.5,1492.25,1501.0,1478254,2546421
11/16/2009,16:00,1501.5,1521.75,1500.5,1515.75,1992105,2556245
11/17/2009,16:00,1515.75,1518.5,1509.5,1517.0,1517083,2546124
11/18/2009,16:00,1517.0,1520.25,1510.25,1518.0,1480000,2537795
11/19/2009,16:00,1518.0,1519.0,1496.0,1503.75,2047058,2551165
11/20/2009,16:00,1503.5,1504.5,1493.0,1499.5,1451811,2564267
11/23/2009,16:00,1499.25,1521.0,1498.5,1513.25,1545064,2567414
11/24/2009,16:00,1513.0,1516.5,1504.5,1512.5,1584089,2568594
11/25/2009,16:00,1512.75,1520.75,1511.75,1518.5,1078340,2574456
11/27/2009,16:00,1518.25,1520.75,1476.5,1499.0,1704981,2599910
11/30/2009,16:00,1501.0,1507.5,1494.0,1504.25,2016591,2577784
12/01/2009,16:00,1504.25,1521.25,1501.75,1518.0,1835688,2580449
12/02/2009,16:00,1517.75,1525.0,1513.75,1517.5,1669060,2589015
12/03/2009,16:00,1517.25,1526.5,1507.0,1507.5,2054949,2572315
12/04/2009,16:00,1507.25,1528.5,1504.75,1517.5,2928961,2608336
12/07/2009,16:00,1517.5,1520.25,1508.25,1513.25,1572214,2568259
12/08/2009,16:00,1514.25,1517.0,1497.25,1499.5,2251962,2494080
12/09/2009,16:00,1499.5,1507.0,1494.5,1505.0,2239481,2351765
12/10/2009,16:00,1504.25,1515.5,1501.75,1511.25,1104971,908695
12/11/2009,16:00,1511.75,1519.5,1510.25,1517.25,1710243,1315764
12/14/2009,16:00,1516.5,1527.0,1513.75,1522.5,1720435,1779529
12/15/2009,16:00,1522.25,1525.0,1514.25,1518.0,1804825,2112600
12/16/2009,16:00,1517.75,1526.0,1517.0,1519.75,1666850,2277192
12/17/2009,16:00,1519.25,1520.5,1504.75,1508.25,2014202,2333026
12/18/2009,16:00,1508.25,1516.75,1502.5,1511.7,1732758,2332548
12/21/2009,16:00,1511.75,1527.25,1510.5,1522.25,1163792,2359131
12/22/2009,16:00,1521.75,1529.75,1521.25,1527.5,930910,2374664
12/23/2009,16:00,1527.75,1534.0,1525.25,1529.5,727761,2376350
12/24/2009,16:00,1529.25,1536.5,1528.75,1536.0,248984,2394340
12/28/2009,16:00,1536.0,1540.25,1531.5,1537.0,474293,2392937
12/29/2009,16:00,1536.75,1542.5,1534.5,1535.75,579344,2397986
12/30/2009,16:00,1535.25,1536.5,1527.0,1536.0,596890,2393240
12/31/2009,16:00,1535.75,1539.25,1523.75,1524.75,638861,2392916
01/04/2010,16:00,1527.75,1543.75,1527.25,1542.75,1291254,2440458
01/05/2010,16:00,1542.5,1547.0,1539.0,1546.25,1378593,2402850
01/06/2010,16:00,1546.0,1549.5,1541.25,1547.0,1259921,2396493
01/07/2010,16:00,1547.0,1552.75,1541.0,1551.5,1567025,2406352
01/08/2010,16:00,1551.25,1555.75,1545.0,1555.5,1527666,2420194
01/11/2010,16:00,1555.5,1562.0,1551.75,1556.5,1456443,2427453
01/12/2010,16:00,1555.25,1557.0,1541.75,1548.0,2117166,2439036
01/13/2010,16:00,1548.25,1559.25,1543.25,1555.5,2131642,2475322
01/14/2010,16:00,1555.5,1561.0,1552.25,1559.25,1355731,2473392
01/15/2010,16:00,1560.75,1561.25,1541.5,1546.25,2059496,2454453
01/19/2010,16:00,1545.75,1561.0,1540.25,1559.75,1927993,2472206
01/20/2010,16:00,1559.0,1560.5,1539.25,1548.0,2391710,2482172
01/21/2010,16:00,1548.5,1553.25,1524.25,1525.0,3438955,2536905
01/22/2010,16:00,1523.75,1529.75,1500.25,1505.0,3544446,2615680
01/25/2010,16:00,1508.0,1517.0,1503.75,1506.5,2080292,2589797
01/26/2010,16:00,1508.0,1514.0,1495.0,1501.25,2449263,2620022
01/27/2010,16:00,1501.5,1510.25,1492.5,1508.5,2634603,2625603
01/28/2010,16:00,1508.5,1517.5,1488.25,1493.25,3052088,2613642
01/29/2010,16:00,1495.0,1507.25,1480.5,1484.5,3068079,2638822
02/01/2010,16:00,1484.5,1500.5,1482.0,1500.25,1896011,2619197
02/02/2010,16:00,1500.0,1515.5,1496.0,1511.25,2104398,2693741
02/03/2010,16:00,1511.0,1514.25,1504.5,1510.5,1883815,2684501
02/04/2010,16:00,1510.25,1512.25,1473.25,1475.75,3302110,2733407
02/05/2010,16:00,1475.75,1479.0,1454.75,1473.75,3983950,2752149
02/08/2010,16:00,1473.75,1482.5,1467.0,1470.0,2061320,2795324
02/09/2010,16:00,1469.5,1491.0,1468.0,1480.25,3014475,2810384
02/10/2010,16:00,1480.5,1486.5,1470.25,1477.25,2204772,2813255
02/11/2010,16:00,1477.5,1492.0,1471.5,1490.5,2262497,2826210
02/12/2010,16:00,1490.25,1493.75,1474.0,1493.0,2747993,2837310
02/16/2010,16:00,1490.5,1508.0,1487.5,1507.25,1761523,2795293
02/17/2010,16:00,1507.25,1514.0,1506.5,1513.5,1669958,2803301
02/18/2010,16:00,1513.75,1520.75,1507.0,1519.5,1832739,2804518
02/19/2010,16:00,1519.5,1525.0,1506.5,1520.25,2096659,2749477
02/22/2010,16:00,1520.25,1526.75,1517.5,1521.5,1317880,2759021
02/23/2010,16:00,1521.0,1526.75,1504.25,1511.25,2224420,2796410
02/24/2010,16:00,1510.75,1519.5,1506.5,1517.5,1882885,2805411
02/25/2010,16:00,1517.0,1517.5,1498.5,1516.25,2697610,2830299
02/26/2010,16:00,1516.0,1521.75,1510.25,1517.5,1944020,2819976
03/01/2010,16:00,1519.5,1529.5,1518.25,1528.5,1615001,2816032
03/02/2010,16:00,1528.25,1536.75,1526.75,1531.5,1502795,2775511
03/03/2010,16:00,1531.5,1539.0,1529.0,1532.5,1583814,2800091
03/04/2010,16:00,1532.25,1537.5,1528.0,1536.25,1490362,2751134
03/05/2010,16:00,1536.0,1552.75,1535.5,1550.5,1869074,2784520
03/08/2010,16:00,1550.5,1554.5,1549.0,1551.0,1179723,2767605
03/09/2010,16:00,1551.25,1559.25,1545.5,1554.5,1759468,2732028
03/10/2010,16:00,1554.0,1562.0,1551.75,1559.75,2112662,2587207
03/11/2010,16:00,1559.25,1565.0,1552.75,1564.75,1467691,1109345
03/12/2010,16:00,1564.75,1570.75,1560.75,1565.25,1866265,1481062
03/15/2010,16:00,1564.75,1565.25,1555.25,1564.5,1693881,1788753
03/16/2010,16:00,1564.5,1574.5,1563.25,1573.5,2010549,2086456
03/17/2010,16:00,1573.5,1584.25,1572.75,1579.75,2038542,2229054
03/18/2010,16:00,1579.5,1582.75,1575.0,1580.0,1819642,2326816
03/19/2010,16:00,1580.0,1583.75,1569.0,1575.0,2165925,2364398
03/22/2010,16:00,1572.0,1582.0,1565.5,1580.75,1915804,2366678
03/23/2010,16:00,1580.5,1589.25,1577.75,1588.25,1856410,2343536
03/24/2010,16:00,1588.0,1588.75,1579.75,1583.25,1992386,2364585
03/25/2010,16:00,1583.0,1595.25,1579.0,1581.5,2355473,2390362
03/26/2010,16:00,1581.0,1588.5,1575.25,1582.25,2161399,2406679
03/29/2010,16:00,1583.5,1589.75,1582.75,1587.5,1454311,2422677
03/30/2010,16:00,1587.25,1592.5,1583.0,1588.25,1642976,2411847
03/31/2010,16:00,1587.75,1589.25,1580.0,1584.0,2109287,2379962
04/01/2010,16:00,1585.75,1596.25,1584.5,1592.5,1942722,2403558
04/05/2010,16:00,1597.5,1602.5,1593.25,1601.75,1025888,2397813
04/06/2010,16:00,1601.75,1606.75,1596.0,1604.5,1395387,2398237
04/07/2010,16:00,1604.5,1605.0,1592.0,1597.75,2171684,2364972
04/08/2010,16:00,1597.25,1603.75,1589.75,1602.5,1910628,2389116
04/09/2010,16:00,1602.25,1611.75,1601.75,1611.25,1450628,2383750
04/12/2010,16:00,1613.5,1617.25,1609.5,1611.25,1253624,2379785
04/13/2010,16:00,1611.0,1614.5,1603.75,1611.75,1553891,2412904
04/14/2010,16:00,1614.25,1626.0,1613.25,1625.25,1727998,2440787
04/15/2010,16:00,1625.25,1629.25,1619.75,1627.25,1732427,2448263
04/16/2010,16:00,1626.75,1627.25,1601.5,1609.0,3584806,2465049
04/19/2010,16:00,1604.75,1615.25,1598.5,1614.25,2480009,2463376
04/20/2010,16:00,1614.5,1624.5,1612.75,1624.25,1534819,2474254
04/21/2010,16:00,1623.75,1628.25,1613.75,1619.25,2168277,2483833
04/22/2010,16:00,1617.25,1625.75,1605.0,1620.5,2668931,2523968
04/23/2010,16:00,1620.0,1632.5,1616.25,1631.0,1856101,2505018
04/26/2010,16:00,1631.0,1635.5,1626.25,1627.0,1624454,2504414
04/27/2010,16:00,1626.5,1628.75,1596.25,1599.75,3590721,2551935
04/28/2010,16:00,1600.25,1610.75,1595.5,1608.75,2857714,2534454
04/29/2010,16:00,1608.75,1625.0,1606.75,1624.0,1980761,2512231
04/30/2010,16:00,1624.25,1626.75,1601.5,1602.25,2897399,2506087
05/03/2010,16:00,1603.25,1620.75,1602.5,1617.25,1797282,2546897
05/04/2010,16:00,1617.0,1618.5,1583.0,1591.25,3553338,2537709
05/05/2010,16:00,1590.75,1593.75,1573.5,1582.75,3057926,2591435
05/06/2010,16:00,1582.5,1587.5,1474.75,1541.25,5675645,2688328
05/07/2010,16:00,1542.5,1554.25,1509.5,1525.75,5013862,2647315
05/10/2010,16:00,1544.0,1580.75,1540.25,1575.25,3640288,2646663
05/11/2010,16:00,1574.75,1587.75,1559.25,1571.0,2663633,2686701
05/12/2010,16:00,1570.5,1590.0,1559.75,1588.5,2109839,2595338
05/13/2010,16:00,1587.75,1593.5,1572.5,1575.5,1963587,2576551
05/14/2010,16:00,1574.25,1578.25,1542.5,1554.0,2979512,2589750
05/17/2010,16:00,1552.5,1559.0,1531.5,1553.25,3052733,2570497
05/18/2010,16:00,1554.25,1566.25,1534.0,1537.5,3092769,2584389
05/19/2010,16:00,1536.75,1541.5,1517.5,1528.75,3585852,2607620
05/20/2010,16:00,1528.75,1535.25,1486.0,1488.75,4378875,2728055
05/21/2010,16:00,1488.0,1507.5,1470.0,1503.25,4024607,2604744
05/24/2010,16:00,1504.25,1507.5,1488.75,1489.75,2231741,2651323
05/25/2010,16:00,1488.0,1493.5,1455.5,1491.75,3433912,2656785
05/26/2010,16:00,1491.25,1508.25,1479.25,1480.0,2929237,2692123
05/27/2010,16:00,1478.75,1521.75,1474.25,1519.75,2613372,2645964
05/28/2010,16:00,1519.0,1525.5,1502.0,1507.25,2368730,2642268
06/01/2010,16:00,1507.25,1514.75,1487.25,1488.25,2593945,2713752
06/02/2010,16:00,1488.0,1517.0,1486.0,1515.5,2214865,2694730
06/03/2010,16:00,1515.75,1524.0,1509.5,1522.25,2033254,2657930
06/04/2010,16:00,1522.75,1526.5,1478.0,1484.75,3211493,2750025
06/07/2010,16:00,1484.75,1489.5,1465.75,1466.75,2390986,2771249
06/08/2010,16:00,1467.0,1482.0,1460.0,1478.0,3401030,2736063
06/09/2010,16:00,1477.75,1496.5,1470.0,1474.25,2970468,2561641
06/10/2010,16:00,1473.75,1506.5,1470.75,1502.5,1928796,1116027
06/11/2010,16:00,1505.75,1511.25,1493.25,1508.0,2234724,1435415
06/14/2010,16:00,1510.5,1524.75,1507.25,1509.25,2411842,1874813
06/15/2010,16:00,1508.75,1534.5,1507.25,1532.25,2694530,2199082
06/16/2010,16:00,1532.25,1537.75,1523.0,1532.5,2522048,2425040
06/17/2010,16:00,1533.0,1540.5,1523.75,1534.75,2715158,2508842
06/18/2010,16:00,1534.5,1539.75,1531.25,1533.25,1631682,2533026
06/21/2010,16:00,1539.0,1552.5,1526.25,1533.5,2162081,2571881
06/22/2010,16:00,1533.5,1540.0,1512.5,1513.5,2286571,2601822
06/23/2010,16:00,1513.75,1520.75,1503.25,1510.5,2235636,2592658
06/24/2010,16:00,1509.5,1514.0,1489.5,1493.5,2551855,2657033
06/25/2010,16:00,1493.25,1502.5,1485.75,1497.75,2454671,2687382
06/28/2010,16:00,1497.25,1502.75,1489.5,1494.0,1686899,2679807
06/29/2010,16:00,1493.5,1497.75,1453.25,1458.25,3109449,2742306
06/30/2010,16:00,1458.25,1467.5,1446.0,1449.5,2622061,2762700
07/01/2010,16:00,1449.5,1452.75,1429.0,1444.75,3354900,2828763
07/02/2010,16:00,1445.25,1455.5,1433.75,1437.25,2135335,2825204
07/06/2010,16:00,1434.75,1461.5,1425.75,1447.25,2431642,2863819
07/07/2010,16:00,1447.0,1482.75,1439.25,1482.25,2556140,2834603
07/08/2010,16:00,1481.75,1491.5,1477.0,1490.0,2112208,2775844
07/09/2010,16:00,1489.75,1498.0,1486.25,1495.5,1421814,2747468
07/12/2010,16:00,1495.5,1500.25,1488.5,1499.5,1382638,2782993
07/13/2010,16:00,1499.0,1519.0,1496.0,1512.75,2001017,2800205
07/14/2010,16:00,1518.0,1522.0,1506.5,1514.0,1940692,2770538
07/15/2010,16:00,1514.25,1522.25,1499.25,1513.5,2416608,2773274
07/16/2010,16:00,1513.5,1517.75,1482.0,1486.0,2503643,2756881
07/19/2010,16:00,1484.75,1494.0,1480.0,1486.75,1760879,2785149
07/20/2010,16:00,1486.25,1503.75,1473.75,1503.0,2275816,2796302
07/21/2010,16:00,1502.5,1510.75,1484.0,1487.0,2440958,2791287
07/22/2010,16:00,1486.25,1517.5,1484.25,1510.75,2178892,2775061
07/23/2010,16:00,1510.25,1524.5,1507.0,1523.5,2091081,2770900
07/26/2010,16:00,1523.5,1534.75,1520.0,1532.5,1543914,2745169
07/27/2010,16:00,1532.25,1541.75,1529.0,1534.0,1822245,2758792
07/28/2010,16:00,1533.5,1538.75,1522.25,1525.0,1641500,2746022
07/29/2010,16:00,1525.5,1536.0,1511.75,1520.0,2250104,2761379
07/30/2010,16:00,1519.25,1526.5,1506.5,1521.25,2133582,2709258
08/02/2010,16:00,1527.5,1547.25,1524.75,1544.75,1610959,2730487
08/03/2010,16:00,1544.75,1545.75,1536.25,1541.25,1493524,2716644
08/04/2010,16:00,1541.0,1549.0,1535.25,1547.5,1591800,2699304
08/05/2010,16:00,1547.75,1550.75,1538.5,1546.5,1340145,2710663
08/06/2010,16:00,1546.5,1550.0,1526.75,1542.5,2177376,2713680
08/09/2010,16:00,1542.5,1549.75,1539.5,1548.5,998906,2717711
08/10/2010,16:00,1548.25,1548.75,1531.25,1542.75,2029717,2716708
08/11/2010,16:00,1542.25,1542.75,1507.5,1508.0,2638258,2747067
08/12/2010,16:00,1508.0,1510.5,1493.5,1502.25,2180112,2746057
08/13/2010,16:00,1502.5,1512.0,1495.5,1499.0,1479393,2726008
08/16/2010,16:00,1500.5,1504.5,1489.25,1500.0,1612131,2765067
08/17/2010,16:00,1500.25,1521.5,1497.5,1512.0,1779783,2787274
08/18/2010,16:00,1512.0,1521.5,1506.75,1509.75,1814778,2752050
08/19/2010,16:00,1510.0,1518.0,1491.5,1494.25,2433838,2815775
08/20/2010,16:00,1493.75,1499.0,1484.75,1493.25,1806978,2792043
08/23/2010,16:00,1493.25,1503.25,1487.25,1488.5,1567358,2822978
08/24/2010,16:00,1488.5,1488.75,1467.0,1472.75,2466756,2879240
08/25/2010,16:00,1473.0,1480.75,1460.0,1477.5,2478780,2880019
08/26/2010,16:00,1478.25,1484.75,1466.0,1467.75,1994211,2917867
08/27/2010,16:00,1466.75,1487.5,1460.25,1486.75,2541324,2919615
08/30/2010,16:00,1486.75,1495.75,1467.5,1468.0,1506592,2930569
08/31/2010,16:00,1468.0,1477.25,1460.5,1471.25,2516451,2964455
09/01/2010,16:00,1474.75,1505.5,1473.75,1504.75,2355074,2901867
09/02/2010,16:00,1504.5,1513.5,1499.5,1512.5,1601762,2875870
09/03/2010,16:00,1512.75,1527.5,1509.25,1526.5,2017072,2850566
09/07/2010,16:00,1527.0,1530.25,1512.75,1514.25,1751617,2803647
09/08/2010,16:00,1514.5,1526.0,1509.25,1522.25,2001331,2602936
09/09/2010,16:00,1522.0,1534.75,1519.75,1525.25,1133889,904547
09/10/2010,16:00,1525.5,1533.5,1523.25,1532.75,1530259,1367848
09/13/2010,16:00,1537.75,1546.75,1535.75,1544.0,1998170,1793046
09/14/2010,16:00,1543.5,1550.25,1538.0,1543.5,2304737,2127504
09/15/2010,16:00,1543.25,1549.25,1536.75,1548.5,2083703,2372341
09/16/2010,16:00,1548.75,1551.75,1540.5,1550.25,1866295,2453572
09/17/2010,16:00,1550.5,1560.5,1544.75,1547.5,1933484,2436902
09/20/2010,16:00,1546.25,1568.0,1544.75,1564.25,1789965,2432315
09/21/2010,16:00,1564.25,1571.75,1558.0,1562.5,2098867,2416981
09/22/2010,16:00,1562.75,1568.0,1554.25,1557.5,1957234,2514158
09/23/2010,16:00,1557.75,1562.25,1545.0,1548.25,2190002,2515427
09/24/2010,16:00,1548.25,1572.25,1546.25,1571.0,1846093,2561544
09/27/2010,16:00,1571.75,1577.5,1564.75,1565.5,1343049,2557181
09/28/2010,16:00,1565.75,1573.75,1555.0,1569.5,2305031,2566485
09/29/2010,16:00,1569.5,1574.5,1563.25,1568.75,1860633,2582239
09/30/2010,16:00,1568.75,1581.25,1559.0,1564.5,2825790,2536476
10/01/2010,16:00,1564.5,1574.25,1562.25,1570.0,2065971,2546627
10/04/2010,16:00,1570.0,1571.75,1554.75,1562.5,1849807,2569442
10/05/2010,16:00,1562.5,1586.5,1560.5,1582.5,2203058,2638930
10/06/2010,16:00,1582.75,1587.75,1578.75,1583.5,1720880,2623535
10/07/2010,16:00,1583.5,1591.5,1575.0,1584.25,1988730,2625005
10/08/2010,16:00,1584.25,1591.75,1573.25,1588.25,1969643,2627827
10/11/2010,16:00,1589.25,1592.75,1585.5,1590.0,1005696,2640554
10/12/2010,16:00,1590.25,1596.75,1579.5,1592.25,1941433,2646446
10/13/2010,16:00,1593.0,1608.75,1592.0,1602.0,2163266,2723060
10/14/2010,16:00,1602.5,1608.5,1590.25,1601.25,2400204,2711338
10/15/2010,16:00,1601.75,1607.75,1590.75,1602.75,2644031,2675728
10/18/2010,16:00,1602.0,1610.0,1592.5,1606.0,1465558,2688392
10/19/2010,16:00,1606.5,1607.25,1583.25,1591.5,3065772,2681018
10/20/2010,16:00,1591.75,1607.75,1588.25,1602.5,2289137,2707547
10/21/2010,16:00,1602.5,1614.0,1595.0,1603.5,2408540,2689222
10/22/2010,16:00,1603.0,1609.25,1601.0,1608.45,1204824,2671093
10/25/2010,16:00,1608.5,1620.75,1608.25,1610.5,1752840,2679509
10/26/2010,16:00,1609.75,1612.0,1601.75,1610.5,1743843,2686156
10/27/2010,16:00,1611.0,1614.0,1595.5,1606.5,2246880,2690222
10/28/2010,16:00,1606.25,1615.25,1601.25,1607.0,2014979,2668557
10/29/2010,16:00,1607.0,1610.25,1599.75,1607.5,1751544,2671762
11/01/2010,16:00,1607.5,1620.5,1601.5,1610.75,2032082,2670465
11/02/2010,16:00,1610.5,1621.25,1608.5,1620.5,1573659,2694988
11/03/2010,16:00,1620.5,1625.75,1607.25,1625.0,2361808,2683550
11/04/2010,16:00,1625.25,1646.5,1623.0,1646.25,2301698,2748912
11/05/2010,16:00,1646.0,1652.25,1640.25,1649.75,2301698,2735053
11/08/2010,16:00,1648.25,1650.0,1642.5,1647.75,1542756,2809190
11/09/2010,16:00,1647.0,1652.5,1634.0,1638.75,2324133,2778956
11/10/2010,16:00,1638.25,1644.75,1629.5,1641.75,2483583,2797314
11/11/2010,16:00,1641.25,1641.5,1629.75,1638.75,1775665,2806244
11/12/2010,16:00,1638.25,1639.5,1619.25,1623.25,2766115,2812753
11/15/2010,16:00,1623.25,1633.5,1620.25,1623.5,2071297,2827290
11/16/2010,16:00,1623.0,1623.0,1598.75,1602.5,3168883,2831177
11/17/2010,16:00,1603.5,1609.75,1601.0,1605.25,2021219,2779026
11/18/2010,16:00,1605.5,1626.75,1604.75,1625.5,2067180,2808354
11/19/2010,16:00,1625.25,1627.75,1615.25,1626.0,1733603,2794626
11/22/2010,16:00,1630.5,1633.75,1610.25,1625.75,2212329,2773910
11/23/2010,16:00,1624.75,1625.5,1602.5,1606.0,2456997,2778957
11/24/2010,16:00,1605.75,1625.25,1603.25,1624.25,1821455,2782893
11/26/2010,16:00,1626.75,1628.25,1610.25,1611.0,963332,2773708
11/29/2010,16:00,1611.0,1621.5,1600.0,1614.25,2491942,2771661
11/30/2010,16:00,1614.25,1616.0,1600.75,1607.25,3089404,2792037
12/01/2010,16:00,1607.25,1635.5,1604.0,1632.25,2346276,2827756
12/02/2010,16:00,1631.75,1651.0,1629.75,1650.5,2037342,2845193
12/03/2010,16:00,1650.5,1655.0,1640.75,1651.25,1890658,2855263
12/06/2010,16:00,1651.25,1654.5,1644.0,1649.75,1326050,2803507
12/07/2010,16:00,1650.5,1662.75,1646.75,1651.0,2449523,2743781
12/08/2010,16:00,1650.5,1657.0,1645.0,1656.5,2142544,2518842
12/09/2010,16:00,1656.0,1665.75,1654.0,1660.75,1073405,871881
12/10/2010,16:00,1660.5,1669.0,1659.5,1668.75,1450096,1279636
12/13/2010,16:00,1668.0,1674.75,1664.75,1669.0,1824807,1594522
12/14/2010,16:00,1668.75,1675.0,1665.5,1669.5,2008662,1991813
12/15/2010,16:00,1669.5,1672.25,1661.5,1664.75,2114241,2245053
12/16/2010,16:00,1664.75,1672.5,1660.25,1671.25,1738245,2397297
12/17/2010,16:00,1671.25,1673.75,1667.25,1671.25,1340620,2392696
12/20/2010,16:00,1672.75,1678.5,1666.75,1674.0,1145804,2422001
12/21/2010,16:00,1673.75,1684.0,1673.5,1683.5,943293,2433418
12/22/2010,16:00,1682.75,1687.75,1681.75,1687.25,664450,2433411
12/23/2010,16:00,1687.25,1688.5,1682.0,1685.75,594048,2437477
12/27/2010,16:00,1682.25,1687.0,1678.25,1686.0,587701,2458879
12/28/2010,16:00,1686.25,1689.25,1684.25,1686.75,553798,2477060
12/29/2010,16:00,1686.75,1691.25,1686.0,1688.5,588441,2475165
12/30/2010,16:00,1688.5,1690.25,1684.25,1687.25,713588,2469321
12/31/2010,16:00,1687.0,1690.5,1682.25,1685.75,667046,2478376
01/03/2011,16:00,1685.75,1705.25,1685.75,1698.0,1591034,2500721
01/04/2011,16:00,1697.5,1702.75,1691.0,1698.0,1778621,2495528
01/05/2011,16:00,1698.25,1706.5,1688.5,1704.5,1797267,2510775
01/06/2011,16:00,1704.5,1709.75,1699.0,1703.0,1614397,2495267
01/07/2011,16:00,1702.5,1706.75,1690.5,1700.25,2175596,2505895
01/10/2011,16:00,1699.0,1700.75,1690.75,1698.25,1876415,2507962
01/11/2011,16:00,1698.25,1706.5,1696.75,1703.25,1662412,2527804
01/12/2011,16:00,1702.75,1717.0,1702.0,1716.25,1604117,2557791
01/13/2011,16:00,1716.0,1717.25,1709.0,1714.0,1671242,2531081
01/14/2011,16:00,1714.0,1722.75,1707.0,1722.25,1631162,2527355
01/18/2011,16:00,1718.25,1727.75,1715.5,1727.5,1673094,2563543
01/19/2011,16:00,1727.25,1729.0,1707.75,1711.25,2322868,2586802
01/20/2011,16:00,1712.0,1714.25,1700.25,1709.0,2534106,2614326
01/21/2011,16:00,1708.75,1720.75,1706.0,1712.5,2012431,2594871
01/24/2011,16:00,1712.25,1722.5,1710.5,1721.25,1635794,2634978
01/25/2011,16:00,1721.25,1724.5,1709.75,1720.25,2360267,2635938
01/26/2011,16:00,1720.0,1729.5,1718.75,1726.25,1609255,2646887
01/27/2011,16:00,1726.5,1731.0,1722.0,1728.5,1554851,2634255
01/28/2011,16:00,1728.0,1732.25,1703.25,1704.25,3238629,2694729
01/31/2011,16:00,1704.25,1716.5,1695.0,1715.25,2314420,2666224
02/01/2011,16:00,1715.25,1738.75,1714.0,1735.5,2089240,2690241
02/02/2011,16:00,1735.0,1738.25,1730.75,1732.75,1396167,2714368
02/03/2011,16:00,1733.0,1738.5,1724.25,1736.0,1828391,2692805
02/04/2011,16:00,1736.0,1741.25,1730.75,1740.0,1585618,2706640
02/07/2011,16:00,1740.0,1752.75,1738.75,1748.5,1501112,2730158
02/08/2011,16:00,1747.75,1755.0,1745.75,1754.5,1453914,2754984
02/09/2011,16:00,1754.25,1754.75,1744.5,1752.0,1825859,2780883
02/10/2011,16:00,1751.25,1753.25,1741.25,1751.5,2055532,2799077
02/11/2011,16:00,1751.0,1761.5,1742.75,1760.0,1881031,2799214
02/14/2011,16:00,1760.0,1764.0,1757.25,1760.5,1171814,2809512
02/15/2011,16:00,1760.75,1762.0,1755.0,1759.0,1457415,2814250
02/16/2011,16:00,1759.0,1768.75,1758.5,1765.75,1801087,2845287
02/17/2011,16:00,1765.75,1772.75,1761.25,1770.5,1677669,2849648
02/18/2011,16:00,1770.5,1775.75,1767.75,1775.25,1516091,2854700
02/22/2011,16:00,1775.0,1775.25,1743.0,1747.25,3257861,2898256
02/23/2011,16:00,1746.75,1753.25,1730.25,1738.25,3075485,2910101
02/24/2011,16:00,1738.5,1743.5,1725.25,1735.5,2903883,2875305
02/25/2011,16:00,1735.25,1752.75,1734.25,1751.5,1827557,2871412
02/28/2011,16:00,1751.0,1761.75,1745.75,1758.75,1941581,2852603
03/01/2011,16:00,1758.75,1769.25,1733.5,1733.75,3054741,2898347
03/02/2011,16:00,1734.0,1746.5,1729.0,1738.5,2680941,2915339
03/03/2011,16:00,1739.0,1764.75,1737.75,1762.5,2361733,2887515
03/04/2011,16:00,1762.5,1767.25,1744.0,1753.0,2944659,2894251
03/07/2011,16:00,1753.0,1760.0,1735.5,1741.75,2702700,2897776
03/08/2011,16:00,1741.5,1758.5,1738.75,1752.75,2209200,2798341
03/09/2011,16:00,1752.5,1757.75,1744.25,1748.25,2196273,2614534
03/10/2011,16:00,1748.75,1750.25,1725.5,1727.25,1844627,945951
03/11/2011,16:00,1726.75,1741.5,1716.25,1739.0,2185696,1310121
03/14/2011,16:00,1736.25,1738.5,1718.75,1728.25,2788791,1639297
03/15/2011,16:00,1728.25,1731.0,1688.75,1713.0,3992352,2134386
03/16/2011,16:00,1712.5,1721.25,1681.0,1691.75,4540281,2518402
03/17/2011,16:00,1692.5,1712.25,1679.0,1706.5,2979478,2586929
03/18/2011,16:00,1706.25,1725.25,1699.25,1712.0,2342198,2565944
03/21/2011,16:00,1714.0,1734.0,1712.5,1730.75,1488232,2553822
03/22/2011,16:00,1730.25,1734.25,1725.25,1726.0,1441789,2568898
03/23/2011,16:00,1725.5,1733.75,1716.75,1729.75,1939892,2587522
03/24/2011,16:00,1729.75,1744.5,1727.0,1743.0,1833298,2603534
03/25/2011,16:00,1742.25,1752.25,1741.75,1747.75,1651563,2598402
03/28/2011,16:00,1747.0,1753.0,1739.75,1740.0,1290490,2631428
03/29/2011,16:00,1740.5,1755.5,1738.0,1754.25,1549071,2650848
03/30/2011,16:00,1754.0,1765.5,1752.5,1761.75,1407633,2638334
03/31/2011,16:00,1762.25,1763.5,1758.25,1758.75,1521964,2647743
04/01/2011,16:00,1758.75,1771.5,1758.25,1765.5,1660075,2635255
04/04/2011,16:00,1764.75,1770.5,1762.25,1767.0,1273974,2646233
04/05/2011,16:00,1767.5,1772.0,1760.75,1764.5,1558287,2675137
04/06/2011,16:00,1764.75,1774.25,1763.75,1766.75,1656416,2665569
04/07/2011,16:00,1766.75,1773.0,1760.0,1766.25,2180272,2671718
04/08/2011,16:00,1766.25,1773.5,1756.5,1761.5,1858868,2688459
04/11/2011,16:00,1763.5,1768.0,1754.75,1757.25,1527470,2695169
04/12/2011,16:00,1758.0,1758.25,1743.0,1746.0,2078928,2685024
04/13/2011,16:00,1746.0,1756.5,1742.75,1746.5,1919662,2667514
04/14/2011,16:00,1747.0,1751.0,1736.0,1748.0,2027796,2690414
04/15/2011,16:00,1748.25,1757.0,1743.5,1756.5,1644200,2683332
04/18/2011,16:00,1756.0,1756.5,1728.0,1738.75,2255340,2687640
04/19/2011,16:00,1738.75,1747.25,1731.75,1746.25,1528995,2693117
04/20/2011,16:00,1746.5,1768.25,1746.25,1766.0,1871971,2694507
04/21/2011,16:00,1766.25,1775.5,1765.75,1768.75,1276072,2681863
04/25/2011,16:00,1768.25,1773.0,1765.0,1768.5,599322,2693363
04/26/2011,16:00,1768.5,1784.0,1765.75,1778.75,1386038,2726416
04/27/2011,16:00,1778.75,1792.0,1778.0,1788.75,1386295,2751861
04/28/2011,16:00,1789.25,1796.25,1784.5,1792.75,1706910,2743397
04/29/2011,16:00,1792.75,1801.5,1790.5,1797.5,1272342,2742628
05/02/2011,16:00,1801.0,1811.25,1792.5,1795.5,1707040,2742024
05/03/2011,16:00,1795.5,1796.25,1783.5,1789.75,1674060,2794195
05/04/2011,16:00,1789.5,1792.75,1775.25,1780.75,2382666,2790443
05/05/2011,16:00,1781.0,1786.5,1763.0,1772.75,2915006,2758798
05/06/2011,16:00,1772.0,1789.5,1769.5,1772.25,2673077,2751590
05/09/2011,16:00,1775.0,1784.0,1772.25,1780.5,1666599,2677123
05/10/2011,16:00,1780.25,1794.25,1776.75,1791.5,1571216,2680756
05/11/2011,16:00,1791.5,1796.0,1770.75,1776.5,2190906,2664963
05/12/2011,16:00,1777.0,1786.5,1766.5,1785.25,2254909,2647161
05/13/2011,16:00,1785.0,1790.25,1768.25,1771.75,2235430,2650027
05/16/2011,16:00,1769.75,1779.0,1762.5,1763.25,2177046,2666484
05/17/2011,16:00,1763.0,1769.75,1753.75,1763.25,2292146,2688008
05/18/2011,16:00,1764.0,1778.25,1762.25,1776.25,1612220,2695103
05/19/2011,16:00,1776.0,1783.25,1772.25,1779.5,1825276,2706744
05/20/2011,16:00,1779.25,1781.75,1764.75,1765.5,2248408,2719462
05/23/2011,16:00,1763.75,1764.75,1748.5,1753.0,2054242,2752316
05/24/2011,16:00,1752.5,1760.25,1749.5,1751.25,1860601,2761199
05/25/2011,16:00,1750.75,1762.25,1740.0,1754.25,2100699,2780614
05/26/2011,16:00,1754.25,1765.25,1750.25,1764.25,2286732,2762061
05/27/2011,16:00,1764.25,1771.5,1762.25,1767.75,1393298,2775088
05/31/2011,16:00,1768.75,1783.5,1766.0,1781.75,1927228,2815719
06/01/2011,16:00,1781.75,1785.5,1749.0,1749.75,2681845,2835132
06/02/2011,16:00,1751.0,1755.5,1742.0,1750.25,2433178,2815208
06/03/2011,16:00,1750.0,1751.25,1732.25,1734.0,2677734,2930588
06/06/2011,16:00,1736.5,1736.75,1721.0,1722.75,2185300,2889057
06/07/2011,16:00,1723.0,1733.25,1720.25,1722.5,2069553,2803593
06/08/2011,16:00,1722.75,1725.5,1714.0,1714.75,2695851,2671828
06/09/2011,16:00,1716.25,1731.75,1713.0,1725.25,978448,808832
06/10/2011,16:00,1725.5,1726.75,1705.0,1707.0,2355546,1201982
06/13/2011,16:00,1708.25,1715.0,1702.75,1709.5,2517553,1584108
06/14/2011,16:00,1710.75,1730.25,1708.5,1727.75,2834353,2117784
06/15/2011,16:00,1727.0,1727.0,1699.0,1703.25,3639073,2472316
06/16/2011,16:00,1704.25,1712.25,1695.5,1706.75,3263670,2557724
06/17/2011,16:00,1707.0,1720.5,1701.75,1709.25,2335210,2572371
06/20/2011,16:00,1708.25,1718.5,1699.5,1717.0,1675608,2540173
06/21/2011,16:00,1716.5,1736.0,1715.0,1731.25,2075568,2531071
06/22/2011,16:00,1731.0,1737.0,1722.75,1723.0,1872931,2524036
06/23/2011,16:00,1723.25,1724.0,1700.25,1720.25,3316080,2548765
06/24/2011,16:00,1720.75,1729.25,1704.5,1707.25,2499136,2575596
06/27/2011,16:00,1708.25,1723.25,1700.25,1719.5,2000732,2536579
06/28/2011,16:00,1720.25,1738.25,1714.75,1737.75,1913881,2507415
06/29/2011,16:00,1736.75,1748.75,1734.75,1747.5,2489063,2484633
06/30/2011,16:00,1747.25,1760.75,1745.5,1758.75,1875270,2490419
07/01/2011,16:00,1758.75,1779.75,1755.75,1778.0,1955127,2468230
07/05/2011,16:00,1777.25,1781.0,1771.5,1780.0,1729821,2485036
07/06/2011,16:00,1779.25,1784.0,1769.75,1779.0,1819425,2486568
07/07/2011,16:00,1779.25,1796.0,1779.0,1795.0,1678156,2502471
07/08/2011,16:00,1794.75,1797.75,1772.5,1785.0,2253551,2525676
07/11/2011,16:00,1782.5,1782.75,1755.0,1761.75,2432258,2558138
07/12/2011,16:00,1761.25,1766.5,1738.5,1754.0,2888474,2589528
07/13/2011,16:00,1754.0,1771.0,1750.5,1755.5,2315093,2579101
07/14/2011,16:00,1755.5,1766.5,1745.25,1750.0,2877782,2575806
07/15/2011,16:00,1751.0,1758.75,1743.75,1758.25,2298613,2547985
07/18/2011,16:00,1757.75,1758.0,1734.5,1743.75,2168734,2565507
07/19/2011,16:00,1744.75,1767.5,1743.5,1764.5,2098625,2585860
07/20/2011,16:00,1764.5,1773.0,1762.5,1764.5,1637321,2594680
07/21/2011,16:00,1765.0,1786.75,1758.25,1785.75,2311771,2575395
07/22/2011,16:00,1784.5,1791.0,1776.0,1784.25,1478170,2559590
07/25/2011,16:00,1773.25,1783.5,1765.25,1776.75,1640963,2567417
07/26/2011,16:00,1776.75,1783.0,1768.75,1769.5,1698186,2558292
07/27/2011,16:00,1769.25,1771.75,1741.25,1742.25,2535676,2622989
07/28/2011,16:00,1742.5,1756.25,1738.5,1740.0,2338767,2633648
07/29/2011,16:00,1741.0,1744.0,1721.75,1731.75,2889931,2689055
08/01/2011,16:00,1749.25,1753.0,1713.5,1723.0,3020191,2717702
08/02/2011,16:00,1723.0,1728.25,1690.0,1690.5,3293753,2786136
08/03/2011,16:00,1691.5,1701.25,1673.5,1697.75,3815275,2837954
08/04/2011,16:00,1697.5,1707.5,1636.5,1642.0,5039775,2960288
08/05/2011,16:00,1642.5,1662.25,1606.5,1641.0,6160540,2938984
08/08/2011,16:00,1610.5,1632.25,1552.75,1554.5,6173318,3242540
08/09/2011,16:00,1556.25,1618.75,1520.25,1615.0,6285917,3337317
08/10/2011,16:00,1614.25,1622.0,1557.0,1566.75,4925051,3446782
08/11/2011,16:00,1566.25,1627.25,1546.25,1611.75,4482222,3385012
08/12/2011,16:00,1611.5,1630.0,1590.0,1620.0,2720118,3371749
08/15/2011,16:00,1623.0,1645.0,1619.5,1641.75,2002026,3367839
08/16/2011,16:00,1639.75,1644.75,1620.75,1635.5,2556621,3169438
08/17/2011,16:00,1635.0,1650.0,1624.75,1633.25,2112805,3203678
08/18/2011,16:00,1632.75,1633.25,1571.5,1586.75,3809916,3363879
08/19/2011,16:00,1587.0,1596.5,1560.75,1567.25,3583223,3390307
08/22/2011,16:00,1565.25,1589.75,1554.5,1566.5,2714560,3396068
08/23/2011,16:00,1566.75,1604.0,1561.75,1601.75,3338118,3371817
08/24/2011,16:00,1602.25,1620.0,1585.75,1615.25,2616278,3395461
08/25/2011,16:00,1614.75,1631.75,1596.25,1600.75,3198280,3429011
08/26/2011,16:00,1600.25,1623.0,1576.0,1619.25,3053686,3452313
08/29/2011,16:00,1618.75,1652.0,1615.5,1651.25,1832857,3471251
08/30/2011,16:00,1651.25,1662.0,1636.75,1648.0,2576230,3467846
08/31/2011,16:00,1647.5,1673.0,1644.5,1661.0,3159833,3451099
09/01/2011,16:00,1661.0,1671.75,1644.0,1644.5,2656315,3435920
09/02/2011,16:00,1644.25,1646.5,1611.75,1612.5,2427798,3528629
09/06/2011,16:00,1586.25,1610.0,1579.25,1607.75,3522564,3594453
09/07/2011,16:00,1607.75,1643.0,1607.0,1642.25,2595150,3415957
09/08/2011,16:00,1642.75,1647.0,1625.25,1629.0,1326103,831091
09/09/2011,16:00,1629.0,1637.25,1590.0,1601.25,3165441,1392352
09/12/2011,16:00,1585.0,1607.0,1572.5,1606.25,3612118,1887934
09/13/2011,16:00,1605.75,1619.5,1588.0,1614.25,3694565,2407037
09/14/2011,16:00,1614.5,1645.25,1597.0,1631.25,3552069,2754383
09/15/2011,16:00,1631.25,1654.5,1624.75,1653.25,3024123,2883574
09/16/2011,16:00,1652.0,1663.5,1643.75,1660.75,2661191,2930734
09/19/2011,16:00,1648.25,1652.75,1630.5,1646.75,2446620,2897053
09/20/2011,16:00,1645.75,1663.5,1634.25,1645.0,2614553,2918960
09/21/2011,16:00,1645.75,1652.75,1604.0,1604.75,3254771,2936112
09/22/2011,16:00,1604.25,1608.0,1555.75,1572.5,4741905,3081477
09/23/2011,16:00,1573.25,1587.5,1551.0,1578.75,3365634,3067211
09/26/2011,16:00,1571.0,1608.0,1564.0,1607.5,3089036,3062794
09/27/2011,16:00,1606.5,1639.0,1604.0,1618.5,3258954,2974168
09/28/2011,16:00,1618.0,1630.75,1592.5,1597.75,2802438,2976156
09/29/2011,16:00,1597.25,1619.75,1582.5,1605.25,2975702,2956018
09/30/2011,16:00,1606.25,1608.75,1570.5,1575.0,2980938,3006367
10/03/2011,16:00,1572.0,1582.5,1534.25,1535.25,3504183,3115740
10/04/2011,16:00,1536.5,1568.75,1517.0,1562.5,4190407,3139609
10/05/2011,16:00,1563.5,1590.25,1555.5,1584.0,3039981,3115881
10/06/2011,16:00,1584.0,1609.5,1578.0,1606.5,2903759,3116403
10/07/2011,16:00,1606.25,1622.75,1593.75,1604.0,2865466,3053178
10/10/2011,16:00,1606.75,1641.25,1605.5,1640.0,1776333,2994500
10/11/2011,16:00,1639.5,1643.75,1629.75,1638.5,1953734,3007577
10/12/2011,16:00,1636.5,1665.0,1629.75,1647.25,2559219,2990284
10/13/2011,16:00,1647.5,1653.25,1634.25,1647.0,2316227,2954661
10/14/2011,16:00,1646.5,1670.5,1642.0,1668.25,2244214,3021872
10/17/2011,16:00,1667.25,1679.75,1642.5,1643.0,2385603,3004602
10/18/2011,16:00,1643.0,1678.75,1634.5,1672.0,2978540,2994319
10/19/2011,16:00,1671.75,1676.25,1650.5,1655.5,2430802,2987028
10/20/2011,16:00,1655.75,1665.25,1641.5,1659.0,2898123,2976324
10/21/2011,16:00,1657.75,1684.75,1657.0,1684.25,2115010,2992779
10/24/2011,16:00,1678.75,1701.5,1675.75,1696.0,2006311,2984444
10/25/2011,16:00,1696.0,1703.5,1671.25,1673.5,2635786,2994122
10/26/2011,16:00,1674.0,1691.5,1665.5,1686.5,2697660,2985716
10/27/2011,16:00,1687.0,1738.25,1686.5,1731.5,3324091,2916640
10/28/2011,16:00,1731.25,1733.25,1721.75,1730.0,1932702,2839103
10/31/2011,16:00,1729.0,1729.75,1694.25,1698.25,2239270,2839145
11/01/2011,16:00,1698.25,1698.25,1657.5,1673.5,3666184,2872959
11/02/2011,16:00,1672.5,1687.75,1665.5,1683.25,2264238,2810930
11/03/2011,16:00,1683.25,1708.75,1662.5,1704.75,2822923,2799002
11/04/2011,16:00,1704.75,1707.75,1683.5,1700.0,2243027,2832228
11/07/2011,16:00,1702.25,1708.5,1681.0,1706.5,1982159,2841443
11/08/2011,16:00,1706.5,1724.25,1697.5,1722.25,2241483,2870177
11/09/2011,16:00,1722.25,1723.0,1671.75,1674.5,3248837,2886130
11/10/2011,16:00,1675.0,1694.0,1667.25,1686.5,2584328,2878090
11/11/2011,16:00,1686.5,1713.75,1682.75,1710.5,1603127,2910203
11/14/2011,16:00,1713.25,1719.75,1692.5,1701.5,1889071,2924794
11/15/2011,16:00,1700.5,1711.25,1683.0,1703.0,2243400,2924905
11/16/2011,16:00,1703.5,1707.75,1679.5,1680.0,2711882,2945937
11/17/2011,16:00,1680.25,1690.75,1655.5,1663.75,3096973,2956121
11/18/2011,16:00,1664.0,1678.75,1657.75,1663.0,2178618,2948205
11/21/2011,16:00,1657.0,1658.0,1629.5,1639.75,2401770,2949110
11/22/2011,16:00,1639.75,1648.0,1628.25,1631.75,2306860,2981872
11/23/2011,16:00,1631.75,1634.0,1607.5,1609.0,2325948,2994170
11/25/2011,16:00,1609.0,1622.75,1596.5,1602.5,1518196,2989734
11/28/2011,16:00,1621.0,1645.25,1618.25,1640.0,2362657,2987615
11/29/2011,16:00,1639.75,1655.0,1635.25,1645.5,2423915,2950153
11/30/2011,16:00,1644.0,1695.75,1632.0,1695.0,3298494,2972939
12/01/2011,16:00,1695.0,1700.0,1684.75,1692.5,2110759,2879027
12/02/2011,16:00,1692.5,1711.75,1691.0,1692.5,2179603,2842871
12/05/2011,16:00,1697.0,1715.25,1697.0,1704.0,2333966,2828861
12/06/2011,16:00,1702.25,1714.75,1694.25,1704.0,2187368,2789338
12/07/2011,16:00,1704.5,1717.0,1693.0,1713.0,2724649,2654178
12/08/2011,16:00,1712.5,1720.75,1679.5,1685.0,1282789,831476
12/09/2011,16:00,1684.5,1709.5,1677.5,1707.75,2410241,1205923
12/12/2011,16:00,1705.0,1709.25,1674.75,1684.0,2578512,1669560
12/13/2011,16:00,1684.0,1698.75,1667.25,1675.0,3108499,2113495
12/14/2011,16:00,1674.5,1681.25,1657.25,1661.0,2855128,2371298
12/15/2011,16:00,1661.0,1675.25,1652.75,1666.5,2299656,2469690
12/16/2011,16:00,1667.0,1679.75,1663.0,1665.75,2189561,2511559
12/19/2011,16:00,1666.75,1674.5,1650.25,1653.75,1683745,2532031
12/20/2011,16:00,1653.75,1692.0,1653.5,1690.75,1825749,2554237
12/21/2011,16:00,1690.75,1703.75,1677.75,1691.0,1986543,2567911
12/22/2011,16:00,1690.75,1705.75,1687.0,1703.75,1333614,2587797
12/23/2011,16:00,1704.25,1715.5,1703.5,1715.0,693965,2594367
12/27/2011,16:00,1715.25,1718.75,1710.75,1715.0,508261,2599518
12/28/2011,16:00,1714.75,1719.25,1697.75,1699.25,1013536,2598919
12/29/2011,16:00,1698.75,1713.25,1698.5,1712.25,878740,2603862
12/30/2011,16:00,1711.5,1715.25,1705.5,1707.25,692364,2609084
01/03/2012,16:00,1729.5,1734.75,1725.0,1726.75,1565370,2658349
01/04/2012,16:00,1726.75,1729.5,1717.5,1727.75,1419339,2560482
01/05/2012,16:00,1728.0,1732.75,1714.5,1727.75,1819520,2580006
01/06/2012,16:00,1728.0,1737.0,1721.5,1729.0,1691991,2571183
01/09/2012,16:00,1729.5,1732.5,1722.0,1730.25,1438170,2579341
01/10/2012,16:00,1729.75,1746.75,1729.25,1740.75,1531383,2578611
01/11/2012,16:00,1740.75,1744.25,1734.0,1743.0,1800297,2597783
01/12/2012,16:00,1743.0,1752.25,1735.5,1746.5,1755528,2593643
01/13/2012,16:00,1746.75,1749.75,1727.5,1743.75,2115831,2613916
01/17/2012,16:00,1740.0,1757.25,1736.0,1744.0,1837834,2608231
01/18/2012,16:00,1743.75,1759.0,1741.25,1757.0,2008751,2645203
01/19/2012,16:00,1757.5,1766.25,1754.0,1765.25,1837168,2656811
01/20/2012,16:00,1764.75,1766.5,1759.5,1765.5,1420429,2659069
01/23/2012,16:00,1762.25,1773.0,1759.75,1765.75,1609178,2654751
01/24/2012,16:00,1766.0,1766.5,1756.25,1766.25,1478167,2649002
01/25/2012,16:00,1766.0,1779.5,1757.75,1775.0,1973502,2687268
01/26/2012,16:00,1775.5,1784.5,1764.0,1770.0,2012742,2700924
01/27/2012,16:00,1769.5,1774.0,1761.75,1767.25,1730821,2630855
01/30/2012,16:00,1768.75,1769.25,1750.75,1763.75,1710571,2641729
01/31/2012,16:00,1763.75,1772.25,1757.0,1763.0,1894426,2672094
02/01/2012,16:00,1763.0,1781.75,1758.5,1774.5,1904608,2680101
02/02/2012,16:00,1775.0,1780.75,1771.75,1777.5,1357576,2649993
02/03/2012,16:00,1777.5,1796.75,1774.75,1793.75,1710648,2669758
02/06/2012,16:00,1791.25,1795.25,1785.0,1793.75,1196876,2662818
02/07/2012,16:00,1793.75,1800.5,1786.5,1799.5,1498861,2660225
02/08/2012,16:00,1799.0,1803.0,1793.0,1801.75,1540962,2663724
02/09/2012,16:00,1801.75,1807.5,1795.5,1803.0,1755116,2681372
02/10/2012,16:00,1802.75,1803.0,1788.5,1795.25,1713982,2694896
02/13/2012,16:00,1802.0,1807.0,1797.5,1803.75,1235174,2652514
02/14/2012,16:00,1804.0,1806.75,1792.5,1802.5,1739688,2684468
02/15/2012,16:00,1802.25,1812.75,1792.75,1797.0,2282387,2688692
02/16/2012,16:00,1796.5,1812.0,1789.0,1809.5,1962084,2693762
02/17/2012,16:00,1809.5,1816.0,1807.75,1814.5,1250939,2705934
02/21/2012,16:00,1821.5,1824.25,1810.5,1814.75,1584418,2723429
02/22/2012,16:00,1814.5,1818.75,1807.75,1810.75,1439240,2709926
02/23/2012,16:00,1810.75,1818.5,1805.0,1817.75,1602052,2715233
02/24/2012,16:00,1817.75,1823.25,1816.25,1818.0,1165825,2723016
02/27/2012,16:00,1818.0,1825.5,1807.75,1822.0,1662699,2733319
02/28/2012,16:00,1822.0,1828.5,1819.25,1826.25,1540432,2736498
02/29/2012,16:00,1826.0,1832.0,1811.5,1819.25,2280683,2767710
03/01/2012,16:00,1819.25,1830.0,1813.5,1829.25,1966089,2782610
03/02/2012,16:00,1829.25,1831.75,1819.75,1823.5,1458860,2785199
03/05/2012,16:00,1822.0,1824.25,1812.75,1819.25,1535936,2757168
03/06/2012,16:00,1818.75,1820.5,1793.25,1796.75,2450910,2737111
03/07/2012,16:00,1796.25,1809.0,1796.0,1807.5,1893777,2624143
03/08/2012,16:00,1807.5,1823.0,1805.25,1821.0,917534,846470
03/09/2012,16:00,1820.75,1829.25,1818.0,1827.25,1904083,1284377
03/12/2012,16:00,1827.25,1827.5,1820.75,1827.25,1879168,1797488
03/13/2012,16:00,1827.25,1851.75,1826.5,1851.25,2743994,2371441
03/14/2012,16:00,1851.0,1854.75,1844.75,1849.25,2095321,2563097
03/15/2012,16:00,1848.75,1858.0,1845.25,1856.5,1953864,2672834
03/16/2012,16:00,1856.25,1861.0,1854.5,1859.0,1384158,2681911
03/19/2012,16:00,1857.75,1868.5,1854.0,1864.5,1525304,2680501
03/20/2012,16:00,1864.5,1865.5,1852.25,1860.5,1583682,2692793
03/21/2012,16:00,1860.5,1866.25,1854.75,1858.0,1533579,2696753
03/22/2012,16:00,1858.25,1861.25,1843.0,1849.5,1682418,2700517
03/23/2012,16:00,1849.5,1855.75,1841.0,1854.5,1559341,2697307
03/26/2012,16:00,1854.25,1876.0,1853.0,1875.5,1456063,2702345
03/27/2012,16:00,1875.5,1880.25,1866.5,1867.0,1251826,2722273
03/28/2012,16:00,1866.75,1872.75,1852.5,1860.75,1759121,2726812
03/29/2012,16:00,1860.0,1864.5,1846.75,1858.75,1827754,2730099
03/30/2012,16:00,1858.5,1866.75,1856.25,1863.75,1619524,2709590
04/02/2012,16:00,1867.75,1878.25,1859.5,1873.0,1718652,2738339
04/03/2012,16:00,1872.5,1874.75,1860.0,1869.25,1673086,2736147
04/04/2012,16:00,1869.5,1869.5,1849.0,1853.75,1834777,2706184
04/05/2012,16:00,1853.75,1858.25,1844.5,1850.75,1539342,2727847
04/06/2012,16:00,1851.0,1855.25,1832.5,1835.5,198499,2740195
04/09/2012,16:00,1835.5,1843.25,1832.25,1835.5,1083274,2746096
04/10/2012,16:00,1834.75,1841.25,1813.0,1817.5,2522310,2756491
04/11/2012,16:00,1818.25,1831.0,1818.0,1824.5,1739768,2735723
04/12/2012,16:00,1824.75,1846.75,1823.75,1846.5,1852924,2762959
04/13/2012,16:00,1846.25,1849.0,1824.25,1825.5,1936470,2760858
04/16/2012,16:00,1826.5,1835.75,1821.0,1824.5,1959799,2769578
04/17/2012,16:00,1824.75,1849.25,1819.75,1844.0,1848818,2781649
04/18/2012,16:00,1844.25,1847.25,1838.25,1838.75,1848236,2787008
04/19/2012,16:00,1839.25,1850.5,1826.0,1833.0,2631716,2792920
04/20/2012,16:00,1834.25,1843.75,1831.75,1835.75,1808442,2779316
04/23/2012,16:00,1832.75,1835.25,1814.5,1823.25,1848613,2808295
04/24/2012,16:00,1823.5,1831.75,1821.5,1830.5,1440903,2791554
04/25/2012,16:00,1831.25,1848.25,1830.0,1847.75,1827484,2816352
04/26/2012,16:00,1847.75,1858.75,1841.5,1857.25,1666603,2852617
04/27/2012,16:00,1857.25,1863.5,1847.0,1859.0,1616584,2844782
04/30/2012,16:00,1860.75,1863.0,1850.25,1854.0,1322300,2820525
05/01/2012,16:00,1854.0,1872.25,1851.75,1861.0,1305665,2825580
05/02/2012,16:00,1861.0,1865.25,1849.75,1858.0,1682321,2818494
05/03/2012,16:00,1858.0,1863.25,1845.0,1846.5,1761579,2800522
05/04/2012,16:00,1847.0,1849.5,1822.0,1823.0,2076198,2833205
05/07/2012,16:00,1814.5,1830.75,1803.0,1826.25,1610579,2826296
05/08/2012,16:00,1825.75,1828.5,1804.25,1819.0,2307638,2832476
05/09/2012,16:00,1819.5,1821.25,1799.75,1811.5,2523438,2856301
05/10/2012,16:00,1811.75,1824.25,1806.25,1818.0,1839321,2842146
05/11/2012,16:00,1818.0,1823.75,1804.5,1810.5,1840516,2859612
05/14/2012,16:00,1806.5,1811.5,1793.75,1794.5,1912994,2870892
05/15/2012,16:00,1795.0,1807.5,1786.0,1788.75,2402932,2929667
05/16/2012,16:00,1789.25,1800.25,1781.25,1783.0,2282620,2941326
05/17/2012,16:00,1783.5,1791.25,1761.0,1761.75,2906203,2927847
05/18/2012,16:00,1762.5,1771.0,1750.25,1751.25,2816411,2957278
05/21/2012,16:00,1752.25,1776.5,1747.75,1776.25,2051007,2928492
05/22/2012,16:00,1775.75,1787.0,1768.0,1775.25,2449269,2942926
05/23/2012,16:00,1776.0,1779.5,1754.5,1776.25,2555222,2971911
05/24/2012,16:00,1776.25,1784.0,1766.5,1783.0,2171218,2962701
05/25/2012,16:00,1783.0,1790.25,1772.5,1775.5,1521622,2951359
05/29/2012,16:00,1782.5,1794.75,1778.0,1794.0,2236090,2959600
05/30/2012,16:00,1794.0,1794.75,1768.5,1769.0,2313731,2979748
05/31/2012,16:00,1769.5,1779.5,1757.75,1769.75,2746687,2961742
06/01/2012,16:00,1766.75,1768.0,1734.0,1734.5,3278646,3008101
06/04/2012,16:00,1735.5,1742.0,1722.5,1733.5,2338973,2960597
06/05/2012,16:00,1733.75,1747.25,1728.0,1745.5,2035780,2921466
06/06/2012,16:00,1745.75,1776.25,1743.5,1776.0,2836135,2773548
06/07/2012,16:00,1775.75,1790.0,1772.25,1777.0,989978,787312
06/08/2012,16:00,1776.5,1790.0,1765.75,1789.0,1943155,1254021
06/11/2012,16:00,1804.0,1809.0,1766.75,1767.25,3116823,1801710
06/12/2012,16:00,1768.0,1787.5,1764.0,1787.0,2900941,2233378
06/13/2012,16:00,1786.75,1788.25,1770.5,1775.75,2566739,2419155
06/14/2012,16:00,1776.0,1794.75,1772.25,1793.25,2808502,2555080
06/15/2012,16:00,1792.25,1805.5,1791.5,1804.5,1817397,2557420
06/18/2012,16:00,1812.25,1814.5,1794.25,1808.0,2074890,2571236
06/19/2012,16:00,1807.75,1824.0,1803.5,1817.5,1772340,2577825
06/20/2012,16:00,1817.0,1822.5,1805.75,1817.75,2364882,2619510
06/21/2012,16:00,1817.75,1820.25,1784.5,1785.25,2713717,2649917
06/22/2012,16:00,1785.5,1798.75,1785.25,1793.75,1859289,2652686
06/25/2012,16:00,1792.5,1793.5,1769.5,1773.5,1843892,2713459
06/26/2012,16:00,1773.75,1785.0,1770.25,1782.5,1810328,2727651
06/27/2012,16:00,1782.5,1795.5,1779.0,1792.5,1615882,2747945
06/28/2012,16:00,1792.75,1794.75,1773.75,1789.5,2291307,2740099
06/29/2012,16:00,1789.0,1826.5,1783.0,1823.5,2488982,2718455
07/02/2012,16:00,1825.75,1829.25,1816.5,1824.5,1688137,2714985
07/03/2012,16:00,1825.25,1836.5,1822.25,1835.0,1047073,2713523
07/05/2012,16:00,1833.5,1842.0,1824.0,1828.5,1885277,2743266
07/06/2012,16:00,1828.5,1831.0,1809.25,1818.75,1955639,2752042
07/09/2012,16:00,1816.25,1817.25,1808.0,1816.25,1473739,2750846
07/10/2012,16:00,1816.0,1823.5,1797.5,1802.5,2020477,2779384
07/11/2012,16:00,1802.0,1809.5,1794.75,1803.25,1912327,2786227
07/12/2012,16:00,1803.5,1806.5,1786.75,1796.25,1904895,2796788
07/13/2012,16:00,1796.25,1820.25,1795.75,1818.75,1758931,2805218
07/16/2012,16:00,1818.25,1819.5,1810.0,1814.5,1547166,2793770
07/17/2012,16:00,1814.25,1827.5,1806.25,1825.5,1970476,2788070
07/18/2012,16:00,1825.5,1837.5,1819.5,1834.25,1797575,2791638
07/19/2012,16:00,1834.25,1843.0,1833.0,1839.0,1743124,2804013
07/20/2012,16:00,1838.5,1839.0,1824.0,1825.25,1800661,2809562
07/23/2012,16:00,1822.5,1823.75,1799.0,1810.75,2078031,2825947
07/24/2012,16:00,1810.75,1813.5,1790.75,1796.5,2115725,2838586
07/25/2012,16:00,1798.0,1807.0,1788.25,1802.0,1840501,2832270
07/26/2012,16:00,1801.75,1825.75,1794.75,1821.75,2275727,2803798
07/27/2012,16:00,1821.75,1852.0,1819.75,1849.5,2495356,2786322
07/30/2012,16:00,1846.25,1854.5,1842.75,1847.5,1486890,2739745
07/31/2012,16:00,1847.0,1853.5,1838.0,1841.5,1774241,2732125
08/01/2012,16:00,1839.0,1848.5,1834.75,1837.5,1800024,2745910
08/02/2012,16:00,1837.0,1850.0,1816.25,1829.0,2835526,2818329
08/03/2012,16:00,1829.25,1857.5,1827.0,1856.0,1945915,2799500
08/06/2012,16:00,1857.25,1862.75,1854.25,1857.0,1171977,2789278
08/07/2012,16:00,1857.0,1870.25,1854.5,1864.0,1459898,2802895
08/08/2012,16:00,1863.5,1867.25,1857.5,1865.25,1227991,2808926
08/09/2012,16:00,1865.5,1870.75,1860.75,1867.5,1179356,2820919
08/10/2012,16:00,1867.25,1869.75,1859.0,1869.5,1246593,2839596
08/13/2012,16:00,1867.5,1871.0,1861.25,1869.5,1202738,2852295
08/14/2012,16:00,1869.0,1876.5,1864.25,1868.5,1435083,2884729
08/15/2012,16:00,1868.25,1872.75,1864.0,1870.5,1103484,2897590
08/16/2012,16:00,1870.5,1882.5,1868.75,1880.0,1495429,2902712
08/17/2012,16:00,1880.75,1883.75,1877.75,1882.25,1139564,2935039
08/20/2012,16:00,1882.0,1885.0,1876.5,1881.75,1110701,2955045
08/21/2012,16:00,1881.75,1891.75,1875.0,1879.5,1731248,2953918
08/22/2012,16:00,1879.75,1881.25,1871.25,1879.25,1675386,2972094
08/23/2012,16:00,1879.25,1885.0,1865.0,1867.0,1592212,2962988
08/24/2012,16:00,1866.75,1879.0,1862.25,1876.75,1572472,2995536
08/27/2012,16:00,1877.0,1883.0,1874.0,1875.25,932096,2991505
08/28/2012,16:00,1875.25,1879.0,1870.25,1874.75,1210117,3006498
08/29/2012,16:00,1874.25,1879.5,1871.75,1874.25,959745,3029887
08/30/2012,16:00,1874.0,1874.75,1862.25,1864.0,1217187,3031988
08/31/2012,16:00,1864.0,1879.25,1862.5,1872.0,2046718,3031853
09/03/2012,16:00,1873.25,1876.5,1863.75,1875.5,161515,3036351
09/04/2012,16:00,1875.75,1876.5,1861.5,1873.0,1680397,3014306
09/05/2012,16:00,1873.25,1875.25,1864.25,1870.5,1429039,2997724
09/06/2012,16:00,1870.5,1899.25,1870.25,1898.0,2040626,3026244
09/07/2012,16:00,1898.0,1905.75,1897.5,1905.25,1472193,2996654
09/10/2012,16:00,1903.75,1905.0,1892.75,1893.5,1096739,2983055
09/11/2012,16:00,1892.5,1904.5,1888.5,1897.5,1430082,2840731
09/12/2012,16:00,1897.5,1907.25,1895.5,1906.5,1725227,2672629
09/13/2012,16:00,1905.5,1931.25,1902.0,1924.5,1355960,1159318
09/14/2012,16:00,1924.0,1942.0,1923.5,1933.0,2463875,1669150
09/17/2012,16:00,1932.75,1933.0,1924.5,1928.0,1573731,1972189
09/18/2012,16:00,1928.0,1930.25,1923.0,1927.0,1821180,2428499
09/19/2012,16:00,1927.25,1933.25,1925.25,1927.25,1658342,2658786
09/20/2012,16:00,1927.5,1929.0,1917.5,1927.75,1744200,2789868
09/21/2012,16:00,1928.25,1936.25,1924.5,1926.0,1605312,2771210
09/24/2012,16:00,1924.25,1928.5,1918.75,1925.5,1261245,2803075
09/25/2012,16:00,1925.75,1931.0,1909.0,1911.25,1813743,2824334
09/26/2012,16:00,1910.75,1913.75,1898.0,1901.0,1793271,2893511
09/27/2012,16:00,1901.5,1918.5,1901.5,1915.0,1754826,2919321
09/28/2012,16:00,1915.0,1917.5,1903.0,1908.25,2101935,2920153
10/01/2012,16:00,1906.75,1925.5,1901.75,1911.0,1903230,2907028
10/02/2012,16:00,1910.5,1920.0,1906.25,1915.0,1610265,2903044
10/03/2012,16:00,1914.25,1922.75,1909.5,1918.75,1553817,2861212
10/04/2012,16:00,1918.0,1931.75,1918.0,1929.75,1566715,2861644
10/05/2012,16:00,1929.75,1940.0,1925.25,1929.5,1681666,2864399
10/08/2012,16:00,1931.25,1931.25,1921.5,1923.75,961596,2862707
10/09/2012,16:00,1923.75,1928.5,1909.25,1910.0,1956139,2877110
10/10/2012,16:00,1911.0,1911.75,1899.0,1900.25,1672672,2881331
10/11/2012,16:00,1899.75,1913.25,1895.25,1902.5,1585045,2894922
10/12/2012,16:00,1902.0,1908.5,1894.0,1895.5,1624836,2897739
10/15/2012,16:00,1897.5,1910.5,1890.5,1909.5,1525436,2900680
10/16/2012,16:00,1910.0,1925.5,1908.5,1923.25,1622289,2899774
10/17/2012,16:00,1923.25,1931.75,1920.25,1931.0,1534392,2940616
10/18/2012,16:00,1931.0,1933.75,1921.75,1925.5,1805949,3013923
10/19/2012,16:00,1925.25,1927.5,1897.5,1898.0,2400959,2938325
10/22/2012,16:00,1898.5,1905.25,1890.75,1904.0,1777803,2932032
10/23/2012,16:00,1904.75,1907.25,1876.0,1880.75,2303989,2960009
10/24/2012,16:00,1880.5,1889.0,1875.75,1879.25,1756752,2964441
10/25/2012,16:00,1880.25,1890.75,1873.5,1882.25,1808585,2975347
10/26/2012,16:00,1883.75,1886.5,1868.5,1881.5,2089898,2992766
10/29/2012,16:00,1880.25,1881.5,1871.0,1881.5,181669,2978558
10/30/2012,16:00,1873.25,1886.25,1867.0,1881.5,178848,2985990
10/31/2012,16:00,1886.5,1892.25,1874.5,1880.75,1775915,2980425
11/01/2012,16:00,1876.0,1899.0,1872.5,1897.25,1705976,2949574
11/02/2012,16:00,1897.25,1905.5,1879.0,1879.5,2089006,2978796
11/05/2012,16:00,1876.75,1889.5,1876.5,1886.0,1388947,2985203
11/06/2012,16:00,1885.0,1903.25,1883.75,1899.25,1481236,2957854
11/07/2012,16:00,1899.0,1905.75,1858.0,1863.0,3199570,3049237
11/08/2012,16:00,1864.25,1871.5,1846.5,1849.25,2615376,3071063
11/09/2012,16:00,1849.75,1862.0,1837.5,1849.75,2549324,3061897
11/12/2012,16:00,1849.25,1855.75,1846.5,1852.25,1138665,3047398
11/13/2012,16:00,1852.25,1860.25,1839.75,1845.0,1950603,3032864
11/14/2012,16:00,1847.25,1855.75,1823.5,1827.0,2448722,3074002
11/15/2012,16:00,1827.75,1833.0,1819.25,1825.25,2416674,3066032
11/16/2012,16:00,1825.5,1834.5,1814.25,1833.75,2605521,3048449
11/19/2012,16:00,1834.75,1859.75,1834.25,1856.5,1741462,3045985
11/20/2012,16:00,1854.0,1861.5,1848.0,1860.25,1548714,3066774
11/21/2012,16:00,1860.0,1863.75,1851.0,1862.25,1068642,3068623
11/23/2012,16:00,1865.75,1881.5,1861.25,1879.25,913304,3052902
11/26/2012,16:00,1877.25,1879.0,1869.0,1877.25,1220715,3055794
11/27/2012,16:00,1878.0,1881.75,1869.5,1871.5,1639215,3055499
11/28/2012,16:00,1871.5,1882.75,1857.0,1881.0,2128449,3036262
11/29/2012,16:00,1880.75,1892.5,1878.5,1889.75,1877829,3044851
11/30/2012,16:00,1885.5,1893.5,1883.75,1888.5,1686640,3037657
12/03/2012,16:00,1887.25,1898.0,1878.5,1881.0,1652126,3042657
12/04/2012,16:00,1880.0,1885.75,1875.5,1879.5,1619569,3043920
12/05/2012,16:00,1876.75,1888.75,1870.75,1882.25,2045099,3034762
12/06/2012,16:00,1880.5,1887.5,1878.0,1887.0,1382373,3026018
12/07/2012,16:00,1886.25,1896.25,1882.5,1890.0,1772166,2976776
12/10/2012,16:00,1890.0,1895.0,1884.75,1894.25,1136090,2965528
12/11/2012,16:00,1891.5,1908.25,1889.0,1905.5,1772202,2898050
12/12/2012,16:00,1905.25,1912.75,1899.75,1901.25,1833412,2787233
12/13/2012,16:00,1899.75,1905.5,1890.0,1892.25,967938,935496
12/14/2012,16:00,1890.75,1899.5,1886.0,1889.5,1689033,1453053
12/17/2012,16:00,1895.5,1909.25,1889.5,1907.25,2057385,1983093
12/18/2012,16:00,1908.5,1923.75,1905.5,1921.25,2497775,2346936
12/19/2012,16:00,1920.75,1926.25,1908.5,1913.25,2013922,2610354
12/20/2012,16:00,1909.25,1921.5,1907.5,1920.75,1647010,2743059
12/21/2012,16:00,1921.25,1921.5,1871.5,1906.25,2112856,2745802
12/24/2012,16:00,1904.25,1904.75,1897.75,1900.0,318126,2755660
12/26/2012,16:00,1904.25,1905.75,1891.0,1893.75,578176,2765655
12/27/2012,16:00,1893.5,1898.75,1876.25,1891.0,1470310,2781698
12/28/2012,16:00,1893.5,1897.0,1862.5,1864.25,1061849,2784835
12/31/2012,16:00,1868.5,1906.0,1863.75,1900.25,1480199,2755128
01/02/2013,16:00,1923.25,1938.25,1918.5,1937.25,1939767,2765822
01/03/2013,16:00,1936.25,1940.75,1930.25,1933.75,1598235,2768605
01/04/2013,16:00,1934.25,1943.25,1931.5,1938.0,1514786,2754086
01/07/2013,16:00,1940.5,1941.0,1931.0,1936.0,1199834,2764168
01/08/2013,16:00,1937.0,1937.25,1926.25,1932.5,1366996,2788837
01/09/2013,16:00,1931.75,1939.75,1931.5,1936.0,1193627,2777505
01/10/2013,16:00,1936.5,1950.5,1935.0,1947.25,1540850,2772956
01/11/2013,16:00,1950.0,1951.75,1942.5,1947.5,1150333,2775649
01/14/2013,16:00,1947.0,1951.5,1940.5,1944.5,1168502,2797558
01/15/2013,16:00,1945.25,1948.5,1936.75,1945.5,1324056,2830204
01/16/2013,16:00,1947.25,1949.25,1940.25,1945.75,1232690,2811077
01/17/2013,16:00,1945.25,1960.75,1940.75,1956.0,1745053,2855894
01/18/2013,16:00,1955.75,1961.25,1950.75,1959.25,1487277,2853060
01/22/2013,16:00,1963.25,1971.75,1955.25,1969.75,1474784,2928094
01/23/2013,16:00,1970.75,1971.5,1964.75,1970.5,1192172,2972476
01/24/2013,16:00,1963.5,1978.0,1963.0,1972.0,1828454,2945028
01/25/2013,16:00,1968.0,1979.5,1967.0,1976.0,1591858,2944510
01/28/2013,16:00,1976.0,1980.25,1971.5,1977.25,1206900,2939527
01/29/2013,16:00,1975.75,1986.0,1971.25,1985.25,1500028,2964345
01/30/2013,16:00,1985.5,1986.25,1973.75,1975.5,1798387,2983094
01/31/2013,16:00,1974.5,1980.25,1971.5,1973.5,1639166,2986380
02/01/2013,16:00,1976.25,1990.75,1976.0,1987.0,1779718,2952773
02/04/2013,16:00,1988.25,1988.75,1970.5,1973.75,1765571,2942926
02/05/2013,16:00,1972.75,1991.25,1972.5,1986.25,1741970,2964032
02/06/2013,16:00,1987.5,1990.5,1979.25,1987.0,1753717,2991919
02/07/2013,16:00,1987.5,1991.25,1974.75,1985.5,1960681,3000249
02/08/2013,16:00,1985.25,1995.25,1984.0,1992.75,1428025,3039366
02/11/2013,16:00,1993.75,1997.25,1990.0,1993.25,1229917,3024409
02/12/2013,16:00,1992.75,1999.25,1988.75,1996.5,1258561,3034816
02/13/2013,16:00,1998.0,2002.25,1993.25,1997.5,1269215,3040795
02/14/2013,16:00,1996.5,2001.0,1990.25,1998.75,1369303,3100819
02/15/2013,16:00,1999.0,2002.0,1991.5,1997.25,1732853,3133021
02/19/2013,16:00,1998.25,2009.25,1995.5,2008.25,1498369,3091729
02/20/2013,16:00,2009.0,2010.25,1986.75,1987.25,2018732,3098220
02/21/2013,16:00,1988.0,1990.0,1975.25,1981.25,2510874,3092934
02/22/2013,16:00,1982.5,1995.25,1982.25,1994.75,1763806,3098934
02/25/2013,16:00,1995.75,2004.75,1962.0,1967.5,3093507,3122471
02/26/2013,16:00,1965.75,1978.0,1963.0,1972.75,2933833,3129679
02/27/2013,16:00,1973.5,1999.5,1970.25,1996.0,2458935,3104677
02/28/2013,16:00,1996.5,2004.75,1989.0,1993.5,2199825,3042309
03/01/2013,16:00,1992.75,1999.25,1979.75,1996.75,2545008,2999850
03/04/2013,16:00,1995.0,2007.75,1987.25,2006.0,1980880,2963953
03/05/2013,16:00,2007.0,2023.0,2004.75,2017.25,2368997,2818916
03/06/2013,16:00,2019.25,2025.0,2017.25,2019.25,2091010,2486972
03/07/2013,16:00,2020.0,2025.5,2017.5,2022.75,871884,1291987
03/08/2013,16:00,2023.0,2032.75,2020.25,2029.5,1915186,1707474
03/11/2013,16:00,2028.0,2036.75,2025.5,2035.5,1605005,2129885
03/12/2013,16:00,2036.5,2036.5,2026.75,2031.75,2086724,2533033
03/13/2013,16:00,2032.5,2036.25,2027.25,2035.0,1653624,2758336
03/14/2013,16:00,2035.75,2042.25,2034.0,2041.0,1528894,2799851
03/15/2013,16:00,2039.5,2043.75,2034.0,2038.5,1699828,2827037
03/18/2013,16:00,2029.0,2037.5,2014.5,2031.75,2193099,2838894
03/19/2013,16:00,2032.25,2036.25,2016.75,2027.25,2546167,2832895
03/20/2013,16:00,2024.25,2040.75,2021.5,2034.0,1802214,2876641
03/21/2013,16:00,2034.5,2035.75,2021.5,2024.0,1904151,2873746
03/22/2013,16:00,2023.5,2039.0,2020.0,2037.0,1579747,2885612
03/25/2013,16:00,2035.0,2045.5,2024.0,2032.0,2254735,2888010
03/26/2013,16:00,2033.25,2043.75,2031.75,2042.25,1594034,2915951
03/27/2013,16:00,2043.25,2045.5,2030.75,2041.75,1569031,2933541
03/28/2013,16:00,2041.75,2049.5,2034.75,2047.75,1627305,2933541
03/29/2013,16:00,2047.75,2047.75,2047.75,2047.75,1627305,2954514
04/01/2013,16:00,2048.0,2050.0,2037.5,2041.0,1135817,2983372
04/02/2013,16:00,2041.25,2053.0,2039.25,2049.5,1609532,2994068
04/03/2013,16:00,2051.0,2052.75,2029.0,2033.5,2269317,3000088
04/04/2013,16:00,2033.5,2042.5,2031.0,2039.5,2004726,3010436
04/05/2013,16:00,2039.75,2040.25,2018.25,2031.0,2269710,3008538
04/08/2013,16:00,2030.5,2047.75,2028.0,2044.25,1444510,3012787
04/09/2013,16:00,2045.75,2054.0,2040.5,2048.25,1632380,3023014
04/10/2013,16:00,2048.75,2069.5,2046.0,2067.75,2034329,3045241
04/11/2013,16:00,2068.5,2078.0,2065.75,2072.75,1723235,3044403
04/12/2013,16:00,2073.0,2074.75,2060.0,2067.0,1809731,3017262
04/15/2013,16:00,2067.25,2068.0,2023.75,2028.5,2854380,3004260
04/16/2013,16:00,2027.5,2055.75,2027.25,2053.75,2252603,2999059
04/17/2013,16:00,2054.25,2054.5,2023.0,2031.0,2968750,2974851
04/18/2013,16:00,2029.5,2038.5,2015.75,2019.0,2316865,2979370
04/19/2013,16:00,2022.0,2035.75,2020.25,2032.5,1879483,2980861
04/22/2013,16:00,2033.5,2046.0,2027.75,2041.0,1594693,2986321
04/23/2013,16:00,2042.25,2062.0,2033.75,2058.5,2108112,2984052
04/24/2013,16:00,2058.5,2064.0,2055.75,2059.0,1421896,2996797
04/25/2013,16:00,2058.0,2073.25,2055.75,2066.75,1595167,3025650
04/26/2013,16:00,2066.5,2067.5,2057.5,2061.5,1335027,3010615
04/29/2013,16:00,2061.25,2077.25,2058.75,2073.25,1234877,3027047
04/30/2013,16:00,2073.5,2079.25,2066.25,2077.25,1555013,3027398
05/01/2013,16:00,2078.75,2080.5,2061.0,2062.25,1467806,3039955
05/02/2013,16:00,2064.25,2079.25,2063.75,2077.25,1652820,3061901
05/03/2013,16:00,2077.25,2099.25,2074.5,2093.5,1936845,3059565
05/06/2013,16:00,2093.0,2100.25,2092.25,2098.5,963963,3065189
05/07/2013,16:00,2097.5,2106.75,2094.25,2105.5,1507222,3111748
05/08/2013,16:00,2105.75,2114.5,2102.0,2113.75,1593279,3136578
05/09/2013,16:00,2113.25,2117.25,2105.0,2109.5,1825700,3148180
05/10/2013,16:00,2111.0,2116.0,2105.25,2114.5,1641619,3120921
05/13/2013,16:00,2110.5,2118.25,2106.5,2115.75,1328925,3105550
05/14/2013,16:00,2116.0,2133.75,2111.5,2133.0,2018666,3154692
05/15/2013,16:00,2132.5,2144.75,2127.75,2139.25,2123306,3176247
05/16/2013,16:00,2140.25,2143.75,2131.0,2133.0,1920088,3169768
05/17/2013,16:00,2134.5,2150.75,2133.25,2148.0,1923927,3105671
05/20/2013,16:00,2147.5,2155.75,2144.75,2149.5,1749840,3146083
05/21/2013,16:00,2148.5,2158.25,2145.0,2150.5,1694697,3157769
05/22/2013,16:00,2150.75,2170.75,2131.5,2140.5,2970647,3155043
05/23/2013,16:00,2142.5,2144.0,2117.75,2135.0,2681434,3188469
05/24/2013,16:00,2136.25,2140.25,2119.5,2135.5,1950868,3167489
05/28/2013,16:00,2137.25,2157.75,2129.25,2139.5,2091551,3164925
05/29/2013,16:00,2139.25,2141.75,2123.0,2132.0,2129262,3153403
05/30/2013,16:00,2131.5,2145.75,2126.0,2138.5,1773923,3148530
05/31/2013,16:00,2138.75,2143.0,2111.25,2114.0,2559471,3119039
06/03/2013,16:00,2114.5,2124.0,2105.75,2121.25,2530617,3086415
06/04/2013,16:00,2120.75,2130.75,2106.5,2116.25,2173999,3031027
06/05/2013,16:00,2114.25,2117.25,2090.5,2093.0,2648546,3029729
06/06/2013,16:00,2093.5,2109.25,2081.5,2107.75,2796168,3045762
06/07/2013,16:00,2107.0,2129.0,2103.0,2123.5,2382985,2976849
06/10/2013,16:00,2121.5,2133.5,2119.5,2127.0,1820611,2923220
06/11/2013,16:00,2127.0,2127.5,2106.5,2112.0,2590976,2850964
06/12/2013,16:00,2112.5,2123.25,2094.5,2095.0,2600131,2678954
06/13/2013,16:00,2096.0,2124.5,2082.75,2122.0,851237,1095330
06/14/2013,16:00,2122.5,2126.0,2108.25,2109.5,1838320,1505868
06/17/2013,16:00,2109.75,2132.0,2109.0,2124.75,2107368,1921432
06/18/2013,16:00,2125.75,2139.75,2123.25,2136.25,1770819,2421431
06/19/2013,16:00,2137.5,2140.0,2111.25,2114.75,2369632,2640697
06/20/2013,16:00,2111.75,2114.0,2068.0,2075.0,3637001,2711374
06/21/2013,16:00,2075.25,2088.25,2061.5,2075.0,2982380,2700749
06/24/2013,16:00,2074.75,2077.25,2044.25,2057.25,2848089,2736050
06/25/2013,16:00,2057.5,2078.75,2049.25,2072.5,2020973,2713614
06/26/2013,16:00,2071.25,2092.25,2064.0,2086.5,1731510,2657544
06/27/2013,16:00,2087.75,2105.25,2085.75,2097.5,1601032,2660253
06/28/2013,16:00,2097.25,2105.5,2085.25,2090.25,2143749,2662628
07/01/2013,16:00,2091.25,2111.5,2084.25,2097.75,1551011,2667491
07/02/2013,16:00,2097.75,2109.5,2091.25,2098.25,1670998,2687031
07/03/2013,16:00,2098.0,2104.0,2085.0,2100.0,1031771,2700206
07/05/2013,16:00,2100.0,2121.75,2099.25,2118.25,1721212,2681333
07/08/2013,16:00,2119.5,2130.5,2117.0,2126.5,1317337,2672567
07/09/2013,16:00,2127.75,2140.0,2126.75,2136.5,1281034,2700511
07/10/2013,16:00,2138.0,2149.75,2132.25,2139.5,1460004,2721338
07/11/2013,16:00,2149.25,2162.75,2148.5,2161.0,1457417,2740429
07/12/2013,16:00,2160.0,2165.25,2157.25,2161.25,1144481,2727688
07/15/2013,16:00,2161.0,2170.5,2160.75,2168.5,911484,2735765
07/16/2013,16:00,2168.75,2170.5,2157.5,2162.25,1171424,2758060
07/17/2013,16:00,2162.75,2171.5,2156.75,2166.5,1413187,2768666
07/18/2013,16:00,2167.5,2179.5,2162.75,2171.5,1355890,2797010
07/19/2013,16:00,2171.0,2181.5,2166.25,2180.5,1145886,2787874
07/22/2013,16:00,2181.0,2185.25,2176.5,2181.25,900143,2774329
07/23/2013,16:00,2181.5,2186.5,2177.0,2179.25,979783,2778043
07/24/2013,16:00,2180.5,2186.25,2168.25,2174.75,1508386,2769228
07/25/2013,16:00,2175.0,2177.5,2162.75,2175.0,1425052,2797830
07/26/2013,16:00,2176.75,2180.0,2161.5,2177.5,1400373,2797316
07/29/2013,16:00,2177.5,2179.0,2167.5,2173.5,1100568,2793878
07/30/2013,16:00,2173.25,2179.5,2168.25,2175.75,1318504,2799466
07/31/2013,16:00,2175.25,2185.0,2171.25,2171.5,1981532,2814495
08/01/2013,16:00,2176.5,2194.75,2175.5,2191.25,1517822,2836516
08/02/2013,16:00,2193.25,2196.0,2186.75,2195.0,1216474,2808697
08/05/2013,16:00,2193.75,2196.0,2189.75,2193.5,856742,2793511
08/06/2013,16:00,2192.25,2194.5,2179.75,2185.0,1273487,2798900
08/07/2013,16:00,2183.5,2184.5,2171.5,2179.25,1384518,2791337
08/08/2013,16:00,2179.75,2188.0,2175.5,2184.75,1522504,2799117
08/09/2013,16:00,2185.0,2187.25,2173.5,2177.25,1662642,2802068
08/12/2013,16:00,2176.0,2179.5,2166.25,2178.0,1251215,2818295
08/13/2013,16:00,2179.0,2185.5,2170.25,2181.75,1604935,2826195
08/14/2013,16:00,2182.5,2184.25,2172.0,2173.0,1504592,2818161
08/15/2013,16:00,2171.5,2173.0,2145.25,2146.75,2399533,2841700
08/16/2013,16:00,2145.75,2153.0,2140.5,2142.0,1739935,2845002
08/19/2013,16:00,2142.0,2148.0,2133.25,2136.0,1468577,2873524
08/20/2013,16:00,2135.25,2147.75,2132.0,2141.5,1582327,2863444
08/21/2013,16:00,2142.0,2145.75,2125.0,2127.5,2121839,2904902
08/22/2013,16:00,2126.0,2148.75,2122.5,2145.75,1556777,2899118
08/23/2013,16:00,2146.5,2153.75,2141.5,2152.5,1307807,2882936
08/26/2013,16:00,2151.75,2158.5,2144.25,2145.25,1213990,2887703
08/27/2013,16:00,2145.5,2146.5,2117.25,2119.25,2249547,2919217
08/28/2013,16:00,2119.25,2130.25,2115.75,2123.25,1652221,2921904
08/29/2013,16:00,2121.5,2135.75,2118.75,2127.75,1743635,2904005
08/30/2013,16:00,2130.0,2136.0,2116.5,2122.25,1932571,2867361
09/03/2013,16:00,2131.25,2141.0,2121.75,2130.0,2318259,2880255
09/04/2013,16:00,2129.0,2146.25,2126.0,2144.5,1638385,2877431
09/05/2013,16:00,2145.75,2149.25,2141.5,2144.0,1254398,2843129
09/06/2013,16:00,2143.0,2155.0,2129.75,2144.5,2582191,2835722
09/09/2013,16:00,2143.0,2162.75,2143.0,2160.0,1483598,2799514
09/10/2013,16:00,2162.0,2174.25,2160.0,2173.5,1849907,2735919
09/11/2013,16:00,2173.25,2181.5,2168.75,2179.75,1843965,2556802
09/12/2013,16:00,2180.75,2180.75,2172.25,2175.75,596376,837087
09/13/2013,16:00,2175.75,2181.25,2171.5,2179.5,1162403,1188257
09/16/2013,16:00,2190.5,2201.25,2185.5,2188.75,2030544,1774880
09/17/2013,16:00,2186.5,2197.25,2185.25,2195.75,1448771,2172500
09/18/2013,16:00,2196.75,2220.75,2190.75,2215.25,2330607,2466887
09/19/2013,16:00,2216.0,2224.25,2210.75,2215.0,1860579,2575036
09/20/2013,16:00,2214.75,2217.0,2198.75,2200.0,1767531,2566911
09/23/2013,16:00,2204.0,2205.0,2187.0,2190.25,1671968,2598645
09/24/2013,16:00,2190.75,2198.5,2185.0,2190.0,1501832,2618569
09/25/2013,16:00,2189.75,2192.5,2182.0,2183.25,1639285,2624892
09/26/2013,16:00,2184.0,2195.0,2183.25,2190.0,1466733,2631133
09/27/2013,16:00,2192.0,2193.0,2177.5,2184.0,1432245,2626964
09/30/2013,16:00,2172.5,2178.5,2164.25,2171.75,2151896,2611021
10/01/2013,16:00,2176.0,2189.75,2172.75,2187.0,1762715,2617101
10/02/2013,16:00,2189.0,2189.25,2170.75,2180.5,1702460,2653691
10/03/2013,16:00,2180.5,2182.25,2160.75,2167.25,2263290,2698745
10/04/2013,16:00,2165.5,2183.5,2165.0,2182.25,1512965,2674467
10/07/2013,16:00,2174.25,2177.0,2164.0,2165.25,1599803,2692235
10/08/2013,16:00,2164.5,2169.0,2143.5,2148.0,2352160,2723644
10/09/2013,16:00,2145.5,2155.75,2137.5,2146.25,2485975,2703379
10/10/2013,16:00,2146.0,2185.25,2145.5,2182.5,2287318,2678669
10/11/2013,16:00,2180.5,2197.75,2170.5,2196.5,1558254,2673270
10/14/2013,16:00,2181.5,2204.25,2178.25,2201.75,1509558,2675494
10/15/2013,16:00,2203.75,2207.25,2187.0,2189.5,1872624,2676074
10/16/2013,16:00,2191.75,2214.5,2188.75,2210.75,1797067,2682298
10/17/2013,16:00,2209.5,2226.25,2203.75,2225.25,1669215,2698990
10/18/2013,16:00,2225.0,2237.75,2224.5,2234.0,1537541,2698460
10/21/2013,16:00,2235.5,2240.0,2232.25,2235.75,1138916,2710196
10/22/2013,16:00,2235.25,2252.0,2233.5,2247.0,1844860,2711974
10/23/2013,16:00,2247.0,2247.0,2232.0,2239.25,1520034,2720877
10/24/2013,16:00,2240.25,2249.25,2237.5,2246.0,1252875,2708628
10/25/2013,16:00,2245.5,2253.25,2240.25,2251.5,1253456,2731098
10/28/2013,16:00,2251.25,2259.75,2249.0,2256.5,1157924,2736038
10/29/2013,16:00,2256.5,2266.25,2252.0,2265.0,1189498,2741642
10/30/2013,16:00,2265.75,2270.75,2249.25,2258.0,1778748,2763150
10/31/2013,16:00,2255.25,2261.5,2247.75,2248.5,1885721,2745639
11/01/2013,16:00,2253.0,2258.75,2244.5,2252.25,1602379,2772579
11/04/2013,16:00,2251.5,2261.5,2250.75,2260.5,1005972,2759992
11/05/2013,16:00,2260.0,2261.5,2248.0,2254.0,1479362,2768514
11/06/2013,16:00,2254.75,2267.5,2253.25,2263.0,1322195,2767364
11/07/2013,16:00,2261.5,2272.0,2239.75,2242.75,2463701,2780995
11/08/2013,16:00,2242.25,2265.5,2234.0,2263.5,2071703,2782047
11/11/2013,16:00,2264.5,2267.75,2260.25,2265.0,960010,2780264
11/12/2013,16:00,2265.25,2267.25,2256.0,2262.5,1419105,2758394
11/13/2013,16:00,2262.25,2279.75,2251.75,2276.25,1682642,2763168
11/14/2013,16:00,2277.25,2286.5,2274.75,2285.25,1584763,2778941
11/15/2013,16:00,2285.25,2293.5,2284.0,2291.0,1227567,2821448
11/18/2013,16:00,2291.0,2297.25,2282.25,2286.25,1559073,2817239
11/19/2013,16:00,2287.0,2291.25,2279.5,2282.75,1587851,2817411
11/20/2013,16:00,2283.0,2291.75,2272.0,2277.25,2066306,2793119
11/21/2013,16:00,2277.0,2293.0,2273.25,2291.25,1390391,2799872
11/22/2013,16:00,2290.75,2300.75,2289.5,2298.75,1240120,2775739
11/25/2013,16:00,2299.5,2306.75,2296.0,2300.0,1114352,2800246
11/26/2013,16:00,2298.75,2304.5,2296.25,2299.5,1095564,2780581
11/27/2013,16:00,2299.5,2305.0,2298.75,2301.75,849593,2795281
11/29/2013,16:00,2306.0,2310.0,2300.25,2301.5,818602,2799542
12/02/2013,16:00,2303.75,2306.5,2294.5,2297.25,1330983,2803471
12/03/2013,16:00,2297.75,2299.25,2283.75,2289.0,1727930,2777349
12/04/2013,16:00,2289.5,2297.0,2275.25,2289.25,2107738,2777689
12/05/2013,16:00,2289.75,2291.75,2279.5,2281.5,1576138,2759983
12/06/2013,16:00,2282.0,2303.5,2281.75,2302.5,1757106,2707260
12/09/2013,16:00,2304.0,2309.0,2302.25,2306.5,1060287,2691899
12/10/2013,16:00,2306.75,2309.0,2298.5,2300.5,1174676,2638302
12/11/2013,16:00,2301.75,2305.5,2276.75,2278.25,2004200,2401923
12/12/2013,16:00,2278.0,2281.5,2269.25,2272.25,833656,957167
12/13/2013,16:00,2270.75,2280.5,2269.25,2272.25,1558496,1445598
12/16/2013,16:00,2272.25,2290.0,2257.75,2284.0,1793231,1895612
12/17/2013,16:00,2282.0,2286.25,2274.0,2276.75,1826251,2327433
12/18/2013,16:00,2276.0,2310.5,2264.5,2308.5,2702375,2580060
12/19/2013,16:00,2307.75,2310.5,2298.75,2305.75,1516505,2658894
12/20/2013,16:00,2306.25,2321.75,2306.25,2318.25,1356110,2720791
12/23/2013,16:00,2320.75,2328.25,2320.5,2326.5,737153,2734782
12/24/2013,16:00,2326.5,2333.25,2324.25,2332.75,314408,2745200
12/26/2013,16:00,2333.75,2341.5,2333.5,2340.25,438937,2758851
12/27/2013,16:00,2340.25,2343.75,2337.0,2340.25,622702,2765187
12/30/2013,16:00,2339.75,2342.25,2337.25,2338.5,581577,2754443
12/31/2013,16:00,2339.0,2350.25,2338.0,2344.75,653055,2782880
01/02/2014,16:00,2341.5,2344.5,2325.5,2330.25,1243227,2781562
01/03/2014,16:00,2331.0,2336.75,2324.25,2329.25,961601,2779107
01/06/2014,16:00,2327.75,2336.25,2321.0,2324.5,1369207,2766711
01/07/2014,16:00,2323.5,2338.5,2323.25,2334.5,1162443,2775966
01/08/2014,16:00,2334.5,2338.5,2329.25,2336.25,1330414,2781053
01/09/2014,16:00,2335.5,2342.75,2328.0,2336.75,1324605,2794685
01/10/2014,16:00,2337.0,2346.25,2330.0,2341.5,1455887,2818929
01/13/2014,16:00,2342.25,2342.5,2313.25,2318.75,1710408,2842950
01/14/2014,16:00,2319.5,2338.0,2316.5,2336.75,1595178,2868227
01/15/2014,16:00,2336.75,2349.5,2335.25,2345.25,1260095,2875586
01/16/2014,16:00,2345.25,2347.5,2338.25,2340.0,952497,2878637
01/17/2014,16:00,2341.75,2346.5,2333.0,2338.0,1182782,2855526
01/21/2014,16:00,2337.75,2347.75,2330.0,2342.25,1329662,2852205
01/22/2014,16:00,2341.25,2347.0,2338.5,2342.25,941604,2848291
01/23/2014,16:00,2342.75,2347.75,2317.5,2328.0,1815516,2873168
01/24/2014,16:00,2327.75,2331.75,2283.75,2285.75,2566321,2894357
01/27/2014,16:00,2285.5,2295.75,2270.75,2279.5,2776036,2881669
01/28/2014,16:00,2275.0,2300.75,2274.75,2292.0,1726338,2884678
01/29/2014,16:00,2299.75,2305.0,2267.75,2275.0,2740741,2915163
01/30/2014,16:00,2273.75,2297.5,2271.5,2285.0,1824579,2882901
01/31/2014,16:00,2287.25,2292.0,2265.0,2280.25,2389820,2910899
02/03/2014,16:00,2281.25,2287.5,2236.0,2236.5,3026524,2974534
02/04/2014,16:00,2242.0,2257.25,2237.75,2247.5,2325416,2944236
02/05/2014,16:00,2248.0,2254.5,2235.75,2247.75,2075514,2948425
02/06/2014,16:00,2248.5,2273.5,2247.75,2270.25,1739245,2948744
02/07/2014,16:00,2271.75,2297.75,2262.0,2297.25,2344919,2981889
02/10/2014,16:00,2296.75,2299.75,2290.0,2298.5,1148560,2990620
02/11/2014,16:00,2299.0,2323.25,2298.0,2317.25,1764385,3016462
02/12/2014,16:00,2317.0,2327.0,2315.0,2320.75,1385941,3033223
02/13/2014,16:00,2320.5,2330.75,2306.0,2328.0,1645236,3053239
02/14/2014,16:00,2327.5,2342.5,2319.75,2338.75,1365228,3062413
02/18/2014,16:00,2337.25,2344.0,2335.25,2341.25,1210508,3091043
02/19/2014,16:00,2341.0,2348.25,2327.0,2329.25,1771087,3119786
02/20/2014,16:00,2329.5,2344.0,2321.0,2340.0,1608588,3137291
02/21/2014,16:00,2339.75,2347.75,2336.5,2338.0,1316655,3158062
02/24/2014,16:00,2339.0,2360.5,2333.0,2349.75,1612323,3131431
02/25/2014,16:00,2348.5,2354.75,2341.0,2350.0,1566204,3108523
02/26/2014,16:00,2351.25,2357.0,2341.75,2345.75,1464320,3111778
02/27/2014,16:00,2347.5,2359.5,2336.5,2357.75,1615828,3122222
02/28/2014,16:00,2358.25,2370.25,2349.0,2361.25,2106508,3110444
03/03/2014,16:00,2349.75,2353.25,2336.0,2346.75,2376689,3165575
03/04/2014,16:00,2347.5,2378.5,2347.25,2375.25,1750397,3183505
03/05/2014,16:00,2374.5,2379.25,2371.5,2376.25,1254803,3181131
03/06/2014,16:00,2377.5,2384.75,2374.75,2380.0,1283006,3146004
03/07/2014,16:00,2380.25,2391.25,2373.0,2381.75,1756169,3104782
03/10/2014,16:00,2379.25,2382.5,2369.5,2381.0,1167755,3080700
03/11/2014,16:00,2380.0,2386.0,2366.75,2369.0,1609666,3050825
03/12/2014,16:00,2368.5,2372.75,2357.5,2371.5,1666288,3000644
03/13/2014,16:00,2372.0,2378.5,2345.25,2350.5,1144194,935257
03/14/2014,16:00,2350.75,2357.0,2342.75,2343.75,2197833,1552144
03/17/2014,16:00,2343.0,2366.5,2334.25,2361.5,1854428,2004732
03/18/2014,16:00,2362.5,2377.75,2356.25,2374.5,2054342,2525016
03/19/2014,16:00,2374.75,2378.25,2352.75,2363.0,2004270,2756352
03/20/2014,16:00,2362.0,2377.25,2355.5,2376.75,1671773,2814864
03/21/2014,16:00,2375.5,2387.5,2366.25,2367.75,1750423,2815873
03/24/2014,16:00,2366.25,2376.75,2352.0,2360.25,1835881,2807336
03/25/2014,16:00,2361.0,2375.25,2358.75,2370.0,1657649,2796385
03/26/2014,16:00,2369.75,2379.5,2352.25,2353.25,1898746,2805754
03/27/2014,16:00,2355.75,2359.25,2344.75,2351.25,2031166,2788523
03/28/2014,16:00,2354.25,2370.25,2352.25,2361.25,1502152,2790968
03/31/2014,16:00,2365.75,2378.75,2365.75,2375.25,1572419,2792893
04/01/2014,16:00,2375.0,2389.5,2373.0,2388.5,1213329,2793964
04/02/2014,16:00,2388.5,2397.0,2387.0,2393.75,1181442,2797469
04/03/2014,16:00,2393.25,2398.25,2386.25,2393.75,1239722,2798619
04/04/2014,16:00,2395.0,2403.25,2366.5,2370.75,2496813,2782262
04/07/2014,16:00,2371.75,2372.5,2345.25,2348.75,2179083,2772342
04/08/2014,16:00,2350.75,2359.75,2341.5,2355.75,1854828,2752796
04/09/2014,16:00,2355.75,2377.25,2354.5,2375.5,1414210,2740044
04/10/2014,16:00,2376.5,2378.25,2334.5,2337.75,2378458,2782527
04/11/2014,16:00,2340.25,2342.75,2318.0,2322.5,2527152,2789974
04/14/2014,16:00,2316.75,2338.75,2314.0,2335.25,1885532,2792211
04/15/2014,16:00,2335.75,2354.75,2320.0,2350.25,2609484,2795750
04/16/2014,16:00,2353.5,2367.75,2351.25,2363.5,1643896,2757716
04/17/2014,16:00,2363.25,2374.5,2358.0,2368.75,1255343,2766655
04/21/2014,16:00,2370.0,2376.25,2367.25,2375.25,533891,2766346
04/22/2014,16:00,2375.0,2389.5,2371.5,2384.75,1106460,2778573
04/23/2014,16:00,2383.75,2391.5,2378.25,2383.75,1000557,2789027
04/24/2014,16:00,2389.75,2393.25,2374.5,2383.75,1577086,2805837
04/25/2014,16:00,2383.5,2384.5,2363.75,2370.75,1507792,2806635
04/28/2014,16:00,2372.5,2382.5,2354.75,2376.75,2065197,2816864
04/29/2014,16:00,2376.75,2386.0,2375.75,2382.5,1219110,2835160
04/30/2014,16:00,2381.25,2391.0,2377.0,2388.75,1502102,2827771
05/01/2014,16:00,2390.25,2393.5,2382.25,2388.5,938351,2822994
05/02/2014,16:00,2389.5,2396.75,2382.75,2385.25,1717169,2823037
05/05/2014,16:00,2386.25,2390.75,2371.25,2386.5,1176754,2833539
05/06/2014,16:00,2388.25,2392.25,2372.5,2375.0,1379161,2829593
05/07/2014,16:00,2374.75,2386.5,2365.25,2385.0,1999538,2850823
05/08/2014,16:00,2385.25,2395.5,2375.75,2383.0,1753107,2863857
05/09/2014,16:00,2381.0,2385.75,2373.25,2384.25,1476536,2861995
05/12/2014,16:00,2384.75,2404.75,2384.75,2403.5,1183703,2903749
05/13/2014,16:00,2404.25,2409.25,2402.75,2405.0,1076997,2927690
05/14/2014,16:00,2405.5,2408.0,2393.0,2396.0,1186879,2917070
05/15/2014,16:00,2396.5,2399.25,2369.75,2378.0,2247238,2927173
05/16/2014,16:00,2378.0,2386.5,2372.0,2385.5,1522446,2907323
05/19/2014,16:00,2387.0,2393.75,2376.5,2393.0,1035685,2913686
05/20/2014,16:00,2392.25,2395.25,2375.5,2378.75,1564172,2926404
05/21/2014,16:00,2379.25,2397.25,2377.25,2395.75,1358710,2960598
05/22/2014,16:00,2394.5,2404.75,2393.5,2401.0,1026615,2969158
05/23/2014,16:00,2401.0,2410.0,2400.25,2407.75,761557,2964687
05/27/2014,16:00,2408.75,2420.75,2407.75,2420.0,922499,2984253
05/28/2014,16:00,2420.5,2424.75,2415.25,2419.75,1062079,2988976
05/29/2014,16:00,2420.25,2428.75,2418.0,2428.75,981817,2995771
05/30/2014,16:00,2427.75,2433.0,2425.0,2432.25,1169034,2993669
06/02/2014,16:00,2432.0,2435.0,2424.5,2432.5,1053526,3000582
06/03/2014,16:00,2432.25,2434.25,2426.75,2432.75,948001,2999092
06/04/2014,16:00,2433.5,2437.75,2426.75,2436.5,917108,3004762
06/05/2014,16:00,2436.5,2451.5,2431.75,2449.25,1676659,3004963
06/06/2014,16:00,2449.25,2460.5,2448.5,2460.0,1205739,3002048
06/09/2014,16:00,2460.0,2465.5,2456.5,2461.0,1026966,2967325
06/10/2014,16:00,2460.0,2462.5,2453.75,2461.25,1038073,2880779
06/11/2014,16:00,2461.5,2461.75,2449.25,2454.75,1348569,2675663
06/12/2014,16:00,2454.75,2458.5,2435.5,2441.25,770064,997767
06/13/2014,16:00,2441.5,2447.75,2437.0,2446.25,1525197,1494709
06/16/2014,16:00,2446.0,2451.5,2437.0,2447.25,1739592,1991427
06/17/2014,16:00,2447.0,2453.75,2441.75,2451.75,1817231,2500698
06/18/2014,16:00,2451.5,2468.25,2447.25,2467.0,1759084,2728287
06/19/2014,16:00,2466.0,2470.25,2462.0,2468.25,1422610,2802321
06/20/2014,16:00,2467.0,2474.75,2466.25,2471.25,1162086,2821923
06/23/2014,16:00,2470.75,2477.75,2468.0,2471.0,1024411,2853357
06/24/2014,16:00,2469.25,2478.0,2457.75,2461.25,1530560,2855130
06/25/2014,16:00,2460.25,2471.25,2455.25,2467.5,1532088,2872653
06/26/2014,16:00,2466.75,2470.5,2454.25,2466.75,1486643,2868132
06/27/2014,16:00,2466.25,2472.0,2460.75,2470.0,1176129,2891207
06/30/2014,16:00,2469.75,2474.75,2466.0,2470.5,1155861,2925452
07/01/2014,16:00,2472.5,2489.75,2471.5,2483.75,1455654,2929352
07/02/2014,16:00,2484.25,2488.0,2482.5,2485.75,920982,2915129
07/03/2014,16:00,2486.25,2496.25,2484.0,2495.5,846127,2906788
07/07/2014,16:00,2495.0,2495.5,2485.25,2489.0,1151705,2904863
07/08/2014,16:00,2488.5,2488.75,2470.75,2478.5,1776514,2915133
07/09/2014,16:00,2478.5,2486.25,2476.25,2485.25,1393006,2915996
07/10/2014,16:00,2485.5,2486.25,2463.25,2475.75,1972746,2908909
07/11/2014,16:00,2475.25,2481.5,2471.0,2480.5,1364154,2880205
07/14/2014,16:00,2480.75,2492.0,2480.5,2489.0,1003831,2909158
07/15/2014,16:00,2489.25,2494.25,2476.75,2486.0,1905617,2918047
07/16/2014,16:00,2486.25,2496.0,2485.0,2492.75,1320381,2927567
07/17/2014,16:00,2489.25,2494.0,2466.5,2471.5,2441561,2941204
07/18/2014,16:00,2467.25,2492.25,2460.5,2489.5,1796625,2949424
07/21/2014,16:00,2488.25,2489.5,2477.0,2484.25,1414256,2936374
07/22/2014,16:00,2483.75,2498.5,2483.25,2493.0,1274851,2934875
07/23/2014,16:00,2491.25,2501.5,2490.75,2498.75,1149621,2941364
07/24/2014,16:00,2499.0,2503.75,2494.75,2498.75,1165644,2943169
07/25/2014,16:00,2496.75,2498.75,2486.0,2489.5,1426906,2929174
07/28/2014,16:00,2488.75,2494.0,2478.75,2491.0,1368020,2938486
07/29/2014,16:00,2490.5,2497.5,2480.0,2481.0,1509091,2944211
07/30/2014,16:00,2482.25,2492.25,2474.5,2483.0,1768972,2928531
07/31/2014,16:00,2483.0,2483.5,2441.5,2442.75,2772401,2936401
08/01/2014,16:00,2444.0,2450.25,2428.25,2436.5,2886317,2901142
08/04/2014,16:00,2437.5,2455.5,2432.75,2450.0,1605356,2896652
08/05/2014,16:00,2449.0,2451.25,2425.5,2431.0,2137277,2897573
08/06/2014,16:00,2432.75,2441.5,2421.0,2432.75,1705227,2891258
08/07/2014,16:00,2432.75,2443.75,2417.75,2423.25,1954046,2916013
08/08/2014,16:00,2423.25,2446.25,2408.25,2441.75,1904778,2901948
08/11/2014,16:00,2441.5,2459.0,2441.25,2450.5,1178957,2910845
08/12/2014,16:00,2452.0,2456.75,2441.5,2448.5,1234217,2920411
08/13/2014,16:00,2450.25,2464.5,2448.75,2462.75,1120054,2932233
08/14/2014,16:00,2464.0,2473.0,2460.0,2471.5,967191,2947976
08/15/2014,16:00,2472.25,2479.0,2455.25,2470.5,1813411,2930057
08/18/2014,16:00,2473.75,2487.0,2473.75,2485.5,890465,2935727
08/19/2014,16:00,2486.5,2497.75,2486.25,2495.25,868384,2960508
08/20/2014,16:00,2495.75,2504.0,2491.0,2501.25,1058754,2954359
08/21/2014,16:00,2500.75,2510.0,2498.75,2507.5,841545,2962627
08/22/2014,16:00,2507.75,2509.5,2499.5,2505.75,1115885,2959504
08/25/2014,16:00,2508.0,2517.75,2506.75,2513.0,853066,2972614
08/26/2014,16:00,2512.5,2520.75,2510.25,2516.5,878014,2973216
08/27/2014,16:00,2517.25,2518.5,2511.5,2515.0,761368,2996449
08/28/2014,16:00,2514.75,2517.5,2505.5,2514.75,1088971,3004649
08/29/2014,16:00,2517.25,2521.75,2510.25,2519.5,1042385,3011118
09/02/2014,16:00,2518.5,2524.25,2510.75,2517.75,1244899,3008458
09/03/2014,16:00,2518.5,2529.0,2514.25,2516.75,1297828,3009547
09/04/2014,16:00,2516.75,2528.0,2508.75,2515.75,1519084,3005614
09/05/2014,16:00,2517.0,2525.75,2506.25,2524.0,1693274,2989310
09/08/2014,16:00,2524.5,2524.75,2512.0,2518.5,1212909,2992833
09/09/2014,16:00,2518.25,2521.0,2501.25,2507.75,1768258,3017688
09/10/2014,16:00,2507.5,2514.25,2499.5,2513.0,1590462,2885062
09/11/2014,16:00,2512.75,2517.5,2503.25,2515.0,803889,945046
09/12/2014,16:00,2517.25,2517.5,2497.25,2502.75,1861290,1556670
09/15/2014,16:00,2499.75,2505.0,2494.0,2502.0,1742226,2018909
09/16/2014,16:00,2502.75,2520.5,2496.25,2517.5,2081652,2509195
09/17/2014,16:00,2517.5,2529.25,2509.25,2519.75,2039712,2714990
09/18/2014,16:00,2521.5,2532.75,2519.0,2530.5,1402964,2796367
09/19/2014,16:00,2532.0,2540.5,2524.25,2529.75,1670453,2794169
09/22/2014,16:00,2528.0,2529.0,2508.5,2512.25,1578996,2785075
09/23/2014,16:00,2510.0,2514.0,2494.25,2498.25,1631355,2795261
09/24/2014,16:00,2495.75,2518.5,2495.5,2517.0,1566690,2810957
09/25/2014,16:00,2516.75,2517.5,2483.75,2487.5,2318873,2797856
09/26/2014,16:00,2487.0,2505.25,2482.5,2502.0,1680945,2793774
09/29/2014,16:00,2500.75,2503.0,2481.5,2495.5,1786769,2802910
09/30/2014,16:00,2494.75,2504.25,2486.5,2491.5,1991628,2794635
10/01/2014,16:00,2487.0,2493.0,2459.75,2466.75,2450968,2790666
10/02/2014,16:00,2466.75,2471.75,2444.25,2464.5,2721573,2751445
10/03/2014,16:00,2464.5,2490.5,2461.75,2486.25,1556834,2738142
10/06/2014,16:00,2487.0,2497.0,2476.5,2482.0,1727529,2745847
10/07/2014,16:00,2479.25,2482.25,2450.25,2454.0,2166031,2769360
10/08/2014,16:00,2452.25,2490.0,2444.0,2487.75,2521875,2735211
10/09/2014,16:00,2487.5,2494.5,2441.25,2451.0,3103761,2726452
10/10/2014,16:00,2443.0,2457.25,2419.25,2420.25,3069299,2749030
10/13/2014,16:00,2418.0,2432.0,2389.75,2391.5,2948075,2823640
10/14/2014,16:00,2392.25,2418.75,2390.75,2400.75,3114778,2820880
10/15/2014,16:00,2404.25,2409.25,2339.0,2372.75,4661757,2891394
10/16/2014,16:00,2372.75,2395.75,2341.25,2376.5,3368379,2822638
10/17/2014,16:00,2379.0,2417.75,2377.0,2407.0,2579053,2819776
10/20/2014,16:00,2410.0,2430.5,2398.25,2426.0,1653127,2799510
10/21/2014,16:00,2429.5,2465.75,2411.75,2464.0,2239114,2816714
10/22/2014,16:00,2464.25,2469.75,2446.25,2451.0,2022453,2828457
10/23/2014,16:00,2450.5,2482.25,2448.25,2472.0,2014997,2844152
10/24/2014,16:00,2472.0,2487.25,2457.75,2485.75,1601260,2829899
10/27/2014,16:00,2486.25,2491.75,2470.5,2483.0,1452059,2833776
10/28/2014,16:00,2483.75,2506.75,2482.75,2506.0,1571000,2856633
10/29/2014,16:00,2502.0,2511.75,2488.0,2498.25,1895667,2854076
10/30/2014,16:00,2497.75,2520.25,2485.25,2514.5,1980796,2883991
10/31/2014,16:00,2513.75,2542.75,2512.75,2537.5,1924396,2822107
11/03/2014,16:00,2537.25,2545.25,2533.0,2537.0,1361523,2813514
11/04/2014,16:00,2536.5,2539.75,2521.25,2531.5,1524332,2837987
11/05/2014,16:00,2532.25,2546.5,2529.75,2544.75,1574778,2856834
11/06/2014,16:00,2544.5,2555.25,2536.75,2554.0,1434905,2863233
11/07/2014,16:00,2553.25,2559.5,2546.5,2552.0,1282437,2851049
11/10/2014,16:00,2551.75,2561.0,2547.0,2560.0,967814,2863436
11/11/2014,16:00,2559.75,2565.0,2557.0,2562.5,779708,2868786
11/12/2014,16:00,2562.5,2563.25,2552.75,2562.0,1082280,2922873
11/13/2014,16:00,2560.75,2569.75,2552.75,2560.0,1541477,2937647
11/14/2014,16:00,2559.0,2565.75,2558.0,2564.0,1047384,2924312
11/17/2014,16:00,2564.5,2566.5,2551.25,2565.75,1061143,2924341
11/18/2014,16:00,2565.25,2580.0,2561.75,2574.5,1146480,2934115
11/19/2014,16:00,2574.75,2576.5,2563.75,2573.25,1188471,2933002
11/20/2014,16:00,2573.0,2578.75,2561.25,2578.0,1130058,2959677
11/21/2014,16:00,2578.25,2598.25,2575.75,2587.75,1634315,2957158
11/24/2014,16:00,2588.25,2595.0,2586.75,2593.5,793915,2958213
11/25/2014,16:00,2593.25,2599.0,2588.75,2593.5,977855,2955905
11/26/2014,16:00,2594.25,2601.25,2591.25,2598.25,743541,2945186
11/28/2014,16:00,2600.0,2600.75,2589.5,2592.25,783116,2959182
12/01/2014,16:00,2589.25,2590.0,2574.25,2576.75,1471696,2948066
12/02/2014,16:00,2577.0,2594.0,2576.75,2592.0,1152160,2962937
12/03/2014,16:00,2592.5,2602.0,2589.25,2598.5,925314,2944324
12/04/2014,16:00,2598.75,2603.25,2587.25,2598.0,1374378,2946103
12/05/2014,16:00,2597.75,2605.0,2594.5,2602.0,1148282,2908207
12/08/2014,16:00,2601.75,2603.5,2579.75,2585.5,1414138,2874241
12/09/2014,16:00,2586.25,2588.25,2559.25,2583.5,1893729,2818803
12/10/2014,16:00,2583.75,2586.0,2549.25,2552.5,2376052,2651642
12/11/2014,16:00,2552.75,2582.5,2550.0,2557.0,873589,916477
12/12/2014,16:00,2555.5,2558.5,2522.75,2523.5,2464056,1422793
12/15/2014,16:00,2523.5,2545.25,2507.5,2516.25,2811936,1818446
12/16/2014,16:00,2517.5,2544.25,2494.5,2498.0,3365454,2291872
12/17/2014,16:00,2499.75,2544.0,2499.0,2541.25,2765611,2634656
12/18/2014,16:00,2541.0,2595.75,2537.5,2593.0,2358167,2767647
12/19/2014,16:00,2593.25,2609.25,2589.5,2600.0,1765615,2720187
12/22/2014,16:00,2598.0,2609.0,2597.0,2605.5,858554,2719678
12/23/2014,16:00,2606.0,2617.5,2604.5,2612.0,777814,2732725
12/24/2014,16:00,2611.75,2616.5,2610.0,2611.75,235054,2732874
12/26/2014,16:00,2614.5,2621.75,2611.5,2617.25,309281,2728564
12/29/2014,16:00,2619.0,2621.75,2609.0,2618.75,636345,2739712
12/30/2014,16:00,2620.5,2621.5,2606.0,2609.75,718028,2741375
12/31/2014,16:00,2609.25,2615.75,2583.75,2585.5,836223,2769700
01/02/2015,16:00,2588.0,2600.25,2571.75,2579.25,1358348,2746750
01/05/2015,16:00,2578.75,2581.25,2542.5,2549.0,2033774,2735166
01/06/2015,16:00,2552.0,2556.5,2517.25,2527.5,2345361,2738793
01/07/2015,16:00,2529.5,2556.75,2528.75,2552.5,1760658,2719370
01/08/2015,16:00,2553.5,2591.5,2553.25,2588.0,1555733,2717604
01/09/2015,16:00,2586.75,2595.0,2564.25,2568.25,1907571,2678435
01/12/2015,16:00,2567.5,2581.25,2548.25,2555.5,1622204,2677998
01/13/2015,16:00,2556.75,2584.75,2534.0,2549.0,2496445,2702231
01/14/2015,16:00,2550.25,2552.5,2514.25,2540.5,2516599,2701273
01/15/2015,16:00,2542.75,2560.25,2511.25,2522.0,2259660,2742502
01/16/2015,16:00,2513.75,2547.25,2503.25,2546.0,2017979,2687724
01/20/2015,16:00,2542.0,2559.5,2530.5,2549.75,1807759,2693173
01/21/2015,16:00,2548.75,2565.75,2538.25,2559.5,1639269,2688767
01/22/2015,16:00,2559.75,2592.25,2552.25,2589.5,1834361,2701326
01/23/2015,16:00,2589.5,2595.5,2575.25,2577.0,1353089,2690889
01/26/2015,16:00,2568.0,2588.0,2558.5,2586.5,1264468,2696298
01/27/2015,16:00,2587.0,2587.75,2546.25,2563.0,1957000,2684751
01/28/2015,16:00,2569.5,2579.5,2524.25,2524.5,2087277,2743997
01/29/2015,16:00,2526.5,2553.0,2515.0,2551.5,2124643,2721183
01/30/2015,16:00,2552.25,2553.5,2519.25,2521.5,2353992,2740382
02/02/2015,16:00,2523.5,2551.5,2506.75,2550.0,2038824,2710794
02/03/2015,16:00,2548.0,2577.0,2540.0,2575.0,1705780,2714102
02/04/2015,16:00,2573.5,2582.25,2555.75,2563.0,1696963,2728704
02/05/2015,16:00,2558.0,2591.75,2553.75,2588.0,1343547,2724108
02/06/2015,16:00,2589.25,2601.0,2577.5,2586.0,1722475,2775438
02/09/2015,16:00,2583.0,2584.75,2569.5,2575.5,1289419,2762422
02/10/2015,16:00,2576.75,2599.5,2573.5,2595.25,1397704,2766377
02/11/2015,16:00,2595.75,2612.5,2586.25,2598.75,1295469,2749732
02/12/2015,16:00,2604.5,2618.5,2591.5,2617.0,1433910,2777622
02/13/2015,16:00,2616.0,2628.0,2614.5,2626.5,1224925,2776438
02/17/2015,16:00,2624.25,2631.75,2613.75,2629.0,1234818,2780511
02/18/2015,16:00,2629.5,2631.5,2621.5,2628.5,1088179,2782675
02/19/2015,16:00,2628.25,2632.5,2620.25,2628.25,1143901,2806657
02/20/2015,16:00,2628.75,2641.75,2615.25,2640.0,1645222,2826009
02/23/2015,16:00,2640.25,2641.25,2632.75,2639.75,849695,2835551
02/24/2015,16:00,2639.25,2648.75,2635.75,2646.75,1080747,2836074
02/25/2015,16:00,2646.75,2650.75,2640.25,2643.25,974711,2861642
02/26/2015,16:00,2643.5,2647.75,2634.5,2643.0,1176136,2866192
02/27/2015,16:00,2642.5,2644.0,2633.75,2635.75,1207187,2866335
03/02/2015,16:00,2637.0,2648.5,2633.5,2647.0,1075660,2871121
03/03/2015,16:00,2647.0,2647.5,2628.5,2637.75,1360995,2893603
03/04/2015,16:00,2637.75,2637.75,2618.25,2629.5,1490440,2910503
03/05/2015,16:00,2629.5,2636.5,2626.25,2632.75,1097593,2917569
03/06/2015,16:00,2632.5,2636.5,2598.5,2603.75,1901150,2987199
03/09/2015,16:00,2606.5,2615.5,2599.0,2610.75,1189658,2947997
03/10/2015,16:00,2610.5,2611.0,2574.25,2575.0,1903455,2942523
03/11/2015,16:00,2577.25,2585.25,2571.25,2572.5,1707510,2807778
03/12/2015,16:00,2575.25,2599.5,2571.25,2597.0,833748,875067
03/13/2015,16:00,2597.0,2601.75,2573.0,2582.75,1729733,1332264
03/16/2015,16:00,2583.75,2614.5,2577.75,2609.0,1698647,1793591
03/17/2015,16:00,2607.0,2611.0,2596.75,2606.75,1791792,2362080
03/18/2015,16:00,2606.75,2640.25,2592.75,2633.0,2013069,2586701
03/19/2015,16:00,2634.0,2639.5,2617.0,2622.0,1496920,2638127
03/20/2015,16:00,2620.0,2647.25,2618.25,2639.75,1417654,2608347
03/23/2015,16:00,2638.25,2647.5,2633.75,2635.25,957576,2607995
03/24/2015,16:00,2634.5,2641.5,2623.5,2625.5,1193863,2625047
03/25/2015,16:00,2625.75,2629.75,2592.75,2594.25,1777447,2620588
03/26/2015,16:00,2596.5,2599.25,2573.75,2589.0,1842218,2639622
03/27/2015,16:00,2590.5,2598.25,2581.5,2593.0,1158856,2640559
03/30/2015,16:00,2593.25,2622.25,2587.75,2616.0,1236364,2632578
03/31/2015,16:00,2615.25,2617.25,2596.75,2601.25,1596352,2655571
04/01/2015,16:00,2598.5,2601.25,2574.0,2593.5,1818878,2672112
04/02/2015,16:00,2595.75,2605.25,2584.5,2600.0,1047174,2645132
04/03/2015,16:00,2600.5,2604.25,2578.5,2580.25,95875,0
04/06/2015,16:00,2580.0,2620.5,2579.25,2613.75,948447,2654748
04/07/2015,16:00,2612.0,2623.25,2606.5,2608.25,1048474,2651631
04/08/2015,16:00,2609.0,2620.75,2605.0,2616.5,1217049,2644161
04/09/2015,16:00,2618.25,2627.5,2607.25,2626.25,1211778,2645082
04/10/2015,16:00,2626.5,2636.75,2623.5,2636.0,880529,2651679
04/13/2015,16:00,2635.75,2641.75,2625.75,2627.0,1080267,2650088
04/14/2015,16:00,2627.5,2633.25,2616.25,2631.5,1267366,2664126
04/15/2015,16:00,2632.25,2646.0,2627.75,2640.25,1045308,2666373
04/16/2015,16:00,2642.0,2645.25,2629.5,2641.25,1113607,2689405
04/17/2015,16:00,2641.75,2642.25,2605.0,2616.0,1822841,2702824
04/20/2015,16:00,2621.5,2638.0,2619.0,2631.5,1119881,2688683
04/21/2015,16:00,2630.0,2645.75,2627.75,2631.5,1052404,2683708
04/22/2015,16:00,2632.5,2644.25,2620.75,2640.75,1188586,2689547
04/23/2015,16:00,2639.75,2655.0,2628.0,2647.5,1362552,2713112
04/24/2015,16:00,2648.0,2655.25,2643.5,2652.25,958312,2711119
04/27/2015,16:00,2653.75,2660.25,2640.75,2645.25,1210483,2688678
04/28/2015,16:00,2644.25,2653.0,2628.75,2652.5,1476513,2706583
04/29/2015,16:00,2651.25,2653.0,2631.0,2639.5,1739720,2720143
04/30/2015,16:00,2638.75,2642.5,2610.75,2619.5,2026329,2765711
05/01/2015,16:00,2623.25,2643.0,2621.0,2642.0,1022085,2734463
05/04/2015,16:00,2642.25,2655.5,2638.5,2649.75,1000837,2721947
05/05/2015,16:00,2650.0,2652.25,2622.0,2624.5,1590274,2703366
05/06/2015,16:00,2626.0,2634.25,2601.75,2614.75,1756254,2729348
05/07/2015,16:00,2615.25,2628.75,2597.5,2624.75,1437746,2713209
05/08/2015,16:00,2625.75,2654.0,2624.5,2649.0,1379447,2722856
05/11/2015,16:00,2650.5,2654.0,2636.25,2638.25,1147278,2717411
05/12/2015,16:00,2638.25,2641.5,2619.75,2635.5,1483837,2710825
05/13/2015,16:00,2636.75,2647.0,2632.0,2635.0,1341325,2714341
05/14/2015,16:00,2636.5,2658.75,2632.5,2658.0,1104560,2725106
05/15/2015,16:00,2657.75,2663.25,2653.75,2659.5,1023893,2723990
05/18/2015,16:00,2659.75,2669.25,2652.75,2666.5,917101,2730361
05/19/2015,16:00,2667.25,2674.5,2661.75,2665.0,1001397,2716966
05/20/2015,16:00,2664.75,2672.75,2659.75,2663.0,1011268,2717293
05/21/2015,16:00,2661.25,2672.5,2655.5,2668.5,794479,2724877
05/22/2015,16:00,2669.75,2671.5,2663.25,2665.0,765943,2720027
05/26/2015,16:00,2665.0,2667.5,2636.5,2645.5,1589652,2723908
05/27/2015,16:00,2646.25,2664.75,2641.75,2661.5,1290556,2737526
05/28/2015,16:00,2660.5,2663.25,2651.0,2662.25,1082365,2746809
05/29/2015,16:00,2662.25,2663.25,2642.75,2646.5,1692162,2766529
06/01/2015,16:00,2647.5,2658.25,2640.75,2649.75,1338859,2763714
06/02/2015,16:00,2651.5,2656.5,2634.5,2647.25,1442814,2760870
06/03/2015,16:00,2647.5,2661.25,2647.25,2656.5,1314954,2751605
06/04/2015,16:00,2656.75,2657.0,2631.75,2639.5,1717287,2785151
06/05/2015,16:00,2639.25,2643.25,2624.0,2632.75,1460654,2777034
06/08/2015,16:00,2632.5,2633.75,2616.75,2618.75,1290922,2780512
06/09/2015,16:00,2620.5,2625.25,2609.25,2620.5,1449695,2747909
06/10/2015,16:00,2621.25,2648.5,2620.5,2647.5,1665519,2589953
06/11/2015,16:00,2646.75,2655.0,2643.75,2649.75,746891,755803
06/12/2015,16:00,2649.5,2649.75,2630.25,2633.25,1763160,1262058
06/15/2015,16:00,2624.75,2629.75,2611.0,2623.75,1999786,1764777
06/16/2015,16:00,2623.5,2638.25,2610.25,2637.25,1657466,2246290
06/17/2015,16:00,2638.0,2647.0,2627.0,2637.5,1578971,2433892
06/18/2015,16:00,2637.25,2667.5,2630.25,2663.0,1902148,2549027
06/19/2015,16:00,2663.0,2666.0,2645.25,2646.0,1239246,2537546
06/22/2015,16:00,2654.0,2670.25,2651.75,2661.0,1095709,2563433
06/23/2015,16:00,2663.0,2668.75,2659.5,2664.75,837133,2554179
06/24/2015,16:00,2665.75,2666.75,2647.25,2647.75,1163124,2536478
06/25/2015,16:00,2649.5,2661.0,2640.25,2642.25,1218149,2534335
06/26/2015,16:00,2643.0,2649.0,2634.5,2644.0,1321884,2526649
06/29/2015,16:00,2612.25,2631.5,2595.5,2598.75,2292340,2614259
06/30/2015,16:00,2602.75,2617.25,2595.0,2602.75,2381572,2615790
07/01/2015,16:00,2602.75,2625.75,2602.75,2619.25,1496815,2624007
07/02/2015,16:00,2619.75,2627.25,2610.5,2617.0,1252317,2625405
07/06/2015,16:00,2617.0,2620.0,2582.5,2612.75,1973058,2657211
07/07/2015,16:00,2616.0,2626.25,2583.25,2622.0,2531662,2658021
07/08/2015,16:00,2621.25,2621.5,2584.5,2587.5,2393226,2729842
07/09/2015,16:00,2588.0,2616.25,2586.5,2589.5,1981972,2667051
07/10/2015,16:00,2593.0,2623.0,2593.0,2617.25,1573858,2619051
07/13/2015,16:00,2603.0,2643.0,2600.25,2642.75,1333579,2619098
07/14/2015,16:00,2642.25,2653.75,2638.75,2650.25,955518,2600930
07/15/2015,16:00,2650.75,2656.0,2643.25,2652.5,1147598,2584404
07/16/2015,16:00,2652.25,2666.75,2651.0,2665.25,1107382,2609902
07/17/2015,16:00,2665.25,2668.25,2661.0,2667.0,903686,2592829
07/20/2015,16:00,2666.25,2674.5,2664.75,2670.25,937630,2610884
07/21/2015,16:00,2669.5,2673.25,2655.0,2662.75,1209300,2620479
07/22/2015,16:00,2656.0,2660.25,2650.5,2656.25,1224393,2627734
07/23/2015,16:00,2657.5,2662.0,2639.75,2646.75,1437249,2641582
07/24/2015,16:00,2649.25,2652.25,2618.0,2625.75,1669725,2675616
07/27/2015,16:00,2626.5,2629.0,2604.75,2612.75,1781810,2699408
07/28/2015,16:00,2613.75,2637.25,2609.75,2635.5,1725788,2671539
07/29/2015,16:00,2636.25,2652.5,2632.75,2649.75,1397228,2657695
07/30/2015,16:00,2647.75,2652.5,2636.0,2652.0,1286157,2654075
07/31/2015,16:00,2650.0,2657.5,2643.5,2646.75,1602805,2668917
08/03/2015,16:00,2647.0,2650.75,2628.25,2639.25,1512106,2669093
08/04/2015,16:00,2638.75,2644.5,2629.75,2631.25,1327878,2675097
08/05/2015,16:00,2630.75,2655.25,2630.5,2642.0,1384241,2656916
08/06/2015,16:00,2642.25,2647.5,2618.25,2627.75,1608876,2673527
08/07/2015,16:00,2628.25,2631.0,2610.25,2621.75,1596391,2717584
08/10/2015,16:00,2620.25,2649.5,2620.0,2648.0,1198912,2707594
08/11/2015,16:00,2649.0,2650.0,2619.0,2628.0,1783349,2736342
08/12/2015,16:00,2629.0,2633.5,2594.75,2632.5,2364321,2767869
08/13/2015,16:00,2631.0,2641.25,2621.5,2628.75,1496065,2773957
08/14/2015,16:00,2627.5,2638.75,2622.0,2637.75,1069465,2773006
08/17/2015,16:00,2637.75,2648.75,2623.0,2647.5,1292437,2783936
08/18/2015,16:00,2646.5,2652.0,2638.5,2642.25,1135552,2787015
08/19/2015,16:00,2641.5,2646.25,2614.75,2621.0,2289064,2805536
08/20/2015,16:00,2621.75,2626.0,2572.75,2573.75,2583142,2876543
08/21/2015,16:00,2574.5,2577.25,2515.5,2519.75,4168331,2938889
08/24/2015,16:00,2512.75,2513.0,2379.25,2419.5,5258752,3076257
08/25/2015,16:00,2421.0,2496.75,2408.25,2421.0,3658827,3069752
08/26/2015,16:00,2424.25,2491.25,2398.75,2486.25,3527300,3073835
08/27/2015,16:00,2489.5,2538.5,2482.75,2537.5,2940255,2964630
08/28/2015,16:00,2536.5,2541.0,2515.5,2538.0,1968514,2979180
08/31/2015,16:00,2534.5,2536.0,2507.5,2517.5,1876279,3011216
09/01/2015,16:00,2513.75,2514.5,2447.0,2464.25,2822050,3112082
09/02/2015,16:00,2461.75,2497.25,2455.5,2495.25,2178629,3096800
09/03/2015,16:00,2495.75,2521.75,2490.25,2494.25,2054305,3083716
09/04/2015,16:00,2495.5,2497.5,2456.0,2470.0,2138986,3137489
09/08/2015,16:00,2465.0,2517.0,2464.0,2514.0,1880634,3050459
09/09/2015,16:00,2514.75,2540.25,2483.75,2491.0,2144217,2957340
09/10/2015,16:00,2492.25,2515.25,2476.5,2497.25,1023035,806532
09/11/2015,16:00,2497.0,2510.0,2485.0,2507.75,1511006,1269688
09/14/2015,16:00,2510.5,2521.75,2494.0,2501.5,1574502,1747635
09/15/2015,16:00,2501.0,2530.5,2492.75,2527.5,2035624,2385584
09/16/2015,16:00,2527.75,2546.5,2520.25,2545.5,1644800,2665413
09/17/2015,16:00,2544.0,2569.25,2529.5,2534.75,2327768,2813414
09/18/2015,16:00,2534.0,2540.5,2498.75,2508.0,2423501,2876037
09/21/2015,16:00,2506.75,2526.5,2496.0,2520.5,1513503,2862583
09/22/2015,16:00,2521.75,2522.5,2475.25,2489.5,1985152,2876302
09/23/2015,16:00,2488.0,2499.25,2468.0,2486.0,1423965,2872265
09/24/2015,16:00,2489.25,2493.75,2454.75,2476.25,2218286,2864458
09/25/2015,16:00,2470.75,2508.5,2467.75,2476.75,2080724,2818148
09/28/2015,16:00,2473.0,2487.25,2426.25,2429.5,2354063,2885060
09/29/2015,16:00,2433.75,2447.25,2418.5,2432.0,2374651,2896165
09/30/2015,16:00,2432.5,2468.0,2428.75,2466.25,2216643,2867181
10/01/2015,16:00,2460.0,2487.0,2447.75,2474.25,2052465,2866971
10/02/2015,16:00,2474.5,2501.25,2440.5,2500.5,2466082,2898003
10/05/2015,16:00,2498.5,2537.5,2494.75,2532.25,1675519,2895436
10/06/2015,16:00,2530.5,2539.75,2520.0,2526.0,1606289,2894614
10/07/2015,16:00,2518.5,2548.75,2518.0,2544.75,1937061,2884317
10/08/2015,16:00,2545.25,2566.25,2528.5,2564.0,1803978,2917911
10/09/2015,16:00,2561.5,2571.5,2556.25,2565.0,1378359,2905895
10/12/2015,16:00,2562.75,2571.5,2559.25,2568.5,804576,2905112
10/13/2015,16:00,2569.5,2572.25,2548.75,2551.5,1518662,2880221
10/14/2015,16:00,2549.0,2559.25,2540.0,2541.5,1780661,2881542
10/15/2015,16:00,2543.25,2577.0,2542.5,2576.5,1731138,2892169
10/16/2015,16:00,2575.75,2584.0,2569.75,2583.0,1362298,2887889
10/19/2015,16:00,2582.0,2585.5,2571.75,2585.0,1306548,2890340
10/20/2015,16:00,2584.0,2589.0,2576.0,2578.0,1276349,2896843
10/21/2015,16:00,2577.25,2591.75,2565.0,2566.0,1791221,2890408
10/22/2015,16:00,2568.0,2613.5,2566.0,2610.5,2099217,2857210
10/23/2015,16:00,2611.75,2632.0,2610.75,2623.5,2067465,2788563
10/26/2015,16:00,2623.5,2625.5,2615.0,2619.75,1184323,2754513
10/27/2015,16:00,2621.25,2622.25,2608.75,2618.0,1243601,2757750
10/28/2015,16:00,2619.5,2642.75,2613.0,2642.0,1890861,2773132
10/29/2015,16:00,2638.5,2644.0,2630.75,2640.5,1407730,2779503
10/30/2015,16:00,2642.25,2652.25,2627.25,2631.25,1751269,2748794
11/02/2015,16:00,2630.5,2657.5,2621.75,2653.0,1284044,2774901
11/03/2015,16:00,2650.75,2667.75,2646.5,2660.5,1348316,2764810
11/04/2015,16:00,2660.0,2667.25,2648.0,2652.25,1546504,2767546
11/05/2015,16:00,2653.0,2662.25,2641.5,2651.5,1538081,2773738
11/06/2015,16:00,2652.25,2656.5,2635.0,2651.25,1846631,2780419
11/09/2015,16:00,2649.5,2655.25,2619.5,2630.5,1856213,2816439
11/10/2015,16:00,2629.75,2636.5,2622.0,2635.5,1286098,2826631
11/11/2015,16:00,2634.0,2644.75,2625.25,2626.5,1171396,2810012
11/12/2015,16:00,2626.0,2635.0,2597.0,2598.0,1807653,2804669
11/13/2015,16:00,2598.0,2603.5,2569.0,2576.0,2128939,2819215
11/16/2015,16:00,2564.0,2608.5,2556.0,2605.5,1711062,2803541
11/17/2015,16:00,2605.25,2621.0,2599.0,2606.5,1621036,2771239
11/18/2015,16:00,2607.25,2640.0,2600.5,2637.25,1543330,2788869
11/19/2015,16:00,2635.75,2646.75,2632.75,2636.75,1284869,2790570
11/20/2015,16:00,2635.75,2652.0,2633.5,2646.25,1273905,2751554
11/23/2015,16:00,2647.25,2650.5,2635.75,2641.75,976103,2759407
11/24/2015,16:00,2640.5,2649.0,2623.0,2642.25,1517871,2756429
11/25/2015,16:00,2641.5,2650.0,2639.75,2645.5,746319,2761335
11/27/2015,16:00,2647.0,2655.75,2639.0,2647.5,653387,2763546
11/30/2015,16:00,2647.0,2652.5,2636.0,2637.25,1389020,2764688
12/01/2015,16:00,2643.0,2659.0,2641.0,2657.5,1482186,2759024
12/02/2015,16:00,2657.0,2662.5,2632.5,2639.0,1725833,2741368
12/03/2015,16:00,2640.75,2652.75,2597.5,2608.75,2655148,2748380
12/04/2015,16:00,2610.75,2650.5,2604.25,2646.0,2269530,2668096
12/07/2015,16:00,2649.75,2653.0,2622.0,2638.5,1699318,2642562
12/08/2015,16:00,2637.5,2639.0,2607.75,2616.25,2005017,2624311
12/09/2015,16:00,2617.0,2637.25,2591.75,2599.5,2690846,2452093
12/10/2015,16:00,2602.5,2624.0,2601.0,2606.25,783692,787824
12/11/2015,16:00,2607.75,2613.0,2561.5,2566.5,2345329,1264033
12/14/2015,16:00,2566.75,2584.75,2548.5,2574.75,2652781,1775616
12/15/2015,16:00,2578.25,2611.0,2575.25,2602.25,2159593,2294823
12/16/2015,16:00,2602.75,2634.0,2596.25,2629.0,2035482,2448737
12/17/2015,16:00,2626.0,2638.0,2588.0,2590.0,2114912,2525720
12/18/2015,16:00,2589.25,2595.0,2556.25,2557.25,2118900,2570329
12/21/2015,16:00,2562.5,2584.75,2560.5,2580.25,1275266,2561504
12/22/2015,16:00,2582.25,2601.75,2572.5,2601.25,1144898,2542077
12/23/2015,16:00,2599.25,2623.0,2596.0,2618.25,1003982,2512689
12/24/2015,16:00,2617.75,2625.0,2614.25,2616.5,325205,2490347
12/28/2015,16:00,2616.5,2619.75,2600.5,2614.0,696448,2490832
12/29/2015,16:00,2615.0,2639.75,2612.75,2638.0,832686,2496174
12/30/2015,16:00,2637.25,2640.25,2618.75,2619.75,720601,2486459
12/31/2015,16:00,2620.5,2623.0,2595.5,2600.75,1029390,2492297
01/04/2016,16:00,2603.0,2608.75,2545.5,2574.25,2216549,2569569
01/05/2016,16:00,2574.25,2582.25,2557.5,2577.0,1688974,2562248
01/06/2016,16:00,2576.0,2578.5,2535.75,2551.25,2237518,2579137
01/07/2016,16:00,2553.0,2556.25,2493.75,2498.25,2969295,2610790
01/08/2016,16:00,2501.75,2530.0,2475.25,2476.75,2694404,2679953
01/11/2016,16:00,2474.5,2494.25,2457.75,2479.5,2490336,2718509
01/12/2016,16:00,2478.75,2505.5,2464.25,2490.25,2428110,2728789
01/13/2016,16:00,2487.75,2511.75,2443.25,2446.75,2899958,2767647
01/14/2016,16:00,2449.0,2492.75,2436.25,2479.75,3045826,2774821
01/15/2016,16:00,2478.75,2486.25,2414.5,2440.25,3441956,2848559
01/19/2016,16:00,2435.0,2472.75,2421.5,2438.25,2796679,2841234
01/20/2016,16:00,2437.0,2443.75,2369.5,2420.25,3929776,2867832
01/21/2016,16:00,2420.0,2448.5,2401.5,2426.25,2729407,2850850
01/22/2016,16:00,2423.75,2467.5,2421.0,2464.5,2106526,2841461
01/25/2016,16:00,2464.75,2469.5,2432.75,2435.5,1640401,2862213
01/26/2016,16:00,2437.0,2465.0,2416.5,2461.25,1780235,2870149
01/27/2016,16:00,2450.5,2475.25,2429.75,2440.25,2113363,2897826
01/28/2016,16:00,2445.25,2467.75,2431.0,2446.0,2254109,2872487
01/29/2016,16:00,2444.0,2498.25,2441.75,2495.25,2406399,2878549
02/01/2016,16:00,2495.0,2505.25,2477.75,2496.5,1748062,2888962
02/02/2016,16:00,2493.75,2494.5,2454.25,2462.75,2102411,2941058
02/03/2016,16:00,2460.25,2477.5,2430.25,2473.75,2848193,2944156
02/04/2016,16:00,2473.0,2487.5,2455.5,2473.0,2255360,2940610
02/05/2016,16:00,2470.5,2479.75,2431.0,2440.5,2320680,2998346
02/08/2016,16:00,2441.5,2449.75,2387.0,2417.25,2674512,3013528
02/09/2016,16:00,2415.0,2429.0,2391.0,2413.5,2792208,3002017
02/10/2016,16:00,2415.25,2443.0,2403.75,2412.0,2359881,3001438
02/11/2016,16:00,2407.5,2412.5,2367.75,2389.75,3203999,3021157
02/12/2016,16:00,2392.5,2426.0,2387.75,2423.5,2018154,2980271
02/16/2016,16:00,2430.5,2458.0,2430.25,2454.0,2034059,3003822
02/17/2016,16:00,2453.5,2493.25,2446.75,2488.0,1854185,2983644
02/18/2016,16:00,2492.0,2498.75,2476.5,2481.75,1615605,2975816
02/19/2016,16:00,2482.75,2488.0,2463.75,2479.75,1616647,2974705
02/22/2016,16:00,2476.25,2509.0,2473.5,2501.5,1425321,2985993
02/23/2016,16:00,2499.25,2503.25,2479.0,2481.25,1600879,2986569
02/24/2016,16:00,2479.25,2499.0,2452.0,2495.5,2315370,3001982
02/25/2016,16:00,2498.25,2516.75,2485.5,2515.75,1844284,3023219
02/26/2016,16:00,2514.25,2534.0,2506.5,2508.0,1876651,3014453
02/29/2016,16:00,2508.25,2521.5,2491.75,2494.75,1826411,3014983
03/01/2016,16:00,2493.25,2543.75,2486.0,2543.25,2035550,3008297
03/02/2016,16:00,2541.5,2550.0,2531.5,2548.75,1821662,3008594
03/03/2016,16:00,2547.0,2557.75,2540.0,2555.75,1555391,3018684
03/04/2016,16:00,2556.25,2572.75,2549.25,2560.25,2247812,3012243
03/07/2016,16:00,2559.75,2569.75,2549.75,2564.25,1633347,3005808
03/08/2016,16:00,2564.25,2565.5,2541.25,2546.25,1931272,2931226
03/09/2016,16:00,2547.0,2559.25,2543.25,2554.25,1744984,2746033
03/10/2016,16:00,2555.5,2575.5,2532.5,2554.0,1048138,875859
03/11/2016,16:00,2554.25,2587.25,2552.5,2585.0,1828591,1329369
03/14/2016,16:00,2584.0,2589.5,2576.5,2583.75,1651775,1761358
03/15/2016,16:00,2583.75,2584.5,2569.5,2581.0,1910850,2333364
03/16/2016,16:00,2581.25,2597.25,2571.5,2591.75,2043775,2630307
03/17/2016,16:00,2591.5,2611.25,2580.25,2604.75,2136877,2781180
03/18/2016,16:00,2605.75,2617.25,2601.5,2612.0,1775664,2810412
03/21/2016,16:00,2611.0,2619.0,2605.5,2617.25,1278261,2804277
03/22/2016,16:00,2617.75,2622.0,2603.25,2617.0,1496196,2811527
03/23/2016,16:00,2617.5,2619.75,2599.75,2603.25,1557185,2811251
03/24/2016,16:00,2602.5,2604.75,2586.75,2603.0,1524072,2802444
03/28/2016,16:00,2604.75,2614.25,2596.5,2602.5,907834,2808249
03/29/2016,16:00,2602.25,2623.75,2593.75,2622.0,1549483,2839325
03/30/2016,16:00,2623.0,2639.0,2621.25,2629.75,1627085,2857423
03/31/2016,16:00,2630.0,2634.25,2621.75,2626.0,1736311,2840616
04/01/2016,16:00,2627.25,2641.5,2609.75,2639.5,2051323,2868902
04/04/2016,16:00,2638.5,2646.0,2628.75,2632.0,1380117,2854772
04/05/2016,16:00,2630.0,2630.0,2608.75,2613.25,1827488,2855118
04/06/2016,16:00,2616.5,2635.0,2609.5,2634.75,1894599,2853456
04/07/2016,16:00,2634.25,2636.5,2600.5,2609.5,2052195,2866053
04/08/2016,16:00,2609.0,2628.75,2604.75,2615.25,1768420,2847223
04/11/2016,16:00,2615.5,2631.0,2607.0,2609.0,1679757,2856177
04/12/2016,16:00,2607.0,2633.0,2603.75,2630.25,1831285,2841320
04/13/2016,16:00,2629.75,2651.5,2628.5,2650.5,1637033,2848286
04/14/2016,16:00,2650.5,2656.25,2643.0,2651.0,1363745,2845632
04/15/2016,16:00,2652.25,2654.5,2644.0,2649.5,1230494,2824244
04/18/2016,16:00,2638.75,2663.25,2633.0,2661.25,1400343,2852963
04/19/2016,16:00,2659.75,2673.0,2659.25,2668.25,1565161,2851161
04/20/2016,16:00,2668.75,2679.75,2660.25,2672.5,1464683,2857101
04/21/2016,16:00,2672.25,2678.5,2653.25,2657.25,1638276,2826367
04/22/2016,16:00,2654.25,2663.5,2649.5,2660.5,1497994,2844218
04/25/2016,16:00,2666.0,2666.0,2645.5,2657.75,1280888,2847329
04/26/2016,16:00,2658.75,2665.75,2654.0,2663.0,1225834,2842322
04/27/2016,16:00,2656.75,2668.5,2650.75,2665.25,1420203,2837325
04/28/2016,16:00,2667.0,2668.75,2639.75,2647.0,1938653,2820781
04/29/2016,16:00,2648.25,2650.5,2620.25,2633.5,2419757,2773168
05/02/2016,16:00,2635.25,2652.0,2630.0,2648.75,1306173,2775854
05/03/2016,16:00,2650.0,2650.75,2622.5,2631.5,1827577,2776044
05/04/2016,16:00,2632.0,2634.75,2613.5,2621.5,1557981,2793137
05/05/2016,16:00,2621.0,2634.5,2614.0,2618.5,1433289,2795501
05/06/2016,16:00,2618.0,2629.0,2605.0,2627.25,1813432,2784714
05/09/2016,16:00,2627.5,2634.25,2622.75,2628.75,1370423,2786287
05/10/2016,16:00,2628.5,2654.25,2622.5,2652.0,1416966,2818389
05/11/2016,16:00,2651.75,2653.25,2632.0,2632.5,1471852,2791285
05/12/2016,16:00,2633.5,2647.25,2623.0,2633.25,1799103,2788453
05/13/2016,16:00,2633.75,2638.0,2613.0,2618.0,1878403,2795106
05/16/2016,16:00,2615.75,2643.0,2609.5,2637.25,1421736,2807176
05/17/2016,16:00,2636.5,2644.0,2611.25,2618.0,1988181,2803597
05/18/2016,16:00,2618.25,2632.25,2605.25,2616.0,2085972,2825083
05/19/2016,16:00,2618.0,2619.25,2596.5,2613.25,2055973,2849694
05/20/2016,16:00,2613.25,2630.0,2611.75,2624.5,1583721,2883517
05/23/2016,16:00,2627.75,2630.5,2618.0,2619.75,1183296,2890979
05/24/2016,16:00,2619.5,2651.75,2615.75,2649.5,1603195,2921127
05/25/2016,16:00,2649.5,2667.0,2648.0,2661.75,1442270,2921940
05/26/2016,16:00,2663.25,2666.25,2657.0,2664.25,968439,2915095
05/27/2016,16:00,2665.0,2673.25,2662.5,2671.75,1035175,2923990
05/31/2016,16:00,2674.5,2678.25,2660.5,2669.5,1631254,2920359
06/01/2016,16:00,2668.5,2673.75,2657.75,2672.5,1317565,2929830
06/02/2016,16:00,2671.25,2679.25,2661.25,2678.25,1299962,2962011
06/03/2016,16:00,2678.0,2680.5,2657.25,2672.25,1746160,2982125
06/06/2016,16:00,2672.0,2686.75,2668.5,2682.75,1272974,2969778
06/07/2016,16:00,2682.75,2692.5,2681.0,2684.75,1125951,2946364
06/08/2016,16:00,2684.75,2694.25,2681.0,2692.5,1308451,2850221
06/09/2016,16:00,2692.0,2693.0,2680.75,2688.75,785978,776981
06/10/2016,16:00,2688.0,2688.25,2663.0,2670.75,1799239,1213016
06/13/2016,16:00,2664.5,2672.75,2650.0,2653.25,2515271,1865658
06/14/2016,16:00,2650.75,2656.25,2638.25,2649.5,2770212,2419029
06/15/2016,16:00,2648.0,2663.0,2643.25,2647.0,1917677,2680115
06/16/2016,16:00,2646.0,2655.0,2624.25,2654.0,2446637,2759833
06/17/2016,16:00,2652.25,2658.25,2636.75,2642.5,1833560,2774441
06/20/2016,16:00,2654.5,2676.0,2653.75,2657.75,1598465,2781532
06/21/2016,16:00,2662.5,2669.5,2657.5,2664.0,1400709,2769327
06/22/2016,16:00,2662.75,2674.75,2658.75,2660.25,1419838,2779028
06/23/2016,16:00,2666.5,2696.75,2666.5,2689.25,1314510,2767191
06/24/2016,16:00,2699.25,2703.0,2582.5,2602.0,4174598,2936291
06/27/2016,16:00,2597.25,2606.0,2565.0,2568.5,3021015,2971282
06/28/2016,16:00,2566.0,2613.25,2565.75,2612.0,2285755,2938555
06/29/2016,16:00,2611.75,2658.25,2606.25,2650.25,2065151,3014342
06/30/2016,16:00,2655.75,2674.75,2640.0,2673.75,2301226,2999878
07/01/2016,16:00,2670.0,2684.25,2665.0,2679.75,1665376,2964059
07/05/2016,16:00,2683.25,2688.25,2656.0,2666.25,1862935,2990285
07/06/2016,16:00,2667.5,2678.0,2649.25,2677.5,2054794,2991181
07/07/2016,16:00,2675.5,2685.5,2665.25,2675.5,1666356,2972636
07/08/2016,16:00,2675.5,2709.0,2671.0,2704.0,1962358,2990354
07/11/2016,16:00,2703.75,2720.25,2703.5,2713.75,1467322,2989265
07/12/2016,16:00,2714.25,2732.75,2712.0,2729.25,1704053,2954643
07/13/2016,16:00,2729.25,2735.75,2723.0,2729.5,1633489,2971143
07/14/2016,16:00,2728.75,2751.5,2726.25,2740.75,1782561,2972196
07/15/2016,16:00,2740.0,2748.25,2726.75,2736.25,1518276,2929258
07/18/2016,16:00,2738.0,2746.75,2736.25,2743.5,1205765,2948315
07/19/2016,16:00,2743.5,2744.25,2734.75,2742.25,1151631,2949823
07/20/2016,16:00,2742.5,2753.25,2738.75,2751.0,1134131,2941964
07/21/2016,16:00,2751.75,2753.75,2737.0,2741.5,1300678,2924164
07/22/2016,16:00,2742.5,2752.75,2739.5,2751.0,1133059,2948052
07/25/2016,16:00,2751.25,2756.0,2739.25,2745.75,1264905,2933070
07/26/2016,16:00,2746.25,2751.5,2737.25,2746.75,1609035,2934771
07/27/2016,16:00,2749.5,2752.75,2735.5,2744.0,1642569,2924284
07/28/2016,16:00,2746.25,2752.0,2737.0,2748.25,1622142,2925225
07/29/2016,16:00,2749.0,2755.25,2741.0,2751.75,1718155,2881534
08/01/2016,16:00,2757.5,2761.25,2743.25,2748.0,1659094,2894206
08/02/2016,16:00,2749.5,2754.5,2725.0,2736.25,1958950,2902982
08/03/2016,16:00,2735.75,2741.75,2728.75,2740.5,1371176,2900807
08/04/2016,16:00,2740.25,2747.75,2737.5,2742.75,1239577,2885181
08/05/2016,16:00,2743.0,2762.0,2742.75,2760.25,1370482,2882132
08/08/2016,16:00,2759.5,2766.5,2756.75,2759.0,970557,2855905
08/09/2016,16:00,2759.5,2767.0,2757.25,2761.0,1191826,2877471
08/10/2016,16:00,2761.5,2765.0,2751.25,2756.25,1371937,2892125
08/11/2016,16:00,2756.0,2768.75,2753.5,2765.25,1326004,2894148
08/12/2016,16:00,2765.25,2767.5,2759.0,2763.75,1270055,2893992
08/15/2016,16:00,2764.25,2774.25,2764.0,2769.5,1090675,2918800
08/16/2016,16:00,2769.5,2769.75,2758.75,2760.25,1391768,2892388
08/17/2016,16:00,2761.0,2765.5,2749.0,2763.25,1702425,2895653
08/18/2016,16:00,2764.25,2768.0,2759.75,2767.0,1201115,2910049
08/19/2016,16:00,2767.0,2767.75,2756.0,2765.25,1431860,2911683
08/22/2016,16:00,2765.25,2768.0,2757.0,2765.0,1543249,2920136
08/23/2016,16:00,2764.25,2775.0,2762.75,2768.75,1125503,2940595
08/24/2016,16:00,2769.25,2771.25,2752.25,2758.5,1508048,2941003
08/25/2016,16:00,2758.5,2760.75,2751.0,2757.0,1501328,2938857
08/26/2016,16:00,2757.5,2770.25,2741.0,2752.0,2535682,2944282
08/29/2016,16:00,2751.25,2765.75,2748.0,2762.75,1245215,2971033
08/30/2016,16:00,2763.5,2765.0,2752.0,2758.75,1372345,2947680
08/31/2016,16:00,2759.25,2759.75,2743.0,2753.0,1864629,2969745
09/01/2016,16:00,2752.75,2760.75,2738.25,2750.75,1943431,2968916
09/02/2016,16:00,2749.75,2767.25,2747.75,2761.5,1700143,2959084
09/06/2016,16:00,2762.75,2769.75,2756.5,2768.0,1627643,2937524
09/07/2016,16:00,2768.75,2770.25,2761.0,2768.0,1459543,2892549
09/08/2016,16:00,2768.0,2772.75,2759.25,2761.0,866144,826592
09/09/2016,16:00,2760.25,2761.75,2703.25,2706.0,2818480,1446823
09/12/2016,16:00,2705.25,2746.0,2690.25,2742.0,3327280,1985223
09/13/2016,16:00,2740.5,2740.75,2702.25,2712.25,3724471,2442135
09/14/2016,16:00,2715.0,2724.5,2702.0,2703.25,2546136,2691473
09/15/2016,16:00,2705.0,2734.5,2697.75,2728.0,2301296,2818070
09/16/2016,16:00,2726.5,2727.0,2713.0,2722.5,2064530,2860255
09/19/2016,16:00,2722.25,2736.75,2717.75,2723.0,1527880,2886280
09/20/2016,16:00,2723.75,2733.5,2719.0,2721.0,1385876,2895223
09/21/2016,16:00,2720.0,2747.5,2716.25,2746.25,1826950,2907266
09/22/2016,16:00,2746.25,2762.75,2742.75,2758.25,1523998,2912107
09/23/2016,16:00,2758.25,2759.5,2746.0,2748.0,1448300,2905516
09/26/2016,16:00,2746.25,2749.5,2726.75,2729.75,1602771,2885941
09/27/2016,16:00,2729.25,2744.0,2722.75,2742.75,1659780,2880648
09/28/2016,16:00,2742.0,2755.25,2734.0,2753.25,1733016,2895144
09/29/2016,16:00,2752.25,2757.0,2727.25,2738.5,2306654,2894929
09/30/2016,16:00,2735.75,2758.25,2725.75,2750.5,1989690,2898001
10/03/2016,16:00,2748.75,2754.0,2736.75,2743.25,1406125,2878657
10/04/2016,16:00,2743.75,2749.75,2726.0,2734.75,2143439,2912290
10/05/2016,16:00,2734.25,2748.0,2731.0,2743.25,1369566,2921730
10/06/2016,16:00,2743.25,2747.25,2733.25,2746.5,1209239,2920563
10/07/2016,16:00,2745.25,2751.5,2728.0,2736.5,1958026,2913295
10/10/2016,16:00,2742.0,2753.5,2738.5,2749.0,952867,2942901
10/11/2016,16:00,2749.5,2750.75,2711.75,2724.5,2243746,2927494
10/12/2016,16:00,2723.0,2730.75,2716.25,2721.5,1483026,2929169
10/13/2016,16:00,2717.75,2722.25,2697.75,2716.25,2195134,2928712
10/14/2016,16:00,2716.25,2733.25,2712.25,2717.0,1841156,2920332
10/17/2016,16:00,2716.25,2720.0,2706.75,2713.0,1251946,2925829
10/18/2016,16:00,2712.5,2729.75,2710.25,2722.0,1139317,2928096
10/19/2016,16:00,2721.75,2732.5,2716.5,2728.0,948475,2944305
10/20/2016,16:00,2727.5,2734.5,2716.75,2727.0,1611098,2944425
10/21/2016,16:00,2726.0,2728.5,2713.25,2724.75,1409837,2968897
10/24/2016,16:00,2727.0,2739.0,2724.75,2734.25,1010790,2984151
10/25/2016,16:00,2734.75,2739.75,2725.25,2728.0,1198210,2979531
10/26/2016,16:00,2725.25,2730.0,2714.75,2724.0,1548442,2976108
10/27/2016,16:00,2723.75,2733.75,2712.5,2713.5,1795356,2985869
10/28/2016,16:00,2717.25,2725.25,2702.5,2713.75,2391182,2969629
10/31/2016,16:00,2710.0,2720.5,2704.75,2710.0,1371713,2977889
11/01/2016,16:00,2713.5,2719.5,2681.0,2693.75,2257062,2959958
11/02/2016,16:00,2692.25,2696.5,2677.25,2682.25,2013595,2930594
11/03/2016,16:00,2678.25,2688.75,2669.75,2673.5,1795490,2951457
11/04/2016,16:00,2674.0,2684.25,2668.75,2670.0,2079129,2916104
11/07/2016,16:00,2696.0,2720.75,2692.75,2719.0,1761750,2903060
11/08/2016,16:00,2719.0,2733.25,2709.0,2725.5,1751369,2896379
11/09/2016,16:00,2728.0,2756.75,2618.5,2750.25,5280237,2934892
11/10/2016,16:00,2749.5,2770.5,2737.75,2757.25,3132340,2927509
11/11/2016,16:00,2755.0,2760.5,2738.5,2751.5,1883989,2862982
11/14/2016,16:00,2754.5,2764.5,2742.25,2750.5,1815339,2858070
11/15/2016,16:00,2751.0,2769.75,2748.5,2769.25,1443589,2867069
11/16/2016,16:00,2769.0,2775.0,2758.75,2762.75,1327887,2892791
11/17/2016,16:00,2762.5,2775.5,2761.75,2774.25,1350348,2918293
11/18/2016,16:00,2774.0,2777.5,2766.5,2770.75,1280719,2932291
11/21/2016,16:00,2769.5,2786.5,2768.5,2783.0,1233201,2972343
11/22/2016,16:00,2783.25,2793.0,2781.75,2790.25,1257560,2975324
11/23/2016,16:00,2791.25,2793.5,2782.0,2790.75,1101994,2980896
11/25/2016,16:00,2791.0,2801.75,2787.5,2801.25,561560,2997249
11/28/2016,16:00,2798.0,2799.5,2788.25,2790.75,1371374,2989883
11/29/2016,16:00,2790.25,2799.5,2786.25,2793.75,1405556,3000528
11/30/2016,16:00,2793.25,2803.75,2787.25,2788.75,1960189,2970185
12/01/2016,16:00,2789.5,2793.0,2776.0,2782.0,2148721,2958961
12/02/2016,16:00,2780.5,2787.25,2774.25,2782.0,1682042,2925447
12/05/2016,16:00,2774.0,2798.75,2769.0,2794.25,1663731,2923523
12/06/2016,16:00,2795.0,2802.0,2790.25,2800.0,1483946,2883375
12/07/2016,16:00,2801.25,2831.25,2796.75,2826.75,2328449,2747403
12/08/2016,16:00,2826.5,2841.25,2823.0,2837.75,803345,686875
12/09/2016,16:00,2836.75,2851.0,2835.0,2850.0,1609142,1154579
12/12/2016,16:00,2850.5,2860.0,2842.0,2845.75,1973091,1706174
12/13/2016,16:00,2845.5,2868.25,2843.0,2863.0,2325023,2245145
12/14/2016,16:00,2863.25,2867.75,2838.25,2847.25,2267763,2592645
12/15/2016,16:00,2847.0,2863.0,2842.5,2853.75,1976782,2678369
12/16/2016,16:00,2854.75,2859.25,2844.75,2850.5,1415262,2726523
12/19/2016,16:00,2851.25,2859.0,2849.25,2855.25,928690,2732597
12/20/2016,16:00,2855.5,2864.75,2855.25,2861.75,814005,2748679
12/21/2016,16:00,2862.5,2863.25,2853.25,2855.75,667705,2735177
12/22/2016,16:00,2853.5,2856.25,2846.75,2854.0,847626,2756335
12/23/2016,16:00,2852.75,2856.25,2849.5,2855.25,396535,2755246
12/27/2016,16:00,2854.0,2864.75,2853.0,2856.25,498741,2744092
12/28/2016,16:00,2856.5,2862.75,2838.75,2840.5,1000606,2758174
12/29/2016,16:00,2840.75,2845.25,2834.75,2840.25,913220,2752438
12/30/2016,16:00,2841.5,2848.0,2823.25,2831.5,1281987,2787056
01/03/2017,16:00,2836.0,2854.75,2834.75,2847.75,1810351,2799661
01/04/2017,16:00,2848.0,2862.5,2846.25,2859.5,1404875,2804829
01/05/2017,16:00,2859.75,2861.25,2849.25,2859.5,1324035,2807328
01/06/2017,16:00,2859.5,2872.25,2853.5,2866.75,1551007,2815455
01/09/2017,16:00,2866.5,2870.5,2858.75,2860.25,1025182,2814013
01/10/2017,16:00,2859.75,2869.25,2854.75,2859.0,1304523,2813855
01/11/2017,16:00,2859.0,2867.0,2850.25,2865.75,1733727,2812470
01/12/2017,16:00,2865.75,2865.75,2843.75,2858.75,1752976,2793398
01/13/2017,16:00,2859.75,2868.75,2858.0,2867.75,1192660,2803386
01/17/2017,16:00,2865.5,2865.75,2852.5,2857.5,1540220,2791366
01/18/2017,16:00,2857.25,2863.75,2853.5,2861.75,1111992,2790421
01/19/2017,16:00,2860.75,2864.75,2848.25,2856.75,1386240,2813697
01/20/2017,16:00,2856.25,2868.0,2855.0,2861.25,1737181,2793940
01/23/2017,16:00,2861.25,2862.75,2847.0,2857.25,1474482,2821419
01/24/2017,16:00,2856.0,2875.75,2854.75,2869.75,1273116,2847811
01/25/2017,16:00,2871.0,2890.5,2870.0,2889.25,1386477,2855527
01/26/2017,16:00,2889.0,2894.75,2884.75,2889.25,1170427,2835457
01/27/2017,16:00,2889.25,2892.0,2882.25,2884.25,942076,2819735
01/30/2017,16:00,2877.25,2881.0,2858.5,2871.25,1850992,2805447
01/31/2017,16:00,2871.0,2873.5,2857.5,2869.75,1628810,2807756
02/01/2017,16:00,2872.25,2880.25,2863.5,2869.75,1565006,2829202
02/02/2017,16:00,2870.25,2875.0,2859.75,2870.75,1414426,2817455
02/03/2017,16:00,2869.25,2889.25,2865.75,2886.25,1415043,2831500
02/06/2017,16:00,2888.25,2889.5,2878.75,2881.75,1164914,2840033
02/07/2017,16:00,2881.5,2890.25,2879.25,2883.75,1202059,2855102
02/08/2017,16:00,2881.0,2887.25,2876.25,2885.5,1283261,2882114
02/09/2017,16:00,2885.75,2903.0,2883.0,2899.5,1354847,2888499
02/10/2017,16:00,2899.5,2911.0,2898.25,2908.0,1177521,2903005
02/13/2017,16:00,2909.5,2924.25,2908.5,2921.5,1210205,2938992
02/14/2017,16:00,2921.75,2933.0,2915.0,2932.25,1390309,2959085
02/15/2017,16:00,2930.75,2946.75,2926.5,2945.75,1532340,2985535
02/16/2017,16:00,2945.5,2946.0,2932.0,2940.75,1737007,2986733
02/17/2017,16:00,2940.25,2944.0,2931.75,2943.25,1399520,2959348
02/21/2017,16:00,2941.75,2960.25,2941.25,2955.25,1653551,2968353
02/22/2017,16:00,2955.25,2959.0,2950.5,2956.25,1301504,2968035
02/23/2017,16:00,2957.25,2962.75,2948.25,2958.0,1556359,2980360
02/24/2017,16:00,2956.75,2961.0,2944.75,2960.25,1551959,2993230
02/27/2017,16:00,2958.0,2966.0,2956.25,2963.5,1156575,3011470
02/28/2017,16:00,2961.0,2964.0,2952.75,2958.0,1610710,2997859
03/01/2017,16:00,2959.75,2996.25,2958.5,2988.75,2171551,3017456
03/02/2017,16:00,2987.5,2989.5,2973.25,2977.25,1744834,3006952
03/03/2017,16:00,2975.0,2978.5,2969.0,2976.5,1357594,3023373
03/06/2017,16:00,2975.5,2976.0,2962.25,2970.75,1376883,3013897
03/07/2017,16:00,2966.5,2970.75,2959.75,2961.75,1303962,2984987
03/08/2017,16:00,2961.0,2968.25,2954.75,2959.25,1651698,2858334
03/09/2017,16:00,2958.5,2964.5,2949.25,2961.5,816870,810266
03/10/2017,16:00,2962.75,2974.5,2957.25,2966.75,1865954,1360269
03/13/2017,16:00,2966.0,2970.25,2963.0,2970.0,1612837,2009462
03/14/2017,16:00,2969.0,2969.75,2953.0,2961.25,2014740,2510965
03/15/2017,16:00,2961.75,2986.0,2961.25,2978.75,1775343,2751526
03/16/2017,16:00,2977.5,2987.0,2971.75,2977.25,1616078,2805086
03/17/2017,16:00,2977.5,2980.5,2971.0,2973.5,1277357,2826536
03/20/2017,16:00,2972.0,2974.25,2963.75,2968.5,1076099,2840769
03/21/2017,16:00,2967.25,2977.0,2936.25,2940.5,2567939,2863550
03/22/2017,16:00,2938.75,2947.0,2930.5,2940.75,1883451,2857290
03/23/2017,16:00,2940.5,2954.25,2936.5,2938.25,1631527,2868912
03/24/2017,16:00,2939.25,2951.0,2930.0,2943.0,1600274,2875174
03/27/2017,16:00,2935.25,2939.75,2916.0,2936.75,1614233,2887081
03/28/2017,16:00,2938.75,2958.75,2931.75,2949.75,1623900,2879278
03/29/2017,16:00,2951.25,2958.0,2947.0,2955.25,1154538,2859571
03/30/2017,16:00,2955.25,2965.0,2951.5,2962.75,1164616,2840998
03/31/2017,16:00,2963.75,2965.0,2955.0,2957.5,1568884,2827140
04/03/2017,16:00,2955.75,2961.5,2938.25,2954.25,1716027,2833401
04/04/2017,16:00,2952.5,2957.0,2943.0,2954.75,1209054,2845954
04/05/2017,16:00,2957.0,2973.25,2942.0,2944.75,1938825,2842290
04/06/2017,16:00,2944.0,2959.5,2936.25,2952.0,1595949,2849681
04/07/2017,16:00,2953.5,2959.0,2935.0,2950.5,1473460,2860278
04/10/2017,16:00,2950.0,2961.5,2945.75,2950.75,1351301,2853258
04/11/2017,16:00,2952.5,2954.0,2931.5,2949.25,1856700,2874990
04/12/2017,16:00,2950.0,2954.75,2935.75,2939.0,1534596,2864722
04/13/2017,16:00,2937.0,2943.25,2922.25,2925.75,1587079,2891636
04/17/2017,16:00,2922.25,2944.25,2921.0,2943.25,981675,2917728
04/18/2017,16:00,2943.25,2945.25,2928.5,2935.5,1432200,2902156
04/19/2017,16:00,2936.0,2947.5,2929.5,2932.0,1254296,2916069
04/20/2017,16:00,2931.5,2956.5,2930.75,2950.25,1468523,2931794
04/21/2017,16:00,2951.0,2954.25,2938.75,2945.75,1277783,2913388
04/24/2017,16:00,2964.0,2975.0,2963.5,2968.25,1553985,2930783
04/25/2017,16:00,2968.25,2987.5,2966.5,2983.25,1324272,2935704
04/26/2017,16:00,2981.25,2993.0,2979.75,2980.5,1493096,2938058
04/27/2017,16:00,2979.75,2987.0,2977.0,2984.25,1115269,2923644
04/28/2017,16:00,2984.5,2987.0,2976.5,2978.75,1167297,2912638
05/01/2017,16:00,2979.75,2989.0,2975.25,2985.25,906278,2921914
05/02/2017,16:00,2984.5,2987.0,2980.0,2984.0,958983,2934188
05/03/2017,16:00,2982.25,2984.25,2973.75,2981.5,1076558,2956726
05/04/2017,16:00,2980.25,2989.0,2974.25,2983.75,1229736,2968492
05/05/2017,16:00,2984.25,2997.5,2977.25,2996.0,1127621,2962496
05/08/2017,16:00,3000.75,3002.0,2988.0,2993.25,957161,2993818
05/09/2017,16:00,2992.75,2998.25,2987.0,2991.5,1105436,3005154
05/10/2017,16:00,2990.0,2995.25,2985.75,2993.5,998859,3021048
05/11/2017,16:00,2993.25,2993.5,2977.25,2989.25,1356242,3028521
05/12/2017,16:00,2988.5,2989.75,2982.5,2987.0,1087422,3042372
05/15/2017,16:00,2987.0,3000.5,2986.25,2996.75,1041264,3014458
05/16/2017,16:00,2998.0,3002.75,2992.0,2995.25,1071111,3022590
05/17/2017,16:00,2994.75,2995.0,2953.0,2955.75,2814349,3043738
05/18/2017,16:00,2953.25,2973.25,2942.75,2961.75,2460956,3013981
05/19/2017,16:00,2962.25,2986.25,2959.25,2979.75,1672971,3053781
05/22/2017,16:00,2980.0,2992.5,2976.5,2991.0,1113022,3021298
05/23/2017,16:00,2991.75,2997.75,2985.0,2996.25,1024986,3016724
05/24/2017,16:00,2995.25,3002.25,2993.0,3000.25,984358,3023636
05/25/2017,16:00,3001.25,3016.0,3000.75,3011.75,1315611,3036957
05/26/2017,16:00,3011.25,3014.0,3006.25,3012.0,879560,3021277
05/30/2017,16:00,3012.25,3015.25,3006.0,3009.0,1040285,3016889
05/31/2017,16:00,3008.75,3015.0,3001.0,3009.25,1729723,3009433
06/01/2017,16:00,3012.0,3028.75,3008.75,3027.75,1432385,2994911
06/02/2017,16:00,3027.5,3038.0,3025.25,3036.0,1735800,3012651
06/05/2017,16:00,3033.5,3037.25,3031.25,3032.75,891938,2987026
06/06/2017,16:00,3032.5,3034.0,3024.5,3029.0,1353806,2951006
06/07/2017,16:00,3027.75,3033.25,3022.25,3030.25,1431930,2833510
06/08/2017,16:00,3030.75,3037.25,3025.5,3030.75,637421,643602
06/09/2017,16:00,3025.75,3044.0,3013.0,3028.75,2096199,1173137
06/12/2017,16:00,3028.5,3029.25,3017.25,3027.0,2175655,1854267
06/13/2017,16:00,3027.0,3039.75,3025.75,3038.5,1923275,2433721
06/14/2017,16:00,3038.75,3043.75,3026.25,3035.75,1818280,2689253
06/15/2017,16:00,3034.25,3035.0,3016.75,3032.5,1874682,2814642
06/16/2017,16:00,3031.75,3037.25,3020.75,3031.5,1336684,2844602
06/19/2017,16:00,3034.0,3052.0,3033.25,3048.0,1223334,2840491
06/20/2017,16:00,3048.25,3051.5,3034.5,3038.0,1332027,2807910
06/21/2017,16:00,3036.25,3040.5,3028.5,3034.0,1374762,2811556
06/22/2017,16:00,3032.25,3039.5,3028.5,3032.25,1056822,2820925
06/23/2017,16:00,3031.75,3039.25,3028.75,3035.5,1197448,2833023
06/26/2017,16:00,3032.5,3048.0,3030.5,3036.5,1265812,2836678
06/27/2017,16:00,3036.25,3037.75,3017.0,3021.0,1639883,2858564
06/28/2017,16:00,3017.5,3043.0,3014.25,3039.0,1560424,2839741
06/29/2017,16:00,3042.5,3045.5,3002.75,3020.5,2337789,2839900
06/30/2017,16:00,3021.25,3030.25,3015.5,3021.5,1638217,2839439
07/03/2017,16:00,3022.5,3037.0,3022.0,3025.5,766228,2829039
07/05/2017,16:00,3024.25,3032.75,3019.75,3028.5,1287423,2829632
07/06/2017,16:00,3028.5,3031.0,3005.75,3009.0,1603746,2824775
07/07/2017,16:00,3009.75,3025.5,3008.0,3023.0,1266391,2820247
07/10/2017,16:00,3023.5,3030.5,3019.75,3025.0,861222,2822091
07/11/2017,16:00,3024.25,3028.25,3010.75,3025.0,1132273,2817389
07/12/2017,16:00,3025.5,3044.25,3023.0,3040.5,1163339,2851150
07/13/2017,16:00,3041.75,3047.5,3039.5,3046.0,941061,2854397
07/14/2017,16:00,3047.0,3061.75,3042.5,3056.5,1091078,2865849
07/17/2017,16:00,3057.5,3061.0,3054.5,3059.0,862469,2866491
07/18/2017,16:00,3060.0,3061.5,3048.5,3058.25,1091158,2885191
07/19/2017,16:00,3060.25,3072.5,3058.25,3072.0,958463,2909049
07/20/2017,16:00,3071.5,3076.75,3066.0,3071.75,1106684,2936167
07/21/2017,16:00,3073.0,3075.75,3063.25,3070.0,1095937,2953775
07/24/2017,16:00,3070.25,3071.0,3064.0,3069.0,857750,2964274
07/25/2017,16:00,3067.5,3079.25,3066.75,3074.5,1074033,2962640
07/26/2017,16:00,3075.75,3080.25,3072.0,3073.75,972444,2948345
07/27/2017,16:00,3075.0,3081.0,3057.5,3072.5,1647577,2970960
07/28/2017,16:00,3072.5,3072.5,3062.0,3070.75,1156784,2984105
07/31/2017,16:00,3071.0,3075.5,3065.75,3068.5,1229202,2994555
08/01/2017,16:00,3068.5,3077.75,3066.75,3072.75,1043439,3021662
08/02/2017,16:00,3074.5,3076.5,3063.75,3074.0,1304650,3020172
08/03/2017,16:00,3073.75,3075.0,3066.5,3072.25,1087355,3044605
08/04/2017,16:00,3071.25,3078.25,3068.25,3072.5,1070866,3043959
08/07/2017,16:00,3072.75,3078.75,3072.5,3078.0,599701,3053147
08/08/2017,16:00,3078.0,3089.0,3068.0,3073.25,1367671,3064631
08/09/2017,16:00,3070.5,3075.0,3059.5,3073.5,1555517,3086189
08/10/2017,16:00,3074.5,3074.75,3033.25,3038.0,2324062,3103935
08/11/2017,16:00,3035.0,3047.0,3030.75,3040.5,1670104,3090248
08/14/2017,16:00,3042.0,3067.0,3042.0,3064.0,1470477,3114038
08/15/2017,16:00,3065.0,3073.75,3060.5,3064.25,1060173,3095077
08/16/2017,16:00,3065.0,3074.5,3062.0,3068.0,1137333,3112624
08/17/2017,16:00,3067.25,3069.0,3024.25,3030.0,2236170,3125361
08/18/2017,16:00,3027.25,3040.0,3020.0,3027.25,2203303,3127030
08/21/2017,16:00,3029.25,3032.0,3016.25,3028.5,1339966,3139301
08/22/2017,16:00,3028.5,3054.75,3028.0,3053.25,1367156,3137149
08/23/2017,16:00,3053.5,3055.25,3039.25,3042.0,1243382,3145019
08/24/2017,16:00,3040.75,3049.5,3035.0,3041.25,1407417,3150958
08/25/2017,16:00,3043.0,3054.0,3038.0,3043.0,1211227,3175692
08/28/2017,16:00,3042.5,3049.75,3036.75,3044.25,953054,3165053
08/29/2017,16:00,3034.5,3049.0,3021.5,3047.5,1615262,3176774
08/30/2017,16:00,3047.0,3060.25,3043.25,3056.25,1301444,3193564
08/31/2017,16:00,3055.75,3074.75,3055.25,3070.5,1752826,3208773
09/01/2017,16:00,3070.75,3080.25,3070.5,3074.75,1057024,3189967
09/05/2017,16:00,3061.75,3071.75,3046.0,3060.25,2123649,3120167
09/06/2017,16:00,3060.75,3069.5,3057.0,3066.0,1574076,3048416
09/07/2017,16:00,3064.5,3069.25,3058.0,3067.0,699851,719665
09/08/2017,16:00,3067.0,3068.0,3057.5,3063.25,1465772,1244827
09/11/2017,16:00,3070.0,3089.5,3069.0,3088.0,1893177,1942428
09/12/2017,16:00,3088.75,3097.25,3087.5,3096.5,1739059,2617586
09/13/2017,16:00,3097.5,3097.75,3091.25,3097.0,1426452,2954281
09/14/2017,16:00,3096.75,3098.5,3089.75,3096.5,1372582,3059813
09/15/2017,16:00,3096.0,3102.25,3089.25,3099.5,1367390,3088031
09/18/2017,16:00,3101.25,3108.25,3100.0,3105.0,1090827,3107021
09/19/2017,16:00,3105.0,3108.25,3103.25,3107.0,961109,3077878
09/20/2017,16:00,3106.0,3109.5,3096.25,3107.5,1232948,3084444
09/21/2017,16:00,3106.75,3108.5,3098.75,3103.25,1117630,3073085
09/22/2017,16:00,3103.0,3103.25,3094.25,3101.75,1024727,3048657
09/25/2017,16:00,3101.25,3106.75,3087.25,3099.25,1539626,3052713
09/26/2017,16:00,3100.25,3103.5,3094.5,3097.75,1144642,3045716
09/27/2017,16:00,3097.25,3111.5,3095.25,3106.75,1576031,3029435
09/28/2017,16:00,3105.5,3110.5,3101.25,3110.0,1109027,2998518
09/29/2017,16:00,3110.0,3120.0,3107.0,3118.25,1368322,2965796
10/02/2017,16:00,3120.25,3130.25,3119.25,3128.5,1138362,2989180
10/03/2017,16:00,3129.5,3135.75,3127.75,3135.0,849153,2991691
10/04/2017,16:00,3135.25,3140.25,3131.25,3138.5,956590,3019627
10/05/2017,16:00,3137.5,3153.0,3136.75,3152.25,1104438,3059096
10/06/2017,16:00,3151.0,3152.0,3143.75,3147.25,1169419,3050587
10/09/2017,16:00,3145.5,3152.75,3141.5,3146.0,735488,3053792
10/10/2017,16:00,3145.5,3155.5,3145.0,3150.75,1149236,3043930
10/11/2017,16:00,3151.0,3155.75,3146.5,3155.25,818238,3043432
10/12/2017,16:00,3154.5,3155.5,3148.5,3151.75,938476,3051483
10/13/2017,16:00,3150.25,3157.75,3149.25,3155.0,918541,3043181
10/16/2017,16:00,3154.5,3160.0,3153.0,3158.5,795923,3046741
10/17/2017,16:00,3157.75,3160.0,3154.5,3159.25,738739,3049820
10/18/2017,16:00,3158.75,3164.5,3158.5,3162.25,753384,3066930
10/19/2017,16:00,3162.25,3163.75,3144.75,3162.75,1362805,3075982
10/20/2017,16:00,3163.25,3176.75,3161.75,3176.25,1254054,3086207
10/23/2017,16:00,3175.0,3179.5,3163.75,3165.75,1272965,3099071
10/24/2017,16:00,3164.75,3172.5,3164.5,3169.5,1047808,3110298
10/25/2017,16:00,3167.0,3168.5,3143.75,3160.75,2099172,3089530
10/26/2017,16:00,3161.75,3167.25,3157.75,3163.75,1392205,3113436
10/27/2017,16:00,3163.75,3183.0,3159.75,3180.75,1561074,3135063
10/30/2017,16:00,3177.75,3180.5,3167.75,3170.5,1237600,3124388
10/31/2017,16:00,3170.25,3177.75,3169.0,3175.0,1051279,3115078
11/01/2017,16:00,3175.0,3187.75,3173.25,3177.0,1290220,3131769
11/02/2017,16:00,3173.75,3180.75,3164.5,3179.0,1297222,3135768
11/03/2017,16:00,3179.75,3187.75,3175.75,3185.0,992681,3163563
11/06/2017,16:00,3182.25,3192.25,3177.75,3191.0,848119,3158316
11/07/2017,16:00,3190.0,3195.75,3183.0,3189.0,1163840,3167322
11/08/2017,16:00,3186.25,3194.75,3182.0,3193.25,1058023,3156032
11/09/2017,16:00,3193.5,3196.75,3165.5,3186.25,1193217,3176254
11/10/2017,16:00,3184.25,3188.0,3173.75,3181.75,1193217,3179045
11/13/2017,16:00,3182.5,3187.75,3172.5,3184.25,1052173,3175524
11/14/2017,16:00,3182.5,3184.5,3166.5,3180.25,1582882,3176001
11/15/2017,16:00,3179.0,3179.25,3157.75,3167.25,1917948,3180712
11/16/2017,16:00,3166.5,3191.75,3164.5,3187.25,1528865,3219914
11/17/2017,16:00,3186.5,3188.25,3177.0,3178.5,1186958,3205145
11/20/2017,16:00,3178.25,3186.25,3170.0,3184.25,1000520,3195685
11/21/2017,16:00,3184.25,3202.75,3181.5,3198.5,1153787,3213608
11/22/2017,16:00,3198.0,3202.25,3195.0,3196.75,770812,3196045
11/24/2017,16:00,3195.5,3205.25,3191.75,3203.25,551196,3204044
11/27/2017,16:00,3203.25,3207.75,3198.75,3204.0,960112,3200150
11/28/2017,16:00,3204.5,3229.25,3199.75,3228.25,1558414,3236041
11/29/2017,16:00,3227.75,3236.5,3222.0,3227.25,1661775,3239614
11/30/2017,16:00,3227.25,3260.75,3224.0,3250.25,2520826,3240418
12/01/2017,16:00,3243.0,3253.0,3207.25,3246.25,2520826,3231700
12/04/2017,16:00,3256.75,3267.5,3236.0,3240.5,1756938,3230754
12/05/2017,16:00,3238.25,3251.0,3229.5,3230.5,1392821,3137281
12/06/2017,16:00,3229.0,3236.75,3222.25,3231.5,1307666,3018724
12/07/2017,16:00,3232.75,3243.25,3228.5,3241.75,645300,861700
12/08/2017,16:00,3241.75,3254.75,3239.75,3253.5,1327053,1392934
12/11/2017,16:00,3254.5,3267.25,3251.75,3264.0,1633120,2071077
12/12/2017,16:00,3265.5,3272.5,3262.75,3267.25,1659061,2527944
12/13/2017,16:00,3267.25,3275.0,3258.75,3268.5,1565803,2844874
12/14/2017,16:00,3268.0,3273.0,3251.25,3255.5,1410847,2930007
12/15/2017,16:00,3252.25,3282.75,3252.0,3281.5,1410847,2928463
12/18/2017,16:00,3282.5,3297.5,3282.0,3294.0,1040769,2967731
12/19/2017,16:00,3294.5,3297.5,3282.0,3283.5,980483,2969224
12/20/2017,16:00,3284.25,3295.0,3278.5,3281.0,981223,2999594
12/21/2017,16:00,3281.0,3295.5,3280.25,3287.25,853748,3007612
12/22/2017,16:00,3286.25,3291.0,3281.75,3285.5,654510,3035200
12/26/2017,16:00,3286.25,3289.0,3283.0,3286.5,376101,3038366
12/27/2017,16:00,3287.0,3290.5,3281.0,3285.0,666329,3023788
12/28/2017,16:00,3283.5,3288.5,3282.5,3285.25,535624,3013748
12/29/2017,16:00,3284.25,3297.75,3267.25,3275.5,1092038,2989056
01/02/2018,16:00,3274.75,3295.5,3274.0,3292.5,996265,3017744
01/03/2018,16:00,3293.25,3313.75,3291.75,3310.5,1114548,3064592
01/04/2018,16:00,3309.75,3328.5,3308.0,3323.25,1166017,3107934
01/05/2018,16:00,3324.5,3342.75,3323.25,3342.0,1136500,3144990
01/08/2018,16:00,3341.25,3348.0,3336.0,3346.25,903544,3168055
01/09/2018,16:00,3346.0,3359.5,3342.25,3351.75,1137598,3190900
01/10/2018,16:00,3349.25,3351.5,3336.0,3350.0,1289898,3203452
01/11/2018,16:00,3349.5,3370.0,3347.25,3369.0,1045414,3198069
01/12/2018,16:00,3368.25,3389.5,3366.25,3388.25,1357120,3210339
01/16/2018,16:00,3389.25,3408.0,3368.75,3382.0,1981469,3246225
01/17/2018,16:00,3382.25,3409.0,3378.5,3403.25,1541873,3250369
01/18/2018,16:00,3402.75,3407.5,3393.25,3395.75,1345331,3273650
01/19/2018,16:00,3396.5,3414.5,3391.25,3410.5,1363990,3303322
01/22/2018,16:00,3403.5,3437.75,3401.5,3434.75,1179414,3312310
01/23/2018,16:00,3434.75,3444.25,3428.25,3439.0,1282163,3318612
01/24/2018,16:00,3436.5,3454.75,3425.0,3440.5,1885278,3349443
01/25/2018,16:00,3439.5,3453.25,3430.25,3440.75,1439217,3337061
01/26/2018,16:00,3441.75,3475.5,3440.75,3474.0,1286287,3331783
01/29/2018,16:00,3473.75,3478.0,3451.0,3453.0,1395078,3295318
01/30/2018,16:00,3452.75,3457.5,3418.0,3424.0,2133815,3278038
01/31/2018,16:00,3422.75,3439.25,3412.5,3425.25,1841227,3295548
02/01/2018,16:00,3428.25,3436.75,3409.0,3422.0,2532442,3307788
02/02/2018,16:00,3426.0,3430.5,3354.75,3356.25,2532442,3297660
02/05/2018,16:00,3356.5,3362.5,3195.25,3207.25,4009557,3323338
02/06/2018,16:00,3223.5,3299.25,3128.5,3293.75,4806868,3294277
02/07/2018,16:00,3285.0,3326.25,3260.0,3267.75,2491133,3264285
02/08/2018,16:00,3264.25,3286.0,3176.5,3193.0,3909443,3360665
02/09/2018,16:00,3193.25,3237.25,3129.75,3218.5,3909443,3315698
02/12/2018,16:00,3227.75,3271.0,3219.5,3254.75,2170447,3217706
02/13/2018,16:00,3252.75,3267.0,3233.75,3261.25,1461104,3191989
02/14/2018,16:00,3262.25,3301.25,3226.5,3296.5,2087016,3165063
02/15/2018,16:00,3295.0,3336.25,3288.0,3333.5,1668909,3177219
02/16/2018,16:00,3333.5,3354.25,3321.75,3334.5,1738551,3172501
02/20/2018,16:00,3334.0,3347.25,3305.25,3313.5,1447502,3176441
02/21/2018,16:00,3314.0,3347.25,3293.0,3298.25,1661308,3162459
02/22/2018,16:00,3298.0,3330.5,3281.5,3311.0,1623017,3156159
02/23/2018,16:00,3312.25,3349.75,3309.5,3348.25,1290261,3168128
02/26/2018,16:00,3351.0,3385.5,3342.0,3384.0,1256268,3169192
02/27/2018,16:00,3383.75,3389.25,3341.5,3347.0,1717155,3165874
02/28/2018,16:00,3346.0,3361.5,3311.5,3314.0,1876678,3117034
03/01/2018,16:00,3317.75,3330.5,3258.0,3277.75,2171819,3146535
03/02/2018,16:00,3278.25,3295.5,3246.5,3289.75,2171819,3143984
03/05/2018,16:00,3282.75,3327.25,3263.25,3318.0,1781823,3109807
03/06/2018,16:00,3318.5,3334.0,3309.75,3323.5,1450085,3079923
03/07/2018,16:00,3299.5,3329.75,3280.75,3322.75,1870360,3002645
03/08/2018,16:00,3323.0,3340.0,3318.75,3338.75,653581,652394
03/09/2018,16:00,3336.5,3386.5,3330.0,3383.25,1489394,1166354
03/12/2018,16:00,3383.25,3399.75,3378.25,3383.5,1658456,1857383
03/13/2018,16:00,3381.5,3401.75,3357.0,3367.25,2226645,2385499
03/14/2018,16:00,3361.5,3378.0,3342.75,3348.5,1930552,2609150
03/15/2018,16:00,3349.25,3361.75,3339.5,3350.0,1142517,2683675
03/16/2018,16:00,3352.0,3360.75,3344.75,3350.5,1142517,2681583
03/19/2018,16:00,3350.75,3351.0,3291.75,3317.25,1986809,2698947
03/20/2018,16:00,3316.0,3323.5,3307.25,3318.0,1099899,2706998
03/21/2018,16:00,3317.75,3338.5,3307.0,3312.75,1423759,2722391
03/22/2018,16:00,3312.75,3320.75,3236.25,3237.75,2548609,2779805
03/23/2018,16:00,3240.25,3253.25,3180.5,3192.25,2875654,2849518
03/26/2018,16:00,3189.5,3257.25,3185.5,3254.0,2302375,2889651
03/27/2018,16:00,3254.0,3274.25,3190.5,3210.25,2448450,2884080
03/28/2018,16:00,3207.25,3228.25,3187.5,3202.0,2802883,2918961
03/29/2018,16:00,3204.25,3254.0,3195.5,3237.5,2042949,2887303
04/02/2018,16:00,3229.5,3236.0,3146.5,3169.5,2395329,2933144
04/03/2018,16:00,3175.75,3213.25,3168.0,3207.75,2220246,2942545
04/04/2018,16:00,3206.5,3244.25,3154.0,3241.5,2247386,2937636
04/05/2018,16:00,3240.25,3266.75,3238.5,3256.25,2615117,2898940
04/06/2018,16:00,3257.5,3258.5,3179.0,3200.25,2615117,2900411
04/09/2018,16:00,3202.0,3248.25,3202.0,3213.5,1762078,2923967
04/10/2018,16:00,3212.25,3260.75,3206.75,3249.5,1998582,2907441
04/11/2018,16:00,3249.0,3255.75,3220.5,3235.5,1637350,2860319
04/12/2018,16:00,3237.0,3269.5,3234.25,3258.5,1301132,2860677
04/13/2018,16:00,3256.25,3275.0,3239.25,3251.75,1711823,2875836
04/16/2018,16:00,3267.75,3281.5,3255.25,3276.25,1237183,2868740
04/17/2018,16:00,3273.75,3308.25,3273.25,3301.0,1251766,2880705
04/18/2018,16:00,3299.25,3313.0,3298.25,3304.25,1044851,2876346
04/19/2018,16:00,3306.25,3307.75,3276.0,3287.5,1604973,2908969
04/20/2018,16:00,3287.0,3292.75,3254.25,3266.0,1604973,2897639
04/23/2018,16:00,3277.5,3279.25,3251.75,3265.75,1239828,2885246
04/24/2018,16:00,3266.5,3283.0,3210.5,3229.75,2329880,2905501
04/25/2018,16:00,3229.75,3242.75,3205.75,3239.0,1902899,2905239
04/26/2018,16:00,3242.75,3272.0,3234.0,3269.0,1279539,2865991
04/27/2018,16:00,3270.0,3270.75,3252.25,3266.0,1142350,2853010
04/30/2018,16:00,3265.0,3276.75,3239.5,3241.5,1341086,2859811
05/01/2018,16:00,3240.75,3252.5,3217.75,3246.75,1323628,2860955
05/02/2018,16:00,3250.0,3253.0,3218.75,3222.0,1427995,2857898
05/03/2018,16:00,3221.25,3230.75,3185.75,3226.25,1699202,2854817
05/04/2018,16:00,3226.25,3264.0,3206.75,3257.5,1699202,2852359
05/07/2018,16:00,3257.25,3276.0,3255.75,3264.5,1148919,2834612
05/08/2018,16:00,3262.5,3268.75,3246.75,3264.75,1281751,2842527
05/09/2018,16:00,3264.25,3294.5,3261.0,3290.5,1251722,2852929
05/10/2018,16:00,3290.5,3319.5,3287.25,3313.25,1173629,2867496
05/11/2018,16:00,3310.75,3327.0,3310.75,3324.0,1066248,2887528
05/14/2018,16:00,3321.75,3335.75,3318.75,3325.5,945963,2889450
05/15/2018,16:00,3323.0,3325.75,3295.0,3303.5,1519108,2903781
05/16/2018,16:00,3305.75,3322.5,3299.0,3317.5,1057687,2912515
05/17/2018,16:00,3316.25,3326.5,3305.5,3313.25,1071506,2937683
05/18/2018,16:00,3313.25,3321.5,3303.25,3307.5,1013073,2944226
05/21/2018,16:00,3323.25,3333.75,3318.75,3327.5,951913,2952475
05/22/2018,16:00,3325.75,3336.25,3316.0,3320.5,891511,2949209
05/23/2018,16:00,3319.0,3327.5,3299.0,3325.25,1295885,2971689
05/24/2018,16:00,3324.25,3327.75,3300.25,3322.0,993783,2971730
05/25/2018,16:00,3321.25,3332.25,3308.25,3312.75,993783,2972496
05/29/2018,16:00,3315.75,3318.75,3269.5,3286.75,1989677,2994694
05/30/2018,16:00,3287.75,3323.75,3280.25,3319.0,1424364,2988168
05/31/2018,16:00,3314.75,3322.75,3294.25,3300.0,1665452,2986857
06/01/2018,16:00,3302.0,3331.5,3300.5,3328.25,1241171,2971859
06/04/2018,16:00,3325.5,3343.75,3323.5,3340.0,857850,2973815
06/05/2018,16:00,3340.5,3347.75,3333.5,3346.0,1027609,2946533
06/06/2018,16:00,3345.5,3369.25,3342.5,3366.75,1326401,2857383
06/07/2018,16:00,3364.0,3374.25,3354.5,3366.75,777094,682262
06/08/2018,16:00,3366.0,3374.0,3346.5,3373.25,1281036,1142120
06/11/2018,16:00,3367.5,3385.0,3364.75,3377.5,1558782,1809743
06/12/2018,16:00,3375.75,3384.75,3373.0,3379.0,1496135,2283691
06/13/2018,16:00,3382.75,3386.75,3369.25,3369.75,1384101,2499069
06/14/2018,16:00,3368.5,3384.75,3363.0,3379.25,1275141,2602004
06/15/2018,16:00,3377.75,3379.25,3356.25,3375.25,1512061,2607634
06/18/2018,16:00,3370.75,3377.5,3352.0,3370.5,993118,2595978
06/19/2018,16:00,3369.0,3371.0,3326.5,3357.0,1657081,2626220
06/20/2018,16:00,3356.0,3369.0,3348.0,3362.75,1082802,2626162
06/21/2018,16:00,3362.5,3376.0,3337.75,3343.25,1493235,2620586
06/22/2018,16:00,3341.25,3359.25,3340.0,3350.25,1108771,2618991
06/25/2018,16:00,3347.75,3348.75,3291.25,3313.0,2206994,2638026
06/26/2018,16:00,3312.5,3326.0,3305.5,3319.25,1399067,2626088
06/27/2018,16:00,3317.25,3338.75,3291.75,3295.75,2117686,2629776
06/28/2018,16:00,3296.0,3317.0,3284.0,3310.25,1678667,2630303
06/29/2018,16:00,3310.75,3336.25,3307.5,3312.25,1641889,2620996
07/02/2018,16:00,3311.75,3319.25,3289.25,3318.0,1213215,2605520
07/03/2018,16:00,3318.25,3332.25,3302.75,3304.0,860533,2600928
07/05/2018,16:00,3303.75,3330.5,3301.5,3329.25,1165235,2597888
07/06/2018,16:00,3327.75,3357.0,3322.0,3353.75,1287758,2596309
07/09/2018,16:00,3352.75,3378.75,3352.5,3378.25,970337,2634459
07/10/2018,16:00,3378.25,3388.5,3371.25,3387.5,925706,2642616
07/11/2018,16:00,3371.5,3378.5,3356.5,3364.75,1369176,2644336
07/12/2018,16:00,3367.5,3391.75,3364.5,3389.25,1120424,2666247
07/13/2018,16:00,3389.5,3398.0,3384.0,3394.0,952307,2677236
07/16/2018,16:00,3395.5,3399.75,3385.75,3387.25,801608,2672510
07/17/2018,16:00,3386.5,3406.5,3380.5,3402.0,1059163,2697051
07/18/2018,16:00,3403.75,3409.0,3397.5,3406.75,860523,2696845
07/19/2018,16:00,3405.25,3408.75,3391.0,3396.0,1082645,2695526
07/20/2018,16:00,3396.25,3401.25,3383.75,3391.5,1013663,2691633
07/23/2018,16:00,3396.0,3403.25,3383.25,3402.75,812481,2696073
07/24/2018,16:00,3401.25,3422.0,3401.0,3411.75,1347688,2697964
07/25/2018,16:00,3410.0,3440.25,3404.75,3432.0,1302896,2704995
07/26/2018,16:00,3426.0,3437.25,3424.0,3433.25,1492056,2684667
07/27/2018,16:00,3431.0,3437.75,3399.5,3408.25,1492056,2682281
07/30/2018,16:00,3406.75,3412.5,3389.0,3394.0,1169457,2675353
07/31/2018,16:00,3396.25,3418.5,3393.5,3407.75,1366896,2677735
08/01/2018,16:00,3415.0,3416.5,3396.25,3401.5,1098291,2673534
08/02/2018,16:00,3404.75,3422.0,3381.75,3419.25,922242,2719455
08/03/2018,16:00,3421.5,3432.25,3415.5,3430.25,922242,2713635
08/06/2018,16:00,3432.25,3444.25,3425.75,3440.75,797324,2735143
08/07/2018,16:00,3440.25,3454.5,3439.0,3450.5,780222,2744347
08/08/2018,16:00,3451.5,3453.25,3443.25,3446.0,745412,2747149
08/09/2018,16:00,3444.25,3453.5,3441.25,3444.5,696695,2757712
08/10/2018,16:00,3443.25,3443.5,3416.75,3427.5,1416182,2727026
08/13/2018,16:00,3426.5,3434.5,3410.75,3416.25,1282874,2714240
08/14/2018,16:00,3417.5,3434.25,3416.5,3431.75,1022577,2729801
08/15/2018,16:00,3432.5,3433.75,3393.75,3412.0,1871800,2727726
08/16/2018,16:00,3413.0,3442.5,3408.25,3435.5,1271529,2742522
08/17/2018,16:00,3434.25,3447.75,3425.75,3443.0,1202980,2722402
08/20/2018,16:00,3442.5,3451.5,3441.0,3449.25,817383,2726276
08/21/2018,16:00,3447.5,3464.75,3442.75,3452.5,1055051,2730460
08/22/2018,16:00,3443.75,3459.0,3437.0,3452.0,996434,2738403
08/23/2018,16:00,3452.5,3460.5,3445.5,3448.75,1050042,2727374
08/24/2018,16:00,3449.0,3468.25,3447.0,3467.5,1058571,2735145
08/27/2018,16:00,3468.5,3490.25,3467.5,3489.25,961496,2760646
08/28/2018,16:00,3489.75,3497.0,3485.0,3490.0,902705,2768014
08/29/2018,16:00,3491.25,3508.25,3488.25,3505.5,1113797,2782971
08/30/2018,16:00,3506.5,3507.0,3486.25,3492.75,1331841,2771995
08/31/2018,16:00,3488.75,3498.25,3482.5,3492.75,1323038,2788109
09/04/2018,16:00,3497.25,3503.25,3476.25,3489.0,1605954,2771894
09/05/2018,16:00,3489.5,3491.25,3468.25,3479.0,1604742,2780588
09/06/2018,16:00,3479.25,3483.75,3458.75,3469.75,1692240,2707535
09/07/2018,16:00,3468.5,3475.75,3455.75,3465.5,1692240,2706678
09/10/2018,16:00,3464.5,3479.0,3464.0,3471.0,1248308,2714490
09/11/2018,16:00,3470.5,3483.75,3458.0,3480.5,1269254,2690666
09/12/2018,16:00,3480.75,3486.0,3470.25,3479.25,1581597,2589244
09/13/2018,16:00,3478.25,3497.75,3475.5,3496.0,712160,667008
09/14/2018,16:00,3495.25,3503.0,3487.75,3497.25,1363971,1128631
09/17/2018,16:00,3494.75,3497.0,3478.0,3481.75,1783534,1739118
09/18/2018,16:00,3481.0,3503.5,3469.25,3497.5,1877029,2291959
09/19/2018,16:00,3498.75,3504.5,3491.5,3500.75,1361242,2562710
09/20/2018,16:00,3502.25,3526.5,3499.0,3525.25,1474453,2670821
09/21/2018,16:00,3525.5,3532.75,3517.75,3519.5,1489417,2683226
09/24/2018,16:00,3515.25,3516.0,3503.5,3511.25,1162107,2668621
09/25/2018,16:00,3512.25,3520.0,3504.0,3507.0,1032045,2673717
09/26/2018,16:00,3508.25,3521.75,3493.25,3497.25,1308995,2701707
09/27/2018,16:00,3497.25,3517.75,3493.25,3505.75,1429127,2711538
09/28/2018,16:00,3508.0,3511.25,3493.75,3504.75,1429127,2711354
10/01/2018,16:00,3508.25,3527.75,3508.25,3515.75,1239963,2707643
10/02/2018,16:00,3514.75,3521.75,3503.25,3514.25,1132507,2706036
10/03/2018,16:00,3514.75,3530.5,3510.5,3517.25,1244514,2726120
10/04/2018,16:00,3511.75,3512.0,3473.5,3493.5,2165850,2694807
10/05/2018,16:00,3495.75,3501.25,3459.0,3479.75,2291213,2701393
10/08/2018,16:00,3483.25,3484.0,3451.75,3479.5,1760642,2732047
10/09/2018,16:00,3478.0,3485.75,3460.25,3474.0,1770753,2742562
10/10/2018,16:00,3472.75,3477.0,3357.25,3366.75,3460738,2833715
10/11/2018,16:00,3362.25,3384.5,3298.0,3331.25,4013855,2853603
10/12/2018,16:00,3334.25,3370.75,3318.0,3354.25,2853415,2786486
10/15/2018,16:00,3355.75,3364.5,3331.0,3334.75,1763922,2765969
10/16/2018,16:00,3333.25,3404.75,3331.25,3403.5,1780311,2738078
10/17/2018,16:00,3402.0,3410.0,3369.0,3402.0,1948526,2715306
10/18/2018,16:00,3399.0,3400.5,3342.25,3358.0,2218738,2709549
10/19/2018,16:00,3360.5,3386.25,3348.0,3353.25,2023613,2726587
10/22/2018,16:00,3343.75,3367.75,3335.5,3342.25,1665740,2744048
10/23/2018,16:00,3341.5,3343.25,3278.0,3332.0,2849774,2762871
10/24/2018,16:00,3331.0,3335.75,3238.0,3250.0,2856919,2780617
10/25/2018,16:00,3259.5,3309.5,3244.5,3274.0,2535913,2777378
10/26/2018,16:00,3263.75,3278.5,3213.0,3255.25,3509803,2810469
10/29/2018,16:00,3252.75,3292.75,3188.75,3229.25,2786555,2832369
10/30/2018,16:00,3224.75,3276.0,3219.0,3271.0,2503396,2801386
10/31/2018,16:00,3276.5,3323.0,3267.75,3296.75,2469662,2772626
11/01/2018,16:00,3291.75,3327.0,3291.25,3323.75,1820142,2765125
11/02/2018,16:00,3309.75,3352.0,3285.25,3310.0,2372699,2772149
11/05/2018,16:00,3308.25,3329.5,3298.5,3325.25,1311938,2753163
11/06/2018,16:00,3324.75,3346.75,3315.5,3344.75,1269341,2734277
11/07/2018,16:00,3342.5,3403.5,3330.5,3402.25,1894012,2739779
11/08/2018,16:00,3401.75,3403.75,3380.75,3394.5,1724880,2742894
11/09/2018,16:00,3389.75,3397.0,3350.25,3364.75,1724880,2737796
11/12/2018,16:00,3364.5,3381.0,3308.0,3313.5,1921301,2756704
11/13/2018,16:00,3317.5,3341.5,3300.25,3313.25,2101869,2753792
11/14/2018,16:00,3317.0,3334.0,3272.0,3284.25,2295505,2755546
11/15/2018,16:00,3287.75,3322.5,3257.0,3320.25,2383852,2731137
11/16/2018,16:00,3317.5,3334.5,3294.5,3328.75,1875116,2733741
11/19/2018,16:00,3318.75,3333.75,3267.25,3282.0,1988117,2751484
11/20/2018,16:00,3282.0,3282.5,3217.5,3225.75,2533128,2799436
11/21/2018,16:00,3225.5,3257.0,3218.0,3234.75,872856,2799641
11/23/2018,16:00,3235.75,3242.0,3211.75,3215.25,872856,2792725
11/26/2018,16:00,3219.25,3262.0,3217.25,3255.75,1374735,2783014
11/27/2018,16:00,3246.75,3272.5,3241.0,3269.25,1503048,2763027
11/28/2018,16:00,3271.75,3330.75,3266.75,3327.25,1866115,2773110
11/29/2018,16:00,3323.75,3340.25,3309.0,3330.0,1475346,2751223
11/30/2018,16:00,3327.75,3350.5,3314.75,3344.0,1475346,2737306
12/03/2018,16:00,3379.25,3399.75,3359.25,3376.5,1909240,2740857
12/04/2018,16:00,3375.5,3376.25,3281.75,3287.5,2709938,2746850
12/06/2018,16:00,3285.25,3306.5,3207.0,3276.75,2596155,2784868
12/07/2018,16:00,3280.0,3295.5,3209.0,3221.75,2596155,2770476
12/10/2018,16:00,3210.75,3234.25,3168.75,3228.75,2564357,2768482
12/11/2018,16:00,3229.75,3263.75,3207.0,3227.0,2265284,2732623
12/12/2018,16:00,3218.25,3272.25,3217.5,3238.25,1900862,2657369
12/13/2018,16:00,3239.0,3257.0,3223.0,3231.25,685685,684229
12/14/2018,16:00,3232.0,3234.5,3179.0,3187.25,1989620,1111562
12/17/2018,16:00,3177.25,3198.5,3115.25,3137.5,2958828,1758331
12/18/2018,16:00,3139.0,3159.5,3111.75,3119.75,2700902,2250599
12/19/2018,16:00,3113.5,3173.75,3071.25,3086.25,2865330,2437430
12/20/2018,16:00,3086.5,3099.75,3023.25,3068.0,3686614,2596391
12/21/2018,16:00,3066.75,3089.75,2991.0,2995.25,3016623,2685441
12/24/2018,16:00,2989.5,3016.25,2922.25,2923.5,1292750,2790461
12/26/2018,16:00,2930.25,3059.5,2898.5,3052.75,2015176,2763223
12/27/2018,16:00,3052.0,3080.5,2978.75,3076.75,2011392,2710039
12/28/2018,16:00,3073.25,3104.75,3054.5,3067.75,2011392,2695857
12/31/2018,16:00,3077.25,3094.75,3064.5,3087.0,1414594,2671246
01/02/2019,16:00,3089.75,3103.0,3034.0,3092.75,1969697,2683349
01/03/2019,16:00,3064.0,3075.25,3025.0,3029.5,2257341,2702026
01/04/2019,16:00,3033.5,3121.0,3020.25,3113.0,2350836,2634252
01/07/2019,16:00,3119.0,3149.25,3105.0,3132.25,1632131,2643289
01/08/2019,16:00,3135.0,3163.0,3129.25,3154.25,1664892,2596886
01/09/2019,16:00,3151.25,3178.5,3150.25,3164.25,1596941,2600873
01/10/2019,16:00,3162.0,3181.25,3142.25,3175.75,1534119,2580411
01/11/2019,16:00,3175.75,3179.5,3158.75,3176.75,1213026,2604676
01/14/2019,16:00,3170.25,3173.75,3149.0,3162.25,1199404,2612044
01/15/2019,16:00,3163.25,3195.5,3161.75,3187.25,1532494,2596574
01/16/2019,16:00,3187.5,3208.0,3184.25,3195.0,1330329,2594020
01/17/2019,16:00,3196.25,3227.25,3178.25,3217.0,1508869,2598337
01/18/2019,16:00,3218.5,3259.5,3214.5,3253.25,1753852,2596181
01/22/2019,16:00,3251.0,3255.25,3198.25,3213.75,1880446,2608729
01/23/2019,16:00,3212.5,3235.5,3194.25,3220.0,1576181,2627318
01/24/2019,16:00,3216.75,3229.25,3207.75,3215.75,1388741,2598644
01/25/2019,16:00,3218.0,3254.25,3216.25,3245.25,1388741,2595674
01/28/2019,16:00,3241.75,3245.25,3204.0,3223.75,1408636,2605425
01/29/2019,16:00,3222.0,3231.75,3210.25,3222.0,1261703,2618479
01/30/2019,16:00,3230.25,3271.5,3218.0,3264.25,1564987,2606116
01/31/2019,16:00,3265.25,3294.75,3257.5,3286.25,1935195,2555080
02/01/2019,16:00,3289.5,3297.75,3277.25,3286.0,1469597,2548101
02/04/2019,16:00,3281.0,3306.75,3278.75,3303.0,1024581,2550279
02/05/2019,16:00,3301.25,3319.5,3298.0,3312.75,1225737,2560529
02/06/2019,16:00,3312.5,3318.25,3304.0,3311.25,1196377,2553848
02/07/2019,16:00,3308.75,3311.0,3267.25,3285.75,1921663,2537472
02/08/2019,16:00,3283.75,3290.75,3262.5,3288.0,1579544,2525951
02/11/2019,16:00,3292.5,3303.25,3282.25,3290.0,1110070,2522343
02/12/2019,16:00,3288.75,3329.75,3287.25,3326.5,1307152,2539160
02/13/2019,16:00,3325.25,3343.75,3324.5,3331.25,1209879,2527128
02/14/2019,16:00,3331.0,3344.75,3312.0,3325.25,1518783,2507004
02/15/2019,16:00,3323.0,3360.25,3310.75,3358.75,1518783,2510982
02/19/2019,16:00,3359.25,3369.25,3347.75,3360.5,1198092,2512167
02/20/2019,16:00,3359.5,3372.5,3355.0,3368.75,1284923,2489011
02/21/2019,16:00,3368.75,3379.75,3346.0,3356.0,1426061,2512525
02/22/2019,16:00,3355.25,3377.25,3352.25,3373.0,1190834,2504698
02/25/2019,16:00,3381.25,3395.75,3376.25,3378.75,1256092,2536237
02/26/2019,16:00,3377.5,3385.25,3365.0,3373.25,1201641,2563644
02/27/2019,16:00,3369.75,3379.0,3356.75,3376.75,1138855,2550763
02/28/2019,16:00,3377.0,3377.5,3363.5,3366.5,1265597,2517873
03/01/2019,16:00,3367.5,3390.0,3364.75,3386.75,1265597,2510357
03/04/2019,16:00,3395.75,3401.5,3349.25,3373.25,1791972,2442313
03/05/2019,16:00,3372.5,3380.75,3365.0,3373.25,1203448,2422694
03/06/2019,16:00,3368.25,3374.5,3350.25,3353.25,1509846,2384998
03/07/2019,16:00,3352.0,3358.0,3320.0,3331.25,652144,527589
03/08/2019,16:00,3330.75,3333.0,3302.75,3328.25,1531907,920520
03/11/2019,16:00,3326.75,3368.75,3318.0,3365.25,1943336,1628211
03/12/2019,16:00,3366.25,3379.5,3361.75,3373.5,1789055,2080108
03/13/2019,16:00,3374.0,3402.75,3364.5,3395.75,1630657,2303495
03/14/2019,16:00,3397.0,3401.25,3384.75,3388.5,1247105,2367504
03/15/2019,16:00,3389.75,3412.75,3388.75,3406.0,1382358,2417944
03/18/2019,16:00,3403.25,3418.25,3400.25,3416.75,1036540,2435313
03/19/2019,16:00,3417.75,3435.0,3405.25,3412.75,1497577,2485162
03/20/2019,16:00,3413.5,3425.5,3393.5,3403.25,1693207,2487480
03/21/2019,16:00,3400.0,3442.25,3390.0,3438.75,1657949,2486193
03/22/2019,16:00,3435.75,3441.0,3381.5,3387.0,2254842,2459994
03/25/2019,16:00,3389.25,3394.75,3365.75,3383.25,1801326,2484528
03/26/2019,16:00,3384.75,3411.25,3382.25,3399.25,1461068,2484868
03/27/2019,16:00,3399.75,3408.0,3368.0,3386.75,1726746,2488083
03/28/2019,16:00,3383.25,3400.5,3371.25,3397.25,1491974,2484716
03/29/2019,16:00,3396.75,3417.0,3396.5,3414.0,1491974,2485145
04/01/2019,16:00,3420.75,3449.75,3420.75,3446.75,1256933,2507319
04/02/2019,16:00,3444.75,3450.0,3438.5,3443.25,859942,2503607
04/03/2019,16:00,3442.25,3465.5,3441.5,3456.0,1240848,2520462
04/04/2019,16:00,3457.0,3462.0,3447.25,3459.0,1045539,2519691
04/05/2019,16:00,3458.75,3474.25,3456.75,3472.25,1221029,2525234
04/08/2019,16:00,3472.5,3476.0,3460.5,3474.5,978909,2523463
04/09/2019,16:00,3474.75,3476.25,3453.5,3458.75,1182395,2531776
04/10/2019,16:00,3458.25,3472.25,3454.25,3470.75,972310,2549282
04/11/2019,16:00,3471.0,3476.25,3461.5,3468.0,1227893,2578445
04/12/2019,16:00,3468.25,3491.0,3467.0,3488.75,1227893,2574551
04/15/2019,16:00,3488.25,3490.75,3476.75,3485.75,955662,2570158
04/16/2019,16:00,3486.5,3497.5,3480.75,3487.75,1124491,2585325
04/17/2019,16:00,3486.5,3499.75,3474.75,3476.75,1382265,2597888
04/18/2019,16:00,3477.25,3488.0,3465.75,3486.25,1335778,2606814
04/22/2019,16:00,3485.0,3492.0,3475.25,3488.75,706067,2598555
04/23/2019,16:00,3488.0,3516.0,3484.25,3514.25,1193738,2636860
04/24/2019,16:00,3513.5,3516.0,3504.0,3507.0,1125250,2618456
04/25/2019,16:00,3506.25,3512.0,3490.5,3502.5,1376185,2615681
04/26/2019,16:00,3500.0,3519.0,3493.5,3517.75,1246988,2622207
04/29/2019,16:00,3515.5,3527.75,3514.0,3519.25,944846,2599060
04/30/2019,16:00,3518.75,3532.75,3502.25,3524.75,1491268,2584732
05/01/2019,16:00,3531.25,3537.5,3492.25,3499.25,1502201,2603085
05/02/2019,16:00,3492.75,3509.0,3477.25,3493.75,1295606,2604079
05/03/2019,16:00,3494.75,3525.75,3492.75,3523.75,1295606,2598862
05/06/2019,16:00,3494.0,3514.5,3459.75,3508.75,2037157,2592736
05/07/2019,16:00,3488.25,3506.75,3438.75,3467.0,2813033,2580940
05/08/2019,16:00,3466.0,3475.75,3445.0,3463.5,2043325,2575029
05/09/2019,16:00,3460.25,3461.75,3412.5,3449.0,2848095,2580218
05/10/2019,16:00,3446.0,3469.25,3402.25,3463.25,2848095,2572256
05/13/2019,16:00,3434.75,3445.5,3378.25,3383.25,2790074,2603641
05/14/2019,16:00,3382.25,3430.0,3376.0,3415.5,1797995,2582391
05/15/2019,16:00,3417.0,3436.25,3391.25,3431.25,1753507,2570615
05/16/2019,16:00,3429.75,3470.25,3416.75,3454.75,1926351,2590826
05/17/2019,16:00,3456.0,3463.75,3428.75,3438.25,1926351,2576603
05/20/2019,16:00,3437.75,3452.75,3408.75,3420.25,1659139,2577304
05/21/2019,16:00,3424.25,3447.0,3422.5,3442.25,1303238,2568376
05/22/2019,16:00,3441.0,3445.75,3424.5,3433.75,1258767,2570144
05/23/2019,16:00,3434.0,3434.75,3382.0,3395.75,2013518,2573179
05/24/2019,16:00,3398.0,3418.25,3395.5,3408.0,1201967,2571660
05/28/2019,16:00,3407.25,3417.5,3376.75,3381.25,1633540,2574079
05/29/2019,16:00,3380.5,3382.25,3342.5,3356.25,2087458,2577428
05/30/2019,16:00,3355.75,3375.25,3352.75,3366.75,2211587,2596985
05/31/2019,16:00,3365.0,3367.25,3326.25,3328.75,2211587,2580670
06/03/2019,16:00,3317.25,3340.0,3305.0,3325.75,2297243,2576711
06/04/2019,16:00,3330.25,3382.5,3320.25,3381.25,1836910,2570524
06/05/2019,16:00,3382.75,3405.75,3377.25,3404.0,1743779,2539499
06/06/2019,16:00,3396.75,3429.25,3389.0,3422.0,1566762,2541326
06/07/2019,16:00,3416.0,3462.5,3414.25,3451.25,1687328,2550208
06/10/2019,16:00,3469.5,3482.0,3456.75,3465.5,1416247,2552148
06/11/2019,16:00,3466.5,3487.75,3455.5,3463.25,1397028,2530596
06/12/2019,16:00,3463.75,3467.25,3451.5,3457.25,1205406,2495060
06/13/2019,16:00,3458.25,3472.75,3443.75,3470.75,523312,448119
06/14/2019,16:00,3469.75,3475.0,3456.5,3467.0,1318938,951568
06/17/2019,16:00,3467.25,3477.0,3464.25,3468.5,1649621,1595842
06/18/2019,16:00,3470.25,3508.75,3461.25,3498.5,2257843,2093571
06/19/2019,16:00,3497.0,3509.0,3487.5,3505.75,1666878,2336928
06/20/2019,16:00,3503.0,3536.75,3502.75,3532.25,1876076,2431817
06/21/2019,16:00,3530.0,3541.5,3520.0,3522.75,1547604,2440112
06/24/2019,16:00,3520.25,3534.0,3519.5,3524.25,910166,2443361
06/25/2019,16:00,3523.25,3530.5,3492.25,3494.25,1417191,2437612
06/26/2019,16:00,3494.75,3511.25,3486.75,3490.25,1232682,2454470
06/27/2019,16:00,3487.0,3508.0,3487.0,3503.25,1060248,2443809
06/28/2019,16:00,3505.0,3527.5,3502.25,3516.5,1322759,2447733
07/01/2019,16:00,3542.25,3554.0,3527.75,3540.0,1457722,2497814
07/02/2019,16:00,3540.25,3552.25,3530.75,3551.75,1119495,2512020
07/03/2019,16:00,3551.25,3573.75,3546.0,3572.5,1339312,2553035
07/05/2019,16:00,3573.0,3578.25,3543.5,3562.75,1339312,2550671
07/08/2019,16:00,3563.0,3567.0,3545.5,3550.75,1016611,2536264
07/09/2019,16:00,3550.0,3558.5,3535.75,3554.25,956650,2535787
07/10/2019,16:00,3554.5,3579.75,3543.5,3569.75,1422362,2589325
07/11/2019,16:00,3568.25,3579.0,3564.75,3576.25,969956,2606793
07/12/2019,16:00,3575.25,3590.25,3574.5,3587.75,969956,2604976
07/15/2019,16:00,3587.5,3595.75,3583.0,3589.5,829936,2615781
07/16/2019,16:00,3589.5,3594.0,3576.75,3579.25,939814,2602908
07/17/2019,16:00,3578.0,3585.25,3552.75,3557.25,1039457,2605527
07/18/2019,16:00,3553.0,3577.5,3546.75,3569.75,1482373,2596689
07/19/2019,16:00,3576.0,3582.0,3541.75,3549.25,1482373,2581006
07/22/2019,16:00,3546.75,3565.75,3544.75,3561.25,1098399,2578540
07/23/2019,16:00,3561.0,3580.75,3559.75,3580.25,1056909,2594758
07/24/2019,16:00,3575.25,3594.25,3568.25,3593.75,1068766,2610627
07/25/2019,16:00,3590.25,3600.0,3570.25,3578.75,1333721,2593077
07/26/2019,16:00,3578.75,3601.75,3578.25,3596.75,961015,2601816
07/29/2019,16:00,3594.25,3599.5,3587.75,3594.0,823572,2590697
07/30/2019,16:00,3594.5,3599.75,3573.75,3584.5,1182050,2589607
07/31/2019,16:00,3588.5,3593.0,3530.25,3554.5,1951108,2563073
08/01/2019,16:00,3542.5,3586.5,3516.75,3524.25,2447014,2545075
08/02/2019,16:00,3522.5,3533.25,3485.75,3504.75,2447014,2543600
08/05/2019,16:00,3501.5,3505.75,3392.75,3402.25,3072122,2546479
08/06/2019,16:00,3388.75,3456.0,3348.0,3448.25,2601037,2534695
08/07/2019,16:00,3446.0,3463.75,3395.5,3452.75,2680813,2503075
08/08/2019,16:00,3451.25,3513.0,3442.75,3512.25,1800667,2482349
08/09/2019,16:00,3500.25,3508.0,3471.25,3492.0,2026304,2459531
08/12/2019,16:00,3491.0,3503.25,3444.75,3452.5,1710875,2465174
08/13/2019,16:00,3454.5,3516.5,3439.0,3504.25,2184012,2474720
08/14/2019,16:00,3503.25,3508.75,3408.0,3413.0,2786308,2489161
08/15/2019,16:00,3408.25,3444.0,3390.0,3420.75,2495340,2513286
08/16/2019,16:00,3423.25,3467.0,3421.75,3463.75,1631175,2465029
08/19/2019,16:00,3465.25,3504.5,3464.75,3496.0,1285798,2455579
08/20/2019,16:00,3493.5,3504.5,3466.5,3470.5,1475214,2482684
08/21/2019,16:00,3465.5,3504.75,3465.25,3501.5,1180368,2493806
08/22/2019,16:00,3503.5,3512.0,3476.5,3494.5,1470309,2486077
08/23/2019,16:00,3492.5,3509.0,3406.25,3427.75,2864662,2500435
08/26/2019,16:00,3403.25,3460.75,3382.5,3455.5,1850231,2518844
08/27/2019,16:00,3455.0,3471.75,3432.25,3437.75,1528362,2502439
08/28/2019,16:00,3438.5,3462.75,3424.0,3462.0,1489617,2504504
08/29/2019,16:00,3455.5,3503.0,3447.5,3499.0,1489670,2498391
08/30/2019,16:00,3495.5,3518.75,3485.5,3497.0,1642516,2477540
09/03/2019,16:00,3473.25,3498.75,3461.25,3478.25,1999829,2490286
09/04/2019,16:00,3475.25,3511.75,3474.25,3510.75,1252834,2495612
09/05/2019,16:00,3510.25,3558.75,3508.75,3544.25,1182287,2488954
09/06/2019,16:00,3543.0,3560.5,3542.5,3553.0,1182287,2488650
09/09/2019,16:00,3552.5,3563.75,3541.75,3550.5,1199935,2498729
09/10/2019,16:00,3551.5,3557.25,3529.5,3550.75,1493346,2513360
09/11/2019,16:00,3551.25,3576.5,3544.25,3574.25,1423833,2486973
09/12/2019,16:00,3574.75,3594.0,3571.5,3584.25,514866,463048
09/13/2019,16:00,3582.5,3596.25,3576.25,3579.0,1324633,932866
09/16/2019,16:00,3567.25,3575.75,3554.0,3572.0,1698082,1520061
09/17/2019,16:00,3574.75,3579.5,3564.25,3578.5,1699010,2128531
09/18/2019,16:00,3579.25,3584.25,3551.25,3579.0,1623840,2334444
09/19/2019,16:00,3580.5,3595.0,3561.75,3578.5,1323245,2432119
09/20/2019,16:00,3577.5,3588.5,3555.75,3560.0,1476593,2444952
09/23/2019,16:00,3566.25,3578.75,3552.5,3567.5,1044218,2440005
09/24/2019,16:00,3571.5,3582.75,3529.0,3540.75,1936806,2460425
09/25/2019,16:00,3541.5,3562.25,3524.25,3556.75,1501723,2454854
09/26/2019,16:00,3556.25,3565.5,3534.75,3551.0,1673557,2449944
09/27/2019,16:00,3550.25,3563.5,3516.75,3534.25,1673557,2447652
09/30/2019,16:00,3546.5,3556.75,3535.0,3549.0,1155807,2457568
10/01/2019,16:00,3554.5,3565.0,3507.5,3508.25,1601531,2452944
10/02/2019,16:00,3512.75,3519.5,3444.5,3451.0,2126769,2448016
10/03/2019,16:00,3454.25,3483.0,3425.5,3482.25,1497975,2437931
10/04/2019,16:00,3482.0,3523.75,3467.25,3521.5,1497975,2436327
10/07/2019,16:00,3500.25,3530.0,3498.5,3508.0,1266872,2437773
10/08/2019,16:00,3505.0,3520.5,3461.0,3463.0,1865325,2459880
10/09/2019,16:00,3464.0,3504.75,3458.75,3489.5,1305749,2455330
10/10/2019,16:00,3491.0,3524.5,3452.25,3511.5,1743810,2494099
10/11/2019,16:00,3519.5,3564.5,3512.25,3541.25,1743810,2491094
10/14/2019,16:00,3538.5,3553.0,3524.25,3536.0,833670,2479579
10/15/2019,16:00,3537.25,3573.75,3537.0,3568.25,1181207,2470030
10/16/2019,16:00,3567.0,3568.25,3555.25,3562.0,1148118,2458025
10/17/2019,16:00,3562.75,3578.5,3555.75,3568.5,1121748,2447188
10/18/2019,16:00,3568.25,3571.75,3545.5,3558.75,1335276,2440088
10/21/2019,16:00,3555.25,3578.0,3554.25,3577.0,886557,2449385
10/22/2019,16:00,3577.0,3584.75,3558.75,3565.0,1125601,2457791
10/23/2019,16:00,3562.5,3576.5,3552.5,3576.25,1055958,2471470
10/24/2019,16:00,3576.5,3585.75,3569.25,3574.75,1061278,2488017
10/25/2019,16:00,3574.25,3597.0,3570.5,3590.75,1098391,2496273
10/28/2019,16:00,3593.5,3613.25,3593.25,3606.75,1041931,2507590
10/29/2019,16:00,3608.75,3616.75,3600.0,3606.25,1040149,2522874
10/30/2019,16:00,3607.0,3625.5,3593.75,3618.25,1179153,2534765
10/31/2019,16:00,3622.25,3622.5,3590.75,3606.25,1279508,2534367
11/01/2019,16:00,3606.5,3635.5,3603.5,3633.75,1279508,2533393
11/04/2019,16:00,3635.25,3654.25,3635.25,3646.25,1179714,2540075
11/05/2019,16:00,3647.25,3656.25,3640.25,3642.5,1124217,2550577
11/06/2019,16:00,3642.0,3648.5,3633.5,3646.0,1076833,2551909
11/07/2019,16:00,3647.75,3667.5,3640.75,3656.5,1353330,2588418
11/08/2019,16:00,3656.75,3663.0,3643.0,3661.0,1080147,2585427
11/11/2019,16:00,3661.0,3662.75,3645.0,3658.0,844597,2581086
11/12/2019,16:00,3658.25,3672.5,3651.75,3662.5,1101243,2598016
11/13/2019,16:00,3661.75,3667.5,3646.25,3666.0,1251057,2595181
11/14/2019,16:00,3666.75,3670.25,3652.25,3667.5,1105353,2617657
11/15/2019,16:00,3667.5,3690.0,3666.25,3688.75,1251167,2611516
11/18/2019,16:00,3689.5,3698.25,3681.5,3692.25,1034214,2611425
11/19/2019,16:00,3692.0,3703.0,3683.25,3689.0,1195901,2621487
11/20/2019,16:00,3687.0,3689.0,3661.25,3679.5,1693828,2612319
11/21/2019,16:00,3667.75,3685.0,3661.75,3674.5,1434552,2614810
11/22/2019,16:00,3674.5,3685.0,3668.25,3682.0,995416,2597224
11/25/2019,16:00,3689.5,3704.0,3687.0,3703.25,947831,2624864
11/26/2019,16:00,3701.75,3715.5,3698.5,3714.25,1068011,2649050
11/27/2019,16:00,3714.25,3725.5,3712.25,3724.25,928792,2660613
11/29/2019,16:00,3725.25,3725.5,3710.0,3714.25,902189,2650092
12/02/2019,16:00,3716.75,3728.5,3680.75,3684.75,1927030,2645652
12/03/2019,16:00,3684.75,3692.25,3640.0,3661.5,2146620,2611042
12/04/2019,16:00,3662.25,3690.0,3652.25,3681.5,1485940,2594107
12/05/2019,16:00,3681.5,3695.25,3673.75,3688.25,1300299,2590435
12/06/2019,16:00,3688.25,3721.5,3687.5,3716.5,1300299,2586460
12/09/2019,16:00,3717.0,3720.0,3701.75,3705.0,1145426,2560706
12/10/2019,16:00,3704.0,3713.5,3686.75,3706.5,1425723,2534481
12/11/2019,16:00,3706.0,3715.0,3700.0,3713.5,1225764,2474973
12/12/2019,16:00,3714.5,3748.0,3708.0,3738.75,2058667,1310661
12/13/2019,16:00,3746.0,3756.0,3727.5,3743.0,2058667,1346946
12/16/2019,16:00,3747.25,3770.25,3744.75,3766.25,1973586,2015350
12/17/2019,16:00,3764.25,3771.25,3759.75,3763.25,1615320,2419349
12/18/2019,16:00,3760.25,3770.75,3759.75,3767.0,1181642,2601472
12/19/2019,16:00,3767.25,3781.5,3762.25,3779.5,1137443,2736522
12/20/2019,16:00,3781.25,3797.25,3776.25,3793.5,1320006,2744187
12/23/2019,16:00,3794.75,3802.0,3792.0,3795.0,665895,2710656
12/24/2019,16:00,3796.0,3799.0,3790.25,3793.5,297971,2705804
12/26/2019,16:00,3795.25,3812.5,3794.75,3812.25,984389,2707541
12/27/2019,16:00,3809.75,3821.75,3803.25,3805.25,984389,2697727
12/30/2019,16:00,3806.0,3812.0,3785.0,3791.25,1124598,2721001
12/31/2019,16:00,3791.0,3804.0,3780.75,3798.75,1157924,2707883
01/02/2020,16:00,3804.75,3829.5,3802.0,3826.75,1416241,2740796
01/03/2020,16:00,3828.75,3831.25,3774.5,3803.25,1755057,2699160
01/06/2020,16:00,3788.0,3817.25,3776.5,3811.25,1502748,2688734
01/07/2020,16:00,3811.25,3822.25,3793.75,3803.0,1293494,2689622
01/08/2020,16:00,3799.5,3835.5,3748.75,3828.0,2279138,2724061
01/09/2020,16:00,3829.0,3844.5,3825.5,3843.75,1297679,2719384
01/10/2020,16:00,3843.25,3854.75,3828.5,3832.5,1533121,2680594
01/13/2020,16:00,3833.5,3858.75,3833.25,3857.5,1008998,2678798
01/14/2020,16:00,3857.0,3864.5,3843.0,3855.75,1694799,2669453
01/15/2020,16:00,3855.5,3866.75,3845.5,3861.5,1468347,2695940
01/16/2020,16:00,3862.0,3885.75,3861.75,3884.25,1335246,2716639
01/17/2020,16:00,3884.5,3898.0,3883.75,3892.75,1312253,2710925
01/21/2020,16:00,3892.75,3897.5,3875.0,3887.25,1573187,2731204
01/22/2020,16:00,3889.0,3905.25,3883.0,3887.5,1505107,2722920
01/23/2020,16:00,3885.0,3894.75,3869.0,3893.75,2515168,2704510
01/24/2020,16:00,3894.25,3904.75,3848.25,3861.25,2515168,2701039
01/27/2020,16:00,3837.5,3837.5,3800.75,3807.25,2581636,2691157
01/28/2020,16:00,3807.25,3852.75,3806.5,3846.0,1910878,2691839
01/29/2020,16:00,3849.5,3860.5,3833.0,3840.25,1665382,2692183
01/30/2020,16:00,3839.25,3863.0,3807.5,3857.5,2421276,2700373
01/31/2020,16:00,3859.75,3865.25,3780.5,3791.75,3152069,2639311
02/03/2020,16:00,3790.5,3835.0,3789.75,3813.25,1919477,2629999
02/04/2020,16:00,3812.0,3873.0,3803.75,3867.25,1698403,2639813
02/05/2020,16:00,3868.0,3905.75,3856.0,3902.75,2046111,2685462
02/06/2020,16:00,3904.75,3925.5,3900.25,3913.0,1462323,2703568
02/07/2020,16:00,3916.75,3917.75,3888.5,3893.25,1698940,2694926
02/10/2020,16:00,3890.0,3921.25,3871.25,3920.75,1399815,2701377
02/11/2020,16:00,3918.75,3942.25,3917.0,3925.25,1486164,2714705
02/12/2020,16:00,3928.25,3949.25,3923.25,3948.25,1229231,2732274
02/13/2020,16:00,3949.0,3952.5,3916.25,3945.25,1334897,2733313
02/14/2020,16:00,3947.25,3956.25,3933.0,3948.75,1334897,2732215
02/18/2020,16:00,3946.0,3946.75,3923.0,3937.0,1735931,2763914
02/19/2020,16:00,3939.75,3961.5,3938.5,3955.0,1163426,2776245
02/20/2020,16:00,3959.5,3965.25,3907.0,3937.0,2073749,2768781
02/21/2020,16:00,3934.75,3937.0,3895.75,3907.0,2293728,2747927
02/24/2020,16:00,3876.75,3879.75,3781.5,3794.0,3636687,2743468
02/25/2020,16:00,3790.75,3827.25,3685.0,3700.25,4375530,2749002
02/26/2020,16:00,3705.75,3749.75,3658.75,3678.0,3889097,2762339
02/27/2020,16:00,3668.0,3684.75,3512.25,3524.75,5715227,3064689
02/28/2020,16:00,3517.75,3563.75,3421.0,3518.75,5715227,3013315
03/02/2020,16:00,3467.75,3661.0,3457.0,3632.75,3689149,2964776
03/03/2020,16:00,3644.75,3704.75,3540.75,3564.75,3754363,2921342
03/04/2020,16:00,3556.0,3697.25,3544.25,3682.5,2590464,2856309
03/05/2020,16:00,3677.0,3681.5,3564.25,3583.25,3163400,3011891
03/06/2020,16:00,3592.0,3604.75,3465.75,3531.75,3163400,2992661
03/09/2020,16:00,3483.75,3483.75,3282.75,3315.5,2672753,3172786
03/10/2020,16:00,3300.75,3452.5,3263.0,3433.5,3423140,3133378
03/11/2020,16:00,3427.25,3437.25,3270.5,3308.0,2992894,3190717
03/12/2020,16:00,3306.0,3341.0,3008.75,3035.0,3233288,1376984
03/13/2020,16:00,2996.0,3276.25,2959.0,3263.0,3233288,1426136
03/16/2020,16:00,3210.5,3229.0,2929.0,2984.25,3539756,2156542
03/17/2020,16:00,2986.0,3121.75,2931.0,3064.5,3788132,2955942
03/18/2020,16:00,3046.5,3065.25,2841.0,2980.5,3255696,3233933
03/19/2020,16:00,2981.5,3039.0,2854.0,2968.0,3127808,3299307
03/20/2020,16:00,2930.0,3078.0,2839.0,2867.5,3075997,3341388
03/23/2020,16:00,2799.25,2965.0,2753.0,2799.5,3076791,3410005
03/24/2020,16:00,2812.25,3026.75,2809.5,3017.0,2639522,3306216
03/25/2020,16:00,3021.75,3139.75,2965.0,3046.0,3037767,3330884
03/26/2020,16:00,3050.0,3204.75,2981.25,3187.0,2413913,3298502
03/27/2020,16:00,3206.75,3213.5,3084.25,3103.0,2320755,3359991
03/30/2020,16:00,3038.0,3200.75,3024.0,3190.25,1837692,3369681
03/31/2020,16:00,3192.25,3214.75,3134.75,3148.75,2248012,3420420
04/01/2020,16:00,3141.0,3141.25,3013.25,3027.0,2091378,3506159
04/02/2020,16:00,3038.0,3104.0,3003.75,3095.5,2145458,3502138
04/03/2020,16:00,3092.75,3108.5,3028.0,3061.75,1763886,3486777
04/06/2020,16:00,3064.0,3247.5,3063.75,3223.5,2034419,3458529
04/07/2020,16:00,3224.5,3329.0,3202.5,3221.0,2486524,3411904
04/08/2020,16:00,3219.5,3331.5,3199.75,3314.0,1920688,3415792
04/09/2020,16:00,3316.75,3388.5,3280.0,3358.75,2342733,3409009
04/13/2020,16:00,3390.0,3398.5,3290.0,3338.25,1571402,3411016
04/14/2020,16:00,3339.0,3425.0,3331.5,3422.0,1716496,3394576
04/15/2020,16:00,3422.75,3424.5,3330.25,3354.0,1831570,3395496
04/16/2020,16:00,3346.75,3410.5,3325.0,3366.5,1749108,3363237
04/17/2020,16:00,3442.0,3464.0,3400.0,3449.0,1924019,3356812
04/20/2020,16:00,3440.5,3454.5,3383.25,3385.5,1566934,3350008
04/21/2020,16:00,3386.0,3412.25,3296.25,3311.0,1969844,3346147
04/22/2020,16:00,3316.25,3387.0,3296.25,3367.5,1369529,3349174
04/23/2020,16:00,3369.5,3415.75,3351.75,3359.75,1703918,3332460
04/24/2020,16:00,3356.0,3414.0,3334.25,3408.5,1293756,3316404
04/27/2020,16:00,3408.0,3460.25,3391.75,3448.0,1224445,3300264
04/28/2020,16:00,3446.75,3492.5,3430.0,3446.25,1614021,3281930
04/29/2020,16:00,3449.5,3538.75,3439.75,3520.0,1737371,3269822
04/30/2020,16:00,3535.5,3544.0,3457.0,3481.5,1647259,3219439
05/01/2020,16:00,3450.5,3458.75,3390.75,3400.75,1647259,3208612
05/04/2020,16:00,3368.0,3414.75,3350.0,3404.25,1510680,3193697
05/05/2020,16:00,3406.0,3468.75,3403.5,3437.25,1474765,3177214
05/06/2020,16:00,3436.75,3465.25,3411.0,3412.5,1466641,3169041
05/07/2020,16:00,3411.0,3474.0,3402.0,3459.0,1494330,3199007
05/08/2020,16:00,3461.0,3512.0,3458.75,3507.5,1326254,3196517
05/11/2020,16:00,3499.75,3526.0,3468.75,3501.75,1528302,3186253
05/12/2020,16:00,3498.25,3518.25,3417.0,3431.5,1824303,3178815
05/13/2020,16:00,3418.75,3455.75,3365.0,3392.0,2591379,3169506
05/14/2020,16:00,3399.25,3432.75,3339.25,3426.0,2501222,3168198
05/15/2020,16:00,3425.25,3442.5,3388.5,3425.5,1897194,3152167
05/18/2020,16:00,3438.75,3543.75,3429.0,3527.0,1775433,3135866
05/19/2020,16:00,3524.0,3555.25,3493.25,3497.75,1567224,3134480
05/20/2020,16:00,3492.5,3554.75,3487.5,3547.5,1532404,3133060
05/21/2020,16:00,3551.25,3552.5,3512.0,3516.0,1608225,3136611
05/22/2020,16:00,3515.75,3536.5,3482.75,3532.0,1377263,3141279
05/26/2020,16:00,3527.5,3598.75,3526.5,3573.5,1797241,3121588
05/27/2020,16:00,3573.0,3618.5,3544.5,3614.5,2109332,3141773
05/28/2020,16:00,3614.0,3644.5,3598.5,3617.0,1881295,3137300
05/29/2020,16:00,3615.0,3637.25,3571.0,3621.0,2258009,3101069
06/01/2020,16:00,3608.75,3638.0,3587.0,3633.0,1277803,3094833
06/02/2020,16:00,3631.75,3658.0,3614.0,3656.0,1458830,3117655
06/03/2020,16:00,3657.0,3708.5,3653.25,3696.75,1623708,3126680
06/04/2020,16:00,3696.75,3705.75,3666.5,3689.5,2444330,3099946
06/05/2020,16:00,3692.25,3789.5,3685.5,3765.75,2444330,3097301
06/08/2020,16:00,3771.5,3810.25,3762.25,3806.5,1602601,3100814
06/09/2020,16:00,3806.75,3810.0,3769.0,3784.5,1695764,3081348
06/10/2020,16:00,3783.75,3806.25,3758.75,3765.0,160505,193508
06/11/2020,16:00,3762.5,3767.25,3574.75,3589.0,805593,414547
06/12/2020,16:00,3590.25,3666.25,3560.5,3613.25,2721119,906306
06/15/2020,16:00,3572.75,3657.75,3513.25,3651.5,2970664,1678383
06/16/2020,16:00,3654.75,3745.75,3649.75,3707.75,2997253,2179528
06/17/2020,16:00,3701.25,3736.5,3684.0,3696.5,1850300,2436145
06/18/2020,16:00,3693.5,3709.5,3654.0,3687.5,1636217,2530179
06/19/2020,16:00,3686.25,3734.25,3646.25,3649.0,1952273,2573281
06/22/2020,16:00,3629.75,3703.75,3616.75,3700.25,1392325,2563275
06/23/2020,16:00,3701.25,3735.25,3649.5,3708.0,1528485,2554985
06/24/2020,16:00,3702.75,3718.0,3609.25,3638.5,2387916,2576899
06/25/2020,16:00,3636.25,3669.0,3594.5,3660.25,2208418,2603052
06/26/2020,16:00,3660.75,3671.5,3582.0,3596.5,2208418,2597591
06/29/2020,16:00,3575.75,3640.75,3573.0,3637.25,1585146,2606208
06/30/2020,16:00,3635.5,3690.75,3619.75,3679.75,1724164,2599189
07/01/2020,16:00,3674.75,3707.25,3652.25,3692.5,1537321,2563324
07/02/2020,16:00,3691.25,3746.0,3685.0,3718.5,1552517,2567680
07/06/2020,16:00,3714.75,3764.0,3695.25,3761.5,1459512,2576791
07/07/2020,16:00,3759.5,3773.5,3722.0,3726.0,1333466,2568944
07/08/2020,16:00,3724.75,3755.75,3715.0,3753.0,1527612,2561441
07/09/2020,16:00,3755.75,3760.25,3694.75,3730.5,1881833,2577231
07/10/2020,16:00,3731.75,3770.75,3701.0,3768.0,1408591,2569914
07/13/2020,16:00,3773.0,3815.75,3730.0,3737.75,2074726,2575332
07/14/2020,16:00,3739.25,3781.75,3708.5,3773.0,2256766,2576124
07/15/2020,16:00,3793.5,3822.75,3781.5,3809.0,1937696,2580635
07/16/2020,16:00,3812.75,3818.0,3778.0,3784.0,1471311,2596956
07/17/2020,16:00,3788.0,3814.75,3784.25,3803.5,1261113,2597898
07/20/2020,16:00,3804.0,3840.0,3779.75,3834.75,1401168,2596046
07/21/2020,16:00,3833.25,3862.75,3828.75,3840.75,1463931,2583172
07/22/2020,16:00,3838.75,3861.25,3816.75,3855.0,1354244,2590322
07/23/2020,16:00,3857.25,3874.0,3803.75,3817.0,1704453,2590948
07/24/2020,16:00,3819.5,3828.5,3781.0,3793.5,1761346,2595372
07/27/2020,16:00,3800.25,3824.5,3781.5,3821.75,1299512,2600157
07/28/2020,16:00,3824.5,3836.25,3797.5,3802.5,1375293,2596804
07/29/2020,16:00,3804.5,3846.5,3793.75,3842.0,1218031,2619692
07/30/2020,16:00,3846.25,3858.5,3784.5,3838.25,2000721,2613918
07/31/2020,16:00,3858.75,3863.25,3802.0,3853.0,2282794,2624090
08/03/2020,16:00,3861.5,3885.0,3844.25,3878.0,1250449,2612024
08/04/2020,16:00,3880.25,3890.0,3860.5,3889.5,1145269,2621899
08/05/2020,16:00,3890.25,3912.75,3881.5,3905.5,1116787,2620078
08/06/2020,16:00,3906.5,3935.0,3890.0,3933.75,1615367,2626834
08/07/2020,16:00,3933.25,3937.25,3911.75,3934.25,1615367,2626708
08/10/2020,16:00,3936.5,3946.75,3918.5,3942.25,1201751,2630516
08/11/2020,16:00,3939.75,3968.5,3909.0,3919.5,1733040,2626558
08/12/2020,16:00,3929.0,3972.0,3915.75,3959.5,1408718,2648204
08/13/2020,16:00,3957.25,3971.5,3947.0,3957.25,1084771,2641497
08/14/2020,16:00,3958.75,3970.0,3939.5,3951.0,1084771,2638249
08/17/2020,16:00,3955.5,3972.25,3954.25,3969.25,759304,2641664
08/18/2020,16:00,3968.75,3980.25,3954.75,3976.5,1019552,2658226
08/19/2020,16:00,3978.25,3985.25,3955.0,3962.25,1368420,2644857
08/20/2020,16:00,3959.75,3976.5,3934.25,3970.25,1221450,2641678
08/21/2020,16:00,3973.0,3985.75,3946.25,3982.0,1221450,2638566
08/24/2020,16:00,3988.25,4019.0,3983.0,4017.0,1282950,2643854
08/25/2020,16:00,4016.5,4038.25,4011.25,4032.5,1133837,2663491
08/26/2020,16:00,4034.25,4073.0,4026.25,4069.75,1277539,2681528
08/27/2020,16:00,4069.0,4087.75,4054.25,4074.75,1248430,2695910
08/28/2020,16:00,4077.5,4099.0,4070.25,4094.0,1248430,2694668
08/31/2020,16:00,4098.0,4114.0,4079.5,4088.5,1439600,2688708
09/01/2020,16:00,4082.75,4119.5,4073.75,4116.5,1283622,2696614
09/02/2020,16:00,4118.5,4176.5,4115.75,4168.75,1853078,2680985
09/03/2020,16:00,4168.25,4176.0,4014.0,4051.0,2994363,2621756
09/04/2020,16:00,4044.25,4073.75,3937.25,4007.0,2994363,2621756
09/08/2020,16:00,4010.0,4036.5,3917.0,3925.0,2732946,2580018
09/09/2020,16:00,3904.75,4013.5,3885.0,3989.75,85922,155841
09/10/2020,16:00,3986.25,4013.75,3916.5,3929.75,544080,379776
09/11/2020,16:00,3934.5,3964.5,3898.0,3923.0,2034367,961009
09/14/2020,16:00,3939.75,3992.25,3936.0,3972.0,2219334,1697593
09/15/2020,16:00,3969.5,4008.75,3966.0,3994.75,1903406,2164654
09/16/2020,16:00,3995.5,4019.25,3973.5,3979.25,1787505,2384985
09/17/2020,16:00,3981.25,3986.25,3910.0,3950.75,2676297,2470907
09/18/2020,16:00,3944.75,3962.75,3880.5,3916.0,2365554,2491348
09/21/2020,16:00,3914.25,3926.0,3817.5,3874.75,2507980,2486960
09/22/2020,16:00,3871.25,3909.25,3856.25,3899.0,1576319,2467130
09/23/2020,16:00,3903.5,3919.5,3820.75,3831.0,1979661,2461928
09/24/2020,16:00,3827.75,3868.0,3797.75,3837.75,2277010,2468188
09/25/2020,16:00,3843.25,3896.0,3806.25,3887.0,1697090,2471785
09/28/2020,16:00,3890.75,3951.0,3887.25,3945.75,1495804,2462903
09/29/2020,16:00,3948.5,3962.75,3916.25,3933.5,1326597,2461168
09/30/2020,16:00,3929.75,3983.75,3891.0,3951.75,2170601,2469121
10/01/2020,16:00,3944.5,3987.75,3943.0,3967.5,1517912,2472707
10/02/2020,16:00,3966.75,3975.25,3900.0,3939.0,2028921,2460288
10/05/2020,16:00,3959.75,3999.75,3946.25,3992.75,1077474,2446841
10/06/2020,16:00,3991.75,4021.5,3930.25,3953.0,1701062,2460750
10/07/2020,16:00,3937.75,4016.5,3932.0,4006.5,1400616,2460030
10/08/2020,16:00,4006.0,4047.0,4005.25,4037.25,1104986,2456991
10/09/2020,16:00,4047.0,4079.75,4045.0,4073.0,1185272,2462189
10/12/2020,16:00,4067.25,4140.75,4064.0,4132.5,1401063,2445766
10/13/2020,16:00,4133.75,4135.5,4091.25,4104.5,1617226,2450104
10/14/2020,16:00,4101.75,4123.75,4071.75,4080.75,1539718,2426698
10/15/2020,16:00,4079.0,4086.25,4031.25,4075.25,1650150,2435548
10/16/2020,16:00,4078.25,4108.25,4061.0,4062.0,1398947,2403234
10/19/2020,16:00,4070.75,4096.25,4010.5,4022.5,1645853,2406069
10/20/2020,16:00,4035.75,4069.5,4018.5,4032.0,1702183,2411689
10/21/2020,16:00,4036.75,4057.75,4020.25,4032.25,1681275,2414019
10/22/2020,16:00,4030.0,4052.75,4002.25,4049.0,1216313,2395963
10/23/2020,16:00,4055.5,4062.25,4031.25,4051.5,1216313,2394156
10/26/2020,16:00,4045.5,4046.0,3955.75,3993.25,1957780,2389403
10/27/2020,16:00,3994.0,4009.75,3968.0,3982.75,1566246,2410879
10/28/2020,16:00,3968.75,3970.0,3860.5,3863.25,2627180,2437565
10/29/2020,16:00,3878.75,3933.5,3850.0,3902.0,1965277,2410701
10/30/2020,16:00,3867.75,3896.0,3824.75,3864.5,2494925,2401075
11/02/2020,16:00,3859.75,3923.25,3843.0,3900.25,1849320,2386203
11/03/2020,16:00,3903.75,3982.5,3901.0,3961.25,1664690,2380098
11/04/2020,16:00,3962.5,4079.75,3918.75,4034.75,2813083,2352324
11/05/2020,16:00,4047.75,4122.25,4028.0,4104.5,1671417,2370529
11/06/2020,16:00,4108.5,4118.75,4056.5,4100.5,1640000,2373200
11/09/2020,16:00,4122.25,4267.75,4115.5,4143.75,2605322,2395163
11/10/2020,16:00,4149.25,4162.5,4106.25,4140.75,2160319,2422065
11/11/2020,16:00,4146.0,4176.5,4130.75,4167.75,1324983,2447770
11/12/2020,16:00,4174.25,4174.25,4112.75,4132.25,1685890,2458540
11/13/2020,16:00,4137.25,4189.75,4117.75,4181.75,1334530,2452522
11/16/2020,16:00,4186.75,4236.75,4186.25,4222.75,1303941,2463392
11/17/2020,16:00,4225.25,4229.75,4184.0,4206.5,1268206,2490016
11/18/2020,16:00,4204.25,4223.0,4156.25,4164.75,1325309,2483643
11/19/2020,16:00,4161.75,4182.5,4142.0,4179.75,1291117,2499869
11/20/2020,16:00,4159.75,4182.25,4142.5,4154.0,1189621,2452943
11/23/2020,16:00,4146.25,4187.75,4145.25,4175.75,1204848,2464998
11/24/2020,16:00,4175.75,4239.75,4175.0,4232.5,1288993,2475696
11/25/2020,16:00,4235.25,4254.75,4215.0,4227.0,1016343,2476206
11/27/2020,16:00,4230.0,4242.5,4212.5,4236.25,639268,2486928
11/30/2020,16:00,4243.5,4251.75,4192.0,4223.0,1712274,2514695
12/01/2020,16:00,4230.75,4277.25,4225.75,4260.25,1365328,2513189
12/02/2020,16:00,4261.0,4272.5,4242.0,4267.0,1106696,2494833
12/03/2020,16:00,4270.75,4281.75,4255.0,4264.25,991860,2486385
12/04/2020,16:00,4268.0,4299.75,4265.25,4297.75,991860,2484021
12/07/2020,16:00,4294.5,4304.75,4272.0,4290.5,1078372,2493019
12/08/2020,16:00,4282.5,4307.75,4264.0,4301.75,1119000,2494893
12/09/2020,16:00,4307.5,4314.5,4259.25,4272.25,111361,264711
12/10/2020,16:00,4269.25,4281.25,4244.0,4268.75,505622,499542
12/11/2020,16:00,4270.75,4275.0,4228.75,4261.5,1656323,1025914
12/14/2020,16:00,4278.0,4299.5,4245.5,4248.0,2284730,1765245
12/15/2020,16:00,4255.0,4296.5,4244.25,4295.0,1909018,2234780
12/16/2020,16:00,4297.75,4312.5,4288.0,4301.75,1509876,2467363
12/17/2020,16:00,4305.0,4325.5,4300.0,4320.75,1227753,2512151
12/18/2020,16:00,4321.0,4331.0,4285.25,4314.25,1731161,2500391
12/21/2020,16:00,4326.25,4332.0,4204.0,4293.75,1837575,2471841
12/22/2020,16:00,4293.0,4303.0,4271.75,4285.25,1104998,2460109
12/23/2020,16:00,4282.25,4309.75,4259.0,4289.5,1021819,2458400
12/24/2020,16:00,4293.25,4304.0,4286.5,4303.0,369650,2464275
12/28/2020,16:00,4290.0,4340.25,4284.0,4335.5,760654,2478086
12/29/2020,16:00,4339.0,4355.75,4322.5,4328.0,992636,2494823
12/30/2020,16:00,4332.5,4346.25,4324.5,4332.25,769995,2506748
12/31/2020,16:00,4333.25,4361.0,4323.0,4356.75,993343,2531490
01/04/2021,16:00,4356.75,4381.25,4260.5,4300.25,2037616,2537381
01/05/2021,16:00,4303.0,4338.0,4281.25,4326.25,1414022,2548506
01/06/2021,16:00,4325.5,4382.75,4293.5,4348.5,2127155,2566085
01/07/2021,16:00,4360.5,4412.0,4350.0,4403.5,1302021,2558678
01/08/2021,16:00,4405.75,4432.5,4383.0,4425.5,1619438,2557720
01/11/2021,16:00,4423.5,4428.75,4384.5,4400.0,1292422,2565350
01/12/2021,16:00,4402.25,4414.75,4376.0,4402.5,1216214,2565879
01/13/2021,16:00,4400.0,4421.5,4384.5,4411.75,1049186,2586220
01/14/2021,16:00,4416.5,4425.75,4394.25,4399.25,1170812,2589640
01/15/2021,16:00,4401.0,4405.75,4349.5,4370.25,1781463,2574704
01/19/2021,16:00,4358.0,4405.0,4348.5,4398.5,1315580,2579582
01/20/2021,16:00,4404.75,4460.5,4396.5,4453.0,1248787,2582531
01/21/2021,16:00,4449.5,4467.75,4444.5,4454.0,1068271,2595282
01/22/2021,16:00,4454.75,4457.0,4421.25,4442.25,1186856,2584987
01/25/2021,16:00,4443.5,4461.25,4396.5,4456.5,1763898,2597872
01/26/2021,16:00,4453.0,4470.25,4429.5,4450.5,1172461,2595006
01/27/2021,16:00,4453.25,4461.0,4314.5,4352.25,2572020,2623769
01/28/2021,16:00,4343.25,4431.5,4311.5,4387.25,2691820,2655244
01/29/2021,16:00,4378.25,4385.25,4293.5,4313.25,2691820,2640928
02/01/2021,16:00,4300.25,4385.0,4264.5,4373.75,1687396,2629020
02/02/2021,16:00,4372.75,4443.75,4368.0,4426.25,1419765,2608063
02/03/2021,16:00,4437.5,4451.5,4415.75,4431.5,1285692,2592369
02/04/2021,16:00,4440.75,4477.75,4419.25,4472.5,1136404,2584290
02/05/2021,16:00,4472.25,4496.25,4468.0,4488.25,1138874,2586070
02/08/2021,16:00,4497.0,4519.25,4493.5,4516.0,972437,2607386
02/09/2021,16:00,4518.5,4521.25,4503.0,4513.5,881922,2574501
02/10/2021,16:00,4520.25,4536.5,4486.25,4511.0,1560824,2573183
02/11/2021,16:00,4515.0,4528.5,4492.5,4520.0,1296054,2570429
02/12/2021,16:00,4513.25,4544.25,4498.25,4539.0,1050298,2568776
02/16/2021,16:00,4544.5,4567.25,4526.75,4535.75,1450425,2584230
02/17/2021,16:00,4537.0,4540.25,4504.5,4536.0,1382825,2579154
02/18/2021,16:00,4536.25,4544.0,4488.5,4517.5,1536949,2572621
02/19/2021,16:00,4518.5,4539.0,4498.25,4511.0,1427294,2575874
02/22/2021,16:00,4513.5,4522.5,4469.25,4481.5,1514278,2571205
02/23/2021,16:00,4486.0,4504.0,4412.75,4486.0,2282940,2574846
02/24/2021,16:00,4484.25,4535.75,4459.75,4530.5,1944661,2602831
02/25/2021,16:00,4531.5,4542.5,4418.25,4436.0,3010481,2676332
02/26/2021,16:00,4431.25,4466.5,4393.0,4417.25,3010481,2664740
03/01/2021,16:00,4425.25,4520.0,4420.5,4506.75,1692835,2653125
03/02/2021,16:00,4511.25,4514.5,4473.5,4475.5,1641396,2651173
03/03/2021,16:00,4475.5,4506.0,4421.0,4424.75,2203398,2627970
03/04/2021,16:00,4426.0,4450.25,4328.5,4373.5,2948117,2614334
03/05/2021,16:00,4373.5,4458.0,4336.5,4447.0,2948117,2610871
03/08/2021,16:00,4462.75,4486.75,4404.25,4427.25,2198363,2613007
03/09/2021,16:00,4439.25,4509.25,4434.25,4481.25,1704837,2577850
03/10/2021,16:00,4486.5,4524.25,4464.25,4504.5,135244,272716
03/11/2021,16:00,4516.0,4566.75,4501.0,4545.0,503227,585903
03/12/2021,16:00,4545.75,4556.25,4518.5,4550.5,1596215,1074588
03/15/2021,16:00,4555.25,4578.0,4530.75,4576.0,1974366,1872176
03/16/2021,16:00,4575.5,4588.5,4560.5,4570.25,1973548,2334286
03/17/2021,16:00,4575.0,4591.25,4542.75,4581.25,1941883,2499994
03/18/2021,16:00,4579.75,4596.25,4518.25,4523.75,2124392,2556702
03/19/2021,16:00,4528.5,4541.25,4492.75,4517.5,2047619,2531029
03/22/2021,16:00,4511.25,4562.25,4502.75,4547.75,1325987,2530555
03/23/2021,16:00,4551.0,4556.5,4508.25,4517.5,1877976,2535658
03/24/2021,16:00,4523.5,4549.25,4495.25,4498.5,2063480,2551563
03/25/2021,16:00,4500.5,4527.25,4461.0,4518.25,1984060,2572028
03/26/2021,16:00,4525.25,4585.75,4518.5,4582.5,1984060,2566304
03/29/2021,16:00,4580.0,4589.0,4546.5,4576.75,2003052,2571042
03/30/2021,16:00,4583.0,4586.25,4551.5,4565.5,1590486,2558591
03/31/2021,16:00,4567.25,4601.5,4559.25,4585.25,1642169,2578839
04/01/2021,16:00,4585.25,4633.0,4582.25,4627.75,64747,2551210
04/05/2021,16:00,4647.75,4691.5,4638.75,4685.5,1250666,2606684
04/06/2021,16:00,4687.5,4693.75,4670.0,4681.75,1252163,2603360
04/07/2021,16:00,4684.75,4693.25,4674.25,4687.75,1101579,2605405
04/08/2021,16:00,4692.0,4716.25,4690.25,4706.75,1090560,2590114
04/09/2021,16:00,4715.75,4739.25,4698.75,4737.25,1090560,2589361
04/12/2021,16:00,4732.0,4742.25,4722.25,4738.0,1089291,2596060
04/13/2021,16:00,4740.5,4757.5,4719.0,4750.5,1081282,2605126
04/14/2021,16:00,4752.5,4761.75,4730.75,4735.75,1529562,2602929
04/15/2021,16:00,4741.25,4784.25,4737.25,4780.25,1277980,2630359
04/16/2021,16:00,4780.5,4801.25,4772.0,4794.0,1304078,2619882
04/19/2021,16:00,4782.75,4792.5,4759.5,4773.25,1618649,2627255
04/20/2021,16:00,4774.0,4785.0,4728.25,4744.25,1700883,2634043
04/21/2021,16:00,4739.0,4785.0,4730.75,4782.5,1505474,2629998
04/22/2021,16:00,4775.25,4789.5,4733.0,4745.5,1944942,2647347
04/23/2021,16:00,4746.75,4804.5,4745.25,4789.25,1509514,2630804
04/26/2021,16:00,4788.5,4803.75,4781.5,4797.25,1019731,2635150
04/27/2021,16:00,4799.25,4810.25,4784.5,4796.75,992029,2658316
04/28/2021,16:00,4798.0,4811.5,4790.5,4794.0,1282972,2642141
04/29/2021,16:00,4802.5,4828.75,4785.75,4821.25,1746965,2657040
04/30/2021,16:00,4818.5,4819.25,4785.0,4792.25,1898434,2653999
05/03/2021,16:00,4799.25,4820.25,4798.75,4803.5,1256240,2648480
05/04/2021,16:00,4802.0,4803.25,4738.25,4776.0,2003587,2627442
05/05/2021,16:00,4776.0,4797.75,4770.75,4777.75,1418246,2622723
05/06/2021,16:00,4776.5,4815.0,4758.25,4812.0,1652592,2617168
05/07/2021,16:00,4815.25,4850.0,4809.5,4843.0,1652592,2614829
05/10/2021,16:00,4844.5,4856.0,4789.75,4801.25,1662210,2596737
05/11/2021,16:00,4794.5,4803.25,4721.5,4764.0,2520859,2566631
05/12/2021,16:00,4757.75,4768.25,4668.75,4676.5,2629953,2591080
05/13/2021,16:00,4671.25,4744.5,4647.0,4724.75,2381081,2573168
05/14/2021,16:00,4730.25,4796.0,4723.0,4786.75,1513171,2557681
05/17/2021,16:00,4786.75,4796.5,4754.25,4775.5,1480730,2541279
05/18/2021,16:00,4776.75,4797.25,4729.25,4740.75,1285520,2514036
05/19/2021,16:00,4731.75,4740.75,4673.25,4729.25,2313119,2531759
05/20/2021,16:00,4725.5,4787.0,4702.25,4772.0,1486599,2548476
05/21/2021,16:00,4770.25,4802.75,4764.75,4769.5,1466725,2550371
05/24/2021,16:00,4769.25,4824.0,4760.25,4811.5,1046500,2573189
05/25/2021,16:00,4817.0,4830.5,4797.0,4803.25,1221701,2593548
05/26/2021,16:00,4805.75,4822.0,4798.25,4810.75,1051147,2599672
05/27/2021,16:00,4810.75,4829.25,4795.5,4816.75,1110833,2600561
05/28/2021,16:00,4829.0,4835.25,4818.75,4820.25,1110833,2600561
06/01/2021,16:00,4824.25,4847.75,4807.75,4816.25,1366344,2600601
06/02/2021,16:00,4816.25,4832.75,4808.5,4824.0,1059938,2599510
06/03/2021,16:00,4825.75,4831.0,4783.0,4809.0,1384271,2590354
06/04/2021,16:00,4808.5,4849.75,4794.75,4846.0,1051573,2588766
06/07/2021,16:00,4850.0,4850.25,4831.75,4843.25,934681,2576095
06/08/2021,16:00,4845.25,4854.5,4823.5,4843.5,1305814,2542885
06/09/2021,16:00,4843.25,4852.75,4834.75,4836.25,1026066,2542885
06/10/2021,16:00,4840.0,4866.75,4824.5,4856.0,501508,524384
06/11/2021,16:00,4857.25,4865.75,4848.75,4863.75,1289533,1049162
06/14/2021,16:00,4865.75,4875.75,4851.75,4873.0,1714445,1769904
06/15/2021,16:00,4873.5,4885.5,4855.5,4863.75,1671493,2280149
06/16/2021,16:00,4865.25,4868.75,4817.5,4840.25,1612367,2439048
06/17/2021,16:00,4831.5,4850.0,4810.25,4839.5,1746318,2486241
06/18/2021,16:00,4843.25,4847.25,4768.0,4780.75,1951342,2475629
06/21/2021,16:00,4769.75,4847.0,4754.0,4841.0,1425623,2487214
06/22/2021,16:00,4846.5,4872.75,4833.0,4863.5,1063749,2468793
06/23/2021,16:00,4864.75,4875.5,4857.75,4858.75,938299,2454568
06/24/2021,16:00,4861.0,4891.0,4859.0,4883.25,906160,2451405
06/25/2021,16:00,4889.25,4904.0,4880.75,4898.5,906160,2459229
06/28/2021,16:00,4902.25,4909.25,4891.5,4907.75,823723,2461022
06/29/2021,16:00,4907.75,4918.25,4899.0,4909.25,741471,2475206
06/30/2021,16:00,4912.0,4921.5,4896.5,4915.75,1100062,2484844
07/01/2021,16:00,4921.5,4939.25,4913.25,4938.0,985190,2497732
07/02/2021,16:00,4937.0,4974.25,4935.25,4970.0,999780,2520183
07/06/2021,16:00,4968.25,4975.25,4932.5,4961.25,1368133,2511335
07/07/2021,16:00,4955.25,4980.5,4947.5,4977.0,1221078,2502409
07/08/2021,16:00,4979.5,4979.5,4906.5,4940.25,1991636,2497279
07/09/2021,16:00,4937.5,4991.25,4920.5,4987.25,1311506,2525430
07/12/2021,16:00,4989.25,5006.5,4969.0,5003.75,1055739,2524071
07/13/2021,16:00,5004.25,5011.0,4983.75,4988.5,1249893,2531016
07/14/2021,16:00,4986.75,5011.75,4977.25,4995.0,1308582,2528853
07/15/2021,16:00,4993.75,4997.5,4959.75,4979.25,1611726,2555170
07/16/2021,16:00,4975.0,4995.25,4941.5,4945.75,1636065,2541892
07/19/2021,16:00,4947.25,4948.0,4851.25,4878.5,2599774,2551332
07/20/2021,16:00,4890.0,4956.25,4880.0,4942.75,1844380,2564224
07/21/2021,16:00,4946.0,4982.5,4937.25,4977.75,1191429,2555237
07/22/2021,16:00,4982.25,4998.75,4968.75,4986.75,981969,2567637
07/23/2021,16:00,4998.75,5035.5,4994.5,5030.25,1173337,2576509
07/26/2021,16:00,5027.75,5044.0,5002.75,5041.5,938628,2592033
07/27/2021,16:00,5043.0,5043.25,4992.0,5021.75,1575473,2560106
07/28/2021,16:00,5007.25,5035.0,5004.75,5021.0,1221313,2558463
07/29/2021,16:00,5021.0,5049.75,5007.75,5039.0,1009496,2565850
07/30/2021,16:00,5021.5,5032.25,4998.0,5016.75,1376982,2568657
08/02/2021,16:00,5023.75,5047.0,5004.5,5007.0,1193301,2583290
08/03/2021,16:00,5011.0,5044.25,4992.5,5042.25,1296856,2586611
08/04/2021,16:00,5037.0,5042.25,5018.5,5022.0,1047251,2575336
08/05/2021,16:00,5023.5,5050.0,5021.0,5048.75,763343,2582468
08/06/2021,16:00,5047.5,5060.5,5043.25,5056.75,951045,2566819
08/09/2021,16:00,5055.25,5059.25,5039.5,5053.0,789726,2570104
08/10/2021,16:00,5054.5,5065.5,5043.75,5057.25,950320,2569409
08/11/2021,16:00,5056.5,5070.5,5048.0,5067.75,1001054,2576868
08/12/2021,16:00,5067.25,5083.5,5057.5,5081.75,850527,2596465
08/13/2021,16:00,5083.0,5090.5,5078.25,5089.75,789104,2596978
08/16/2021,16:00,5083.5,5103.75,5059.75,5101.25,1239520,2583412
08/17/2021,16:00,5099.25,5099.5,5039.0,5070.75,1789568,2579098
08/18/2021,16:00,5064.0,5077.0,5008.75,5021.75,1546011,2581228
08/19/2021,16:00,5017.0,5042.0,4975.0,5028.75,1924058,2584948
08/20/2021,16:00,5031.0,5067.75,4999.0,5064.25,1328852,2569832
08/23/2021,16:00,5062.25,5113.0,5060.75,5102.75,997026,2584034
08/24/2021,16:00,5108.25,5119.25,5104.0,5109.75,787503,2579276
08/25/2021,16:00,5110.75,5125.25,5103.5,5120.25,801106,2595889
08/26/2021,16:00,5121.0,5121.5,5092.25,5093.75,1306718,2581175
08/27/2021,16:00,5097.25,5137.25,5089.5,5132.75,1216414,2577890
08/30/2021,16:00,5136.0,5161.75,5128.0,5152.5,975807,2584125
08/31/2021,16:00,5156.75,5169.5,5139.75,5147.75,1378199,2583747
09/01/2021,16:00,5155.0,5167.25,5146.5,5148.5,1061414,2587535
09/02/2021,16:00,5149.75,5171.25,5143.25,5162.5,1156146,2591274
09/03/2021,16:00,5164.0,5176.75,5146.5,5161.75,1156146,2591274
09/07/2021,16:00,5160.25,5175.25,5138.0,5146.5,1277938,2576642
09/08/2021,16:00,5144.75,5152.0,5119.25,5139.75,1574564,2576642
09/09/2021,16:00,5138.25,5156.25,5112.75,5119.5,498307,489242
09/10/2021,16:00,5118.5,5145.75,5083.75,5085.5,1855184,1063334
09/13/2021,16:00,5088.25,5120.0,5071.0,5096.0,2427929,1828695
09/14/2021,16:00,5102.25,5116.0,5061.75,5071.25,2152610,2255491
09/15/2021,16:00,5073.5,5114.25,5064.0,5108.5,1640051,2407521
09/16/2021,16:00,5112.5,5115.0,5069.75,5100.75,1968041,2426653
09/17/2021,16:00,5095.75,5109.0,5043.0,5058.25,1968041,2426152
09/20/2021,16:00,5048.25,5054.5,4930.25,4984.75,2711340,2419603
09/21/2021,16:00,4979.0,5032.25,4965.75,4979.75,1941006,2400612
09/22/2021,16:00,4973.0,5043.0,4957.75,5020.5,1767853,2389310
09/23/2021,16:00,5022.5,5091.5,5022.25,5074.5,1182037,2374252
09/24/2021,16:00,5075.5,5089.5,5047.25,5082.25,1182037,2372293
09/27/2021,16:00,5082.5,5108.5,5061.5,5069.5,1306188,2379339
09/28/2021,16:00,5066.25,5078.5,4971.25,4980.0,2307037,2398867
09/29/2021,16:00,4984.0,5015.25,4980.75,4986.25,1815726,2410693
09/30/2021,16:00,4996.5,5025.5,4930.75,4934.25,2373423,2391044
10/01/2021,16:00,4937.5,5002.25,4896.5,4980.25,2269695,2375977
10/04/2021,16:00,4985.5,4998.5,4904.0,4927.75,2135338,2390349
10/05/2021,16:00,4932.25,4996.25,4905.5,4970.5,1650217,2373933
10/06/2021,16:00,4970.5,4994.0,4910.25,4990.5,2202805,2367217
10/07/2021,16:00,4991.75,5058.0,4991.5,5026.5,1406808,2363795
10/08/2021,16:00,5027.0,5044.25,5012.75,5018.75,1428160,2358110
10/11/2021,16:00,5017.5,5044.0,4980.5,4987.5,1245705,2354279
10/12/2021,16:00,4984.25,5001.5,4953.75,4977.25,1295686,2336541
10/13/2021,16:00,4964.0,5001.25,4955.25,4991.5,1372482,2339110
10/14/2021,16:00,4991.25,5073.75,4990.5,5065.5,1264458,2328670
10/15/2021,16:00,5069.5,5104.0,5062.75,5099.0,1185108,2303795
10/18/2021,16:00,5102.0,5116.25,5072.75,5114.0,1095216,2316956
10/19/2021,16:00,5112.25,5154.0,5108.25,5147.75,1018177,2313548
10/20/2021,16:00,5152.5,5168.75,5140.5,5164.5,1006857,2305892
10/21/2021,16:00,5161.5,5179.75,5146.75,5178.25,1315668,2298425
10/22/2021,16:00,5166.5,5188.0,5151.75,5173.0,1315668,2299644
10/25/2021,16:00,5165.25,5202.75,5159.0,5194.5,1031431,2320398
10/26/2021,16:00,5201.25,5226.5,5197.25,5201.75,1257346,2319383
10/27/2021,16:00,5200.25,5213.25,5180.25,5181.0,1263181,2331214
10/28/2021,16:00,5185.25,5226.25,5181.75,5224.0,1195785,2340839
10/29/2021,16:00,5213.5,5240.0,5195.75,5233.5,1418280,2337738
11/01/2021,16:00,5244.5,5256.0,5223.0,5242.25,1071118,2328174
11/02/2021,16:00,5242.25,5263.5,5229.75,5260.0,980833,2328490
11/03/2021,16:00,5257.75,5293.5,5249.5,5288.75,1074650,2294796
11/04/2021,16:00,5288.0,5312.75,5287.25,5309.75,1169886,2308997
11/05/2021,16:00,5308.25,5348.25,5304.0,5326.75,1459142,2312581
11/08/2021,16:00,5315.0,5343.5,5312.75,5330.5,1000404,2316845
11/09/2021,16:00,5327.25,5337.0,5299.75,5314.75,1289857,2319292
11/10/2021,16:00,5311.25,5316.75,5261.75,5278.5,1639098,2307536
11/11/2021,16:00,5281.5,5298.0,5274.5,5279.5,936857,2300167
11/12/2021,16:00,5283.5,5322.0,5280.25,5314.75,1155591,2307211
11/15/2021,16:00,5321.25,5334.0,5303.5,5315.5,1047123,2310922
11/16/2021,16:00,5317.25,5346.25,5307.25,5332.5,1043587,2328678
11/17/2021,16:00,5333.0,5337.5,5315.75,5322.75,1056696,2332650
11/18/2021,16:00,5321.75,5343.0,5304.5,5338.0,1168195,2328587
11/19/2021,16:00,5341.75,5360.0,5320.75,5331.0,1344893,2319719
11/22/2021,16:00,5337.5,5377.0,5310.75,5316.25,1685386,2317625
11/23/2021,16:00,5322.5,5332.0,5285.5,5325.0,1872492,2309089
11/24/2021,16:00,5322.75,5338.75,5292.75,5335.5,1408571,2312886
11/26/2021,16:00,5337.0,5353.5,5213.75,5232.25,2068167,2338297
11/29/2021,16:00,5225.5,5306.25,5225.25,5287.5,2014967,2323523
11/30/2021,16:00,5293.75,5304.0,5193.5,5202.75,2845560,2340684
12/01/2021,16:00,5224.0,5287.25,5134.25,5145.0,2670344,2290981
12/02/2021,16:00,5151.25,5230.25,5142.0,5212.25,2747667,2302692
12/03/2021,16:00,5223.75,5243.0,5128.5,5174.0,2747667,2302182
12/06/2021,16:00,5178.75,5248.25,5168.0,5226.5,2031995,2278456
12/07/2021,16:00,5230.75,5333.75,5223.75,5321.5,1771947,2256293
12/08/2021,16:00,5331.75,5348.5,5308.25,5335.5,1339094,2256293
12/09/2021,16:00,5335.0,5342.5,5298.5,5303.0,597488,535464
12/10/2021,16:00,5305.5,5348.5,5300.25,5346.75,1667872,1013531
12/13/2021,16:00,5347.75,5366.5,5298.75,5302.75,2350983,1576041
12/14/2021,16:00,5306.25,5320.0,5239.5,5271.25,2297097,2052925
12/15/2021,16:00,5272.25,5349.0,5245.25,5343.75,2096181,2185721
12/16/2021,16:00,5346.0,5386.5,5285.25,5302.5,2151049,2227532
12/17/2021,16:00,5307.25,5311.25,5233.25,5253.25,2472118,2223087
12/20/2021,16:00,5255.25,5264.75,5163.5,5201.75,2097624,2246488
12/21/2021,16:00,5211.0,5286.25,5209.0,5284.0,1493880,2210332
12/22/2021,16:00,5285.0,5333.75,5265.5,5329.25,1104688,2205922
12/23/2021,16:00,5332.25,5374.5,5327.5,5359.0,978022,2198961
12/27/2021,16:00,5360.25,5427.5,5356.5,5425.5,898698,2214253
12/28/2021,16:00,5423.75,5441.25,5413.75,5421.75,954520,2228966
12/29/2021,16:00,5424.25,5439.25,5413.25,5427.75,876030,2237518
12/30/2021,16:00,5428.0,5443.0,5410.5,5415.5,753935,2241799
12/31/2021,16:00,5417.0,5421.75,5393.75,5401.75,954083,2242053
01/03/2022,16:00,5414.25,5434.5,5390.75,5429.25,1322362,2234550
01/04/2022,16:00,5428.5,5451.5,5407.75,5427.5,1392809,2237963
01/05/2022,16:00,5426.75,5431.5,5332.75,5335.75,1856376,2247809
01/06/2022,16:00,5335.25,5359.0,5305.25,5330.75,1862918,2244390
01/07/2022,16:00,5338.25,5349.0,5297.0,5311.0,1618440,2248922
01/10/2022,16:00,5314.5,5325.0,5216.0,5305.5,2231980,2247306
01/11/2022,16:00,5306.75,5350.75,5270.5,5348.25,1729004,2223646
01/12/2022,16:00,5347.25,5382.75,5338.25,5359.5,1583216,2209097
01/13/2022,16:00,5362.5,5379.5,5285.75,5295.25,1824612,2226901
01/14/2022,16:00,5298.25,5310.25,5249.25,5298.0,2010610,2227000
01/18/2022,16:00,5309.25,5315.0,5203.25,5214.5,2268240,2249608
01/19/2022,16:00,5221.0,5246.25,5160.5,5167.5,2001348,2274660
01/20/2022,16:00,5169.25,5237.5,5081.0,5118.0,3012106,2323388
01/21/2022,16:00,5097.5,5130.25,5024.5,5033.25,3012106,2323617
01/24/2022,16:00,5032.25,5070.75,4856.0,5047.0,3846785,2343840
01/25/2022,16:00,5046.0,5050.0,4919.75,4992.25,2483392,2313875
01/26/2022,16:00,4952.0,5089.5,4937.5,4984.75,2423103,2328759
01/27/2022,16:00,4988.5,5065.25,4906.5,4961.0,2295458,2319849
01/28/2022,16:00,4991.25,5069.25,4909.5,5066.5,2251268,2321048
01/31/2022,16:00,5066.75,5151.0,5038.75,5147.5,1846145,2264209
02/01/2022,16:00,5136.5,5198.0,5117.25,5178.25,1618163,2216924
02/02/2022,16:00,5195.25,5229.25,5178.5,5220.5,1624220,2203941
02/03/2022,16:00,5189.0,5191.5,5105.25,5112.25,1957881,2211890
02/04/2022,16:00,5161.25,5175.75,5081.75,5135.75,1957881,2205057
02/07/2022,16:00,5140.25,5157.75,5106.0,5119.0,1495143,2175757
02/08/2022,16:00,5127.25,5167.0,5099.5,5155.75,1459766,2160162
02/09/2022,16:00,5162.25,5228.25,5160.5,5221.0,1383317,2152976
02/10/2022,16:00,5225.5,5227.0,5119.25,5140.75,2403026,2149291
02/11/2022,16:00,5137.75,5163.75,5036.5,5052.75,2479025,2176537
02/14/2022,16:00,5055.0,5071.25,4997.25,5037.25,2098618,2201850
02/15/2022,16:00,5036.75,5111.25,5025.0,5107.75,1523305,2194096
02/16/2022,16:00,5102.0,5127.75,5066.0,5113.25,1426847,2195860
02/17/2022,16:00,5107.5,5118.0,5010.5,5017.75,1629730,2224276
02/18/2022,16:00,5018.0,5054.75,4964.25,4986.75,1824590,2259730
02/22/2022,16:00,4967.5,5034.5,4893.25,4943.25,2589159,2286983
02/23/2022,16:00,4954.0,4988.75,4855.75,4865.25,1914227,2309068
02/24/2022,16:00,4858.75,4933.25,4745.0,4927.25,1950397,2287985
02/25/2022,16:00,4910.0,5027.5,4870.75,5023.25,1950397,2279627
02/28/2022,16:00,4942.75,5028.75,4894.75,5011.25,2189820,2288394
03/01/2022,16:00,5010.75,5042.25,4918.25,4947.0,1869277,2277258
03/02/2022,16:00,4952.0,5042.5,4921.5,5025.0,1712970,2240022
03/03/2022,16:00,5017.0,5062.0,4984.25,5002.5,1547676,2226304
03/04/2022,16:00,5009.75,5017.75,4924.5,4970.5,1842722,2222331
03/07/2022,16:00,4952.0,4968.5,4828.5,4841.75,1902001,2258429
03/08/2022,16:00,4829.75,4918.25,4782.0,4812.0,2333021,2252121
03/09/2022,16:00,4796.25,4941.5,4795.25,4918.5,1595555,2252121
03/10/2022,16:00,4922.25,4925.0,4849.75,4899.75,516031,410051
03/11/2022,16:00,4900.5,4978.5,4840.75,4844.25,1687623,844878
03/14/2022,16:00,4858.5,4896.5,4804.0,4815.25,2062269,1479958
03/15/2022,16:00,4823.0,4915.0,4781.25,4905.5,2054335,1877385
03/16/2022,16:00,4901.5,5019.25,4890.75,5001.25,1980647,2067091
03/17/2022,16:00,5012.75,5058.5,4972.0,5053.75,1442645,2105427
03/18/2022,16:00,5036.0,5117.5,5016.25,5105.25,1405299,2100441
03/21/2022,16:00,5111.75,5124.75,5066.75,5104.0,1375090,2110528
03/22/2022,16:00,5108.5,5166.5,5084.75,5156.75,1205860,2096702
03/23/2022,16:00,5155.75,5165.75,5096.5,5099.25,1336967,2096361
03/24/2022,16:00,5101.0,5169.25,5097.5,5164.25,1221569,2085482
03/25/2022,16:00,5168.0,5190.75,5145.0,5188.25,1251078,2087501
03/28/2022,16:00,5187.0,5224.0,5161.5,5219.75,1182527,2089312
03/29/2022,16:00,5222.0,5282.75,5217.0,5277.25,1353683,2102613
03/30/2022,16:00,5273.0,5279.25,5226.5,5247.75,1206203,2111393
03/31/2022,16:00,5250.75,5266.0,5178.0,5182.5,1650667,2094973
04/01/2022,16:00,5192.75,5207.25,5153.0,5191.0,1441126,2099129
04/04/2022,16:00,5190.0,5231.75,5179.5,5229.5,1025558,2094991
04/05/2022,16:00,5228.0,5240.5,5159.5,5172.0,1303877,2102680
04/06/2022,16:00,5178.0,5180.5,5096.25,5127.5,1803684,2099349
04/07/2022,16:00,5123.0,5169.0,5096.25,5148.0,1358450,2098619
04/08/2022,16:00,5146.5,5171.5,5120.5,5135.25,1358450,2096701
04/11/2022,16:00,5140.5,5143.0,5055.25,5060.75,1431371,2122426
04/12/2022,16:00,5062.75,5118.5,5027.25,5044.75,1739771,2133464
04/13/2022,16:00,5048.5,5101.25,5035.75,5094.0,1254348,2150534
04/14/2022,16:00,5090.25,5107.5,5036.75,5039.25,1396074,2156822
04/18/2022,16:00,5041.75,5058.0,5007.25,5038.5,1149765,2151549
04/19/2022,16:00,5050.75,5118.75,5023.5,5111.0,1465764,2134690
04/20/2022,16:00,5092.75,5136.0,5084.5,5107.25,1423396,2113540
04/21/2022,16:00,5119.75,5160.75,5031.75,5042.25,1704137,2128091
04/22/2022,16:00,5037.5,5045.0,4899.25,4919.0,2039961,2159953
04/25/2022,16:00,4910.75,4948.25,4847.0,4944.5,2280374,2153857
04/26/2022,16:00,4945.75,4955.25,4788.5,4822.25,2018166,2161777
04/27/2022,16:00,4801.25,4888.0,4800.75,4832.0,2035627,2154783
04/28/2022,16:00,4864.75,4955.25,4834.25,4935.25,2117160,2211332
04/29/2022,16:00,4895.75,4931.5,4770.5,4779.25,2117160,2206896
05/02/2022,16:00,4795.75,4817.5,4707.75,4802.75,2351404,2173204
05/03/2022,16:00,4797.25,4847.5,4780.75,4821.0,1678497,2177033
05/04/2022,16:00,4823.0,4954.75,4794.5,4947.0,1783477,2145979
05/05/2022,16:00,4941.5,4952.5,4751.0,4795.0,2310919,2170084
05/06/2022,16:00,4798.25,4805.0,4713.75,4771.25,2310919,2165675
05/09/2022,16:00,4739.0,4750.75,4621.75,4639.25,2139992,2216419
05/10/2022,16:00,4645.0,4717.25,4604.75,4648.5,2247750,2224562
05/11/2022,16:00,4642.25,4702.25,4575.5,4582.0,2157244,2229452
05/12/2022,16:00,4591.5,4613.5,4506.75,4579.0,2380563,2249215
05/13/2022,16:00,4568.0,4687.75,4567.25,4671.5,1859074,2241514
05/16/2022,16:00,4676.75,4695.25,4631.25,4656.5,1695198,2231123
05/17/2022,16:00,4653.75,4743.25,4652.25,4736.5,1716498,2214078
05/18/2022,16:00,4743.0,4746.75,4557.25,4574.5,2202394,2235747
05/19/2022,16:00,4568.25,4595.25,4507.75,4549.5,2408399,2247190
05/20/2022,16:00,4552.25,4601.25,4459.25,4551.25,2408399,2239707
05/23/2022,16:00,4562.25,4634.0,4558.25,4623.5,1736162,2211066
05/24/2022,16:00,4603.5,4606.25,4523.75,4592.25,2017453,2214611
05/25/2022,16:00,4601.75,4649.5,4565.25,4628.5,1744116,2238726
05/26/2022,16:00,4624.0,4725.25,4612.25,4707.5,1547507,2220310
05/27/2022,16:00,4699.25,4820.0,4693.0,4807.5,1547507,2220310
05/31/2022,16:00,4816.25,4854.0,4754.5,4783.0,2222573,2200380
06/01/2022,16:00,4790.25,4816.75,4723.25,4750.75,1912031,2185922
06/02/2022,16:00,4749.5,4830.75,4724.0,4827.0,1513748,2188296
06/03/2022,16:00,4829.5,4840.75,4748.5,4758.75,1532766,2185116
06/06/2022,16:00,4762.25,4820.0,4756.25,4772.25,1457918,2177349
06/07/2022,16:00,4773.75,4815.75,4727.75,4810.5,1677883,2160350
06/08/2022,16:00,4802.5,4811.75,4757.0,4765.75,1664139,2160350
06/09/2022,16:00,4767.5,4795.5,4665.75,4667.25,525193,337277
06/10/2022,16:00,4675.75,4680.25,4546.25,4550.25,1847767,741007
06/13/2022,16:00,4527.0,4528.25,4385.0,4403.25,3162300,1426017
06/14/2022,16:00,4410.5,4457.25,4358.25,4390.0,2701717,1935215
06/15/2022,16:00,4393.25,4492.75,4373.25,4443.25,2247431,2099664
06/16/2022,16:00,4448.75,4483.0,4291.75,4321.0,2476785,2195627
06/17/2022,16:00,4330.25,4363.25,4288.75,4325.5,2207570,2232478
06/21/2022,16:00,4333.75,4433.5,4311.25,4417.5,1566039,2241265
06/22/2022,16:00,4416.0,4455.25,4343.0,4412.5,1660579,2238812
06/23/2022,16:00,4411.0,4455.5,4384.75,4449.5,1563128,2249787
06/24/2022,16:00,4435.0,4569.5,4431.0,4566.0,1563128,2245452
06/27/2022,16:00,4564.75,4597.75,4542.25,4553.5,1497368,2227503
06/28/2022,16:00,4561.0,4599.75,4471.5,4475.25,1791690,2224662
06/29/2022,16:00,4478.0,4489.75,4451.0,4471.0,1717770,2229081
06/30/2022,16:00,4472.5,4474.75,4391.0,4439.25,2394361,2253337
07/01/2022,16:00,4431.75,4483.25,4394.25,4477.0,1752977,2279244
07/05/2022,16:00,4478.25,4507.5,4393.75,4483.75,2031501,2280271
07/06/2022,16:00,4487.75,4524.75,4458.5,4498.0,1684324,2278673
07/07/2022,16:00,4503.5,4564.0,4482.25,4554.75,1314443,2277699
07/08/2022,16:00,4546.75,4571.75,4517.75,4551.0,1485497,2281607
07/11/2022,16:00,4549.75,4550.0,4499.75,4506.5,1486103,2274736
07/12/2022,16:00,4511.75,4526.25,4454.5,4473.5,1640864,2284116
07/13/2022,16:00,4474.75,4522.75,4401.75,4454.25,2157968,2288746
07/14/2022,16:00,4445.5,4456.0,4373.5,4443.0,1916260,2302872
07/15/2022,16:00,4447.5,4518.0,4430.0,4514.75,1523753,2285954
07/18/2022,16:00,4528.25,4559.25,4470.0,4483.5,1439590,2274435
07/19/2022,16:00,4488.25,4597.75,4483.75,4587.25,1611604,2298101
07/20/2022,16:00,4596.75,4627.0,4572.0,4612.25,1734355,2299463
07/21/2022,16:00,4603.75,4654.5,4580.0,4651.0,1736592,2284549
07/22/2022,16:00,4637.75,4666.0,4591.25,4614.75,1736592,2284350
07/25/2022,16:00,4617.5,4638.5,4595.75,4619.75,1493471,2295732
07/26/2022,16:00,4608.75,4614.25,4563.0,4573.0,1589161,2284268
07/27/2022,16:00,4589.0,4692.5,4588.5,4674.25,1740431,2284136
07/28/2022,16:00,4671.75,4760.75,4644.25,4723.25,2014467,2293247
07/29/2022,16:00,4754.75,4793.75,4730.75,4783.25,1919598,2300477
08/01/2022,16:00,4787.25,4797.0,4746.75,4770.25,1776936,2296583
08/02/2022,16:00,4769.5,4792.75,4730.25,4743.5,1892241,2271930
08/03/2022,16:00,4746.75,4819.75,4734.25,4806.0,1696602,2290363
08/04/2022,16:00,4800.0,4823.0,4785.75,4802.0,1245063,2276003
08/05/2022,16:00,4801.75,4816.0,4753.5,4796.5,1722401,2292327
08/08/2022,16:00,4799.5,4837.75,4779.0,4791.5,1536449,2273075
08/09/2022,16:00,4798.25,4804.75,4762.75,4774.25,1280085,2251660
08/10/2022,16:00,4778.5,4863.25,4763.5,4859.75,1627940,2268040
08/11/2022,16:00,4860.5,4910.25,4852.5,4859.5,1598130,2251428
08/12/2022,16:00,4869.0,4932.5,4858.0,4930.75,1300170,2283799
08/15/2022,16:00,4926.75,4954.5,4898.75,4948.0,1317241,2289070
08/16/2022,16:00,4944.25,4977.25,4928.5,4957.5,1363248,2288598
08/17/2022,16:00,4959.0,4964.75,4904.75,4926.5,1638797,2300272
08/18/2022,16:00,4929.25,4945.25,4907.75,4936.25,1366220,2308587
08/19/2022,16:00,4936.5,4937.75,4870.5,4881.25,1701251,2289057
08/22/2022,16:00,4870.75,4871.25,4781.25,4791.0,1724203,2274779
08/23/2022,16:00,4796.75,4811.5,4767.75,4780.25,1575674,2253172
08/24/2022,16:00,4778.0,4808.25,4760.5,4792.5,1348612,2239525
08/25/2022,16:00,4798.5,4852.5,4792.75,4850.75,2241117,2269347
08/26/2022,16:00,4848.0,4867.0,4692.5,4709.25,2241117,2252259
08/29/2022,16:00,4673.75,4713.75,4656.5,4681.0,1963446,2251296
08/30/2022,16:00,4685.5,4722.5,4614.25,4637.25,2555455,2228841
08/31/2022,16:00,4637.0,4668.0,4602.75,4606.25,2366488,2229333
09/01/2022,16:00,4607.75,4621.0,4553.25,4618.5,2212034,2207224
09/02/2022,16:00,4617.25,4669.0,4555.75,4574.25,2510355,2198527
09/06/2022,16:00,4578.75,4613.0,4536.5,4560.25,2360326,2183890
09/07/2022,16:00,4557.25,4638.5,4533.25,4629.75,1896910,2183890
09/08/2022,16:00,4629.5,4661.0,4592.5,4655.25,416844,266546
09/09/2022,16:00,4659.5,4728.0,4655.5,4718.5,1504710,592091
09/12/2022,16:00,4729.0,4770.75,4713.25,4763.0,2528311,1350159
09/13/2022,16:00,4770.5,4808.0,4571.5,4583.25,3207923,1888766
09/14/2022,16:00,4589.75,4614.25,4562.0,4598.5,2494976,2046542
09/15/2022,16:00,4605.0,4610.5,4538.0,4552.25,2515924,2116506
09/16/2022,16:00,4537.0,4538.0,4486.0,4523.0,2688630,2125080
09/19/2022,16:00,4522.5,4560.0,4479.25,4550.25,2100098,2125271
09/20/2022,16:00,4556.0,4569.25,4476.25,4505.75,2357296,2125197
09/21/2022,16:00,4511.75,4558.25,4425.0,4439.25,2440206,2144682
09/22/2022,16:00,4427.0,4466.0,4396.5,4405.0,2578314,2151135
09/23/2022,16:00,4410.25,4416.25,4293.25,4342.0,2913560,2167612
09/26/2022,16:00,4338.25,4363.5,4290.5,4303.0,2899415,2200509
09/27/2022,16:00,4301.0,4366.0,4268.25,4294.0,2963065,2206314
09/28/2022,16:00,4301.5,4384.25,4246.0,4365.0,2780935,2212785
09/29/2022,16:00,4363.25,4369.0,4255.0,4287.25,2976179,2252887
09/30/2022,16:00,4289.5,4326.75,4228.25,4234.5,2976179,2249286
10/03/2022,16:00,4226.25,4344.75,4204.75,4323.25,2315515,2264891
10/04/2022,16:00,4329.5,4441.75,4319.25,4436.25,2381497,2227012
10/05/2022,16:00,4434.0,4453.0,4367.0,4427.0,2089198,2213260
10/06/2022,16:00,4428.75,4452.5,4383.0,4389.75,2157569,2217966
10/07/2022,16:00,4378.75,4403.5,4265.5,4286.25,2238683,2229659
10/10/2022,16:00,4271.75,4300.5,4233.0,4258.25,2024447,2231037
10/11/2022,16:00,4257.75,4286.25,4212.0,4232.25,2398140,2234479
10/12/2022,16:00,4240.0,4268.25,4218.5,4221.5,1948173,2241660
10/13/2022,16:00,4229.25,4330.75,4135.0,4314.75,3288646,2260754
10/14/2022,16:00,4313.25,4366.75,4224.25,4230.5,2730405,2268136
10/17/2022,16:00,4224.0,4335.5,4223.5,4322.25,1951998,2273661
10/18/2022,16:00,4339.25,4410.25,4330.25,4365.75,2746886,2288063
10/19/2022,16:00,4392.75,4407.25,4309.75,4340.25,2348844,2273651
10/20/2022,16:00,4341.0,4381.0,4299.25,4308.25,2681019,2283806
10/21/2022,16:00,4310.75,4406.25,4274.5,4397.0,2681019,2296708
10/24/2022,16:00,4404.0,4455.0,4369.5,4442.25,2109780,2293356
10/25/2022,16:00,4436.25,4507.25,4423.0,4503.25,1836723,2304929
10/26/2022,16:00,4474.0,4530.5,4457.25,4474.0,2118534,2286047
10/27/2022,16:00,4477.25,4503.75,4390.5,4452.5,2084386,2285473
10/28/2022,16:00,4431.25,4557.25,4409.75,4544.25,2084386,2279972
10/31/2022,16:00,4544.5,4547.75,4505.25,4516.0,2002625,2293422
11/01/2022,16:00,4517.0,4561.0,4485.5,4499.0,1895614,2274759
11/02/2022,16:00,4496.0,4540.0,4393.25,4401.75,2210708,2246482
11/03/2022,16:00,4399.75,4415.5,4337.25,4360.75,1887557,2245550
11/04/2022,16:00,4357.0,4438.5,4344.0,4412.5,2494788,2244531
11/07/2022,16:00,4383.0,4454.75,4371.25,4448.25,1483146,2252425
11/08/2022,16:00,4445.75,4500.0,4425.75,4468.25,1878046,2251137
11/09/2022,16:00,4465.5,4481.75,4383.0,4388.5,1889153,2240687
11/10/2022,16:00,4390.0,4606.5,4384.5,4594.0,2408104,2288093
11/11/2022,16:00,4606.0,4642.75,4584.0,4633.25,1927068,2274247
11/14/2022,16:00,4617.0,4650.5,4597.0,4599.0,1592615,2268120
11/15/2022,16:00,4607.75,4683.75,4593.0,4632.5,2230543,2263721
11/16/2022,16:00,4625.0,4648.75,4595.0,4601.5,1502501,2244309
11/17/2022,16:00,4610.25,4623.25,4545.5,4588.25,1560808,2235822
11/18/2022,16:00,4593.5,4627.0,4575.5,4607.0,1534155,2221688
11/21/2022,16:00,4605.5,4615.0,4570.5,4591.0,1178421,2212014
11/22/2022,16:00,4590.75,4645.5,4578.25,4643.25,1161999,2210731
11/23/2022,16:00,4643.0,4672.5,4635.0,4666.0,1281153,2200051
11/25/2022,16:00,4671.75,4682.25,4657.75,4665.5,608795,2202706
11/28/2022,16:00,4653.25,4657.0,4593.25,4603.25,1481503,2218570
11/29/2022,16:00,4605.0,4623.25,4574.25,4595.0,1500171,2214258
11/30/2022,16:00,4595.25,4726.5,4575.75,4714.25,2479997,2239497
12/01/2022,16:00,4727.5,4743.0,4687.5,4714.75,1849784,2195148
12/02/2022,16:00,4710.5,4718.5,4639.75,4708.5,1849784,2198741
12/05/2022,16:00,4707.0,4708.75,4620.25,4636.25,1497688,2164954
12/06/2022,16:00,4638.75,4647.75,4554.5,4578.0,1869101,2140167
12/07/2022,16:00,4577.5,4594.5,4547.0,4569.75,1710759,2140167
12/08/2022,16:00,4568.75,4610.5,4549.25,4599.25,307349,277889
12/09/2022,16:00,4598.25,4626.0,4561.75,4570.25,1416907,603859
12/12/2022,16:00,4567.75,4628.0,4558.0,4627.0,2145805,1295910
12/13/2022,16:00,4624.25,4782.0,4619.5,4657.25,2864043,1721863
12/14/2022,16:00,4656.5,4692.75,4599.0,4632.75,1951473,1882301
12/15/2022,16:00,4639.0,4645.0,4510.0,4529.25,2216621,1937463
12/16/2022,16:00,4522.0,4536.5,4457.25,4481.0,1965701,1979482
12/19/2022,16:00,4476.0,4501.0,4429.25,4447.5,1405774,1974599
12/20/2022,16:00,4444.75,4468.5,4405.5,4451.25,1541868,1976545
12/21/2022,16:00,4459.25,4520.75,4457.5,4507.75,1522069,1964644
12/22/2022,16:00,4517.0,4521.75,4390.5,4451.25,1842326,1961213
12/23/2022,16:00,4452.0,4474.5,4423.25,4471.75,1374913,1957968
12/27/2022,16:00,4480.0,4502.5,4439.25,4457.0,1006414,1951061
12/28/2022,16:00,4460.0,4477.0,4406.5,4409.5,1282810,1972057
12/29/2022,16:00,4413.0,4484.75,4408.25,4473.75,1146984,1985489
12/30/2022,16:00,4471.75,4473.0,4423.5,4463.0,1401810,2002559
01/03/2023,16:00,4497.0,4508.75,4416.5,4448.0,1782473,1999096
01/04/2023,16:00,4444.75,4498.25,4438.5,4476.5,1912155,2003469
01/05/2023,16:00,4473.0,4487.5,4424.5,4431.0,2026154,2008718
01/06/2023,16:00,4435.0,4530.75,4421.0,4517.5,2026154,2007262
01/09/2023,16:00,4520.5,4575.25,4511.75,4515.75,1697887,2005511
01/10/2023,16:00,4516.5,4545.75,4493.5,4542.75,1520955,2019125
01/11/2023,16:00,4543.0,4594.5,4536.5,4592.0,1398769,2045588
01/12/2023,16:00,4593.75,4623.5,4556.0,4605.5,2102587,2031570
01/13/2023,16:00,4605.0,4626.25,4563.75,4620.25,1456784,2033951
01/17/2023,16:00,4622.0,4637.25,4598.75,4611.5,1423931,2038680
01/18/2023,16:00,4610.5,4635.5,4545.75,4547.75,1902551,2016180
01/19/2023,16:00,4547.25,4550.75,4503.75,4517.5,1896890,2018096
01/20/2023,16:00,4527.0,4592.5,4513.75,4590.5,1620355,1989147
01/23/2023,16:00,4589.0,4658.75,4582.25,4638.5,1594736,2010706
01/24/2023,16:00,4638.5,4649.5,4607.25,4634.75,1472856,2004853
01/25/2023,16:00,4641.0,4642.5,4565.25,4634.0,1760515,2008161
01/26/2023,16:00,4633.0,4679.0,4629.25,4677.5,1587936,2036555
01/27/2023,16:00,4667.0,4711.25,4659.25,4686.25,1587936,2036445
01/30/2023,16:00,4679.0,4688.0,4631.5,4634.5,1786110,2032307
01/31/2023,16:00,4641.25,4693.25,4609.5,4692.0,1790751,2041895
02/01/2023,16:00,4687.75,4765.25,4650.5,4734.25,2000400,2043119
02/02/2023,16:00,4747.5,4810.5,4738.75,4793.5,2290729,2064935
02/03/2023,16:00,4778.0,4796.0,4734.5,4749.75,2354996,2052434
02/06/2023,16:00,4736.25,4745.0,4706.0,4725.5,1560324,2030912
02/07/2023,16:00,4725.5,4790.25,4700.25,4777.75,2180936,2026315
02/08/2023,16:00,4769.25,4781.25,4723.25,4732.5,1804101,2005931
02/09/2023,16:00,4734.25,4772.25,4680.25,4693.75,1828571,2026025
02/10/2023,16:00,4700.0,4706.25,4662.75,4701.75,1744956,2012007
02/13/2023,16:00,4707.0,4752.75,4680.75,4749.25,1376325,2049898
02/14/2023,16:00,4751.75,4788.5,4705.75,4747.5,2379034,2040108
02/15/2023,16:00,4743.25,4763.75,4715.0,4760.25,1611550,2059343
02/16/2023,16:00,4761.0,4770.5,4697.0,4701.75,2042993,2047470
02/17/2023,16:00,4697.5,4698.0,4657.75,4689.5,2008448,2042684
02/21/2023,16:00,4685.0,4691.25,4604.0,4607.75,1883040,2036652
02/22/2023,16:00,4609.5,4627.0,4585.75,4601.0,1925300,2049316
02/23/2023,16:00,4612.0,4636.25,4576.25,4620.75,1955820,2053581
02/24/2023,16:00,4617.25,4625.25,4549.5,4577.75,2063242,2047773
02/27/2023,16:00,4578.5,4626.75,4575.0,4590.0,1621961,2069905
02/28/2023,16:00,4593.5,4605.75,4567.0,4577.5,1847930,2069568
03/01/2023,16:00,4570.5,4593.0,4545.0,4558.5,2042321,2067724
03/02/2023,16:00,4561.75,4597.25,4527.0,4586.75,1665102,2076023
03/03/2023,16:00,4585.0,4655.0,4576.0,4651.75,1665102,2068157
03/06/2023,16:00,4651.25,4684.5,4643.75,4654.5,1528845,2062550
03/07/2023,16:00,4655.75,4666.5,4584.5,4591.75,2141615,2025319
03/08/2023,16:00,4592.0,4605.25,4573.5,4597.0,1831712,2000062
03/09/2023,16:00,4599.0,4621.75,4511.5,4522.0,377134,244249
03/10/2023,16:00,4521.0,4543.75,4448.25,4464.75,3157992,244249
03/13/2023,16:00,4487.75,4538.75,4406.5,4456.0,3479669,1341228
03/14/2023,16:00,4464.5,4539.75,4452.25,4521.5,3100361,1790698
03/15/2023,16:00,4521.0,4531.25,4432.25,4492.25,3042061,1966013
03/16/2023,16:00,4492.0,4567.25,4462.25,4561.75,2507937,2043490
03/17/2023,16:00,4562.25,4576.5,4499.75,4514.25,2224268,2089052
03/20/2023,16:00,4531.0,4556.75,4464.5,4550.25,1818807,2124752
03/21/2023,16:00,4553.75,4610.5,4549.0,4603.0,1531670,2138247
03/22/2023,16:00,4606.0,4641.0,4533.5,4537.75,1802929,2131618
03/23/2023,16:00,4540.0,4606.75,4515.75,4545.25,2236954,2140293
03/24/2023,16:00,4556.0,4578.0,4504.25,4568.5,1944981,2124405
03/27/2023,16:00,4575.25,4601.5,4564.75,4574.5,1304572,2141264
03/28/2023,16:00,4580.75,4591.0,4548.0,4568.75,1224495,2130760
03/29/2023,16:00,4573.75,4628.5,4573.25,4624.75,1389352,2155500
03/30/2023,16:00,4625.25,4655.0,4619.75,4647.25,1695840,2210160
03/31/2023,16:00,4648.25,4709.75,4645.25,4705.0,1695840,2206228
04/03/2023,16:00,4694.25,4725.0,4690.0,4721.0,1380286,2200196
04/04/2023,16:00,4719.75,4739.0,4682.5,4696.25,1582414,2203644
04/05/2023,16:00,4701.25,4702.75,4666.25,4684.5,1470176,2194958
04/06/2023,16:00,4681.0,4702.5,4663.75,4699.25,1299214,2214749
04/07/2023,16:00,4696.25,4714.0,4688.25,4699.25,73009,2214752
04/10/2023,16:00,4706.25,4710.25,4666.0,4703.5,1167715,2234394
04/11/2023,16:00,4705.75,4719.0,4696.0,4703.75,1221824,2229978
04/12/2023,16:00,4704.75,4745.0,4680.75,4686.25,1853671,2235293
04/13/2023,16:00,4684.75,4744.25,4677.5,4740.0,1458785,2248536
04/14/2023,16:00,4736.0,4756.25,4705.25,4731.0,1882896,2238215
04/17/2023,16:00,4741.5,4747.75,4715.25,4744.0,1298123,2253394
04/18/2023,16:00,4744.25,4765.5,4731.75,4747.25,1427797,2256288
04/19/2023,16:00,4743.25,4754.75,4717.75,4745.75,1292622,2236588
04/20/2023,16:00,4739.5,4740.75,4704.25,4719.75,1768379,2235446
04/21/2023,16:00,4721.0,4728.25,4702.5,4724.0,1645161,2228523
04/24/2023,16:00,4717.25,4731.5,4700.75,4726.75,1328041,2238832
04/25/2023,16:00,4724.5,4725.75,4658.75,4660.5,1770908,2241308
04/26/2023,16:00,4677.5,4683.5,4636.0,4643.25,1814741,2239168
04/27/2023,16:00,4652.75,4733.75,4648.0,4721.0,1753803,2279944
04/28/2023,16:00,4718.25,4761.0,4698.75,4755.75,1753803,2280491
05/01/2023,16:00,4757.25,4773.5,4745.75,4753.0,1240490,2264890
05/02/2023,16:00,4746.75,4758.75,4672.75,4704.0,2034176,2245907
05/03/2023,16:00,4700.5,4734.25,4662.25,4674.75,1658392,2250197
05/04/2023,16:00,4654.25,4685.25,4629.5,4643.0,1994772,2245667
05/05/2023,16:00,4644.5,4730.5,4644.0,4717.5,1545895,2250832
05/08/2023,16:00,4718.25,4728.25,4704.75,4720.0,1026014,2255778
05/09/2023,16:00,4717.75,4720.25,4698.25,4701.25,1000924,2263859
05/10/2023,16:00,4700.25,4740.5,4679.5,4719.25,1887587,2271897
05/11/2023,16:00,4720.0,4735.75,4688.75,4711.0,1473383,2268530
05/12/2023,16:00,4711.75,4731.75,4679.0,4705.25,1434601,2268707
05/15/2023,16:00,4699.5,4723.5,4690.25,4717.25,1179165,2281331
05/16/2023,16:00,4715.5,4718.75,4687.25,4690.25,1316691,2269288
05/17/2023,16:00,4693.25,4746.25,4689.25,4738.75,1584910,2323105
05/18/2023,16:00,4738.5,4783.0,4728.5,4779.25,1760670,2356448
05/19/2023,16:00,4782.75,4794.5,4758.75,4772.0,1713350,2359584
05/22/2023,16:00,4756.25,4789.0,4753.75,4772.25,1302850,2355526
05/23/2023,16:00,4774.75,4790.0,4720.25,4726.0,1685060,2339564
05/24/2023,16:00,4725.25,4733.5,4681.25,4693.25,1911903,2351910
05/25/2023,16:00,4724.25,4742.75,4698.75,4727.0,1966626,2370075
05/26/2023,16:00,4724.25,4788.5,4713.25,4780.5,1744425,2411230
05/30/2023,16:00,4807.0,4810.5,4767.25,4782.25,1957579,2436296
05/31/2023,16:00,4780.25,4785.0,4741.25,4757.75,2138566,2386838
06/01/2023,16:00,4755.75,4807.0,4745.25,4795.25,1955603,2416138
06/02/2023,16:00,4799.0,4865.0,4796.25,4855.25,1955603,2412592
06/05/2023,16:00,4855.25,4873.0,4840.25,4848.25,1668759,2412137
06/06/2023,16:00,4847.0,4862.0,4835.75,4857.0,1548125,2397093
06/07/2023,16:00,4859.5,4872.0,4836.5,4841.5,1925195,2382944
06/08/2023,16:00,4840.5,4869.75,4830.0,4865.5,259544,229252
06/09/2023,16:00,4865.0,4892.75,4851.25,4872.0,2093206,229252
06/12/2023,16:00,4873.0,4914.5,4872.0,4911.25,2211433,1471875
06/13/2023,16:00,4913.0,4946.5,4905.0,4940.0,2519014,1989209
06/14/2023,16:00,4940.5,4962.75,4906.75,4941.75,2142634,2146111
06/15/2023,16:00,4946.0,5008.75,4917.0,4994.5,2023296,2216666
06/16/2023,16:00,4992.25,5017.0,4974.25,4977.0,1895105,2210290
06/20/2023,16:00,4981.25,4985.25,4933.75,4958.0,1540416,2209118
06/21/2023,16:00,4953.5,4961.75,4926.75,4932.5,1468258,2207887
06/22/2023,16:00,4933.25,4950.25,4916.25,4947.0,1384002,2195200
06/23/2023,16:00,4949.0,4949.5,4904.75,4912.25,1550992,2191849
06/26/2023,16:00,4913.25,4926.25,4891.75,4893.5,1622416,2177833
06/27/2023,16:00,4899.0,4948.0,4894.75,4942.0,1512256,2171776
06/28/2023,16:00,4937.25,4953.5,4922.5,4940.75,1689461,2191664
06/29/2023,16:00,4947.0,4961.25,4933.0,4959.0,1628750,2202644
06/30/2023,16:00,4958.5,5021.25,4956.25,5011.5,1774940,2200824
07/03/2023,16:00,5008.75,5017.25,5002.75,5015.5,641289,2197168
07/05/2023,16:00,5015.25,5017.0,4989.5,5007.0,1193759,2206333
07/06/2023,16:00,5005.0,5006.75,4942.75,4970.25,1741520,2199372
07/07/2023,16:00,4964.5,4999.25,4954.75,4957.25,1691644,2177645
07/10/2023,16:00,4960.75,4971.5,4934.5,4967.5,1361155,2181295
07/11/2023,16:00,4969.0,5001.75,4962.25,4996.75,1340232,2192684
07/12/2023,16:00,4994.25,5047.0,4993.25,5030.75,1784296,2230780
07/13/2023,16:00,5033.75,5074.75,5032.5,5066.75,1158193,2249384
07/14/2023,16:00,5062.75,5083.75,5054.25,5060.0,1381069,2241106
07/17/2023,16:00,5059.25,5089.0,5051.25,5077.0,1057965,2244206
07/18/2023,16:00,5073.5,5117.75,5068.0,5111.0,1301460,2259917
07/19/2023,16:00,5106.0,5132.5,5105.5,5120.25,1538747,2243680
07/20/2023,16:00,5116.5,5117.5,5080.5,5088.75,1527727,2218488
07/21/2023,16:00,5089.5,5113.25,5085.0,5088.0,1432643,2196424
07/24/2023,16:00,5087.5,5115.75,5083.25,5106.75,1203661,2208249
07/25/2023,16:00,5107.75,5132.0,5102.5,5119.25,1219737,2219276
07/26/2023,16:00,5128.0,5134.0,5097.0,5118.5,1372426,2204473
07/27/2023,16:00,5118.0,5157.75,5077.0,5087.5,1924565,2193887
07/28/2023,16:00,5089.25,5139.75,5081.25,5129.75,1573973,2198469
07/31/2023,16:00,5132.0,5142.5,5118.5,5137.75,1299434,2203867
08/01/2023,16:00,5141.0,5145.0,5114.25,5124.5,1212261,2212364
08/02/2023,16:00,5103.25,5116.75,5051.0,5060.5,1917865,2213452
08/03/2023,16:00,5057.5,5070.75,5029.0,5045.0,1764076,2185860
08/04/2023,16:00,5046.75,5084.0,5017.0,5021.25,2044936,2179444
08/07/2023,16:00,5023.75,5065.0,5023.75,5061.0,1397301,2196655
08/08/2023,16:00,5062.75,5064.25,5005.25,5041.75,1696546,2184342
08/09/2023,16:00,5039.75,5059.5,5001.5,5009.0,1640285,2179740
08/10/2023,16:00,5016.5,5068.0,4996.75,5009.0,2227022,2198539
08/11/2023,16:00,5011.0,5019.5,4982.25,5004.0,1511048,2196554
08/14/2023,16:00,5008.25,5031.0,4988.25,5029.25,1277132,2195451
08/15/2023,16:00,5029.0,5041.0,4970.25,4977.25,1492516,2182469
08/16/2023,16:00,4976.5,4990.5,4940.25,4943.25,1499218,2190456
08/17/2023,16:00,4943.75,4960.0,4901.0,4907.75,1630481,2223843
08/18/2023,16:00,4902.5,4919.25,4873.25,4906.0,1746289,2210258
08/21/2023,16:00,4905.75,4944.25,4895.5,4935.75,1361470,2194361
08/22/2023,16:00,4933.5,4963.25,4917.5,4922.5,1375651,2194426
08/23/2023,16:00,4923.25,4999.5,4922.75,4970.25,1306640,2221866
08/24/2023,16:00,4993.75,5008.75,4901.75,4909.25,1783795,2205978
08/25/2023,16:00,4907.75,4952.25,4888.5,4937.5,1853335,2190766
08/28/2023,16:00,4941.25,4972.75,4937.75,4965.5,1266414,2195323
08/29/2023,16:00,4967.25,5032.75,4956.75,5030.0,1444714,2220519
08/30/2023,16:00,5032.0,5054.0,5019.5,5047.5,1397669,2227898
08/31/2023,16:00,5050.25,5064.5,5036.0,5039.25,1395751,2214068
09/01/2023,16:00,5040.0,5071.0,5030.5,5044.75,1416762,2205608
09/05/2023,16:00,5044.5,5054.5,5022.5,5025.75,1391805,2192472
09/06/2023,16:00,5023.25,5027.0,4970.25,4994.75,1600128,2176117
09/07/2023,16:00,4992.75,4995.0,4957.5,4979.5,196560,154913
09/08/2023,16:00,4981.5,5000.75,4966.25,4985.0,1609138,154913
09/11/2023,16:00,4987.75,5017.25,4982.5,5013.25,2043475,1359916
09/12/2023,16:00,5010.25,5012.75,4981.0,4987.5,1870977,1817812
09/13/2023,16:00,4986.75,5004.0,4968.75,4991.25,1773153,2033313
09/14/2023,16:00,4995.0,5035.75,4992.75,5028.75,1640992,2105394
09/15/2023,16:00,5030.25,5039.75,4967.75,4971.75,1825966,2095605
09/18/2023,16:00,4973.25,4988.25,4960.75,4975.25,1155158,2093471
09/19/2023,16:00,4977.0,4983.25,4936.0,4963.75,1422950,2084486
09/20/2023,16:00,4965.0,4981.75,4917.0,4920.75,1482206,2096931
09/21/2023,16:00,4918.75,4920.75,4840.25,4845.75,1998638,2131489
09/22/2023,16:00,4844.0,4872.75,4831.0,4834.75,1736576,2112211
09/25/2023,16:00,4838.75,4857.25,4812.0,4852.5,1561595,2122720
09/26/2023,16:00,4855.75,4855.75,4779.25,4788.5,1758048,2121986
09/27/2023,16:00,4794.0,4810.25,4750.75,4787.25,1965913,2107054
09/28/2023,16:00,4797.0,4829.5,4774.75,4811.25,2012088,2091483
09/29/2023,16:00,4815.75,4845.0,4784.75,4799.25,2106053,2100358
10/02/2023,16:00,4822.75,4829.25,4769.25,4798.0,1950463,2105927
10/03/2023,16:00,4799.75,4809.5,4725.0,4738.5,2256808,2119784
10/04/2023,16:00,4736.5,4777.75,4709.25,4771.5,2168271,2088483
10/05/2023,16:00,4765.25,4775.75,4731.75,4764.5,1673477,2096439
10/06/2023,16:00,4761.25,4832.25,4716.0,4815.25,2216456,2076216
10/09/2023,16:00,4788.75,4849.5,4773.25,4842.5,1485254,2062376
10/10/2023,16:00,4842.5,4892.75,4840.0,4865.25,1610271,2051008
10/11/2023,16:00,4865.75,4893.5,4851.0,4883.5,1489644,2026287
10/12/2023,16:00,4891.5,4904.25,4829.25,4854.25,1881573,2054009
10/13/2023,16:00,4854.5,4881.5,4814.5,4831.0,2159101,2070434
10/16/2023,16:00,4830.5,4888.0,4828.25,4874.75,1668948,2084749
10/17/2023,16:00,4880.0,4897.0,4839.5,4875.5,1879736,2089405
10/18/2023,16:00,4871.75,4873.0,4804.5,4816.0,2271572,2080557
10/19/2023,16:00,4820.25,4840.25,4766.5,4776.75,2741942,2102439
10/20/2023,16:00,4768.75,4778.0,4717.25,4722.25,2328806,2134424
10/23/2023,16:00,4730.0,4754.5,4687.0,4715.5,1963670,2138328
10/24/2023,16:00,4724.0,4764.25,4715.75,4745.0,1807092,2130086
10/25/2023,16:00,4743.25,4747.25,4677.5,4683.5,1981633,2159657
10/26/2023,16:00,4675.75,4678.75,4620.0,4630.25,2419407,2159505
10/27/2023,16:00,4640.75,4658.75,4596.0,4611.5,2195767,2150843
10/30/2023,16:00,4621.75,4671.25,4617.25,4659.5,1904610,2144273
10/31/2023,16:00,4658.0,4688.75,4640.5,4686.0,1836212,2140764
11/01/2023,16:00,4678.75,4738.5,4665.0,4729.75,2027080,2136996
11/02/2023,16:00,4732.25,4813.5,4731.5,4809.5,1819596,2126220
11/03/2023,16:00,4801.25,4865.5,4799.25,4849.75,1803552,2122536
11/06/2023,16:00,4853.0,4863.25,4838.0,4858.0,1348878,2134071
11/07/2023,16:00,4853.75,4877.0,4839.75,4869.75,1371257,2137601
11/08/2023,16:00,4871.25,4881.5,4848.75,4873.25,1390288,2154536
11/09/2023,16:00,4867.0,4886.75,4831.5,4836.0,1972630,2155740
11/10/2023,16:00,4838.25,4909.25,4828.0,4904.25,1752002,2164443
11/13/2023,16:00,4899.5,4910.5,4881.0,4899.0,1276182,2147652
11/14/2023,16:00,4901.0,4998.0,4894.0,4984.75,1901847,2147782
11/15/2023,16:00,4989.25,5015.0,4984.5,4993.0,1573452,2181386
11/16/2023,16:00,4988.0,5003.25,4975.5,4997.0,1491734,2176906
11/17/2023,16:00,5001.5,5013.25,4986.5,5001.25,1331912,2184334
11/20/2023,16:00,5000.5,5044.75,4993.75,5036.0,1220790,2185216
11/21/2023,16:00,5035.5,5040.75,5010.5,5025.0,1101669,2187732
11/22/2023,16:00,5021.5,5054.25,5016.75,5041.0,1403636,2195765
11/24/2023,16:00,5037.75,5047.75,5035.75,5042.0,572702,2201344
11/27/2023,16:00,5042.25,5043.75,5025.75,5034.75,1124213,2213647
11/28/2023,16:00,5035.25,5051.0,5020.75,5036.75,1441119,2218566
11/29/2023,16:00,5037.75,5070.75,5029.25,5033.0,1592398,2226521
11/30/2023,16:00,5036.0,5053.25,5018.5,5050.5,2056268,2240364
12/01/2023,16:00,5045.5,5081.5,5036.25,5074.5,1914151,2230022
12/04/2023,16:00,5077.0,5078.25,5027.25,5050.25,1818991,2185454
12/05/2023,16:00,5046.75,5059.25,5029.25,5048.75,1890825,2180591
12/06/2023,16:00,5047.0,5072.25,5025.75,5029.75,1837961,2158907
12/07/2023,16:00,5029.75,5069.75,5022.5,5063.25,267979,290299
12/08/2023,16:00,5060.25,5087.5,5035.5,5081.25,2174896,290299
12/11/2023,16:00,5081.75,5100.5,5073.0,5099.5,2169300,1511607
12/12/2023,16:00,5098.75,5122.75,5083.25,5118.25,1861122,1895463
12/13/2023,16:00,5121.5,5185.25,5117.75,5181.75,1970985,2037855
12/14/2023,16:00,5181.75,5212.75,5167.25,5195.0,2265347,2142203
12/15/2023,16:00,5188.75,5210.0,5178.25,5189.0,1801823,2123223
12/18/2023,16:00,5191.5,5223.25,5190.5,5214.0,1139029,2133634
12/19/2023,16:00,5211.5,5242.5,5208.75,5241.25,1122973,2141311
12/20/2023,16:00,5239.5,5251.75,5164.25,5170.75,1749145,2146739
12/21/2023,16:00,5172.0,5219.25,5172.0,5217.75,1687065,2134423
12/22/2023,16:00,5216.75,5242.75,5205.75,5226.25,1326697,2124979
12/26/2023,16:00,5221.25,5255.5,5221.25,5246.0,688201,2139497
12/27/2023,16:00,5248.75,5257.5,5237.5,5254.5,1042284,2154038
12/28/2023,16:00,5255.5,5262.5,5249.0,5253.25,927035,2169907
12/29/2023,16:00,5255.75,5262.0,5217.75,5241.0,1281733,2192874
01/02/2024,16:00,5239.0,5249.0,5186.5,5208.25,1678142,2203121
01/03/2024,16:00,5211.75,5211.75,5162.0,5167.5,1707174,2222104
01/04/2024,16:00,5171.0,5187.5,5148.0,5150.5,1395366,2223673
01/05/2024,16:00,5153.75,5181.25,5123.0,5155.75,1767245,2209444
01/08/2024,16:00,5156.75,5224.25,5136.25,5222.25,1417728,2229293
01/09/2024,16:00,5218.75,5225.0,5188.5,5213.75,1369103,2188949
01/10/2024,16:00,5211.75,5249.5,5207.0,5241.25,1377780,2183823
01/11/2024,16:00,5241.5,5259.0,5193.75,5236.5,1795564,2177649
01/12/2024,16:00,5232.25,5257.5,5212.5,5237.5,1519899,2176293
01/16/2024,16:00,5233.0,5244.0,5200.5,5219.5,1905532,2195017
01/17/2024,16:00,5220.75,5221.75,5167.25,5192.25,1663328,2188077
01/18/2024,16:00,5189.0,5238.0,5184.5,5232.25,1746936,2203025
01/19/2024,16:00,5232.25,5295.25,5229.5,5290.5,1876757,2226223
01/22/2024,16:00,5293.5,5319.25,5293.5,5302.0,1356050,2239100
01/23/2024,16:00,5302.75,5323.0,5295.25,5316.0,1130749,2243994
01/24/2024,16:00,5321.25,5354.25,5310.0,5319.0,1586824,2241296
01/25/2024,16:00,5320.5,5347.5,5314.25,5344.25,1532026,2251004
01/26/2024,16:00,5340.25,5355.25,5319.5,5337.25,1363612,2244606
01/29/2024,16:00,5329.75,5377.0,5322.75,5375.5,1197989,2270115
01/30/2024,16:00,5371.25,5378.25,5354.0,5372.0,1157425,2273583
01/31/2024,16:00,5351.25,5359.0,5287.0,5291.5,2285993,2246699
02/01/2024,16:00,5295.5,5384.75,5293.5,5349.5,1835510,2261966
02/02/2024,16:00,5373.75,5418.75,5346.75,5401.25,1957796,2262296
02/05/2024,16:00,5397.0,5401.75,5358.75,5383.0,1504676,2259300
02/06/2024,16:00,5380.5,5399.25,5375.5,5395.75,1267419,2253123
02/07/2024,16:00,5392.5,5441.0,5391.0,5436.25,1336172,2282652
02/08/2024,16:00,5436.75,5441.0,5424.75,5438.75,997431,2283070
02/09/2024,16:00,5435.5,5469.5,5434.0,5465.0,1212336,2306960
02/12/2024,16:00,5463.5,5487.5,5452.5,5462.25,1141487,2317428
02/13/2024,16:00,5455.0,5461.0,5357.5,5392.25,2112726,2276342
02/14/2024,16:00,5395.25,5443.5,5389.75,5439.0,1632071,2265557
02/15/2024,16:00,5438.5,5472.75,5432.0,5467.5,1361757,2281005
02/16/2024,16:00,5470.5,5480.25,5433.75,5440.75,1527729,2271661
02/20/2024,16:00,5437.5,5450.5,5389.25,5412.5,1609827,2250842
02/21/2024,16:00,5411.0,5441.5,5380.0,5417.25,1485687,2236071
02/22/2024,16:00,5436.75,5528.75,5436.25,5518.75,1738869,2277089
02/23/2024,16:00,5515.25,5544.5,5513.0,5522.5,1340050,2283422
02/26/2024,16:00,5516.0,5529.0,5497.25,5501.25,1094682,2262797
02/27/2024,16:00,5498.5,5514.0,5488.0,5511.0,1026819,2260773
02/28/2024,16:00,5511.75,5512.25,5484.25,5499.0,1201011,2248297
02/29/2024,16:00,5493.0,5535.5,5481.0,5524.75,1790702,2255281
03/01/2024,16:00,5522.5,5570.25,5510.25,5567.0,1597331,2279284
03/04/2024,16:00,5563.0,5578.75,5553.0,5559.25,1208040,2272459
03/05/2024,16:00,5554.75,5556.5,5484.0,5506.75,1885769,2246594
03/06/2024,16:00,5512.0,5555.5,5504.75,5532.75,1996223,2199235
03/07/2024,16:00,5535.25,5591.5,5507.5,5582.75,1791666,2109141
03/08/2024,16:00,5580.75,5614.0,5542.75,5550.0,2677878,273151
03/11/2024,16:00,5553.0,5553.5,5514.5,5543.25,2205843,1453111
03/12/2024,16:00,5549.0,5604.25,5533.75,5598.75,2317426,1874329
03/13/2024,16:00,5595.75,5605.0,5575.0,5590.0,1602402,2001503
03/14/2024,16:00,5593.75,5611.0,5545.5,5575.5,2188953,2051163
03/15/2024,16:00,5573.25,5588.25,5525.25,5540.25,1927775,2045170
03/18/2024,16:00,5543.25,5597.75,5539.25,5572.25,1377276,2049143
03/19/2024,16:00,5572.75,5602.25,5543.5,5599.25,1440289,2079336
03/20/2024,16:00,5597.25,5655.25,5590.5,5644.25,1404974,2087719
03/21/2024,16:00,5652.25,5680.25,5651.0,5660.0,1326994,2069772
03/22/2024,16:00,5664.25,5669.25,5645.25,5650.75,1162606,2060088
03/25/2024,16:00,5648.0,5652.5,5630.0,5635.75,920608,2068483
03/26/2024,16:00,5638.25,5658.0,5620.5,5622.75,1092706,2091473
03/27/2024,16:00,5630.75,5671.25,5628.25,5665.75,1487671,2130637
03/28/2024,16:00,5665.5,5678.5,5658.5,5666.0,1317836,2105520
04/01/2024,16:00,5671.75,5691.0,5639.75,5652.75,1125234,2101903
04/02/2024,16:00,5652.0,5653.5,5592.5,5618.0,1426691,2069787
04/03/2024,16:00,5620.0,5638.25,5602.0,5624.0,1402981,2070743
04/04/2024,16:00,5628.25,5666.0,5550.0,5554.75,1941274,2072002
04/05/2024,16:00,5557.25,5630.0,5549.0,5610.5,1908306,2090369
04/08/2024,16:00,5620.75,5626.75,5594.0,5610.75,1167648,2079817
04/09/2024,16:00,5615.5,5631.75,5565.75,5617.75,1651973,2071194
04/10/2024,16:00,5621.75,5642.5,5534.0,5565.25,2369864,2067307
04/11/2024,16:00,5559.5,5615.0,5531.0,5600.75,1762470,2059838
04/12/2024,16:00,5601.5,5606.25,5507.5,5525.0,2005106,2074844
04/15/2024,16:00,5524.0,5570.75,5451.5,5461.5,2226105,2080316
04/16/2024,16:00,5458.75,5480.75,5436.25,5450.0,2098015,2078277
04/17/2024,16:00,5453.75,5478.0,5404.5,5419.75,1928645,2065758
04/18/2024,16:00,5420.5,5452.75,5396.0,5406.5,1701401,2077676
04/19/2024,16:00,5404.75,5415.5,5321.0,5361.25,2357143,2080120
04/22/2024,16:00,5371.75,5434.25,5363.5,5405.0,1584393,2080886
04/23/2024,16:00,5408.5,5471.0,5395.25,5464.0,1357493,2044532
04/24/2024,16:00,5472.75,5486.25,5429.75,5465.0,1512469,2037636
04/25/2024,16:00,5427.5,5490.25,5379.75,5439.75,1887635,2048105
04/26/2024,16:00,5489.5,5504.0,5462.0,5489.0,1455855,2001844
04/29/2024,16:00,5497.75,5511.75,5476.25,5504.5,1163440,1986530
04/30/2024,16:00,5506.0,5506.0,5408.5,5424.5,1675335,1976846
05/01/2024,16:00,5407.5,5484.25,5395.25,5404.0,1955160,1978023
05/02/2024,16:00,5414.5,5470.5,5393.75,5449.0,1573131,1979101
05/03/2024,16:00,5467.75,5524.25,5456.75,5512.25,1604172,1988309
05/06/2024,16:00,5524.25,5565.25,5513.25,5564.0,1019307,2000830
05/07/2024,16:00,5562.25,5584.25,5559.75,5571.25,1106457,1996321
05/08/2024,16:00,5569.0,5575.5,5546.25,5567.5,972881,1996321
05/09/2024,16:00,5566.75,5602.25,5552.5,5596.5,1094931,2020786
05/10/2024,16:00,5598.25,5621.5,5590.25,5603.75,1112925,2016916
05/13/2024,16:00,5598.0,5621.5,5590.75,5603.0,922763,2024672
05/14/2024,16:00,5599.25,5631.75,5574.25,5627.0,1252615,2044833
05/15/2024,16:00,5626.0,5694.75,5623.75,5690.5,1391029,2096819
05/16/2024,16:00,5688.5,5706.5,5673.0,5677.75,1207843,2092386
05/17/2024,16:00,5675.75,5686.25,5663.25,5684.75,1052765,2083702
05/20/2024,16:00,5686.75,5705.75,5681.25,5689.25,1031456,2087494
05/21/2024,16:00,5689.25,5705.0,5680.0,5702.75,1011849,2101478
05/22/2024,16:00,5701.0,5706.75,5664.25,5685.5,1257477,2095050
05/23/2024,16:00,5696.5,5725.75,5631.0,5642.75,2012153,2099411
05/24/2024,16:00,5643.25,5686.75,5643.25,5679.0,1264244,2109535
05/28/2024,16:00,5679.25,5696.5,5654.25,5682.25,1387872,2115324
05/29/2024,16:00,5681.25,5681.5,5625.75,5641.5,1445855,2113163
05/30/2024,16:00,5628.0,5634.5,5595.75,5610.5,1495148,2117363
05/31/2024,16:00,5608.0,5664.5,5563.0,5653.0,2452894,2070731
06/03/2024,16:00,5657.0,5670.75,5604.25,5654.75,1785532,2074501
06/04/2024,16:00,5657.75,5669.75,5619.5,5661.5,1679093,2070424
06/05/2024,16:00,5662.5,5725.75,5660.0,5723.5,1450596,2114236
06/06/2024,16:00,5725.25,5730.75,5702.75,5721.5,1228240,2111270
06/07/2024,16:00,5719.5,5743.0,5686.5,5713.25,1591439,2095039
06/10/2024,16:00,5709.0,5733.25,5695.75,5728.75,1185881,2113765
06/11/2024,16:00,5727.25,5743.75,5692.0,5741.5,1413433,2110089
06/12/2024,16:00,5742.0,5812.0,5737.5,5785.0,1899786,2057532
06/13/2024,16:00,5793.75,5810.25,5766.0,5796.0,521134,381242
06/14/2024,16:00,5793.5,5800.5,5755.25,5795.0,1709524,381242
06/17/2024,16:00,5792.75,5853.75,5782.5,5839.0,2126072,1554925
06/18/2024,16:00,5840.75,5855.5,5834.25,5852.5,1561429,1884252
06/20/2024,16:00,5854.5,5880.75,5818.25,5837.25,1811776,1976987
06/21/2024,16:00,5837.75,5843.5,5811.75,5827.0,1392213,1977507
06/24/2024,16:00,5831.25,5851.25,5803.0,5809.75,1410359,1974627
06/25/2024,16:00,5808.75,5832.5,5803.75,5829.75,1141183,1965288
06/26/2024,16:00,5827.75,5844.5,5809.0,5836.25,1197372,1974729
06/27/2024,16:00,5825.75,5847.75,5808.5,5838.75,1257121,1980054
06/28/2024,16:00,5841.0,5877.75,5803.5,5814.25,1855777,2003581
07/01/2024,16:00,5827.0,5833.75,5797.25,5826.5,1432355,2018333
07/02/2024,16:00,5826.25,5862.5,5795.5,5861.5,1315097,2024110
07/03/2024,16:00,5856.5,5888.5,5852.5,5883.0,808966,2036985
07/05/2024,16:00,5883.75,5918.75,5877.75,5914.25,1233173,2041590
07/08/2024,16:00,5904.75,5930.25,5903.5,5918.0,981186,2033591
07/09/2024,16:00,5920.5,5938.5,5919.0,5924.0,1063568,2033744
07/10/2024,16:00,5924.5,5983.25,5923.5,5980.75,1200224,2052485
07/11/2024,16:00,5977.0,6000.5,5922.75,5932.5,1970766,2044033
07/12/2024,16:00,5931.25,6001.0,5914.0,5957.5,1684437,2062658
07/15/2024,16:00,5973.75,6011.5,5958.25,5975.75,1701349,2068676
07/16/2024,16:00,5981.5,6014.0,5965.75,6010.0,1485113,2072793
07/17/2024,16:00,6007.75,6010.5,5924.5,5931.75,2059862,2065927
07/18/2024,16:00,5936.75,5956.75,5863.0,5887.25,2528379,2057913
07/19/2024,16:00,5895.25,5900.25,5834.75,5846.5,2106581,2056825
07/22/2024,16:00,5857.25,5908.75,5846.25,5903.5,1671918,2042242
07/23/2024,16:00,5900.5,5922.5,5880.5,5892.0,1385653,2027810
07/24/2024,16:00,5877.75,5877.75,5754.75,5764.75,2178690,2019043
07/25/2024,16:00,5775.25,5826.0,5725.25,5734.0,2888086,2006381
07/26/2024,16:00,5738.75,5821.0,5738.0,5791.75,1977698,1989099
07/29/2024,16:00,5789.25,5827.25,5773.75,5795.75,1697647,1997951
07/30/2024,16:00,5797.25,5820.25,5725.75,5765.25,1983712,2022330
07/31/2024,16:00,5747.5,5881.25,5744.25,5850.75,2156505,2035549
08/01/2024,16:00,5867.5,5893.5,5737.5,5773.0,2751690,2019142
08/02/2024,16:00,5757.0,5766.0,5624.5,5668.75,3239738,2005975
08/05/2024,16:00,5622.75,5638.25,5412.75,5510.25,3436090,2028644
08/06/2024,16:00,5542.75,5634.75,5514.5,5559.0,2172067,1993269
08/07/2024,16:00,5534.25,5652.0,5489.5,5520.25,2247229,1985413
08/08/2024,16:00,5499.75,5653.75,5474.75,5641.0,1912347,1976168
08/09/2024,16:00,5642.75,5678.0,5612.25,5663.0,1412017,1967903
08/12/2024,16:00,5657.0,5689.5,5640.5,5662.5,1219995,1969467
08/13/2024,16:00,5665.25,5754.0,5660.25,5751.75,1271171,1992271
08/14/2024,16:00,5750.25,5780.5,5731.5,5769.75,1301826,1987000
08/15/2024,16:00,5774.0,5864.5,5764.5,5860.25,1440377,2016654
08/16/2024,16:00,5861.25,5879.0,5829.25,5871.0,1183498,2017845
08/19/2024,16:00,5876.75,5924.5,5858.0,5922.75,1010612,2020493
08/20/2024,16:00,5922.25,5936.5,5900.5,5912.5,1020393,2003118
08/21/2024,16:00,5912.25,5948.0,5906.25,5934.25,1086814,2003299
08/22/2024,16:00,5934.75,5958.0,5875.5,5886.75,1409474,2004342
08/23/2024,16:00,5890.5,5955.0,5890.5,5945.25,1415472,2034186
08/26/2024,16:00,5943.25,5961.75,5912.5,5929.75,1090361,2021539
08/27/2024,16:00,5922.75,5942.25,5904.25,5937.5,1027658,2033034
08/28/2024,16:00,5936.5,5943.25,5868.75,5903.0,1381099,2015846
08/29/2024,16:00,5873.25,5956.5,5854.0,5902.75,1571688,2015351
08/30/2024,16:00,5911.25,5957.75,5887.0,5953.75,1558874,2037176
09/03/2024,16:00,5949.0,5962.5,5809.5,5834.5,1910577,2021676
09/04/2024,16:00,5831.25,5857.75,5799.5,5822.75,1749591,2020412
09/05/2024,16:00,5820.25,5850.0,5782.75,5805.0,1737210,2018095
09/06/2024,16:00,5805.0,5825.25,5686.75,5712.25,2377532,2026223
09/09/2024,16:00,5702.75,5785.75,5698.0,5772.25,1611701,2053024
09/10/2024,16:00,5781.0,5798.75,5741.0,5796.75,1525620,2025918
09/11/2024,16:00,5792.0,5860.25,5704.75,5854.0,2309139,1960075
09/12/2024,16:00,5850.75,5899.75,5833.0,5895.0,1726434,1874417
09/13/2024,16:00,5891.25,5934.25,5890.0,5922.5,1627977,1874417
09/16/2024,16:00,5915.5,5934.25,5901.0,5930.75,1740015,1389650
09/17/2024,16:00,5925.75,5968.5,5909.25,5931.75,1773538,1801262
09/18/2024,16:00,5932.5,5987.25,5906.75,5911.5,1735285,1925826
09/19/2024,16:00,5924.0,6029.0,5922.5,6009.5,1739117,2012275
09/20/2024,16:00,6007.5,6008.25,5965.0,5993.5,1447611,2012275
09/23/2024,16:00,5993.5,6016.0,5976.75,6008.25,1014348,1992237
09/24/2024,16:00,6005.5,6025.75,5986.25,6023.5,1113470,2003596
09/25/2024,16:00,6023.75,6030.25,5999.5,6010.5,973563,2035369
09/26/2024,16:00,6015.0,6061.5,6009.75,6036.0,1276350,2027117
09/27/2024,16:00,6035.75,6053.0,6013.5,6022.75,1183555,2044081
09/30/2024,16:00,6015.5,6051.75,5987.75,6045.75,1354343,2047404
10/01/2024,16:00,6038.5,6054.0,5964.5,5991.25,1855403,2075405
10/02/2024,16:00,5991.75,6004.75,5955.5,5991.75,1191630,2067742
10/03/2024,16:00,6001.0,6004.25,5957.25,5981.0,1364316,2067013
10/04/2024,16:00,5977.25,6036.25,5972.5,6031.5,1376793,2072277
10/07/2024,16:00,6033.5,6039.5,5965.75,5976.25,1142137,2088487
10/08/2024,16:00,5984.0,6038.25,5956.75,6032.0,1089666,2072634
10/09/2024,16:00,6030.75,6078.0,6012.25,6072.75,1057716,2110369
10/10/2024,16:00,6067.5,6075.5,6043.0,6060.5,1060084,2137683
10/11/2024,16:00,6062.5,6099.75,6047.5,6091.25,956796,2121176
10/14/2024,16:00,6086.0,6150.0,6081.5,6139.75,843353,2128514
10/15/2024,16:00,6145.75,6147.0,6081.5,6094.25,1280813,2168772
10/16/2024,16:00,6092.5,6124.25,6084.75,6118.5,935721,2172231
10/17/2024,16:00,6114.25,6158.75,6102.75,6121.0,1164598,2172231
10/18/2024,16:00,6119.75,6147.0,6107.75,6137.5,882639,2160836
10/21/2024,16:00,6143.0,6147.0,6096.5,6127.75,1020151,2148439
10/22/2024,16:00,6132.25,6135.75,6092.75,6124.0,995338,2157200
10/23/2024,16:00,6118.75,6125.25,6032.5,6069.25,1406041,2152136
10/24/2024,16:00,6075.5,6101.5,6054.0,6080.5,1118172,2135945
10/25/2024,16:00,6084.75,6132.25,6066.5,6077.5,1296451,2158740
10/28/2024,16:00,6088.5,6116.0,6088.5,6093.0,986142,2146261
10/29/2024,16:00,6098.5,6115.25,6069.0,6102.5,1135860,2147226
10/30/2024,16:00,6114.5,6124.5,6071.75,6083.5,1284555,2130707
10/31/2024,16:00,6071.5,6075.5,5964.75,5970.0,1867451,2132023
11/01/2024,16:00,5973.5,6035.25,5964.0,5989.75,1517744,2112663
11/04/2024,16:00,5973.25,6008.0,5955.75,5974.75,1276183,2100234
11/05/2024,16:00,5983.75,6054.75,5966.5,6043.75,1142397,2131243
11/06/2024,16:00,6051.75,6198.5,6046.25,6189.75,1906403,2098958
11/07/2024,16:00,6195.0,6244.5,6182.5,6235.25,1214977,2139008
11/08/2024,16:00,6239.25,6272.0,6221.75,6256.75,1184512,2176421
11/11/2024,16:00,6261.5,6284.75,6245.0,6263.25,1069929,2195542
11/12/2024,16:00,6260.75,6268.0,6218.25,6244.5,1407120,2190667
11/13/2024,16:00,6243.75,6266.75,6223.25,6247.5,1445258,2212068
11/14/2024,16:00,6249.25,6256.75,6195.75,6209.75,1538927,2212308
11/15/2024,16:00,6203.5,6205.75,6108.25,6128.0,2008339,2184375
11/18/2024,16:00,6131.25,6164.5,6118.0,6151.5,1332326,2182341
11/19/2024,16:00,6150.5,6179.0,6086.5,6170.25,1636346,2177319
11/20/2024,16:00,6169.25,6189.25,6111.5,6169.25,1597257,2174613
11/21/2024,16:00,6168.75,6216.5,6136.75,6202.0,1867101,2157239
11/22/2024,16:00,6198.5,6225.0,6172.25,6218.5,1550734,2165281
11/25/2024,16:00,6237.5,6271.5,6214.0,6238.0,1619917,2133701
11/26/2024,16:00,6244.75,6275.5,6207.75,6269.75,1269220,2133701
11/27/2024,16:00,6273.25,6278.5,6231.75,6246.5,1157171,2143436
11/29/2024,16:00,6246.5,6291.5,6246.25,6283.0,792143,2143436
12/02/2024,16:00,6283.0,6300.0,6267.5,6293.25,937182,2133019
12/03/2024,16:00,6295.5,6302.25,6279.0,6294.75,926864,2144818
12/04/2024,16:00,6298.5,6333.75,6294.5,6330.0,1053871,2146965
12/05/2024,16:00,6326.75,6338.75,6313.0,6320.25,1052120,2160734
12/06/2024,16:00,6317.0,6342.5,6307.5,6330.5,1077722,2130668
12/09/2024,16:00,6327.75,6337.25,6291.5,6297.25,1277577,2128011
12/10/2024,16:00,6296.75,6306.75,6271.25,6277.75,1270951,2148027
12/11/2024,16:00,6284.25,6334.0,6277.0,6324.25,1203969,2134744
12/12/2024,16:00,6319.0,6319.75,6287.0,6292.25,1486550,2124238
12/13/2024,16:00,6296.5,6316.75,6272.75,6287.0,1875541,324628
12/16/2024,16:00,6286.75,6325.0,6283.25,6315.25,1831998,324628
12/17/2024,16:00,6311.5,6314.0,6275.5,6288.5,1834891,1485196
12/18/2024,16:00,6288.0,6309.25,6067.75,6101.5,2532350,1902280
12/19/2024,16:00,6110.75,6166.5,6092.5,6095.25,2289630,2064361
12/20/2024,16:00,6105.75,6212.0,6027.25,6163.0,2133581,2103014
12/23/2024,16:00,6163.0,6204.25,6126.25,6197.25,1303311,2113073
12/24/2024,16:00,6199.0,6260.75,6191.25,6259.25,582166,2073671
12/26/2024,16:00,6260.5,6268.75,6224.5,6256.5,840404,2075377
12/27/2024,16:00,6253.25,6256.5,6144.0,6188.25,1542320,2076546
12/30/2024,16:00,6190.0,6197.5,6079.5,6120.0,1495616,2056328
12/31/2024,16:00,6116.25,6144.5,6078.5,6097.0,1265308,2055319
01/02/2025,16:00,6110.5,6156.5,6036.0,6077.75,1723792,2050314
01/03/2025,16:00,6082.25,6158.0,6072.5,6150.75,1145157,2068557
01/06/2025,16:00,6155.75,6229.5,6142.0,6181.75,1460382,2061748
01/07/2025,16:00,6189.25,6206.75,6096.25,6115.5,1685643,2048207
01/08/2025,16:00,6116.75,6136.25,6078.25,6120.5,1702891,2058863
01/10/2025,16:00,6116.25,6120.5,6006.5,6027.5,2006438,2047011
01/13/2025,16:00,6025.75,6044.5,5970.25,6035.75,1699554,2049564
01/14/2025,16:00,6048.5,6079.75,6003.75,6043.5,1779243,2041266
01/15/2025,16:00,6052.75,6162.5,6040.75,6150.25,1559024,2032447
01/16/2025,16:00,6149.75,6178.75,6123.0,6136.75,1508853,2042319
01/17/2025,16:00,6131.5,6212.75,6129.25,6194.75,1326076,2035900
01/21/2025,16:00,6193.5,6254.5,6155.75,6245.5,1647839,2018234
01/22/2025,16:00,6255.25,6297.0,6248.25,6281.75,1154302,2023994
01/23/2025,16:00,6281.25,6315.25,6262.75,6313.25,1071365,2053000
01/24/2025,16:00,6309.25,6323.5,6283.25,6294.5,1186904,2058373
01/27/2025,16:00,6263.5,6266.5,6109.25,6208.0,2288964,2044034
01/28/2025,16:00,6220.75,6266.75,6184.75,6258.25,1525156,2021959
01/29/2025,16:00,6252.0,6272.75,6203.5,6228.75,1500059,2014264
01/30/2025,16:00,6229.75,6277.5,6217.75,6260.5,1541196,2005329
01/31/2025,16:00,6267.25,6309.0,6219.0,6228.5,1769512,2029493
02/03/2025,16:00,6143.5,6223.25,6096.75,6183.5,2242598,2022344
02/04/2025,16:00,6230.25,6230.25,6148.25,6224.25,1274201,2035480
02/05/2025,16:00,6204.0,6253.25,6181.5,6247.75,1145763,2051878
02/06/2025,16:00,6251.5,6269.75,6231.25,6267.25,1112576,2051891
02/07/2025,16:00,6251.0,6284.5,6202.5,6210.75,1614985,2065704
02/10/2025,16:00,6177.25,6257.25,6175.25,6250.0,961904,2066945
02/11/2025,16:00,6246.75,6260.0,6219.0,6253.5,985518,2071844
02/12/2025,16:00,6252.0,6259.25,6182.0,6234.0,1485271,2074890
02/13/2025,16:00,6241.0,6299.25,6214.75,6296.5,1446146,2068220
02/14/2025,16:00,6293.0,6308.0,6282.5,6293.25,1018370,2095276
02/18/2025,16:00,6299.5,6319.0,6279.5,6308.0,1150195,2095276
02/19/2025,16:00,6305.0,6327.75,6290.5,6324.25,1028044,2092827
02/20/2025,16:00,6315.0,6320.75,6264.0,6297.75,1339618,2104008
02/21/2025,16:00,6293.75,6303.75,6185.75,6190.25,1833282,2098920
02/24/2025,16:00,6202.0,6228.75,6155.75,6162.0,1738827,2094877
02/25/2025,16:00,6167.75,6177.25,6085.25,6131.25,2150829,2094536
02/26/2025,16:00,6143.25,6185.0,6106.75,6132.0,1853468,2089877
02/27/2025,16:00,6141.25,6175.75,6034.25,6037.5,2507518,2079208
02/28/2025,16:00,6044.25,6132.25,6009.25,6124.5,2673821,2124176
03/03/2025,16:00,6128.75,6161.75,5983.0,6022.0,2525355,2097871
03/04/2025,16:00,6035.25,6045.25,5905.25,5950.75,3257154,2128186
03/05/2025,16:00,5993.25,6030.75,5912.0,6012.5,2226853,2129425
03/06/2025,16:00,6006.0,6014.75,5881.25,5907.5,2553819,2115168
03/07/2025,16:00,5927.25,5952.25,5834.25,5937.25,2245481,2115168
03/10/2025,16:00,5914.25,5919.0,5732.75,5782.0,2590102,2166955
03/11/2025,16:00,5783.25,5813.0,5695.25,5738.25,2623963,2158884
03/12/2025,16:00,5741.25,5836.25,5711.5,5766.0,2004740,2091047
03/13/2025,16:00,5757.75,5784.25,5670.5,5688.75,354151,329212
03/14/2025,16:00,5701.25,5810.0,5700.0,5801.25,2074025,329212
03/17/2025,16:00,5787.75,5868.75,5760.5,5841.25,2103746,1484003
03/18/2025,16:00,5840.5,5847.25,5759.75,5778.25,1866513,1878607
03/19/2025,16:00,5779.5,5879.5,5766.5,5838.75,1746831,2009402
03/20/2025,16:00,5840.75,5874.25,5791.5,5821.75,1726750,2071429
03/21/2025,16:00,5824.25,5832.75,5760.25,5827.25,1629871,2072811
03/24/2025,16:00,5849.0,5934.5,5848.0,5924.5,1404629,2086227
03/25/2025,16:00,5922.0,5946.25,5911.25,5935.5,1078548,2064932
03/26/2025,16:00,5940.0,5945.5,5852.0,5868.5,1483959,2070698
03/27/2025,16:00,5846.25,5888.75,5829.0,5848.25,1575855,2064619
03/28/2025,16:00,5850.75,5856.75,5711.25,5732.0,1910914,2082053
03/31/2025,16:00,5699.0,5781.75,5642.75,5762.25,2229839,2091441
04/01/2025,16:00,5753.25,5803.75,5709.25,5783.5,1871505,2100918
04/02/2025,16:00,5781.0,5882.25,5675.25,5821.25,2060456,2102311
04/03/2025,16:00,5659.5,5673.75,5524.25,5541.75,2470412,2168022
04/04/2025,16:00,5532.0,5544.0,5183.0,5219.25,3678162,2233965
04/07/2025,16:00,5116.0,5395.5,4941.0,5206.25,3673583,2296543
04/08/2025,16:00,5235.5,5414.25,5049.5,5129.25,2438061,2306548
04/09/2025,16:00,5115.25,5629.0,4980.75,5600.0,3096194,2248087
04/10/2025,16:00,5611.5,5637.75,5255.75,5411.0,2524214,2182278
04/11/2025,16:00,5408.25,5527.25,5315.0,5500.25,1759660,2159608
04/14/2025,16:00,5561.5,5606.75,5500.0,5549.75,1303900,2157479
04/15/2025,16:00,5540.75,5594.0,5522.0,5537.25,1158703,2142457
04/16/2025,16:00,5512.75,5534.0,5360.0,5414.75,1559064,2161626
04/17/2025,16:00,5417.0,5480.25,5394.5,5421.75,1381396,2166654
04/21/2025,16:00,5392.75,5415.75,5236.25,5293.75,1191218,2186288
04/22/2025,16:00,5291.5,5448.25,5280.75,5423.75,1572006,2170692
04/23/2025,16:00,5488.75,5608.75,5486.75,5510.75,1846494,2157019
04/24/2025,16:00,5518.0,5650.5,5464.25,5620.25,1411419,2151769
04/25/2025,16:00,5638.0,5671.25,5589.25,5658.75,1339888,2136821
04/28/2025,16:00,5653.0,5687.75,5601.0,5662.0,1198801,2116053
04/29/2025,16:00,5652.0,5706.25,5630.5,5692.75,1227182,2089445
04/30/2025,16:00,5688.5,5735.25,5564.5,5696.0,1833646,2105829
05/01/2025,16:00,5726.5,5791.5,5710.75,5732.25,1388619,2099296
05/02/2025,16:00,5717.5,5833.75,5710.0,5818.0,1383367,2103568
05/05/2025,16:00,5814.0,5815.25,5764.25,5780.75,989373,2092468
05/06/2025,16:00,5775.25,5782.25,5714.0,5734.75,1303877,2082611
05/07/2025,16:00,5717.5,5798.75,5705.0,5761.0,1390561,2065507
05/08/2025,16:00,5752.25,5850.0,5745.5,5793.5,1428613,2070285
05/09/2025,16:00,5797.5,5824.25,5771.5,5787.0,1029418,2062579
05/12/2025,16:00,5870.0,5985.25,5843.25,5974.0,1765593,2095350
05/13/2025,16:00,5977.0,6036.0,5944.75,6013.5,1335457,2072277
05/14/2025,16:00,6011.0,6034.0,5999.0,6017.5,1207202,2054637
05/15/2025,16:00,6013.0,6053.5,5976.0,6042.25,1291986,2066155
05/16/2025,16:00,6044.0,6086.5,6032.0,6084.5,1180875,2060751
05/19/2025,16:00,6039.25,6096.5,6001.75,6091.5,1245859,2042546
05/20/2025,16:00,6089.0,6102.5,6035.75,6068.75,1112908,2043675
05/21/2025,16:00,6062.5,6067.25,5956.75,5970.25,1548946,2048223
05/22/2025,16:00,5967.0,6004.0,5937.75,5965.75,1419522,2038065
05/23/2025,16:00,5978.25,5981.0,5865.5,5926.0,1537693,2036506
05/27/2025,16:00,5929.0,6050.75,5922.0,6043.25,1288369,2032925
05/28/2025,16:00,6049.75,6061.5,5999.0,6011.75,1181330,2017502
05/29/2025,16:00,6032.5,6117.0,5993.0,6031.75,1414864,2010255
05/30/2025,16:00,6021.25,6041.75,5962.25,6025.0,1633334,2002103
06/02/2025,16:00,6007.75,6064.5,5976.5,6056.25,1194125,2010950
06/03/2025,16:00,6058.0,6100.25,6018.25,6090.5,1154297,2025954
06/04/2025,16:00,6089.0,6108.0,6083.0,6090.0,1097088,2021426
06/05/2025,16:00,6083.25,6125.5,6037.75,6055.0,1519232,2022919
06/06/2025,16:00,6040.75,6134.0,6039.0,6115.75,1278102,2017117
06/09/2025,16:00,6119.0,6136.75,6101.25,6119.25,912371,2033478
06/10/2025,16:00,6121.25,6158.5,6100.25,6154.0,1104373,2053843
06/11/2025,16:00,6147.75,6183.75,6115.25,6138.0,1610313,2041428
06/12/2025,16:00,6131.25,6160.25,6096.75,6158.5,211444,265981
06/13/2025,16:00,6154.0,6154.0,6036.5,6088.25,2051514,265981
06/16/2025,16:00,6057.75,6165.75,6056.75,6146.5,1919981,1414649
06/17/2025,16:00,6149.75,6150.25,6087.0,6095.25,1726542,1772790
06/18/2025,16:00,6087.5,6130.5,6074.5,6091.0,1360954,1859543
06/20/2025,16:00,6095.0,6127.75,6026.25,6074.75,1694443,1861792
06/23/2025,16:00,6020.75,6138.25,6015.75,6133.75,1358034,1844523
06/24/2025,16:00,6134.75,6212.0,6132.0,6203.0,1077333,1874134
06/25/2025,16:00,6201.5,6217.0,6187.5,6203.75,902500,1887409
06/26/2025,16:00,6201.5,6256.75,6198.0,6251.75,1039428,1898927
06/27/2025,16:00,6254.25,6295.75,6240.0,6280.5,1353399,1865771
06/30/2025,16:00,6280.0,6322.25,6280.0,6310.5,1364101,1862027
07/01/2025,16:00,6302.5,6318.25,6284.0,6305.5,1320618,1873814
07/02/2025,16:00,6304.5,6336.25,6292.25,6331.75,1044261,1892042
07/03/2025,16:00,6333.25,6390.0,6327.25,6381.0,750998,1909141
07/07/2025,16:00,6364.5,6371.75,6303.0,6332.75,1376613,1897276
07/08/2025,16:00,6319.25,6345.75,6311.25,6328.75,1073914,1884916
07/09/2025,16:00,6328.75,6372.0,6316.75,6364.0,1144723,1890810
07/10/2025,16:00,6362.75,6392.25,6344.25,6381.0,948393,1898695
07/11/2025,16:00,6379.75,6387.0,6333.5,6356.75,1100047,1908193
07/14/2025,16:00,6330.75,6371.75,6316.5,6367.75,909223,1911433
07/15/2025,16:00,6366.25,6399.75,6329.25,6340.75,1279068,1919796
07/16/2025,16:00,6330.5,6365.5,6297.75,6360.0,1462969,1931550
07/17/2025,16:00,6356.0,6402.25,6345.0,6397.25,1052843,1937479
07/18/2025,16:00,6399.25,6413.75,6380.0,6391.5,1050307,1918963
07/21/2025,16:00,6392.5,6430.75,6386.5,6401.5,934271,1917281
07/22/2025,16:00,6403.75,6410.5,6375.5,6403.5,1130356,1899615
07/23/2025,16:00,6403.25,6464.0,6399.5,6453.0,1203541,1909077
07/24/2025,16:00,6460.75,6475.0,6448.25,6458.25,1073595,1939962
07/25/2025,16:00,6463.5,6487.75,6457.75,6481.75,829856,1936194
07/28/2025,16:00,6506.75,6514.5,6465.5,6479.5,972646,1927538
07/29/2025,16:00,6481.0,6499.25,6453.0,6462.75,1122508,1922403
07/30/2025,16:00,6460.75,6492.0,6423.5,6453.0,1302795,1925257
07/31/2025,16:00,6492.25,6525.25,6414.25,6431.0,1857020,1913818
08/01/2025,16:00,6416.25,6430.25,6296.25,6321.25,2287699,1881395
08/04/2025,16:00,6313.75,6426.75,6308.0,6412.75,1304652,1875925
08/05/2025,16:00,6426.75,6434.25,6372.25,6382.0,1402448,1882473
08/06/2025,16:00,6379.75,6436.25,6370.0,6427.75,1233346,1891971
08/07/2025,16:00,6427.75,6483.5,6391.25,6423.25,1458573,1897751
08/08/2025,16:00,6429.25,6482.5,6426.0,6470.25,1196497,1919575
08/11/2025,16:00,6479.5,6488.25,6444.25,6456.5,1073359,1911649
08/12/2025,16:00,6452.75,6526.75,6448.0,6525.25,1271180,1937278
08/13/2025,16:00,6524.75,6559.25,6517.75,6545.5,1111683,1922921
08/14/2025,16:00,6541.75,6552.75,6510.0,6547.25,1186070,1918653
08/15/2025,16:00,6546.0,6565.5,6518.25,6528.25,1122157,1918290
08/18/2025,16:00,6523.75,6541.0,6512.75,6526.0,860451,1926447
08/19/2025,16:00,6525.25,6534.25,6476.0,6489.25,1224317,1936326
08/20/2025,16:00,6489.75,6494.75,6419.5,6470.0,1609469,1932038
08/21/2025,16:00,6471.0,6475.75,6427.0,6445.0,1200689,1938640
08/22/2025,16:00,6448.75,6553.0,6420.75,6540.0,1420723,1949199
08/25/2025,16:00,6549.75,6550.75,6509.75,6512.25,932515,1931795
08/26/2025,16:00,6517.0,6544.25,6487.5,6539.25,1133761,1951152
08/27/2025,16:00,6543.5,6562.25,6516.0,6552.75,957730,1938610
08/28/2025,16:00,6541.75,6579.75,6527.75,6574.25,1170397,1947158
08/29/2025,16:00,6572.75,6574.75,6512.25,6529.5,1341493,1942756
09/02/2025,16:00,6535.5,6548.25,6428.5,6482.25,1802584,1925383
09/03/2025,16:00,6504.75,6521.0,6482.25,6514.0,1435997,1925799
09/04/2025,16:00,6516.75,6573.5,6511.25,6567.5,1186477,1943581
09/05/2025,16:00,6572.5,6598.5,6508.75,6546.5,1710784,1927572
09/08/2025,16:00,6540.5,6573.25,6537.0,6562.75,1187985,1926117
09/09/2025,16:00,6564.5,6593.0,6546.0,6578.5,1169514,1928398
09/10/2025,16:00,6589.0,6622.0,6579.25,6596.5,1381759,1900830
09/11/2025,16:00,6592.5,6656.75,6592.25,6649.25,121857,188607
09/12/2025,16:00,6653.0,6662.75,6632.75,6645.0,1491927,188607
09/15/2025,16:00,6645.0,6681.25,6641.75,6679.25,1767031,1380607
09/16/2025,16:00,6673.25,6696.75,6661.25,6667.5,1539387,1752644
09/17/2025,16:00,6669.5,6686.5,6611.0,6658.75,1702085,1920815
09/18/2025,16:00,6664.5,6719.75,6664.0,6693.5,1532388,1962464
09/19/2025,16:00,6700.0,6731.5,6679.5,6722.5,1369003,1936481
09/22/2025,16:00,6716.0,6756.75,6695.25,6752.5,1081569,1924707
09/23/2025,16:00,6749.5,6756.5,6701.75,6715.0,1264195,1937633
09/24/2025,16:00,6717.75,6728.75,6678.0,6692.25,1250173,1925772
09/25/2025,16:00,6697.25,6705.25,6624.25,6659.75,1710507,1934591
09/26/2025,16:00,6662.75,6703.75,6653.25,6696.5,1338413,1925386
09/29/2025,16:00,6697.0,6736.0,6696.25,6713.5,1209953,1935786
09/30/2025,16:00,6708.0,6743.5,6693.0,6738.75,1521737,1926751
10/01/2025,16:00,6725.5,6769.5,6680.0,6761.5,1312743,1933976
10/02/2025,16:00,6757.0,6782.25,6741.5,6766.75,1182875,1931282
10/03/2025,16:00,6764.75,6800.0,6754.0,6764.0,1366239,1938615
10/06/2025,16:00,6768.0,6797.75,6766.5,6788.75,1087339,1942449
10/07/2025,16:00,6789.5,6802.75,6747.25,6761.5,1433808,1933609
10/08/2025,16:00,6766.0,6807.75,6758.25,6801.25,1047925,1936653
10/09/2025,16:00,6802.75,6812.25,6760.75,6779.25,1370466,1914300
10/10/2025,16:00,6779.5,6806.5,6540.25,6595.25,2570043,1914287
10/13/2025,16:00,6632.0,6711.5,6632.0,6694.75,1772840,1917045
10/14/2025,16:00,6691.0,6722.5,6593.25,6686.5,2147252,1906215
10/15/2025,16:00,6684.25,6766.75,6651.5,6715.0,2009854,1879850
10/16/2025,16:00,6715.25,6750.5,6632.0,6668.75,2221351,1874949
10/17/2025,16:00,6659.25,6718.0,6571.25,6702.5,2081456,1866537
10/20/2025,16:00,6721.0,6783.0,6694.0,6773.75,1207586,1862277
10/21/2025,16:00,6779.5,6789.75,6759.25,6773.25,1285745,1855144
10/22/2025,16:00,6776.0,6788.75,6690.75,6737.0,1905565,1867044
10/23/2025,16:00,6733.5,6785.75,6717.5,6775.0,1375494,1866287
10/24/2025,16:00,6778.25,6841.25,6776.5,6827.0,1279387,1871404
10/27/2025,16:00,6881.0,6916.25,6865.75,6908.25,1191278,1894820
10/28/2025,16:00,6914.0,6944.75,6901.5,6925.75,1221838,1897521
10/29/2025,16:00,6929.25,6952.0,6882.25,6922.75,1536995,1892495
10/30/2025,16:00,6906.5,6953.75,6851.0,6855.5,1817621,1888486
10/31/2025,16:00,6897.0,6918.5,6843.5,6874.0,1764133,1885583
11/03/2025,16:00,6878.0,6909.5,6849.5,6882.75,1305195,1902446
11/04/2025,16:00,6884.0,6884.0,6786.25,6801.75,1702971,1916055
11/05/2025,16:00,6801.0,6857.75,6748.5,6825.25,1467734,1920849
11/06/2025,16:00,6828.5,6843.5,6733.5,6747.5,1860279,1934322
11/07/2025,16:00,6763.0,6772.0,6655.5,6753.75,2127595,1933597
11/10/2025,16:00,6788.0,6865.75,6772.0,6856.75,1597305,1935308
11/11/2025,16:00,6857.25,6880.0,6830.5,6871.5,1348763,1946693
11/12/2025,16:00,6874.0,6900.5,6852.0,6875.75,1402032,1937325
11/13/2025,16:00,6873.25,6892.5,6746.0,6760.0,2087220,1932643
11/14/2025,16:00,6762.75,6795.5,6670.5,6755.25,2030285,1932643
