Date,Time,Open,High,Low,Close,Vol,OI
01/03/2000,16:00,6999.5,7144.5,6930.5,7094.0,15414,7459
01/04/2000,16:00,7088.0,7092.0,6774.5,6807.0,15455,7653
01/05/2000,16:00,6807.0,6867.5,6644.5,6762.0,15272,7471
01/06/2000,16:00,6742.5,6802.5,6532.0,6562.0,15550,8241
01/07/2000,16:00,6534.0,6824.0,6506.5,6807.0,14126,8355
01/10/2000,16:00,6810.5,7054.0,6804.0,7009.5,15742,8595
01/11/2000,16:00,7014.5,7015.5,6791.5,6824.5,16839,8514
01/12/2000,16:00,6826.0,6864.5,6725.5,6753.0,15547,8232
01/13/2000,16:00,6757.5,6902.0,6751.5,6902.0,13409,8262
01/14/2000,16:00,6909.5,7034.5,6894.5,7001.0,12244,9089
01/18/2000,16:00,6992.5,7069.0,6919.0,7056.5,14821,9726
01/19/2000,16:00,7050.0,7100.0,6990.5,7099.5,14308,9544
01/20/2000,16:00,7096.5,7162.5,7060.5,7126.0,16054,9136
01/21/2000,16:00,7119.5,7163.5,7073.5,7139.0,10416,8891
01/24/2000,16:00,7141.0,7187.5,6925.0,6933.0,15881,8518
01/25/2000,16:00,6924.5,7046.5,6856.0,7041.0,17930,8390
01/26/2000,16:00,7024.5,7037.0,6887.0,6904.0,14483,8988
01/27/2000,16:00,6878.0,6983.5,6775.5,6885.5,15985,8550
01/28/2000,16:00,6890.0,6934.5,6658.5,6724.5,16259,9034
01/31/2000,16:00,6711.5,6869.5,6620.5,6862.0,17839,8882
02/01/2000,16:00,6856.0,6984.5,6813.5,6973.0,13663,6788
02/02/2000,16:00,6968.5,7065.5,6941.5,6983.5,13436,6786
02/03/2000,16:00,6983.5,7142.0,6962.5,7142.0,16812,7558
02/04/2000,16:00,7137.5,7209.5,7110.5,7156.0,11605,7807
02/07/2000,16:00,7156.0,7208.0,7125.0,7206.5,10266,8322
02/08/2000,16:00,7194.0,7348.0,7191.5,7344.5,15069,9712
02/09/2000,16:00,7349.5,7393.5,7226.0,7226.0,19889,9671
02/10/2000,16:00,7220.5,7365.5,7217.5,7361.5,18454,9833
02/11/2000,16:00,7358.5,7389.5,7199.5,7242.0,18652,9685
02/14/2000,16:00,7233.0,7277.5,7183.5,7253.0,18078,9456
02/15/2000,16:00,7249.0,7299.5,7110.5,7286.0,23417,9675
02/16/2000,16:00,7284.0,7336.5,7244.5,7270.0,19888,9159
02/17/2000,16:00,7275.5,7395.5,7260.5,7356.0,18302,9579
02/18/2000,16:00,7359.5,7390.5,7212.0,7217.5,18802,9595
02/22/2000,16:00,7204.0,7267.5,7115.0,7217.0,22638,9108
02/23/2000,16:00,7226.5,7467.5,7211.5,7437.0,23907,10714
02/24/2000,16:00,7439.0,7542.0,7356.0,7542.0,28263,11191
02/25/2000,16:00,7533.0,7565.5,7379.5,7443.5,22378,10294
02/28/2000,16:00,7432.0,7492.5,7278.5,7434.5,27318,9747
02/29/2000,16:00,7414.0,7550.5,7408.0,7550.5,20360,9493
03/01/2000,16:00,7547.5,7602.5,7522.5,7575.0,18822,10414
03/02/2000,16:00,7574.5,7587.5,7453.5,7474.5,22454,10798
03/03/2000,16:00,7479.5,7707.5,7459.5,7704.0,21378,10599
03/06/2000,16:00,7696.5,7790.5,7680.5,7747.0,21491,11543
03/07/2000,16:00,7733.0,7820.0,7610.5,7642.0,28103,11531
03/08/2000,16:00,7649.5,7709.5,7533.0,7707.0,628,432
03/09/2000,16:00,7697.0,7865.5,7625.0,7856.5,15672,2332
03/10/2000,16:00,7852.5,7917.5,7801.5,7852.5,22008,3852
03/13/2000,16:00,7841.5,7850.5,7665.5,7708.0,24358,5175
03/14/2000,16:00,7696.0,7789.5,7467.5,7485.5,28686,5758
03/15/2000,16:00,7489.5,7542.5,7331.0,7348.0,33240,6541
03/16/2000,16:00,7357.5,7618.0,7293.5,7600.0,31934,7104
03/17/2000,16:00,7601.0,7712.5,7558.5,7702.0,21752,7358
03/20/2000,16:00,7693.0,7714.5,7501.0,7538.0,25413,7812
03/21/2000,16:00,7533.5,7715.0,7400.5,7703.5,27244,8350
03/22/2000,16:00,7695.5,7894.5,7677.5,7805.5,29121,6679
03/23/2000,16:00,7810.5,7960.5,7761.5,7918.0,27159,7066
03/24/2000,16:00,7915.5,8069.5,7851.5,7989.5,25878,7547
03/27/2000,16:00,7972.5,8035.5,7936.5,7947.5,22162,7827
03/28/2000,16:00,7946.5,8023.0,7835.5,7848.0,25160,7584
03/29/2000,16:00,7845.5,7863.5,7641.5,7654.0,30696,7864
03/30/2000,16:00,7656.5,7743.5,7397.0,7513.0,32339,8653
03/31/2000,16:00,7513.5,7671.5,7431.0,7643.0,30146,9447
04/03/2000,16:00,7602.5,7602.5,7274.0,7320.5,35070,11502
04/04/2000,16:00,7313.5,7397.5,6880.5,7251.5,44126,11975
04/05/2000,16:00,7265.5,7399.0,7114.5,7245.5,32308,13209
04/06/2000,16:00,7240.5,7405.5,7205.0,7330.5,27739,13100
04/07/2000,16:00,7330.0,7529.0,7320.5,7522.5,23589,13166
04/10/2000,16:00,7526.0,7563.0,7195.5,7211.0,35883,13654
04/11/2000,16:00,7211.5,7286.0,7071.5,7140.5,39151,14149
04/12/2000,16:00,7140.0,7212.5,6838.5,6880.5,38550,15547
04/13/2000,16:00,6870.5,7069.5,6747.5,6770.5,38663,15073
04/14/2000,16:00,6778.5,6806.0,6333.5,6403.0,43966,18526
04/17/2000,16:00,6393.0,6775.5,6293.0,6763.0,41363,18015
04/18/2000,16:00,6769.5,6937.5,6674.5,6935.5,33643,17097
04/19/2000,16:00,6920.0,6966.5,6790.0,6808.0,29702,17648
04/20/2000,16:00,6815.5,6855.5,6670.5,6720.5,22582,18024
04/24/2000,16:00,6674.0,6674.0,6408.5,6602.5,30710,18440
04/25/2000,16:00,6602.0,6840.5,6584.5,6830.5,29209,18870
04/26/2000,16:00,6835.5,6919.5,6705.5,6713.0,32073,16003
04/27/2000,16:00,6713.0,6919.0,6603.0,6870.5,35244,17244
04/28/2000,16:00,6880.0,7012.0,6866.0,6995.5,20768,17513
05/01/2000,16:00,6993.0,7095.5,6991.5,7052.5,31114,18290
05/02/2000,16:00,7051.5,7072.5,6821.5,6823.5,31759,17813
05/03/2000,16:00,6824.0,6843.5,6637.5,6770.5,37919,19822
05/04/2000,16:00,6769.0,6837.5,6720.5,6775.0,31468,20050
05/05/2000,16:00,6770.5,6925.5,6713.0,6880.5,25723,20315
05/08/2000,16:00,6867.5,6878.5,6698.0,6737.0,29332,21525
05/09/2000,16:00,6732.5,6784.5,6606.0,6638.0,29510,21462
05/10/2000,16:00,6633.5,6671.0,6431.0,6438.0,41173,23182
05/11/2000,16:00,6435.5,6593.5,6379.5,6571.0,30808,23379
05/12/2000,16:00,6588.0,6725.5,6576.5,6603.0,25359,23335
05/15/2000,16:00,6595.5,6750.5,6513.0,6745.0,31751,23911
05/16/2000,16:00,6740.5,6869.0,6732.5,6855.5,29117,23947
05/17/2000,16:00,6855.0,6859.0,6724.0,6773.0,32377,22888
05/18/2000,16:00,6774.5,6790.5,6625.5,6645.5,30367,23846
05/19/2000,16:00,6643.0,6660.5,6451.5,6465.5,28920,25311
05/22/2000,16:00,6461.5,6515.5,6243.5,6483.0,44218,25877
05/23/2000,16:00,6470.0,6531.5,6194.0,6198.0,41911,26136
05/24/2000,16:00,6200.5,6398.5,6088.0,6353.0,52590,27321
05/25/2000,16:00,6351.5,6493.5,6266.5,6311.0,39511,26396
05/26/2000,16:00,6311.0,6370.0,6227.5,6315.5,26523,26154
05/30/2000,16:00,6309.0,6625.5,6308.5,6612.5,33375,27343
05/31/2000,16:00,6611.0,6659.5,6510.5,6510.5,39880,27763
06/01/2000,16:00,6509.5,6732.0,6509.5,6698.0,38783,27955
06/02/2000,16:00,6697.5,6961.0,6672.5,6937.0,29667,29376
06/05/2000,16:00,6937.5,7015.5,6876.5,6938.0,39986,29482
06/06/2000,16:00,6932.0,7002.5,6835.5,6848.0,36656,29705
06/07/2000,16:00,6849.0,6932.0,6790.5,6923.0,37907,30502
06/08/2000,16:00,6937.0,6987.5,6859.0,6915.5,650,3773
06/09/2000,16:00,6911.5,7025.5,6906.5,6939.5,24128,4736
06/12/2000,16:00,6927.5,6985.0,6826.0,6843.0,30912,6451
06/13/2000,16:00,6844.5,6963.0,6769.5,6958.0,40604,7841
06/14/2000,16:00,6964.0,7023.5,6852.5,6882.0,39239,8824
06/15/2000,16:00,6885.0,6947.5,6819.5,6943.0,32229,9068
06/16/2000,16:00,6943.5,7005.5,6910.5,6953.0,28004,9234
06/19/2000,16:00,6949.0,7124.0,6906.5,7108.0,35486,11901
06/20/2000,16:00,7106.0,7183.0,7086.5,7133.0,39157,13546
06/21/2000,16:00,7115.0,7172.0,7051.5,7139.0,37111,14726
06/22/2000,16:00,7145.5,7156.0,6981.0,6988.0,38486,15003
06/23/2000,16:00,6991.0,7011.0,6843.5,6853.5,32292,15883
06/26/2000,16:00,6863.0,6963.5,6862.0,6953.0,36204,17022
06/27/2000,16:00,6954.5,6989.5,6878.5,6892.5,29275,17855
06/28/2000,16:00,6892.0,7001.5,6881.5,6941.0,34812,18966
06/29/2000,16:00,6942.0,6956.5,6745.5,6856.5,40264,19072
06/30/2000,16:00,6851.5,6942.5,6843.0,6942.5,22002,19240
07/03/2000,16:00,6927.0,6992.5,6912.0,6987.0,6527,15626
07/05/2000,16:00,6979.5,7033.0,6815.5,6835.0,33063,17152
07/06/2000,16:00,6837.0,6970.5,6777.5,6959.5,44677,20442
07/07/2000,16:00,6961.5,7064.0,6952.5,7003.0,35054,22039
07/10/2000,16:00,6994.5,7015.5,6933.5,6953.5,33668,22360
07/11/2000,16:00,6951.0,7010.5,6877.5,6907.0,45485,22767
07/12/2000,16:00,6931.5,7083.5,6931.5,7056.0,37526,25902
07/13/2000,16:00,7060.5,7167.5,7044.5,7134.0,36005,23809
07/14/2000,16:00,7131.0,7224.5,7128.5,7203.5,35560,23522
07/17/2000,16:00,7201.0,7260.0,7169.5,7235.5,31257,22834
07/18/2000,16:00,7235.5,7245.5,7112.0,7149.0,39434,24357
07/19/2000,16:00,7136.5,7164.5,6998.0,7039.0,38810,25232
07/20/2000,16:00,7040.5,7181.5,7031.0,7177.5,36984,25718
07/21/2000,16:00,7175.5,7177.5,7052.5,7064.5,32102,23356
07/24/2000,16:00,7059.5,7132.5,6940.0,6945.0,41580,25160
07/25/2000,16:00,6949.0,7037.0,6922.5,7013.5,41176,25435
07/26/2000,16:00,7016.0,7019.5,6898.5,6990.5,45842,26205
07/27/2000,16:00,6982.5,7003.0,6824.5,6832.5,47060,26714
07/28/2000,16:00,6830.5,6877.0,6599.0,6631.5,47473,29148
07/31/2000,16:00,6633.5,6769.5,6590.0,6742.5,46603,29302
08/01/2000,16:00,6741.5,6762.0,6667.5,6695.0,44720,30243
08/02/2000,16:00,6691.0,6773.5,6624.5,6632.5,46927,28673
08/03/2000,16:00,6625.5,6791.5,6495.5,6788.0,56358,29413
08/04/2000,16:00,6789.0,6870.0,6721.5,6757.5,51299,28270
08/07/2000,16:00,6758.0,6884.5,6749.0,6848.0,41829,29427
08/08/2000,16:00,6847.5,6895.0,6813.5,6843.0,39517,29837
08/09/2000,16:00,6860.5,6934.5,6813.5,6819.0,36621,30502
08/10/2000,16:00,6815.5,6859.5,6742.5,6756.0,36446,30973
08/11/2000,16:00,6752.5,6797.5,6668.0,6789.0,42042,31051
08/14/2000,16:00,6788.0,6880.5,6760.0,6873.5,29194,29382
08/15/2000,16:00,6869.0,6912.0,6834.5,6876.5,34815,29903
08/16/2000,16:00,6875.5,6939.5,6846.0,6889.0,38886,30106
08/17/2000,16:00,6887.5,6987.5,6853.0,6973.5,38727,32464
08/18/2000,16:00,6966.0,7015.5,6940.5,6961.0,31073,32052
08/21/2000,16:00,6963.0,7025.5,6922.5,6982.0,37864,32796
08/22/2000,16:00,6984.0,7045.5,6959.0,6970.5,36435,32649
08/23/2000,16:00,6970.5,7044.0,6898.0,7027.5,47426,32608
08/24/2000,16:00,7034.5,7095.0,7021.5,7090.5,35175,33284
08/25/2000,16:00,7094.0,7126.5,7052.5,7084.5,32394,33016
08/28/2000,16:00,7081.0,7132.0,7065.5,7084.5,32674,34343
08/29/2000,16:00,7084.0,7112.0,7058.5,7102.0,34636,33939
08/30/2000,16:00,7100.0,7125.0,7054.5,7101.0,29969,34566
08/31/2000,16:00,7099.0,7220.5,7090.5,7219.5,28085,34727
09/01/2000,16:00,7215.0,7311.5,7189.5,7243.5,32097,34975
09/05/2000,16:00,7233.0,7268.5,7118.0,7124.5,11900,36726
09/06/2000,16:00,7129.5,7143.5,6967.5,6983.5,53367,37797
09/07/2000,16:00,6984.5,7095.5,6967.5,7077.0,7555,37454
09/08/2000,16:00,7079.5,7080.0,6930.0,6933.5,3198,36284
09/11/2000,16:00,6929.5,6983.5,6815.5,6847.0,64348,9772
09/12/2000,16:00,6848.5,6926.5,6766.5,6786.5,58881,11730
09/13/2000,16:00,6792.5,6886.0,6733.0,6868.5,70762,14440
09/14/2000,16:00,6869.0,6963.5,6838.5,6860.0,64767,12495
09/15/2000,16:00,6860.0,6905.5,6754.0,6782.0,55487,13718
09/18/2000,16:00,6784.5,6849.0,6665.5,6721.0,72994,14762
09/19/2000,16:00,6722.0,6880.5,6719.5,6719.5,70029,16973
09/20/2000,16:00,6865.0,6937.5,6779.0,6916.5,78832,18017
09/21/2000,16:00,6915.5,6937.5,6807.5,6828.5,70719,18682
09/22/2000,16:00,6736.5,6848.0,6676.5,6839.5,55926,20371
09/25/2000,16:00,6840.0,6893.5,6723.5,6738.5,51490,18555
09/26/2000,16:00,6743.0,6817.5,6675.0,6681.0,67220,18945
09/27/2000,16:00,6687.5,6768.5,6644.0,6708.5,73064,20299
09/28/2000,16:00,6704.0,6843.5,6670.5,6821.5,61459,22409
09/29/2000,16:00,6793.5,6806.0,6671.5,6684.5,57397,22354
10/02/2000,16:00,6684.5,6731.5,6555.5,6592.0,63100,23868
10/03/2000,16:00,6592.5,6666.5,6448.5,6460.5,78732,25158
10/04/2000,16:00,6462.5,6590.0,6396.5,6541.0,77551,27263
10/05/2000,16:00,6524.0,6600.5,6495.0,6546.0,69864,27820
10/06/2000,16:00,6543.0,6578.5,6361.5,6421.0,69526,25448
10/09/2000,16:00,6423.0,6465.5,6285.5,6413.0,50998,25710
10/10/2000,16:00,6410.0,6444.5,6218.5,6223.5,78684,29733
10/11/2000,16:00,6255.0,6324.5,6134.0,6188.0,88833,31907
10/12/2000,16:00,6208.5,6287.5,6087.5,6110.0,86281,33022
10/13/2000,16:00,6124.0,6372.5,6085.0,6338.5,64064,31704
10/16/2000,16:00,6337.5,6403.5,6301.0,6379.5,65125,30816
10/17/2000,16:00,6371.5,6432.5,6224.0,6233.5,79137,32907
10/18/2000,16:00,6266.0,6348.5,6089.5,6218.5,88887,36306
10/19/2000,16:00,6243.5,6510.5,6243.5,6508.5,65554,38470
10/20/2000,16:00,6500.5,6619.0,6475.5,6563.0,50436,37336
10/23/2000,16:00,6567.5,6601.0,6469.5,6557.5,65144,35741
10/24/2000,16:00,6540.5,6598.5,6392.5,6406.0,64818,33651
10/25/2000,16:00,6412.0,6425.5,6171.5,6215.0,72149,36738
10/26/2000,16:00,6212.0,6303.5,6042.0,6291.0,98606,39777
10/27/2000,16:00,6252.5,6377.5,6197.0,6286.0,66885,39682
10/30/2000,16:00,6283.5,6297.5,6125.5,6171.0,73396,41668
10/31/2000,16:00,6172.0,6401.5,6163.5,6363.5,71326,43886
11/01/2000,16:00,6363.0,6407.5,6268.5,6331.0,74851,44559
11/02/2000,16:00,6327.0,6425.0,6293.0,6380.0,57125,47608
11/03/2000,16:00,6391.5,6450.5,6360.5,6416.5,45893,46926
11/06/2000,16:00,6416.5,6463.5,6374.5,6394.5,42959,48093
11/07/2000,16:00,6400.0,6406.0,6302.0,6377.5,56778,51294
11/08/2000,16:00,6377.0,6439.0,6115.0,6124.5,75253,51884
11/09/2000,16:00,6133.0,6171.0,6003.5,6121.5,85910,52955
11/10/2000,16:00,6128.5,6136.5,5955.5,5957.5,66765,52960
11/13/2000,16:00,5951.5,6056.5,5818.5,5891.0,86903,56817
11/14/2000,16:00,5889.5,6131.5,5888.5,6121.0,72323,55332
11/15/2000,16:00,6108.5,6219.5,6081.5,6180.0,68294,56493
11/16/2000,16:00,6178.0,6199.5,5996.0,6002.5,64218,59048
11/17/2000,16:00,6003.5,6093.0,5923.0,6003.0,68512,59068
11/20/2000,16:00,5992.5,6009.5,5853.5,5878.0,71304,63081
11/21/2000,16:00,5879.0,5942.5,5820.5,5871.0,67362,65554
11/22/2000,16:00,5870.0,5909.5,5741.0,5746.0,61970,66751
11/24/2000,16:00,5746.5,5908.5,5739.5,5892.5,16860,66455
11/27/2000,16:00,5911.5,5992.5,5832.5,5860.0,69472,66160
11/28/2000,16:00,5860.5,5893.0,5690.0,5701.0,91534,69538
11/29/2000,16:00,5706.0,5751.5,5588.5,5593.5,95624,74416
11/30/2000,16:00,5572.0,5652.5,5498.5,5593.5,105511,77253
12/01/2000,16:00,5594.0,5747.0,5566.0,5636.0,81875,75629
12/04/2000,16:00,5636.0,5691.5,5543.5,5621.0,93602,77245
12/05/2000,16:00,5626.5,5920.5,5593.5,5904.0,93557,76094
12/06/2000,16:00,5897.5,5960.5,5788.5,5788.5,99801,55271
12/07/2000,16:00,5805.0,5842.0,5693.5,5741.0,14181,53530
12/08/2000,16:00,5720.5,6006.0,5717.5,5823.5,78071,12105
12/11/2000,16:00,5918.5,6064.0,5908.0,6048.5,75484,18106
12/12/2000,16:00,6046.5,6049.0,5922.5,5936.0,60958,20580
12/13/2000,16:00,5945.5,6031.0,5801.5,5813.0,71729,19922
12/14/2000,16:00,5819.5,5855.0,5668.0,5686.0,76229,20778
12/15/2000,16:00,5655.5,5691.0,5566.5,5618.5,82436,21478
12/18/2000,16:00,5635.5,5708.0,5569.0,5624.5,75148,24142
12/19/2000,16:00,5625.5,5702.0,5409.0,5426.0,83019,24104
12/20/2000,16:00,5431.0,5461.5,5250.5,5291.0,91112,29079
12/21/2000,16:00,5291.5,5406.0,5227.0,5298.5,92544,37343
12/22/2000,16:00,5306.0,5490.0,5306.0,5485.0,55613,39141
12/26/2000,16:00,5497.5,5535.5,5390.0,5493.5,49313,40995
12/27/2000,16:00,5488.0,5527.5,5413.5,5522.5,56127,41976
12/28/2000,16:00,5526.0,5559.5,5468.5,5517.5,49718,42650
12/29/2000,16:00,5517.5,5545.5,5374.5,5390.5,56717,43288
01/02/2001,16:00,5391.0,5430.0,5146.5,5183.5,87316,45613
01/03/2001,16:00,5196.5,5606.0,5124.0,5545.5,115138,47768
01/04/2001,16:00,5548.0,5593.0,5480.5,5502.0,94119,44881
01/05/2001,16:00,5501.0,5567.0,5289.5,5309.5,94688,44762
01/08/2001,16:00,5306.0,5344.0,5187.0,5341.0,92841,43608
01/09/2001,16:00,5357.5,5413.5,5291.0,5342.0,95281,45205
01/10/2001,16:00,5344.0,5463.0,5277.0,5457.0,117021,47431
01/11/2001,16:00,5431.0,5593.0,5393.0,5528.5,89111,41882
01/12/2001,16:00,5515.0,5633.0,5507.0,5556.0,87493,40165
01/16/2001,16:00,5548.0,5573.0,5461.0,5531.5,67902,41512
01/17/2001,16:00,5548.5,5673.0,5533.5,5597.5,83941,43470
01/18/2001,16:00,5607.0,5717.0,5571.0,5710.5,86897,46312
01/19/2001,16:00,5736.0,5785.0,5673.0,5702.5,86356,42480
01/22/2001,16:00,5705.5,5728.0,5638.0,5699.0,84234,44824
01/23/2001,16:00,5691.0,5761.0,5657.5,5761.0,78902,46530
01/24/2001,16:00,5767.0,5813.0,5727.5,5730.5,88366,46870
01/25/2001,16:00,5724.5,5763.0,5621.5,5629.5,93694,48300
01/26/2001,16:00,5635.5,5679.0,5564.5,5661.5,86433,46615
01/29/2001,16:00,5646.0,5731.5,5609.0,5721.5,60115,48071
01/30/2001,16:00,5725.0,5752.5,5688.0,5713.5,72285,47151
01/31/2001,16:00,5710.0,5756.0,5616.0,5627.0,83273,49262
02/01/2001,16:00,5624.5,5663.5,5585.0,5641.5,87703,52545
02/02/2001,16:00,5646.0,5659.0,5494.0,5504.5,81365,53164
02/05/2001,16:00,5510.0,5513.0,5441.5,5497.0,80322,56569
02/06/2001,16:00,5502.0,5563.5,5484.0,5506.0,84451,55677
02/07/2001,16:00,5471.0,5478.5,5378.0,5459.5,102210,59157
02/08/2001,16:00,5461.5,5494.5,5377.0,5384.0,91318,60627
02/09/2001,16:00,5386.0,5391.0,5287.0,5293.0,78085,58614
02/12/2001,16:00,5292.5,5351.0,5258.0,5317.5,93755,59635
02/13/2001,16:00,5318.0,5404.0,5227.5,5242.0,114525,62600
02/14/2001,16:00,5251.0,5341.5,5197.0,5332.0,126045,63053
02/15/2001,16:00,5338.0,5453.0,5327.0,5372.0,101437,62425
02/16/2001,16:00,5355.5,5355.5,5210.0,5243.5,80047,63243
02/20/2001,16:00,5246.0,5291.0,5120.0,5146.0,95274,69217
02/21/2001,16:00,5139.0,5191.0,5066.0,5086.5,126644,69597
02/22/2001,16:00,5095.5,5115.0,4984.0,5067.5,139936,70513
02/23/2001,16:00,5060.5,5089.5,4957.0,5073.5,122106,76222
02/26/2001,16:00,5094.0,5129.0,5038.0,5116.0,103234,79631
02/27/2001,16:00,5118.5,5119.5,4983.5,4985.0,103481,80799
02/28/2001,16:00,4985.0,5035.5,4897.0,4929.0,129261,81575
03/01/2001,16:00,4921.5,4989.0,4855.5,4976.0,122010,86093
03/02/2001,16:00,4980.5,5012.0,4885.0,4892.5,135910,91889
03/05/2001,16:00,4899.5,4960.0,4893.0,4928.0,102431,89183
03/06/2001,16:00,4930.5,5052.5,4928.0,5001.5,105735,89050
03/07/2001,16:00,5001.5,5048.0,4983.0,5004.5,106366,90286
03/08/2001,16:00,5010.5,5038.5,4948.5,4965.0,71397,10902
03/09/2001,16:00,4971.0,4971.0,4818.5,4828.0,106752,23145
03/12/2001,16:00,4770.5,4784.5,4688.5,4704.0,35633,35168
03/13/2001,16:00,4707.5,4807.5,4688.5,4797.0,137972,37136
03/14/2001,16:00,4803.0,4822.5,4709.5,4766.5,141098,38342
03/15/2001,16:00,4769.5,4832.0,4697.0,4705.5,99969,39104
03/16/2001,16:00,4712.5,4738.0,4640.5,4663.5,111003,41251
03/19/2001,16:00,4670.5,4749.5,4643.5,4747.0,104832,45579
03/20/2001,16:00,4746.5,4764.5,4622.5,4627.5,121655,47437
03/21/2001,16:00,4627.5,4687.5,4597.5,4626.5,139869,49149
03/22/2001,16:00,4629.0,4717.5,4592.5,4710.5,154292,54267
03/23/2001,16:00,4708.0,4774.5,4674.5,4724.5,119687,59886
03/26/2001,16:00,4729.0,4767.5,4676.0,4689.0,94945,60002
03/27/2001,16:00,4688.5,4764.5,4671.5,4744.0,124465,66799
03/28/2001,16:00,4741.5,4741.5,4597.0,4600.5,111032,69272
03/29/2001,16:00,4604.5,4637.5,4549.5,4570.5,114157,72419
03/30/2001,16:00,4575.5,4612.0,4535.0,4580.5,100139,72624
04/02/2001,16:00,4591.5,4615.5,4501.5,4507.5,107903,74806
04/03/2001,16:00,4512.0,4517.5,4392.5,4395.5,132338,79858
04/04/2001,16:00,4398.0,4441.5,4351.5,4370.0,141811,82749
04/05/2001,16:00,4380.5,4527.5,4372.5,4505.0,132812,76570
04/06/2001,16:00,4512.5,4534.5,4427.5,4460.5,141183,74060
04/09/2001,16:00,4462.0,4503.0,4429.5,4490.5,103899,75976
04/10/2001,16:00,4492.5,4627.5,4487.5,4601.5,157636,79678
04/11/2001,16:00,4602.5,4707.5,4581.0,4648.5,153576,76443
04/12/2001,16:00,4657.5,4722.0,4606.5,4720.5,157692,74154
04/16/2001,16:00,4721.5,4727.5,4597.5,4618.5,143296,73788
04/17/2001,16:00,4609.0,4700.5,4576.5,4663.0,166390,77191
04/18/2001,16:00,4705.0,4940.5,4705.0,4830.0,161884,75929
04/19/2001,16:00,4870.5,4960.5,4830.5,4944.0,172050,81428
04/20/2001,16:00,4960.5,4987.5,4904.5,4944.0,153903,80338
04/23/2001,16:00,4946.5,4950.5,4802.5,4809.5,136171,78217
04/24/2001,16:00,4812.5,4866.5,4756.0,4777.0,163297,76589
04/25/2001,16:00,4775.5,4830.0,4744.5,4814.5,156354,78893
04/26/2001,16:00,4807.0,4852.0,4761.0,4764.5,138764,78872
04/27/2001,16:00,4766.5,4825.5,4763.5,4813.5,112254,82254
04/30/2001,16:00,4816.0,4909.0,4815.5,4857.0,140116,83740
05/01/2001,16:00,4852.5,4931.5,4822.0,4931.0,144450,88954
05/02/2001,16:00,4934.5,4983.0,4906.5,4964.5,156839,89217
05/03/2001,16:00,4964.5,4972.0,4852.5,4876.0,131730,83018
05/04/2001,16:00,4872.5,4934.5,4814.0,4931.0,149742,85490
05/07/2001,16:00,4932.0,4949.0,4889.0,4893.5,131574,84057
05/08/2001,16:00,4902.5,4939.5,4883.5,4933.0,130393,82875
05/09/2001,16:00,4937.5,4939.0,4856.5,4866.5,141496,81234
05/10/2001,16:00,4869.5,4929.0,4832.0,4833.0,139442,82755
05/11/2001,16:00,4835.5,4860.5,4807.0,4825.0,101970,81917
05/14/2001,16:00,4833.0,4841.0,4767.5,4798.5,81594,81063
05/15/2001,16:00,4800.0,4855.0,4786.0,4808.0,126973,84004
05/16/2001,16:00,4799.0,4904.5,4754.5,4887.5,165897,90871
05/17/2001,16:00,4889.5,4955.5,4887.5,4916.0,148694,97202
05/18/2001,16:00,4915.5,4938.0,4891.5,4924.5,108394,95201
05/21/2001,16:00,4924.0,5049.0,4911.0,5042.5,151209,101027
05/22/2001,16:00,5043.5,5071.0,5019.0,5037.0,151169,102592
05/23/2001,16:00,5043.0,5048.5,4946.0,4948.5,129466,97363
05/24/2001,16:00,4948.0,5001.0,4927.5,4996.5,134151,99316
05/25/2001,16:00,4998.5,5016.5,4947.0,4959.0,74965,97342
05/28/2001,16:00,4998.5,4998.5,4947.0,4965.5,29,97342
05/29/2001,16:00,4960.5,4974.5,4845.0,4847.0,115018,100777
05/30/2001,16:00,4848.0,4853.5,4762.0,4776.0,147992,95560
05/31/2001,16:00,4778.0,4833.5,4772.5,4793.5,144389,95403
06/01/2001,16:00,4789.5,4847.0,4767.5,4842.0,116615,95853
06/04/2001,16:00,4835.5,4865.5,4810.5,4832.5,112673,94171
06/05/2001,16:00,4830.0,4933.0,4829.5,4913.5,122118,98137
06/06/2001,16:00,4912.5,4938.0,4881.5,4898.5,146330,94237
06/07/2001,16:00,4897.5,4954.5,4879.5,4946.5,20545,94744
06/08/2001,16:00,4961.5,4992.0,4875.0,4893.0,132614,25204
06/11/2001,16:00,4888.5,4901.0,4815.5,4840.5,105845,32375
06/12/2001,16:00,4839.5,4864.0,4764.5,4831.5,155866,42255
06/13/2001,16:00,4834.5,4866.5,4774.5,4777.5,171223,50958
06/14/2001,16:00,4778.5,4781.0,4670.5,4680.5,157470,55581
06/15/2001,16:00,4688.5,4716.0,4643.5,4698.0,150511,61512
06/18/2001,16:00,4698.0,4719.5,4648.0,4672.0,159397,63928
06/19/2001,16:00,4671.5,4735.5,4642.0,4665.5,160005,70322
06/20/2001,16:00,4663.5,4711.5,4629.5,4703.5,168512,72450
06/21/2001,16:00,4705.5,4762.5,4683.0,4727.0,164989,76395
06/22/2001,16:00,4731.0,4761.0,4642.0,4722.5,125504,74936
06/25/2001,16:00,4719.0,4744.0,4696.5,4726.5,118999,74316
06/26/2001,16:00,4724.5,4746.5,4673.5,4735.0,132063,67434
06/27/2001,16:00,4729.5,4756.5,4710.5,4741.5,121997,64210
06/28/2001,16:00,4740.0,4847.5,4717.0,4768.5,159969,67634
06/29/2001,16:00,4779.5,4853.0,4774.5,4816.0,118432,70772
07/02/2001,16:00,4817.5,4851.5,4797.5,4812.0,106644,68384
07/03/2001,16:00,4805.5,4819.0,4782.0,4815.0,53574,67911
07/05/2001,16:00,4819.0,4819.0,4727.5,4727.5,70308,69039
07/06/2001,16:00,4728.5,4732.0,4648.0,4653.0,115297,72186
07/09/2001,16:00,4652.5,4697.5,4633.5,4669.5,130755,74382
07/10/2001,16:00,4672.5,4704.5,4602.5,4607.5,138784,79107
07/11/2001,16:00,4609.0,4631.0,4582.0,4629.5,154970,82666
07/12/2001,16:00,4635.5,4742.0,4632.0,4731.0,125987,85126
07/13/2001,16:00,4727.5,4766.5,4704.0,4735.0,111138,84027
07/16/2001,16:00,4736.5,4743.0,4663.5,4679.0,131530,86711
07/17/2001,16:00,4676.0,4724.5,4649.0,4717.5,146241,89682
07/18/2001,16:00,4701.5,4713.5,4632.0,4654.0,156925,92866
07/19/2001,16:00,4644.5,4721.5,4624.5,4694.5,154413,95745
07/20/2001,16:00,4668.5,4672.5,4640.0,4653.0,92195,98789
07/23/2001,16:00,4657.0,4687.5,4608.0,4612.0,114887,101256
07/24/2001,16:00,4610.5,4622.0,4558.0,4595.0,137308,105708
07/25/2001,16:00,4595.0,4614.0,4560.0,4605.5,135008,109030
07/26/2001,16:00,4609.5,4660.5,4581.5,4629.0,127854,110665
07/27/2001,16:00,4638.0,4676.0,4631.5,4662.5,106213,111315
07/30/2001,16:00,4666.5,4681.5,4641.0,4651.5,101022,112516
07/31/2001,16:00,4651.0,4696.5,4644.5,4662.5,117702,109731
08/01/2001,16:00,4660.5,4724.0,4650.5,4708.0,106286,111066
08/02/2001,16:00,4710.0,4745.0,4697.0,4743.5,102948,112745
08/03/2001,16:00,4742.5,4749.0,4668.5,4711.0,99706,113704
08/06/2001,16:00,4709.5,4713.5,4677.5,4684.0,75989,117944
08/07/2001,16:00,4681.0,4696.5,4659.5,4675.0,82024,119783
08/08/2001,16:00,4679.5,4689.0,4594.5,4602.5,145789,124362
08/09/2001,16:00,4604.0,4617.5,4580.5,4609.0,128918,120473
08/10/2001,16:00,4608.0,4622.0,4552.0,4593.5,128406,128036
08/13/2001,16:00,4595.5,4635.5,4583.0,4625.5,100539,127054
08/14/2001,16:00,4628.0,4649.5,4602.5,4604.0,113108,128455
08/15/2001,16:00,4607.5,4618.5,4543.5,4546.0,128803,130647
08/16/2001,16:00,4547.5,4564.5,4501.5,4563.0,135075,130858
08/17/2001,16:00,4562.5,4562.5,4488.5,4490.5,84766,136497
08/20/2001,16:00,4487.5,4514.5,4481.0,4511.5,85136,141345
08/21/2001,16:00,4513.5,4525.5,4445.0,4445.5,98863,138364
08/22/2001,16:00,4445.5,4493.0,4440.5,4487.5,134928,140777
08/23/2001,16:00,4489.5,4517.5,4470.5,4471.5,122452,139763
08/24/2001,16:00,4484.5,4554.5,4484.5,4551.5,114762,138582
08/27/2001,16:00,4554.5,4575.5,4532.0,4553.5,101509,140535
08/28/2001,16:00,4551.0,4556.5,4499.0,4503.5,112514,140535
08/29/2001,16:00,4504.0,4517.0,4462.5,4479.0,129473,141605
08/30/2001,16:00,4475.0,4480.0,4410.0,4425.0,144681,147425
08/31/2001,16:00,4425.5,4458.5,4406.5,4442.0,90894,148877
09/04/2001,16:00,4443.5,4492.5,4391.5,4396.0,160800,147565
09/05/2001,16:00,4395.5,4413.5,4341.0,4388.5,221991,154416
09/06/2001,16:00,4391.0,4400.5,4326.5,4332.0,185504,159702
09/07/2001,16:00,4341.0,4363.5,4308.0,4323.0,178206,172108
09/10/2001,16:00,4311.0,4348.5,4297.5,4340.0,52,637
09/17/2001,16:00,4250.0,4279.0,4214.5,4216.5,8279,4962
09/18/2001,16:00,4223.0,4251.5,4187.5,4192.0,96159,19012
09/19/2001,16:00,4192.5,4226.5,4101.0,4167.5,207607,32949
09/20/2001,16:00,4169.5,4178.0,4120.0,4126.5,165780,45190
09/21/2001,16:00,4127.5,4137.5,4055.0,4095.0,153481,50131
09/24/2001,16:00,4102.0,4168.5,4100.5,4154.0,142130,45111
09/25/2001,16:00,4150.0,4187.5,4127.0,4159.0,147920,47687
09/26/2001,16:00,4158.0,4181.0,4105.5,4117.0,116495,48019
09/27/2001,16:00,4115.0,4123.5,4065.5,4106.0,109944,47451
09/28/2001,16:00,4107.0,4143.0,4106.5,4133.0,117231,55395
10/01/2001,16:00,4129.0,4136.5,4094.5,4117.5,111046,53391
10/02/2001,16:00,4113.5,4145.0,4099.0,4121.5,128059,54687
10/03/2001,16:00,4120.5,4234.0,4094.0,4208.0,209048,55828
10/04/2001,16:00,4207.5,4279.0,4204.0,4222.5,210790,57448
10/05/2001,16:00,4223.0,4245.5,4179.0,4238.5,173611,60282
10/08/2001,16:00,4222.5,4262.5,4205.0,4244.0,142520,63076
10/09/2001,16:00,4245.5,4257.5,4203.5,4213.0,137249,61798
10/10/2001,16:00,4214.0,4271.5,4198.0,4271.0,169056,64773
10/11/2001,16:00,4272.0,4364.0,4263.0,4355.0,190970,71388
10/12/2001,16:00,4370.5,4384.0,4295.0,4347.5,174113,77498
10/15/2001,16:00,4333.0,4351.0,4315.5,4347.0,147215,78057
10/16/2001,16:00,4344.5,4377.0,4331.5,4367.0,170211,80818
10/17/2001,16:00,4363.0,4422.0,4266.0,4266.5,240846,85052
10/18/2001,16:00,4269.5,4309.0,4263.5,4301.5,173453,79526
10/19/2001,16:00,4305.0,4318.0,4265.5,4311.5,128115,81872
10/22/2001,16:00,4311.5,4349.5,4296.5,4347.5,149066,81569
10/23/2001,16:00,4347.5,4384.0,4332.5,4353.0,204937,84917
10/24/2001,16:00,4348.0,4395.5,4341.5,4381.5,190329,85081
10/25/2001,16:00,4382.0,4442.5,4335.5,4439.0,213388,89195
10/26/2001,16:00,4433.0,4451.0,4408.0,4409.5,157040,86497
10/29/2001,16:00,4415.0,4415.0,4328.0,4329.0,174071,101344
10/30/2001,16:00,4331.0,4332.0,4281.0,4303.0,183097,103252
10/31/2001,16:00,4301.0,4366.0,4294.5,4324.0,185931,107222
11/01/2001,16:00,4322.5,4390.5,4318.5,4379.5,181972,107361
11/02/2001,16:00,4380.0,4402.0,4362.5,4390.5,145896,107692
11/05/2001,16:00,4388.5,4454.0,4388.0,4437.0,111472,104603
11/06/2001,16:00,4449.0,4495.5,4423.0,4495.0,150122,109266
11/07/2001,16:00,4494.0,4521.0,4468.0,4493.5,185924,105744
11/08/2001,16:00,4491.5,4544.0,4458.0,4477.0,191220,108135
11/09/2001,16:00,4475.5,4490.0,4451.0,4475.5,158252,111822
11/12/2001,16:00,4479.0,4501.0,4415.5,4487.5,178487,117459
11/13/2001,16:00,4489.0,4547.5,4483.5,4541.0,162827,115913
11/14/2001,16:00,4542.0,4581.0,4517.0,4553.5,184673,115061
11/15/2001,16:00,4547.5,4572.0,4521.0,4546.0,175038,115787
11/16/2001,16:00,4544.5,4556.0,4524.0,4543.0,123954,114641
11/19/2001,16:00,4545.5,4587.0,4543.0,4586.0,123653,116328
11/20/2001,16:00,4585.5,4592.5,4506.0,4512.5,156256,119339
11/21/2001,16:00,4512.0,4541.0,4485.5,4511.0,122483,116149
11/23/2001,16:00,4512.0,4550.5,4501.5,4537.5,44091,115260
11/26/2001,16:00,4537.0,4581.5,4533.0,4576.0,170815,120241
11/27/2001,16:00,4575.0,4606.0,4534.5,4574.0,232096,119809
11/28/2001,16:00,4572.5,4581.0,4513.5,4517.0,230698,125386
11/29/2001,16:00,4516.5,4566.0,4508.0,4563.0,195132,126218
11/30/2001,16:00,4562.5,4567.5,4540.5,4556.0,117109,122578
12/03/2001,16:00,4548.0,4563.0,4521.0,4525.0,145612,123644
12/04/2001,16:00,4524.5,4599.0,4520.5,4599.0,163133,128028
12/05/2001,16:00,4597.0,4691.5,4594.5,4679.0,204236,134202
12/06/2001,16:00,4677.0,4696.0,4661.0,4682.0,171204,135911
12/07/2001,16:00,4689.0,4693.0,4610.5,4635.0,140005,139091
12/10/2001,16:00,4639.0,4655.5,4600.0,4605.5,173027,139427
12/11/2001,16:00,4605.5,4655.0,4600.5,4613.5,156765,141878
12/12/2001,16:00,4619.0,4643.0,4589.5,4626.0,177795,140170
12/13/2001,16:00,4624.5,4629.5,4554.5,4556.0,159049,20206
12/14/2001,16:00,4556.5,4583.0,4546.5,4570.5,153762,26755
12/17/2001,16:00,4570.0,4615.0,4558.5,4596.5,146593,32929
12/18/2001,16:00,4600.5,4625.5,4596.0,4616.5,113522,30579
12/19/2001,16:00,4611.5,4618.5,4578.5,4584.5,157695,35853
12/20/2001,16:00,4584.5,4590.5,4510.0,4515.0,163045,45527
12/21/2001,16:00,4515.0,4553.0,4509.0,4545.0,96239,44914
12/24/2001,16:00,4546.5,4549.5,4526.5,4536.5,17991,44008
12/26/2001,16:00,4537.5,4577.0,4527.5,4552.5,57858,43531
12/27/2001,16:00,4553.0,4573.0,4548.5,4565.0,52867,45479
12/28/2001,16:00,4567.5,4597.0,4565.0,4575.5,60554,46849
12/31/2001,16:00,4576.5,4582.0,4520.0,4535.0,57987,49372
01/02/2002,16:00,4529.0,4570.0,4521.0,4569.0,114019,54798
01/03/2002,16:00,4569.5,4626.5,4564.5,4624.0,149947,56888
01/04/2002,16:00,4624.5,4656.0,4601.0,4630.5,158205,60878
01/07/2002,16:00,4628.0,4653.5,4603.0,4613.0,193253,62879
01/08/2002,16:00,4613.5,4635.5,4597.5,4624.0,179848,62859
01/09/2002,16:00,4621.0,4668.5,4599.5,4606.5,205428,64346
01/10/2002,16:00,4608.0,4625.0,4590.5,4617.5,185598,69569
01/11/2002,16:00,4617.5,4630.5,4581.5,4598.0,168092,73113
01/14/2002,16:00,4593.5,4600.0,4550.0,4560.5,172165,74802
01/15/2002,16:00,4561.5,4631.0,4546.0,4576.5,176673,75230
01/16/2002,16:00,4552.5,4556.0,4512.5,4515.0,214184,80948
01/17/2002,16:00,4521.0,4561.5,4521.0,4544.5,179716,81916
01/18/2002,16:00,4531.5,4541.5,4489.5,4506.0,192109,86591
01/22/2002,16:00,4506.5,4526.5,4454.5,4458.0,190251,88936
01/23/2002,16:00,4460.5,4509.5,4455.5,4497.5,180322,88727
01/24/2002,16:00,4499.0,4543.0,4492.5,4518.5,180246,92772
01/25/2002,16:00,4508.5,4528.0,4495.5,4514.0,126923,95214
01/28/2002,16:00,4511.5,4537.0,4498.0,4524.0,124645,92407
01/29/2002,16:00,4526.0,4538.5,4461.5,4481.5,212487,95044
01/30/2002,16:00,4479.5,4495.0,4435.5,4493.0,232208,90327
01/31/2002,16:00,4494.0,4512.5,4482.0,4505.0,182993,91056
02/01/2002,16:00,4501.0,4517.0,4468.5,4486.5,151515,95770
02/04/2002,16:00,4480.5,4487.0,4425.0,4438.5,179137,101173
02/05/2002,16:00,4437.0,4452.5,4408.0,4413.5,213503,95179
02/06/2002,16:00,4413.0,4439.5,4388.0,4403.0,222911,96040
02/07/2002,16:00,4413.0,4415.5,4365.5,4366.5,209743,90251
02/08/2002,16:00,4366.5,4405.5,4359.0,4405.5,158028,85656
02/11/2002,16:00,4409.5,4432.5,4398.5,4424.5,154681,87917
02/12/2002,16:00,4425.5,4440.0,4401.5,4412.5,146374,85754
02/13/2002,16:00,4413.5,4446.5,4409.5,4437.5,177437,85754
02/14/2002,16:00,4436.5,4463.5,4423.5,4437.0,195192,94184
02/15/2002,16:00,4432.0,4436.5,4385.5,4391.5,147221,92697
02/19/2002,16:00,4393.5,4398.5,4332.5,4346.0,174739,92760
02/20/2002,16:00,4343.5,4366.5,4316.0,4364.5,232109,91982
02/21/2002,16:00,4365.5,4376.0,4297.5,4298.5,226739,94770
02/22/2002,16:00,4301.5,4326.5,4282.0,4310.0,210300,99915
02/25/2002,16:00,4311.5,4369.0,4305.5,4358.5,188429,104629
02/26/2002,16:00,4359.0,4376.5,4334.0,4354.5,207589,100528
02/27/2002,16:00,4355.0,4379.5,4321.0,4335.0,247863,97155
02/28/2002,16:00,4336.0,4358.5,4308.0,4312.0,204942,91611
03/01/2002,16:00,4311.5,4389.0,4309.5,4388.0,187684,95480
03/04/2002,16:00,4382.5,4448.5,4374.5,4445.0,237094,101567
03/05/2002,16:00,4444.5,4472.5,4432.0,4456.5,220604,103282
03/06/2002,16:00,4455.5,4476.5,4422.5,4464.0,258676,105411
03/07/2002,16:00,4463.5,4491.0,4439.0,4463.0,209685,23223
03/08/2002,16:00,4458.0,4521.5,4457.0,4507.5,176964,33195
03/11/2002,16:00,4506.5,4526.5,4481.5,4499.5,173179,34742
03/12/2002,16:00,4500.5,4503.5,4451.5,4477.5,201631,40752
03/13/2002,16:00,4477.5,4483.0,4433.0,4441.0,184583,52547
03/14/2002,16:00,4441.0,4453.5,4427.0,4434.0,171837,49326
03/15/2002,16:00,4432.0,4451.0,4421.0,4447.5,141876,53901
03/18/2002,16:00,4448.5,4476.0,4440.0,4454.5,158914,55787
03/19/2002,16:00,4453.5,4473.0,4447.0,4454.0,147016,56539
03/20/2002,16:00,4455.0,4459.5,4398.0,4398.5,171941,65866
03/21/2002,16:00,4400.0,4443.0,4393.0,4437.5,181922,61648
03/22/2002,16:00,4438.5,4442.5,4416.5,4425.5,149994,59178
03/25/2002,16:00,4424.5,4435.5,4377.0,4380.5,171706,71210
03/26/2002,16:00,4381.5,4413.5,4369.5,4391.0,188024,71246
03/27/2002,16:00,4392.5,4397.5,4373.5,4381.5,148223,75791
03/28/2002,16:00,4379.0,4411.5,4378.0,4403.0,103311,75190
04/01/2002,16:00,4397.5,4433.0,4374.0,4427.5,164829,74233
04/02/2002,16:00,4427.0,4427.5,4358.0,4358.0,190487,78330
04/03/2002,16:00,4358.5,4374.5,4327.0,4357.0,186405,80610
04/04/2002,16:00,4356.0,4362.0,4326.5,4347.0,212990,84254
04/05/2002,16:00,4348.0,4363.0,4322.0,4332.5,180919,83253
04/08/2002,16:00,4328.5,4348.5,4285.0,4347.5,216504,83260
04/09/2002,16:00,4351.0,4355.5,4294.5,4299.5,220926,87377
04/10/2002,16:00,4299.5,4324.5,4280.0,4309.0,253611,87137
04/11/2002,16:00,4311.0,4315.0,4269.5,4275.0,227213,97324
04/12/2002,16:00,4275.5,4306.5,4272.0,4296.5,184830,95405
04/15/2002,16:00,4299.0,4313.5,4283.5,4305.5,185441,95480
04/16/2002,16:00,4307.5,4364.0,4306.0,4361.5,155213,101457
04/17/2002,16:00,4376.5,4383.5,4340.5,4355.5,168227,101534
04/18/2002,16:00,4354.0,4367.5,4317.0,4331.0,177761,98516
04/19/2002,16:00,4317.0,4361.5,4313.0,4332.5,125435,100064
04/22/2002,16:00,4331.5,4335.0,4283.5,4297.0,152552,108504
04/23/2002,16:00,4297.0,4310.0,4262.5,4273.5,186264,113427
04/24/2002,16:00,4274.5,4292.5,4247.5,4252.0,187214,122188
04/25/2002,16:00,4253.5,4262.5,4234.5,4250.5,207996,127663
04/26/2002,16:00,4252.0,4265.0,4194.0,4195.5,216556,130220
04/29/2002,16:00,4200.5,4215.5,4174.5,4194.5,206917,129874
04/30/2002,16:00,4196.5,4241.0,4182.5,4223.5,219074,138334
05/01/2002,16:00,4223.0,4229.5,4178.0,4215.0,250130,136558
05/02/2002,16:00,4216.5,4232.5,4170.5,4172.5,208433,132849
05/03/2002,16:00,4174.5,4183.5,4130.0,4141.0,185071,134073
05/06/2002,16:00,4144.0,4151.5,4106.0,4109.0,205004,133612
05/07/2002,16:00,4110.0,4125.5,4088.0,4099.5,232308,134563
05/08/2002,16:00,4117.5,4228.0,4099.5,4224.5,282935,140732
05/09/2002,16:00,4223.0,4229.5,4184.5,4189.5,234608,136885
05/10/2002,16:00,4190.0,4203.0,4131.0,4132.5,231623,143789
05/13/2002,16:00,4137.5,4191.0,4130.5,4183.5,233777,139199
05/14/2002,16:00,4184.5,4258.5,4181.0,4256.0,215728,133423
05/15/2002,16:00,4258.0,4297.5,4226.5,4264.0,313635,161165
05/16/2002,16:00,4260.0,4274.5,4240.5,4267.0,200267,161901
05/17/2002,16:00,4268.5,4294.5,4251.0,4269.5,171257,161563
05/20/2002,16:00,4269.0,4273.0,4229.0,4242.0,214045,163182
05/21/2002,16:00,4242.5,4256.0,4195.0,4204.0,214045,177380
05/22/2002,16:00,4204.5,4215.0,4177.5,4208.0,209010,176422
05/23/2002,16:00,4206.5,4235.5,4184.0,4233.0,211049,169976
05/24/2002,16:00,4230.5,4242.5,4191.5,4201.0,129661,167947
05/28/2002,16:00,4198.5,4213.5,4170.5,4196.0,170675,168076
05/29/2002,16:00,4196.5,4198.0,4159.5,4162.0,177481,169989
05/30/2002,16:00,4163.0,4180.0,4146.0,4173.5,202477,165465
05/31/2002,16:00,4174.5,4192.0,4149.0,4153.0,175263,163984
06/03/2002,16:00,4153.0,4163.0,4102.0,4108.5,217833,171971
06/04/2002,16:00,4107.5,4137.0,4091.5,4124.5,283884,180565
06/05/2002,16:00,4123.0,4142.0,4108.5,4137.5,239493,183249
06/06/2002,16:00,4138.5,4140.0,4094.5,4107.0,226297,187004
06/07/2002,16:00,4064.5,4101.5,4049.5,4081.0,234295,195702
06/10/2002,16:00,4082.5,4100.0,4075.5,4080.5,178652,194301
06/11/2002,16:00,4082.0,4106.5,4044.0,4047.5,202782,202161
06/12/2002,16:00,4045.5,4068.0,4022.5,4064.5,9256,6451
06/13/2002,16:00,4064.0,4078.0,4043.0,4057.0,231806,33471
06/14/2002,16:00,4055.5,4058.0,3997.0,4055.0,245137,50675
06/17/2002,16:00,4055.5,4099.0,4052.0,4092.5,191021,52214
06/18/2002,16:00,4092.0,4153.5,4076.5,4111.0,188220,54174
06/19/2002,16:00,4096.0,4100.5,4038.0,4041.5,202513,60142
06/20/2002,16:00,4040.5,4047.0,4000.0,4008.0,214675,66382
06/21/2002,16:00,4008.0,4021.5,3974.0,3980.0,162881,71232
06/24/2002,16:00,3982.5,4020.5,3957.0,4002.0,267078,76197
06/25/2002,16:00,4004.5,4016.5,3960.0,3965.5,262917,75437
06/26/2002,16:00,3966.5,3978.0,3912.5,3966.5,300972,87438
06/27/2002,16:00,3970.5,3998.5,3949.5,3998.0,278187,87428
06/28/2002,16:00,3995.0,4018.0,3983.0,3992.5,175213,84583
07/01/2002,16:00,3993.0,4003.0,3937.0,3939.5,175706,81221
07/02/2002,16:00,3941.0,3946.5,3903.5,3906.0,249100,91045
07/03/2002,16:00,3908.0,3938.0,3891.5,3936.5,211740,90050
07/05/2002,16:00,3937.0,4005.0,3920.5,4002.5,93630,94128
07/08/2002,16:00,4000.0,4012.0,3951.0,3963.5,248360,94428
07/09/2002,16:00,3963.5,3970.5,3931.0,3933.0,257406,97422
07/10/2002,16:00,3935.5,3954.0,3900.5,3901.0,295692,104946
07/11/2002,16:00,3905.0,3943.0,3887.0,3937.5,358951,113579
07/12/2002,16:00,3938.5,3968.5,3929.0,3939.5,249183,115504
07/15/2002,16:00,3938.5,3972.0,3896.5,3968.5,353239,125945
07/16/2002,16:00,3970.0,3988.0,3943.0,3954.5,337493,131639
07/17/2002,16:00,3944.5,4004.5,3940.5,3972.0,315051,137133
07/18/2002,16:00,3975.5,3987.5,3933.5,3936.0,238856,150781
07/19/2002,16:00,3932.5,3936.5,3897.5,3905.5,234002,147945
07/22/2002,16:00,3899.0,3924.0,3869.5,3882.0,321536,155876
07/23/2002,16:00,3883.0,3896.5,3837.0,3840.5,298586,162241
07/24/2002,16:00,3838.0,3891.5,3811.5,3890.5,376117,158206
07/25/2002,16:00,3890.5,3891.5,3818.0,3835.5,304634,161167
07/26/2002,16:00,3835.5,3859.5,3825.5,3851.0,207572,163023
07/29/2002,16:00,3853.5,3911.0,3848.5,3900.0,209519,163747
07/30/2002,16:00,3900.0,3933.5,3890.0,3919.0,244738,164153
07/31/2002,16:00,3913.5,3927.0,3879.5,3903.0,208315,163069
08/01/2002,16:00,3897.0,3903.0,3851.5,3855.5,188111,162288
08/02/2002,16:00,3855.0,3858.0,3818.0,3834.5,177512,160553
08/05/2002,16:00,3833.0,3838.0,3796.5,3803.5,187954,162833
08/06/2002,16:00,3800.5,3866.0,3795.5,3844.5,233395,173863
08/07/2002,16:00,3846.0,3879.5,3823.0,3857.5,265919,173596
08/08/2002,16:00,3858.0,3890.0,3838.5,3887.5,239898,174928
08/09/2002,16:00,3887.0,3894.0,3860.5,3877.5,165451,169453
08/12/2002,16:00,3876.0,3884.5,3861.0,3882.0,117977,165789
08/13/2002,16:00,3882.5,3900.5,3847.5,3849.5,225741,165120
08/14/2002,16:00,3848.5,3910.5,3842.5,3905.5,242614,165711
08/15/2002,16:00,3904.0,3929.0,3894.5,3927.5,249339,165544
08/16/2002,16:00,3926.0,3945.0,3892.5,3934.0,163962,164951
08/19/2002,16:00,3932.5,3968.0,3926.5,3959.0,149162,166637
08/20/2002,16:00,3959.0,3963.0,3941.0,3952.0,186576,172456
08/21/2002,16:00,3952.0,3979.0,3945.5,3976.5,225905,177809
08/22/2002,16:00,3976.5,3993.5,3962.0,3990.5,182431,185541
08/23/2002,16:00,3992.5,3992.5,3944.0,3952.5,154999,180324
08/26/2002,16:00,3950.0,3968.0,3930.0,3955.0,174573,174435
08/27/2002,16:00,3955.5,3966.5,3911.0,3919.5,195920,177620
08/28/2002,16:00,3916.5,3920.5,3880.0,3884.5,191813,174384
08/29/2002,16:00,3883.5,3913.5,3865.5,3896.0,192888,178240
08/30/2002,16:00,3888.5,3905.0,3880.0,3882.0,112039,168582
09/03/2002,16:00,3880.5,3884.5,3838.0,3843.5,172295,175855
09/04/2002,16:00,3843.5,3865.0,3834.0,3853.5,198312,172437
09/05/2002,16:00,3854.0,3856.5,3821.5,3832.5,190264,192199
09/06/2002,16:00,3833.5,3873.5,3830.5,3859.0,187003,179528
09/09/2002,16:00,3856.5,3878.5,3833.0,3866.5,196539,174551
09/10/2002,16:00,3867.0,3891.5,3865.0,3890.0,201190,177288
09/11/2002,16:00,3888.5,3919.0,3880.5,3880.5,4072,5310
09/12/2002,16:00,3880.5,3885.5,3853.0,3857.5,162529,26672
09/13/2002,16:00,3857.0,3867.5,3843.5,3864.5,190114,35987
09/16/2002,16:00,3863.5,3864.5,3836.5,3850.5,193256,49012
09/17/2002,16:00,3849.5,3883.0,3830.5,3832.5,229552,57292
09/18/2002,16:00,3824.5,3846.5,3814.5,3820.0,231730,58864
09/19/2002,16:00,3820.5,3828.5,3805.5,3807.0,246227,64518
09/20/2002,16:00,3811.0,3825.0,3802.0,3810.5,200455,67709
09/23/2002,16:00,3812.0,3812.5,3775.5,3784.5,217940,83887
09/24/2002,16:00,3786.0,3800.5,3768.5,3784.0,260851,79709
09/25/2002,16:00,3784.0,3825.0,3772.0,3817.5,263257,85129
09/26/2002,16:00,3819.5,3836.0,3798.0,3807.0,276446,86377
09/27/2002,16:00,3806.5,3831.0,3796.0,3796.5,238140,81744
09/30/2002,16:00,3794.0,3794.0,3761.0,3772.0,229879,85755
10/01/2002,16:00,3770.5,3823.5,3761.0,3821.5,297036,90036
10/02/2002,16:00,3822.0,3824.5,3781.5,3793.0,314906,95972
10/03/2002,16:00,3788.0,3798.5,3769.5,3771.5,255296,94743
10/04/2002,16:00,3770.0,3787.0,3747.0,3756.0,293184,103226
10/07/2002,16:00,3755.5,3765.5,3735.5,3749.0,251207,102918
10/08/2002,16:00,3747.5,3766.0,3732.5,3749.5,296522,101524
10/09/2002,16:00,3749.5,3763.5,3735.0,3744.5,307864,104164
10/10/2002,16:00,3745.0,3791.0,3736.0,3784.0,313942,101423
10/11/2002,16:00,3785.5,3838.0,3781.0,3830.5,270208,109776
10/14/2002,16:00,3824.5,3843.0,3814.0,3842.5,172781,108488
10/15/2002,16:00,3843.5,3889.0,3839.5,3886.0,298345,114613
10/16/2002,16:00,3858.0,3882.5,3844.0,3854.5,241857,106424
10/17/2002,16:00,3854.0,3895.0,3854.0,3879.5,237027,112169
10/18/2002,16:00,3886.0,3903.5,3860.0,3896.5,224567,106832
10/21/2002,16:00,3891.0,3921.0,3874.5,3915.0,226280,110993
10/22/2002,16:00,3906.0,3916.5,3889.5,3908.0,257751,113208
10/23/2002,16:00,3906.0,3928.0,3890.0,3927.5,333084,118550
10/24/2002,16:00,3926.5,3937.0,3899.5,3902.5,294772,119925
10/25/2002,16:00,3901.0,3933.0,3897.5,3927.5,227686,123537
10/28/2002,16:00,3928.5,3949.5,3910.0,3922.0,259271,122507
10/29/2002,16:00,3922.0,3924.0,3877.5,3898.5,282676,123179
10/30/2002,16:00,3898.0,3933.5,3892.0,3926.0,326599,131531
10/31/2002,16:00,3925.5,3944.0,3916.5,3926.5,269360,135990
11/01/2002,16:00,3926.5,3958.5,3908.5,3955.5,248352,142177
11/04/2002,16:00,3970.0,4008.0,3969.5,3978.0,229091,147222
11/05/2002,16:00,3980.0,3989.5,3965.0,3986.5,252561,150274
11/06/2002,16:00,3988.5,4008.0,3968.0,4004.0,309938,151167
11/07/2002,16:00,4006.0,4009.5,3955.0,3964.5,244796,144080
11/08/2002,16:00,3970.5,3978.5,3940.0,3944.0,226204,143627
11/11/2002,16:00,3944.0,3950.0,3908.5,3915.5,186596,135526
11/12/2002,16:00,3913.5,3958.0,3910.0,3939.5,231003,143391
11/13/2002,16:00,3940.5,3959.5,3921.5,3951.5,314583,145267
11/14/2002,16:00,3952.5,4001.5,3937.0,3986.5,265473,154010
11/15/2002,16:00,3986.0,4001.5,3971.5,4000.5,217983,159724
11/18/2002,16:00,4000.5,4014.5,3982.0,3985.0,241952,158646
11/19/2002,16:00,3983.5,3987.0,3954.0,3967.5,314317,157558
11/20/2002,16:00,3966.5,4012.0,3961.5,4011.0,269303,163228
11/21/2002,16:00,4013.0,4056.5,4012.0,4052.5,301279,164903
11/22/2002,16:00,4052.5,4059.5,4035.5,4051.5,243851,167350
11/25/2002,16:00,4051.5,4070.5,4044.0,4061.0,245014,174446
11/26/2002,16:00,4062.0,4062.5,4018.5,4023.5,219653,163004
11/27/2002,16:00,4027.0,4080.0,4023.5,4059.0,177026,157241
11/29/2002,16:00,4059.0,4071.0,4019.0,4052.0,72475,158850
12/02/2002,16:00,4047.5,4092.5,4045.0,4066.0,302583,163097
12/03/2002,16:00,4061.5,4071.5,4015.0,4029.5,267762,151807
12/04/2002,16:00,4029.0,4029.0,3990.0,4006.0,343256,151960
12/05/2002,16:00,4007.0,4022.5,3986.5,3991.0,331456,157652
12/06/2002,16:00,3997.0,4010.0,3965.0,4002.0,336451,158191
12/09/2002,16:00,4001.5,4007.5,3949.0,3950.0,275902,148583
12/10/2002,16:00,3950.0,3979.5,3949.5,3966.0,213334,145336
12/11/2002,16:00,3965.5,3983.5,3954.0,3970.5,9580,10498
12/12/2002,16:00,3972.5,3988.0,3962.5,3977.0,188210,36500
12/13/2002,16:00,3977.0,3977.5,3942.0,3943.0,191749,62040
12/16/2002,16:00,3941.5,3980.0,3938.5,3976.0,200285,70528
12/17/2002,16:00,3976.5,3989.5,3968.5,3978.5,211122,71362
12/18/2002,16:00,3979.0,3980.0,3943.0,3956.5,193852,87727
12/19/2002,16:00,3957.0,3972.0,3934.5,3945.0,318724,96060
12/20/2002,16:00,3945.5,3959.5,3943.5,3956.0,170161,98858
12/23/2002,16:00,3957.5,3971.5,3946.5,3966.0,118608,102573
12/24/2002,16:00,3965.0,3971.0,3954.5,3956.5,34696,100249
12/26/2002,16:00,3955.5,3978.0,3948.0,3952.5,115267,101660
12/27/2002,16:00,3952.0,3957.5,3930.0,3934.0,112304,106713
12/30/2002,16:00,3932.0,3939.5,3915.0,3925.5,120816,114257
12/31/2002,16:00,3926.5,3929.0,3911.5,3919.5,119385,118200
01/02/2003,16:00,3924.5,3963.0,3918.0,3957.5,214618,125234
01/03/2003,16:00,3959.0,3970.0,3952.5,3968.5,156629,121859
01/06/2003,16:00,3967.0,4004.5,3963.5,3993.5,201126,129467
01/07/2003,16:00,3997.0,4018.0,3988.5,4007.5,312020,126734
01/08/2003,16:00,4006.0,4007.0,3974.5,3977.5,274157,132584
01/09/2003,16:00,3979.0,4020.5,3977.0,4009.5,262323,139656
01/10/2003,16:00,4010.0,4031.5,3988.5,4024.0,269982,142722
01/13/2003,16:00,4023.0,4041.0,4010.0,4019.0,247542,145443
01/14/2003,16:00,4018.5,4033.5,4014.5,4024.5,198557,145629
01/15/2003,16:00,4017.5,4035.5,4003.5,4009.5,226566,156789
01/16/2003,16:00,4004.5,4019.5,3992.0,3997.0,231587,163834
01/17/2003,16:00,3998.5,4010.0,3950.5,3952.5,207668,183940
01/21/2003,16:00,3953.0,3962.0,3940.5,3941.5,249996,193967
01/22/2003,16:00,3942.5,3961.5,3932.0,3937.0,292320,197951
01/23/2003,16:00,3945.5,3973.5,3944.0,3959.0,271573,197532
01/24/2003,16:00,3960.5,3965.0,3925.0,3932.5,263183,217949
01/27/2003,16:00,3935.5,3940.0,3912.5,3921.0,267494,204272
01/28/2003,16:00,3922.5,3941.0,3915.0,3931.0,226518,200013
01/29/2003,16:00,3932.0,3957.5,3912.5,3946.0,319452,203478
01/30/2003,16:00,3946.5,3959.5,3918.5,3919.5,226837,209582
01/31/2003,16:00,3919.5,3930.0,3897.5,3917.0,279905,213177
02/03/2003,16:00,3916.5,3931.0,3911.5,3918.5,206071,216128
02/04/2003,16:00,3919.0,3922.5,3892.0,3907.5,218985,217187
02/05/2003,16:00,3902.0,3933.0,3897.0,3902.0,310083,226048
02/06/2003,16:00,3902.5,3912.5,3893.0,3907.5,270983,233705
02/07/2003,16:00,3906.5,3920.0,3884.0,3892.0,240191,244595
02/10/2003,16:00,3890.5,3908.5,3883.5,3901.5,240395,239032
02/11/2003,16:00,3902.5,3923.0,3895.0,3904.5,244242,241481
02/12/2003,16:00,3903.5,3912.0,3889.5,3891.0,196929,237614
02/13/2003,16:00,3890.0,3916.0,3871.0,3893.5,261145,242715
02/14/2003,16:00,3894.0,3918.0,3883.0,3917.5,265667,242006
02/18/2003,16:00,3919.0,3952.0,3915.5,3951.0,232959,235633
02/19/2003,16:00,3950.0,3954.5,3927.0,3942.0,225895,229253
02/20/2003,16:00,3941.0,3953.0,3932.5,3937.0,182673,221682
02/21/2003,16:00,3937.0,3953.5,3918.5,3947.0,256322,217388
02/24/2003,16:00,3949.0,3954.0,3926.0,3926.5,238083,214864
02/25/2003,16:00,3926.5,3935.5,3901.0,3930.5,300738,213837
02/26/2003,16:00,3930.0,3935.5,3906.0,3906.5,268398,227843
02/27/2003,16:00,3906.5,3935.0,3904.0,3929.0,244792,216438
02/28/2003,16:00,3928.5,3947.0,3924.0,3943.0,213826,209331
03/03/2003,16:00,3947.0,3956.5,3921.0,3925.0,227965,209124
03/04/2003,16:00,3923.0,3928.0,3914.5,3918.0,186268,205040
03/05/2003,16:00,3917.5,3929.0,3910.5,3920.5,267200,210060
03/06/2003,16:00,3921.5,3925.0,3909.0,3917.0,238483,217648
03/07/2003,16:00,3911.0,3925.5,3897.0,3919.0,292790,229422
03/10/2003,16:00,3919.0,3919.5,3894.5,3899.0,224968,236941
03/11/2003,16:00,3899.5,3907.5,3889.5,3890.5,205582,235656
03/12/2003,16:00,3891.0,3907.5,3877.5,3906.0,11674,10364
03/13/2003,16:00,3911.5,3964.5,3903.5,3963.0,322234,79429
03/14/2003,16:00,3963.5,3977.0,3953.0,3967.0,305580,110258
03/17/2003,16:00,3966.5,4010.0,3949.0,4004.0,459789,163334
03/18/2003,16:00,4004.0,4019.0,3996.0,4017.5,308792,178600
03/19/2003,16:00,4016.0,4027.5,3992.0,4006.0,290038,198266
03/20/2003,16:00,4006.0,4024.0,3986.0,4011.5,326545,205102
03/21/2003,16:00,4011.5,4033.5,4008.5,4024.5,266617,218052
03/24/2003,16:00,4015.0,4017.5,3977.5,3980.0,265761,197644
03/25/2003,16:00,3980.0,4009.0,3973.5,3995.5,247854,201661
03/26/2003,16:00,3996.5,4008.5,3993.0,4000.0,201663,207564
03/27/2003,16:00,4000.5,4004.0,3981.5,3991.5,220167,209402
03/28/2003,16:00,3993.0,3996.5,3976.0,3981.5,158886,197293
03/31/2003,16:00,3977.0,3978.5,3945.0,3951.0,285851,182314
04/01/2003,16:00,3949.0,3965.0,3945.5,3953.0,252436,176416
04/02/2003,16:00,3954.0,4000.0,3953.5,3992.0,275058,190003
04/03/2003,16:00,3994.0,4012.0,3991.0,3997.0,213492,189627
04/04/2003,16:00,3995.5,4008.0,3976.5,3980.0,215387,181772
04/07/2003,16:00,3990.0,4025.0,3980.5,3981.0,253688,188572
04/08/2003,16:00,3981.0,3998.5,3973.5,3980.5,250884,194421
04/09/2003,16:00,3981.0,3991.0,3954.5,3956.0,305102,194544
04/10/2003,16:00,3958.0,3968.5,3949.5,3968.0,227916,190721
04/11/2003,16:00,3968.5,3984.0,3952.0,3958.5,236718,191911
04/14/2003,16:00,3959.0,3983.5,3956.0,3978.5,233062,196402
04/15/2003,16:00,3978.0,3994.0,3971.0,3989.5,203375,199519
04/16/2003,16:00,4000.0,4014.0,3982.5,3986.5,291562,202454
04/17/2003,16:00,3987.0,4017.5,3984.0,4013.0,265676,202286
04/21/2003,16:00,4014.0,4022.0,4002.5,4014.5,217324,198711
04/22/2003,16:00,4013.5,4036.5,4003.5,4034.0,263773,204393
04/23/2003,16:00,4036.5,4048.0,4028.5,4043.5,274649,204375
04/24/2003,16:00,4043.5,4048.0,4028.5,4038.0,244992,205104
04/25/2003,16:00,4039.5,4042.5,4012.0,4015.5,199781,208782
04/28/2003,16:00,4015.0,4043.5,4011.5,4037.0,223880,201436
04/29/2003,16:00,4036.5,4059.5,4033.5,4046.5,246101,202538
04/30/2003,16:00,4046.5,4049.0,4035.5,4038.0,236017,203297
05/01/2003,16:00,4037.0,4043.5,4025.0,4043.5,106873,208205
05/02/2003,16:00,4042.5,4069.5,4041.0,4069.0,240917,224490
05/05/2003,16:00,4068.0,4085.5,4064.5,4068.5,260912,228996
05/06/2003,16:00,4068.0,4093.5,4064.5,4082.5,247143,240125
05/07/2003,16:00,4083.5,4089.5,4062.5,4069.5,264143,241853
05/08/2003,16:00,4068.0,4069.0,4047.5,4048.0,293336,237057
05/09/2003,16:00,4051.5,4076.0,4049.5,4073.5,233240,252293
05/12/2003,16:00,4074.5,4096.0,4064.0,4090.0,263864,251542
05/13/2003,16:00,4091.5,4098.0,4079.5,4084.5,228247,244055
05/14/2003,16:00,4083.0,4096.0,4071.5,4081.0,222274,239205
05/15/2003,16:00,4081.5,4096.5,4080.0,4093.5,254318,241397
05/16/2003,16:00,4092.5,4096.0,4077.0,4086.5,189278,238217
05/19/2003,16:00,4084.0,4084.0,4042.5,4044.0,263070,238642
05/20/2003,16:00,4045.0,4055.5,4034.0,4048.5,266844,232804
05/21/2003,16:00,4049.5,4052.0,4034.5,4045.5,237970,230653
05/22/2003,16:00,4044.0,4069.5,4040.5,4060.0,195407,233940
05/23/2003,16:00,4059.5,4067.0,4055.0,4060.5,121371,231191
05/27/2003,16:00,4059.5,4105.5,4052.5,4102.5,278679,253879
05/28/2003,16:00,4102.5,4116.0,4095.5,4104.5,258110,253870
05/29/2003,16:00,4102.5,4130.0,4100.5,4109.0,392732,258358
05/30/2003,16:00,4109.5,4132.5,4107.0,4129.0,254548,266579
06/02/2003,16:00,4128.5,4145.5,4110.0,4120.5,319062,269309
06/03/2003,16:00,4115.5,4132.0,4110.5,4131.5,286886,243291
06/04/2003,16:00,4130.5,4160.0,4126.0,4154.5,304636,248348
06/05/2003,16:00,4153.0,4165.0,4136.5,4164.0,309377,246536
06/06/2003,16:00,4161.0,4196.5,4138.5,4143.0,435850,253450
06/09/2003,16:00,4139.0,4153.0,4118.0,4127.5,314456,254933
06/10/2003,16:00,4128.0,4146.0,4124.0,4144.5,266235,260128
06/11/2003,16:00,4142.0,4162.0,4129.0,4162.0,29709,31343
06/12/2003,16:00,4160.5,4170.0,4148.0,4163.0,261024,68382
06/13/2003,16:00,4163.0,4166.0,4131.0,4137.0,251642,96232
06/16/2003,16:00,4137.0,4174.0,4132.0,4173.0,265512,101449
06/17/2003,16:00,4174.0,4182.0,4159.0,4167.5,260205,115714
06/18/2003,16:00,4168.0,4186.0,4154.5,4173.5,284966,125969
06/19/2003,16:00,4175.0,4186.0,4151.5,4152.5,308496,141587
06/20/2003,16:00,4152.5,4165.5,4146.0,4149.0,255949,146404
06/23/2003,16:00,4148.0,4151.0,4118.5,4132.0,273587,159879
06/24/2003,16:00,4131.5,4140.5,4117.0,4121.5,344736,167490
06/25/2003,16:00,4122.5,4143.0,4115.0,4116.5,278520,188567
06/26/2003,16:00,4117.0,4147.5,4116.0,4144.0,269987,186535
06/27/2003,16:00,4145.5,4159.0,4126.0,4129.5,263770,192759
06/30/2003,16:00,4132.0,4149.0,4128.5,4131.5,181467,192054
07/01/2003,16:00,4133.0,4150.5,4106.0,4150.0,239560,192484
07/02/2003,16:00,4149.5,4176.0,4149.0,4175.5,236588,225186
07/03/2003,16:00,4174.5,4180.0,4155.0,4156.0,166754,227469
07/07/2003,16:00,4160.0,4213.0,4160.0,4212.0,252709,231869
07/08/2003,16:00,4210.5,4229.0,4200.5,4226.0,287993,237192
07/09/2003,16:00,4225.0,4236.5,4214.0,4224.0,301240,246609
07/10/2003,16:00,4216.0,4217.0,4189.0,4199.5,292834,248589
07/11/2003,16:00,4200.0,4215.5,4193.0,4208.5,246299,302489
07/14/2003,16:00,4211.0,4246.5,4210.5,4226.0,180990,316580
07/15/2003,16:00,4225.0,4241.0,4213.5,4224.0,100497,317237
07/16/2003,16:00,4233.5,4242.0,4205.0,4222.0,318675,251643
07/17/2003,16:00,4219.5,4220.5,4176.5,4182.0,367984,275376
07/18/2003,16:00,4189.0,4197.0,4172.0,4185.5,198927,320811
07/21/2003,16:00,4185.5,4190.0,4159.0,4168.5,277284,331138
07/22/2003,16:00,4166.0,4196.0,4164.5,4189.5,369811,0
07/23/2003,16:00,4192.5,4203.5,4174.5,4200.0,284793,0
07/24/2003,16:00,4197.5,4218.0,4179.5,4181.0,284315,0
07/25/2003,16:00,4179.5,4208.0,4165.5,4207.5,278520,288567
07/28/2003,16:00,4209.0,4215.0,4200.0,4210.5,275341,283365
07/29/2003,16:00,4210.0,4216.0,4184.0,4200.5,329378,286318
07/30/2003,16:00,4200.0,4208.0,4189.0,4191.5,181467,292054
07/31/2003,16:00,4191.0,4228.0,4191.0,4206.0,287433,285347
08/01/2003,16:00,4205.5,4211.5,4187.0,4194.5,239560,292484
08/04/2003,16:00,4193.0,4206.0,4168.0,4192.5,279110,332350
08/05/2003,16:00,4192.5,4195.0,4142.0,4143.0,314135,286472
08/06/2003,16:00,4141.5,4165.5,4138.5,4141.5,326856,298923
08/07/2003,16:00,4142.0,4154.0,4135.5,4146.5,252709,301869
08/08/2003,16:00,4146.0,4156.0,4131.0,4137.5,193047,310532
08/11/2003,16:00,4136.5,4159.0,4135.5,4149.5,246299,302489
08/12/2003,16:00,4150.0,4171.0,4147.0,4169.5,177288,299618
08/13/2003,16:00,4168.5,4177.5,4160.0,4170.0,218005,312186
08/14/2003,16:00,4169.5,4182.5,4161.5,4172.5,180990,316580
08/15/2003,16:00,4167.0,4186.5,4147.0,4181.5,100497,317237
08/18/2003,16:00,4180.0,4215.0,4179.5,4214.0,198927,320811
08/19/2003,16:00,4214.0,4230.5,4208.5,4229.5,240856,321570
08/20/2003,16:00,4226.5,4236.0,4215.5,4226.5,204904,328489
08/21/2003,16:00,4226.0,4248.0,4225.5,4240.5,277284,331138
08/22/2003,16:00,4241.0,4270.0,4231.5,4232.0,271560,330774
08/25/2003,16:00,4232.5,4235.5,4223.0,4234.0,167860,325957
08/26/2003,16:00,4234.5,4238.5,4207.0,4235.5,322370,335601
08/27/2003,16:00,4235.5,4248.0,4229.5,4247.0,182347,335275
08/28/2003,16:00,4246.5,4260.0,4235.5,4258.5,234041,343055
08/29/2003,16:00,4257.5,4273.0,4253.5,4269.0,122803,322540
09/02/2003,16:00,4268.0,4290.5,4260.0,4290.0,301002,326147
09/03/2003,16:00,4291.0,4303.5,4281.0,4288.5,313291,321684
09/04/2003,16:00,4288.5,4303.5,4283.0,4302.0,279110,332350
09/05/2003,16:00,4307.0,4308.5,4281.0,4293.0,335973,330480
09/08/2003,16:00,4291.5,4316.0,4290.0,4315.0,295736,339204
09/09/2003,16:00,4316.0,4320.5,4291.5,4298.5,285010,336517
09/10/2003,16:00,4295.0,4297.0,4259.0,4265.0,371974,338193
09/11/2003,16:00,4264.0,4286.5,4254.0,4279.5,331834,71723
09/12/2003,16:00,4280.0,4287.5,4255.5,4286.0,333302,98058
09/15/2003,16:00,4287.0,4291.0,4271.5,4274.0,254462,105339
09/16/2003,16:00,4274.5,4311.0,4274.0,4310.0,281986,124590
09/17/2003,16:00,4310.0,4314.5,4295.5,4304.5,266410,122929
09/18/2003,16:00,4303.0,4329.0,4294.0,4325.0,333382,142935
09/19/2003,16:00,4325.0,4328.0,4308.5,4318.5,235736,136915
09/22/2003,16:00,4316.0,4316.0,4283.5,4289.5,342356,150827
09/23/2003,16:00,4290.5,4315.5,4288.5,4313.0,307358,161344
09/24/2003,16:00,4313.5,4317.5,4260.5,4261.5,460521,171472
09/25/2003,16:00,4262.0,4283.5,4243.0,4243.5,402165,173899
09/26/2003,16:00,4244.5,4260.0,4233.0,4234.5,363153,0
09/29/2003,16:00,4235.0,4260.0,4230.5,4260.0,356968,190936
09/30/2003,16:00,4259.5,4261.0,4227.0,4230.0,428158,187273
10/01/2003,16:00,4229.5,4262.5,4228.5,4257.5,347511,187916
10/02/2003,16:00,4257.0,4269.5,4250.0,4262.5,291848,185266
10/03/2003,16:00,4261.5,4312.0,4260.0,4300.5,383170,200134
10/06/2003,16:00,4299.5,4312.5,4294.5,4310.5,157458,187687
10/07/2003,16:00,4309.5,4319.5,4293.0,4319.0,329339,194672
10/08/2003,16:00,4319.0,4327.5,4301.5,4310.0,340922,198837
10/09/2003,16:00,4309.0,4344.0,4305.0,4321.5,401034,203496
10/10/2003,16:00,4321.0,4334.0,4318.5,4333.5,229852,204191
10/13/2003,16:00,4333.0,4348.0,4330.0,4342.5,164994,201859
10/14/2003,16:00,4342.0,4349.0,4331.5,4348.0,237140,203863
10/15/2003,16:00,4348.0,4368.5,4334.5,4340.5,340807,198195
10/16/2003,16:00,4337.5,4354.0,4330.5,4352.0,266142,210857
10/17/2003,16:00,4346.0,4352.5,4317.0,4317.5,310797,210773
10/20/2003,16:00,4318.0,4337.0,4313.0,4335.5,254848,212147
10/21/2003,16:00,4334.0,4351.5,4330.0,4343.5,260762,218803
10/22/2003,16:00,4344.0,4344.5,4310.0,4316.0,305458,220130
10/23/2003,16:00,4313.5,4314.0,4292.0,4298.5,320353,231082
10/24/2003,16:00,4298.5,4302.0,4271.5,4300.0,296565,227749
10/27/2003,16:00,4298.0,4310.5,4293.5,4301.5,234316,235040
10/28/2003,16:00,4301.0,4349.5,4300.5,4347.5,296963,244062
10/29/2003,16:00,4347.0,4349.5,4335.5,4345.5,308354,243161
10/30/2003,16:00,4345.5,4369.0,4338.5,4348.0,321864,243353
10/31/2003,16:00,4346.5,4355.0,4336.0,4342.0,198161,245544
11/03/2003,16:00,4336.5,4372.0,4336.5,4363.0,241380,251368
11/04/2003,16:00,4364.0,4368.0,4350.0,4354.5,243493,247066
11/05/2003,16:00,4353.0,4368.0,4338.5,4365.5,266897,250170
11/06/2003,16:00,4367.5,4372.0,4346.0,4371.5,286415,252467
11/07/2003,16:00,4370.5,4382.5,4356.0,4357.5,228988,258722
11/10/2003,16:00,4358.0,4363.5,4336.0,4340.5,223801,260154
11/11/2003,16:00,4340.5,4344.0,4326.0,4335.5,212317,266405
11/12/2003,16:00,4334.5,4371.5,4333.0,4366.0,316711,272100
11/13/2003,16:00,4366.5,4374.5,4354.0,4364.0,292794,274434
11/14/2003,16:00,4363.0,4373.0,4330.0,4333.5,368642,278289
11/17/2003,16:00,4333.0,4333.0,4302.0,4319.0,352603,293323
11/18/2003,16:00,4318.5,4330.5,4284.5,4286.5,381376,307044
11/19/2003,16:00,4286.0,4308.0,4283.0,4299.5,330865,314010
11/20/2003,16:00,4301.5,4319.5,4283.5,4286.5,400476,317995
11/21/2003,16:00,4286.5,4302.5,4280.5,4302.5,264872,310114
11/24/2003,16:00,4298.5,4342.5,4298.5,4339.5,299014,301843
11/25/2003,16:00,4339.0,4353.5,4336.0,4338.5,246878,292278
11/26/2003,16:00,4339.0,4352.0,4324.0,4345.0,229994,289153
11/28/2003,16:00,4345.5,4352.0,4336.0,4349.0,61838,246900
12/01/2003,16:00,4348.0,4372.0,4345.5,4367.5,315765,244024
12/02/2003,16:00,4368.5,4373.0,4355.0,4359.5,215742,252432
12/03/2003,16:00,4358.5,4377.0,4341.5,4342.0,369110,258764
12/04/2003,16:00,4342.0,4359.5,4334.5,4357.0,343221,262742
12/05/2003,16:00,4347.5,4352.0,4329.0,4334.0,307835,263123
12/08/2003,16:00,4332.5,4344.5,4322.5,4341.5,269044,263445
12/09/2003,16:00,4341.0,4350.0,4306.0,4308.5,391292,278423
12/10/2003,16:00,4308.5,4319.0,4296.5,4314.0,344996,275317
12/11/2003,16:00,4314.5,4349.0,4311.0,4344.5,379761,92190
12/12/2003,16:00,4344.0,4349.5,4329.0,4344.5,250823,93112
12/15/2003,16:00,4372.5,4378.0,4318.0,4324.5,414412,104859
12/16/2003,16:00,4323.5,4333.5,4309.0,4326.5,319569,108780
12/17/2003,16:00,4326.5,4331.5,4315.0,4328.5,231139,111766
12/18/2003,16:00,4328.0,4358.5,4326.5,4355.5,269976,132493
12/19/2003,16:00,4354.0,4358.5,4340.0,4350.5,229282,127538
12/22/2003,16:00,4344.5,4358.5,4339.0,4355.5,141560,136152
12/23/2003,16:00,4355.0,4373.5,4353.0,4366.5,177443,150388
12/24/2003,16:00,4366.5,4373.0,4363.5,4368.5,47758,145597
12/26/2003,16:00,4371.0,4376.5,4366.0,4367.0,31574,145478
12/29/2003,16:00,4367.0,4394.0,4367.0,4392.0,140476,156783
12/30/2003,16:00,4391.5,4399.0,4385.0,4396.5,100973,158160
12/31/2003,16:00,4395.5,4401.0,4383.0,4393.0,119555,163923
01/02/2004,16:00,4395.0,4405.0,4382.5,4388.5,162395,164181
01/05/2004,16:00,4390.0,4419.5,4389.0,4417.5,271981,187298
01/06/2004,16:00,4416.5,4430.0,4411.0,4426.5,240895,183657
01/07/2004,16:00,4426.5,4439.5,4415.0,4439.0,261049,193570
01/08/2004,16:00,4438.5,4453.0,4437.0,4453.0,278249,177250
01/09/2004,16:00,4452.5,4467.0,4436.5,4443.5,366189,181357
01/12/2004,16:00,4443.0,4467.5,4440.5,4466.5,265390,185744
01/13/2004,16:00,4466.5,4470.0,4437.0,4450.5,365507,191424
01/14/2004,16:00,4450.5,4461.5,4446.0,4459.5,254375,190463
01/15/2004,16:00,4454.0,4470.5,4438.0,4459.5,487414,196493
01/16/2004,16:00,4458.5,4478.0,4457.5,4475.0,234942,198370
01/20/2004,16:00,4474.5,4485.0,4464.5,4475.0,281566,201215
01/21/2004,16:00,4474.0,4479.5,4452.5,4469.0,385113,223144
01/22/2004,16:00,4472.0,4479.5,4454.5,4456.5,316770,219621
01/23/2004,16:00,4449.0,4471.5,4443.0,4455.0,312443,225162
01/26/2004,16:00,4452.5,4478.0,4445.5,4476.5,261568,231527
01/27/2004,16:00,4476.0,4479.0,4441.5,4442.0,344904,228029
01/28/2004,16:00,4441.5,4454.5,4411.0,4416.0,369978,233415
01/29/2004,16:00,4414.5,4424.5,4397.5,4421.5,419545,241976
01/30/2004,16:00,4423.0,4429.0,4410.5,4417.0,273921,231246
02/02/2004,16:00,4416.0,4431.5,4404.0,4411.0,355346,244748
02/03/2004,16:00,4410.0,4421.0,4405.0,4409.0,256983,249320
02/04/2004,16:00,4410.0,4411.0,4383.5,4385.0,361360,252685
02/05/2004,16:00,4385.0,4399.0,4384.0,4389.5,257988,246812
02/06/2004,16:00,4389.0,4423.0,4382.0,4416.5,309941,259151
02/09/2004,16:00,4418.0,4427.0,4413.5,4416.0,196344,251987
02/10/2004,16:00,4416.0,4428.0,4412.5,4419.5,216842,259324
02/11/2004,16:00,4419.5,4438.5,4414.0,4434.5,304223,253584
02/12/2004,16:00,4434.5,4439.5,4420.5,4422.5,221061,252909
02/13/2004,16:00,4423.5,4434.5,4401.0,4410.0,277887,250893
02/17/2004,16:00,4411.0,4436.0,4409.0,4429.5,218288,255616
02/18/2004,16:00,4431.0,4439.0,4423.5,4433.0,256173,252132
02/19/2004,16:00,4434.5,4447.5,4404.0,4410.5,344319,255857
02/20/2004,16:00,4410.0,4417.0,4392.5,4405.5,391656,243564
02/23/2004,16:00,4405.5,4415.5,4376.0,4388.5,377191,240130
02/24/2004,16:00,4389.5,4397.0,4374.0,4385.5,396473,240718
02/25/2004,16:00,4386.0,4398.0,4380.0,4394.0,264482,242905
02/26/2004,16:00,4394.0,4404.0,4382.5,4397.5,285379,243895
02/27/2004,16:00,4397.5,4408.5,4381.5,4393.5,345373,242193
03/01/2004,16:00,4395.0,4413.5,4389.0,4412.0,314642,257254
03/02/2004,16:00,4412.5,4418.0,4395.0,4395.0,314302,247995
03/03/2004,16:00,4394.5,4397.0,4378.5,4386.0,305319,253566
03/04/2004,16:00,4387.5,4404.0,4385.5,4399.5,192528,249624
03/05/2004,16:00,4396.0,4416.5,4381.0,4396.5,406344,247075
03/08/2004,16:00,4397.0,4404.0,4359.0,4359.5,392509,278323
03/09/2004,16:00,4361.5,4369.0,4350.5,4357.0,454907,291169
03/10/2004,16:00,4358.0,4370.5,4335.0,4339.5,455642,277899
03/11/2004,16:00,4337.0,4351.0,4317.0,4324.5,407206,86666
03/12/2004,16:00,4324.5,4352.5,4319.0,4350.5,312444,109929
03/15/2004,16:00,4347.5,4353.5,4322.0,4326.5,383335,117437
03/16/2004,16:00,4327.0,4340.0,4314.5,4327.0,383244,126771
03/17/2004,16:00,4327.5,4354.5,4327.5,4350.5,276345,135239
03/18/2004,16:00,4350.0,4351.5,4328.0,4344.0,389443,138685
03/19/2004,16:00,4343.5,4351.0,4317.5,4319.0,299916,158447
03/22/2004,16:00,4318.5,4319.0,4290.0,4301.5,361570,169162
03/23/2004,16:00,4301.5,4315.0,4288.5,4290.5,346784,169613
03/24/2004,16:00,4291.0,4314.5,4284.5,4305.5,379568,171512
03/25/2004,16:00,4305.0,4348.0,4302.0,4343.5,330419,170341
03/26/2004,16:00,4344.0,4353.0,4337.5,4338.5,246789,170525
03/29/2004,16:00,4339.5,4368.0,4339.0,4362.5,273802,174962
03/30/2004,16:00,4362.5,4367.0,4349.5,4366.0,213651,172865
03/31/2004,16:00,4366.0,4373.0,4353.0,4360.5,246968,175123
04/01/2004,16:00,4361.5,4379.0,4357.0,4377.5,260272,182413
04/02/2004,16:00,4377.5,4415.5,4373.5,4414.0,398772,223981
04/05/2004,16:00,4412.5,4430.0,4406.5,4428.0,221521,231872
04/06/2004,16:00,4426.5,4428.5,4406.0,4407.5,226171,230608
04/07/2004,16:00,4407.5,4414.0,4396.0,4409.0,277566,235570
04/08/2004,16:00,4406.0,4426.5,4399.0,4408.5,237246,235720
04/12/2004,16:00,4408.0,4419.0,4404.0,4416.5,141861,242308
04/13/2004,16:00,4416.5,4427.5,4390.0,4395.5,293588,248037
04/14/2004,16:00,4392.5,4407.0,4381.0,4402.5,359881,256076
04/15/2004,16:00,4401.5,4407.0,4369.5,4375.0,355058,255480
04/16/2004,16:00,4371.5,4381.5,4361.0,4372.5,283074,254951
04/19/2004,16:00,4369.5,4392.5,4365.0,4390.0,222671,260473
04/20/2004,16:00,4389.5,4401.0,4354.0,4356.5,340496,265131
04/21/2004,16:00,4359.0,4373.5,4354.5,4367.5,346730,259967
04/22/2004,16:00,4375.0,4410.0,4363.5,4403.0,402952,283664
04/23/2004,16:00,4414.5,4420.0,4405.0,4417.0,273095,278081
04/26/2004,16:00,4416.0,4421.0,4395.0,4408.5,252066,279258
04/27/2004,16:00,4408.0,4417.0,4396.5,4403.5,293249,285898
04/28/2004,16:00,4403.5,4404.0,4369.0,4377.0,367180,291581
04/29/2004,16:00,4375.5,4381.5,4340.5,4355.0,446471,305629
04/30/2004,16:00,4353.5,4362.0,4318.5,4322.0,385509,294477
05/03/2004,16:00,4318.5,4349.0,4318.5,4333.5,305892,294978
05/04/2004,16:00,4332.5,4358.5,4329.5,4338.0,368154,292210
05/05/2004,16:00,4338.5,4356.0,4330.5,4351.0,308423,280968
05/06/2004,16:00,4351.5,4352.5,4322.5,4338.0,310532,284251
05/07/2004,16:00,4337.5,4353.5,4323.5,4325.0,408900,293495
05/10/2004,16:00,4324.0,4325.5,4303.0,4314.5,454962,291878
05/11/2004,16:00,4314.5,4343.5,4313.0,4335.0,335942,284313
05/12/2004,16:00,4338.0,4342.0,4297.5,4338.0,550015,299304
05/13/2004,16:00,4337.5,4345.5,4324.5,4328.5,352935,291640
05/14/2004,16:00,4328.5,4340.5,4312.5,4319.0,370217,307484
05/17/2004,16:00,4317.5,4320.0,4291.5,4305.5,360430,311075
05/18/2004,16:00,4304.5,4324.0,4304.0,4317.0,265469,312453
05/19/2004,16:00,4317.5,4348.0,4312.0,4315.0,371693,314026
05/20/2004,16:00,4313.5,4328.0,4309.0,4321.0,294556,313244
05/21/2004,16:00,4320.0,4334.5,4316.5,4327.5,248850,310603
05/24/2004,16:00,4326.5,4345.5,4326.5,4337.0,334195,313030
05/25/2004,16:00,4337.0,4370.5,4325.0,4365.0,389632,322181
05/26/2004,16:00,4365.0,4376.0,4357.5,4374.5,262489,311922
05/27/2004,16:00,4374.0,4387.5,4369.5,4386.0,311661,312169
05/28/2004,16:00,4384.5,4390.5,4376.0,4386.0,139193,309886
06/01/2004,16:00,4385.5,4389.5,4372.0,4388.0,250987,314430
06/02/2004,16:00,4387.5,4395.0,4374.0,4384.5,301127,317934
06/03/2004,16:00,4384.5,4386.5,4360.5,4362.0,290141,309467
06/04/2004,16:00,4367.5,4392.5,4363.5,4375.5,286793,319113
06/07/2004,16:00,4373.5,4412.0,4373.0,4410.0,256653,330767
06/08/2004,16:00,4410.0,4415.5,4401.5,4411.5,230306,326530
06/09/2004,16:00,4411.5,4414.0,4387.5,4390.5,296221,314554
06/10/2004,16:00,4386.0,4399.0,4385.0,4398.0,135124,19054
06/11/2004,16:00,4398.5,4399.0,4391.0,4398.0,2852,0
06/14/2004,16:00,4392.5,4396.5,4367.5,4378.0,275315,89041
06/15/2004,16:00,4377.0,4405.5,4376.0,4397.0,297916,104217
06/16/2004,16:00,4396.5,4403.0,4390.5,4394.0,181253,109732
06/17/2004,16:00,4392.5,4394.5,4374.5,4381.5,252929,120952
06/18/2004,16:00,4381.5,4398.5,4372.5,4380.0,246258,126533
06/21/2004,16:00,4381.0,4391.0,4366.5,4370.0,162211,124539
06/22/2004,16:00,4370.5,4393.0,4364.5,4391.5,284062,133772
06/23/2004,16:00,4391.0,4412.0,4384.5,4408.5,271531,138423
06/24/2004,16:00,4408.5,4418.5,4401.5,4405.5,265668,152573
06/25/2004,16:00,4406.0,4420.5,4403.0,4417.5,265565,159256
06/28/2004,16:00,4416.5,4433.0,4400.5,4405.5,318937,163266
06/29/2004,16:00,4405.0,4424.0,4400.5,4419.5,251841,176037
06/30/2004,16:00,4419.5,4440.5,4418.0,4433.0,287221,185377
07/01/2004,16:00,4433.5,4437.5,4395.0,4406.0,382500,176728
07/02/2004,16:00,4404.0,4409.0,4389.0,4400.0,240753,184179
07/06/2004,16:00,4401.5,4405.0,4357.0,4365.5,380227,192324
07/07/2004,16:00,4365.0,4375.0,4360.5,4366.0,239489,192687
07/08/2004,16:00,4365.5,4368.0,4345.5,4350.5,355348,196681
07/09/2004,16:00,4350.5,4365.0,4348.5,4354.0,256429,195250
07/12/2004,16:00,4356.5,4358.0,4333.0,4346.0,316082,203013
07/13/2004,16:00,4347.0,4355.5,4340.5,4346.0,265902,197572
07/14/2004,16:00,4338.0,4348.5,4325.5,4331.0,389428,214360
07/15/2004,16:00,4333.0,4342.0,4325.5,4326.0,337908,210104
07/16/2004,16:00,4329.0,4340.0,4306.5,4309.5,362050,212304
07/19/2004,16:00,4310.0,4321.5,4301.5,4307.0,314285,209821
07/20/2004,16:00,4308.0,4346.5,4303.0,4339.5,314555,206878
07/21/2004,16:00,4340.0,4350.0,4297.5,4298.5,424125,218714
07/22/2004,16:00,4294.5,4326.0,4292.0,4317.5,429625,216857
07/23/2004,16:00,4310.0,4312.5,4283.5,4290.0,345337,220370
07/26/2004,16:00,4293.0,4300.0,4272.0,4285.0,383690,225193
07/27/2004,16:00,4285.5,4310.0,4284.5,4302.5,349128,228151
07/28/2004,16:00,4303.0,4307.0,4273.5,4297.0,428480,234400
07/29/2004,16:00,4296.5,4318.5,4292.0,4313.5,342856,230482
07/30/2004,16:00,4314.5,4326.0,4305.0,4314.5,272122,259176
08/02/2004,16:00,4312.0,4322.5,4299.5,4319.0,290163,219803
08/03/2004,16:00,4318.5,4320.0,4288.5,4290.5,316830,218761
08/04/2004,16:00,4290.5,4300.5,4281.0,4291.0,271446,220077
08/05/2004,16:00,4291.0,4298.5,4265.0,4266.0,301061,228039
08/06/2004,16:00,4265.0,4272.5,4227.5,4229.5,400335,235702
08/09/2004,16:00,4232.0,4239.0,4227.5,4232.5,251493,236353
08/10/2004,16:00,4233.0,4260.5,4232.5,4248.5,267785,232152
08/11/2004,16:00,4248.5,4249.0,4222.5,4238.5,344867,243037
08/12/2004,16:00,4237.0,4243.5,4215.0,4220.5,379426,264334
08/13/2004,16:00,4222.5,4229.5,4214.0,4223.5,261429,271685
08/16/2004,16:00,4223.5,4248.5,4215.5,4234.0,233782,264681
08/17/2004,16:00,4235.0,4257.5,4231.0,4250.5,283269,269224
08/18/2004,16:00,4250.5,4276.5,4240.5,4273.5,350754,264120
08/19/2004,16:00,4273.5,4276.5,4257.0,4267.5,306700,255206
08/20/2004,16:00,4267.0,4286.0,4260.0,4279.5,262203,257116
08/23/2004,16:00,4279.5,4291.5,4276.5,4283.5,251210,260271
08/24/2004,16:00,4283.5,4292.0,4273.0,4285.5,297403,265149
08/25/2004,16:00,4284.5,4304.5,4276.5,4302.0,251043,256019
08/26/2004,16:00,4301.5,4302.5,4292.0,4295.0,180523,253867
08/27/2004,16:00,4295.0,4307.0,4292.0,4302.0,164684,261650
08/30/2004,16:00,4301.5,4303.0,4277.0,4279.0,212533,272027
08/31/2004,16:00,4279.5,4285.0,4266.0,4282.0,238090,285624
09/01/2004,16:00,4281.5,4298.0,4272.0,4290.0,309584,285026
09/02/2004,16:00,4289.5,4315.5,4286.0,4310.0,205485,279969
09/03/2004,16:00,4299.0,4306.0,4281.5,4287.0,248707,283144
09/07/2004,16:00,4286.5,4304.0,4284.0,4296.0,301303,281070
09/08/2004,16:00,4296.0,4307.0,4286.0,4297.5,369796,291612
09/09/2004,16:00,4292.5,4309.5,4284.5,4302.5,359505,120742
09/10/2004,16:00,4302.0,4327.5,4297.0,4325.0,282814,160340
09/13/2004,16:00,4324.5,4348.5,4322.5,4343.5,379854,186272
09/14/2004,16:00,4342.5,4349.5,4335.0,4345.5,279327,196563
09/15/2004,16:00,4347.0,4347.0,4324.0,4330.0,271623,201044
09/16/2004,16:00,4330.0,4342.5,4325.0,4332.5,226926,200151
09/17/2004,16:00,4332.0,4340.5,4326.0,4336.0,230202,212515
09/20/2004,16:00,4336.5,4350.0,4327.5,4338.5,350334,223698
09/21/2004,16:00,4340.5,4353.5,4335.0,4342.5,275855,231240
09/22/2004,16:00,4342.0,4343.5,4314.0,4318.0,323095,229484
09/23/2004,16:00,4317.5,4326.0,4314.0,4316.5,283524,238874
09/24/2004,16:00,4315.0,4327.0,4308.5,4311.5,280567,230678
09/27/2004,16:00,4311.5,4316.5,4293.5,4298.5,280021,226928
09/28/2004,16:00,4299.0,4306.0,4288.0,4300.5,301245,234029
09/29/2004,16:00,4300.5,4324.0,4296.5,4322.5,319050,249908
09/30/2004,16:00,4322.0,4329.5,4314.5,4324.5,246324,234886
10/01/2004,16:00,4323.0,4365.0,4319.0,4363.5,352629,259493
10/04/2004,16:00,4363.0,4384.0,4362.5,4371.0,249580,258030
10/05/2004,16:00,4371.5,4379.0,4365.5,4375.0,257052,261733
10/06/2004,16:00,4375.0,4386.5,4363.5,4386.0,303243,270788
10/07/2004,16:00,4386.0,4386.5,4365.5,4369.5,273443,260548
10/08/2004,16:00,4369.5,4376.5,4338.5,4342.5,355373,265233
10/11/2004,16:00,4342.5,4352.5,4342.0,4349.5,123764,263875
10/12/2004,16:00,4350.0,4350.0,4326.0,4346.5,363557,272080
10/13/2004,16:00,4350.0,4364.5,4335.5,4344.0,448917,265808
10/14/2004,16:00,4342.0,4348.5,4331.5,4337.5,368478,265489
10/15/2004,16:00,4335.5,4353.0,4329.0,4343.0,354111,268293
10/18/2004,16:00,4343.5,4368.0,4331.0,4364.0,375694,281764
10/19/2004,16:00,4364.5,4381.0,4350.0,4353.0,449980,271160
10/20/2004,16:00,4352.0,4367.0,4343.5,4359.5,421694,276566
10/21/2004,16:00,4358.5,4389.5,4355.5,4382.5,404308,283318
10/22/2004,16:00,4376.0,4388.5,4347.5,4350.5,367900,284589
10/25/2004,16:00,4350.5,4350.5,4336.5,4342.0,352398,281978
10/26/2004,16:00,4342.0,4351.5,4333.5,4350.5,387967,288622
10/27/2004,16:00,4351.0,4394.0,4344.5,4386.5,471316,316033
10/28/2004,16:00,4386.5,4402.5,4379.0,4396.5,351626,311156
10/29/2004,16:00,4397.0,4407.5,4384.5,4397.0,285547,319771
11/01/2004,16:00,4388.0,4405.5,4388.0,4398.5,215086,330229
11/02/2004,16:00,4399.0,4420.0,4395.0,4405.0,336516,346816
11/03/2004,16:00,4405.0,4436.5,4400.5,4415.0,418016,346896
11/04/2004,16:00,4412.0,4429.5,4401.5,4422.0,373131,344319
11/05/2004,16:00,4422.0,4445.5,4421.0,4437.5,384075,329356
11/08/2004,16:00,4437.0,4442.0,4430.0,4438.0,244862,339915
11/09/2004,16:00,4438.0,4444.0,4429.5,4433.5,244852,347528
11/10/2004,16:00,4433.5,4440.0,4423.0,4429.5,315805,344944
11/11/2004,16:00,4429.0,4452.0,4426.5,4448.0,240431,368222
11/12/2004,16:00,4448.0,4465.0,4444.5,4462.5,289789,370022
11/15/2004,16:00,4464.0,4472.0,4458.5,4470.5,236699,380031
11/16/2004,16:00,4469.5,4471.0,4450.5,4462.5,284017,370768
11/17/2004,16:00,4463.0,4490.0,4463.0,4481.5,376929,394447
11/18/2004,16:00,4482.0,4491.5,4472.5,4489.5,281138,397923
11/19/2004,16:00,4489.0,4489.5,4460.0,4465.0,277523,379831
11/22/2004,16:00,4462.5,4479.5,4454.0,4478.5,232637,396258
11/23/2004,16:00,4478.0,4482.5,4461.0,4477.0,268583,393656
11/24/2004,16:00,4477.0,4492.5,4476.5,4489.5,162828,411417
11/26/2004,16:00,4489.0,4501.0,4484.0,4484.5,68610,408394
11/29/2004,16:00,4484.5,4503.5,4475.5,4484.5,305902,414848
11/30/2004,16:00,4485.5,4492.5,4479.0,4480.0,282261,407915
12/01/2004,16:00,4483.0,4516.0,4481.5,4509.5,289472,446038
12/02/2004,16:00,4510.0,4532.5,4506.0,4520.0,312445,437477
12/03/2004,16:00,4533.0,4540.5,4518.0,4518.5,368299,428875
12/06/2004,16:00,4518.0,4534.0,4513.0,4525.5,216620,437966
12/07/2004,16:00,4526.0,4536.0,4498.0,4500.0,378076,407361
12/08/2004,16:00,4499.5,4515.5,4495.0,4509.5,345201,402766
12/09/2004,16:00,4505.0,4524.0,4484.5,4513.5,445403,142360
12/10/2004,16:00,4514.0,4519.0,4506.5,4515.5,289151,155141
12/13/2004,16:00,4516.0,4530.5,4514.5,4529.5,248089,175952
12/14/2004,16:00,4529.5,4540.0,4524.0,4533.5,252235,203353
12/15/2004,16:00,4534.5,4543.5,4521.5,4531.5,289085,212701
12/16/2004,16:00,4530.0,4534.0,4508.0,4519.0,268962,225182
12/17/2004,16:00,4518.0,4523.0,4508.5,4509.0,260045,235754
12/20/2004,16:00,4508.5,4522.0,4493.5,4502.5,242685,249944
12/21/2004,16:00,4502.0,4519.0,4500.5,4514.5,211176,246067
12/22/2004,16:00,4513.5,4527.5,4509.5,4514.5,188070,253255
12/23/2004,16:00,4515.5,4526.5,4512.0,4517.0,111651,256886
12/27/2004,16:00,4518.5,4530.5,4505.5,4515.5,159712,260064
12/28/2004,16:00,4515.0,4531.0,4513.5,4528.5,119124,265857
12/29/2004,16:00,4528.0,4537.0,4526.0,4532.0,96588,273496
12/30/2004,16:00,4532.0,4536.5,4524.5,4526.5,73636,270278
12/31/2004,16:00,4527.0,4535.0,4519.0,4527.0,70287,257273
01/03/2005,16:00,4526.5,4542.5,4503.5,4514.0,365482,277535
01/04/2005,16:00,4512.5,4518.5,4470.0,4481.0,452423,306136
01/05/2005,16:00,4481.0,4486.5,4463.0,4464.0,381192,324329
01/06/2005,16:00,4465.0,4476.0,4460.0,4461.5,304750,322613
01/07/2005,16:00,4461.0,4483.0,4456.0,4466.0,384047,320478
01/10/2005,16:00,4469.0,4483.0,4462.5,4466.5,350171,329042
01/11/2005,16:00,4467.0,4470.5,4449.5,4457.5,363019,325502
01/12/2005,16:00,4464.0,4471.5,4446.0,4466.5,413658,327304
01/13/2005,16:00,4468.5,4475.0,4446.0,4448.5,350336,345323
01/14/2005,16:00,4447.5,4468.0,4446.5,4461.0,230421,338905
01/18/2005,16:00,4463.0,4479.0,4454.5,4474.5,314393,341770
01/19/2005,16:00,4475.0,4479.0,4440.0,4441.0,354592,342354
01/20/2005,16:00,4433.0,4438.5,4417.5,4421.0,431172,360968
01/21/2005,16:00,4423.0,4429.5,4404.5,4408.0,374382,361074
01/24/2005,16:00,4408.5,4413.0,4383.0,4389.5,446505,362686
01/25/2005,16:00,4389.5,4408.5,4389.5,4393.5,315967,352630
01/26/2005,16:00,4394.0,4416.5,4393.5,4405.0,338921,351327
01/27/2005,16:00,4406.5,4416.0,4399.0,4407.5,320937,355168
01/28/2005,16:00,4409.5,4416.5,4388.0,4408.0,399150,377668
01/31/2005,16:00,4411.5,4426.5,4411.0,4422.5,281539,356835
02/01/2005,16:00,4422.5,4431.0,4419.0,4428.0,251733,369239
02/02/2005,16:00,4427.5,4434.0,4416.5,4423.0,281107,379097
02/03/2005,16:00,4420.0,4423.5,4403.0,4410.0,289204,391054
02/04/2005,16:00,4410.0,4437.5,4405.0,4432.5,298528,374370
02/07/2005,16:00,4436.0,4440.5,4424.0,4429.0,249696,375929
02/08/2005,16:00,4430.5,4445.0,4425.5,4428.0,263013,382317
02/09/2005,16:00,4426.0,4436.0,4405.5,4407.5,340971,406162
02/10/2005,16:00,4407.0,4416.0,4398.0,4405.0,336055,406349
02/11/2005,16:00,4404.5,4438.0,4399.5,4432.5,404396,400230
02/14/2005,16:00,4435.0,4441.5,4430.5,4436.0,207377,398071
02/15/2005,16:00,4436.5,4463.5,4435.0,4447.0,447908,416385
02/16/2005,16:00,4446.5,4451.5,4435.5,4444.0,311878,425902
02/17/2005,16:00,4445.0,4448.5,4419.5,4422.5,389644,449789
02/18/2005,16:00,4422.0,4428.0,4412.5,4415.5,239207,442298
02/22/2005,16:00,4417.0,4424.5,4393.0,4400.5,449626,473504
02/23/2005,16:00,4399.5,4407.5,4389.0,4400.0,361028,473733
02/24/2005,16:00,4400.0,4419.5,4392.0,4417.0,351655,474908
02/25/2005,16:00,4417.5,4430.5,4413.0,4429.5,276273,463418
02/28/2005,16:00,4429.0,4434.5,4398.0,4411.5,397434,462462
03/01/2005,16:00,4412.5,4430.5,4409.5,4427.5,312672,456242
03/02/2005,16:00,4427.0,4442.0,4415.5,4423.5,337292,464168
03/03/2005,16:00,4423.5,4431.0,4401.0,4412.5,342044,473518
03/04/2005,16:00,4412.0,4431.5,4410.0,4423.5,279535,415904
03/07/2005,16:00,4426.5,4453.5,4422.5,4443.0,348966,401751
03/08/2005,16:00,4442.5,4450.0,4427.0,4430.5,304965,386872
03/09/2005,16:00,4431.5,4438.5,4419.0,4422.5,340591,387388
03/10/2005,16:00,4420.5,4427.0,4403.0,4422.5,349541,88565
03/11/2005,16:00,4428.0,4433.5,4400.0,4407.0,335679,131639
03/14/2005,16:00,4405.0,4414.5,4401.0,4413.5,260773,152524
03/15/2005,16:00,4414.0,4420.5,4399.0,4402.5,347282,188086
03/16/2005,16:00,4402.0,4408.5,4379.5,4384.0,439027,240090
03/17/2005,16:00,4384.0,4395.0,4380.0,4386.5,293306,245904
03/18/2005,16:00,4387.0,4392.0,4371.5,4379.5,318215,260511
03/21/2005,16:00,4381.0,4388.5,4367.5,4377.0,315582,258645
03/22/2005,16:00,4375.5,4388.0,4361.5,4363.0,302046,268571
03/23/2005,16:00,4362.0,4377.5,4352.0,4367.5,309758,274415
03/24/2005,16:00,4367.5,4383.5,4366.5,4368.5,216970,272963
03/28/2005,16:00,4370.5,4382.5,4368.0,4369.5,202004,268910
03/29/2005,16:00,4369.5,4381.0,4354.0,4365.5,348328,280636
03/30/2005,16:00,4365.5,4389.0,4363.5,4387.5,338278,283111
03/31/2005,16:00,4387.5,4393.0,4374.0,4379.5,282370,268480
04/01/2005,16:00,4379.5,4396.5,4361.5,4368.5,400198,288400
04/04/2005,16:00,4366.5,4378.5,4357.0,4373.5,279498,271431
04/05/2005,16:00,4375.0,4383.5,4373.0,4380.0,218188,263158
04/06/2005,16:00,4380.0,4393.5,4373.0,4381.5,317053,270542
04/07/2005,16:00,4382.0,4398.5,4374.5,4397.5,281366,269201
04/08/2005,16:00,4398.5,4400.0,4380.0,4382.0,258844,270850
04/11/2005,16:00,4380.5,4387.5,4371.5,4374.5,238889,275350
04/12/2005,16:00,4374.0,4386.0,4354.5,4382.0,438242,280401
04/13/2005,16:00,4382.5,4383.5,4354.0,4358.5,348012,295804
04/14/2005,16:00,4358.5,4363.0,4327.5,4329.5,476056,322844
04/15/2005,16:00,4329.0,4329.5,4301.0,4303.0,491774,324650
04/18/2005,16:00,4303.0,4313.0,4289.0,4303.0,405134,324271
04/19/2005,16:00,4303.5,4318.0,4302.5,4314.5,311986,326917
04/20/2005,16:00,4320.5,4328.0,4297.0,4303.0,445770,353100
04/21/2005,16:00,4300.0,4343.0,4298.0,4337.5,398200,333893
04/22/2005,16:00,4337.0,4339.5,4305.5,4320.0,333265,340881
04/25/2005,16:00,4319.0,4332.5,4318.5,4330.0,242325,334211
04/26/2005,16:00,4330.5,4340.5,4313.5,4317.5,344775,341340
04/27/2005,16:00,4316.0,4323.0,4302.0,4315.5,332839,340494
04/28/2005,16:00,4316.5,4319.0,4300.0,4301.0,300280,348342
04/29/2005,16:00,4304.5,4316.0,4286.0,4314.0,392863,345121
05/02/2005,16:00,4314.5,4327.5,4307.5,4316.0,215900,344209
05/03/2005,16:00,4316.5,4329.5,4312.5,4326.5,322303,339266
05/04/2005,16:00,4326.5,4346.5,4322.0,4340.5,315342,338635
05/05/2005,16:00,4341.0,4350.0,4333.0,4345.0,292090,340340
05/06/2005,16:00,4344.5,4356.5,4341.5,4346.5,207912,351579
05/09/2005,16:00,4348.0,4355.5,4338.0,4352.0,205402,346691
05/10/2005,16:00,4352.0,4353.5,4336.5,4342.5,272732,360696
05/11/2005,16:00,4342.0,4353.5,4323.5,4349.5,398395,339689
05/12/2005,16:00,4349.5,4360.5,4337.5,4346.0,386089,349112
05/13/2005,16:00,4348.5,4371.5,4347.5,4362.5,412221,341894
05/16/2005,16:00,4363.0,4374.0,4357.0,4370.0,221645,337224
05/17/2005,16:00,4369.5,4384.0,4360.5,4382.5,269596,331358
05/18/2005,16:00,4382.5,4407.0,4376.5,4401.0,349372,330402
05/19/2005,16:00,4401.5,4413.5,4400.0,4412.5,301523,320098
05/20/2005,16:00,4412.5,4420.5,4406.0,4419.0,214357,314502
05/23/2005,16:00,4419.0,4432.0,4415.5,4427.5,274480,314976
05/24/2005,16:00,4427.0,4432.5,4420.0,4429.0,283048,314506
05/25/2005,16:00,4429.0,4430.5,4415.0,4427.0,227913,304515
05/26/2005,16:00,4426.0,4443.0,4425.0,4437.5,212861,313049
05/27/2005,16:00,4437.5,4442.0,4432.0,4440.5,113381,310988
05/31/2005,16:00,4440.5,4447.0,4428.5,4433.5,235746,305601
06/01/2005,16:00,4433.5,4459.0,4431.0,4446.0,335926,320800
06/02/2005,16:00,4445.5,4460.5,4443.5,4460.0,191883,324575
06/03/2005,16:00,4460.0,4465.0,4432.0,4439.0,273087,319595
06/06/2005,16:00,4438.5,4441.0,4429.0,4434.0,176650,319529
06/07/2005,16:00,4434.5,4450.5,4420.5,4422.5,354013,313773
06/08/2005,16:00,4422.5,4431.0,4413.0,4419.0,268999,312794
06/09/2005,16:00,4417.5,4433.0,4409.5,4426.0,274709,77008
06/10/2005,16:00,4425.0,4429.5,4404.5,4412.5,267233,97015
06/13/2005,16:00,4412.5,4428.5,4408.0,4419.5,273506,132593
06/14/2005,16:00,4420.0,4434.0,4409.5,4415.0,222467,145069
06/15/2005,16:00,4415.5,4425.5,4398.5,4416.5,329807,173795
06/16/2005,16:00,4416.0,4429.5,4415.0,4424.0,259859,179553
06/17/2005,16:00,4424.0,4439.5,4420.5,4425.0,257412,188664
06/20/2005,16:00,4425.5,4434.5,4414.0,4422.5,214259,193213
06/21/2005,16:00,4422.0,4431.5,4418.5,4428.0,236872,186361
06/22/2005,16:00,4428.0,4435.5,4415.0,4425.0,264303,198187
06/23/2005,16:00,4425.5,4438.0,4402.5,4404.5,438805,211075
06/24/2005,16:00,4404.0,4407.0,4384.5,4388.5,278306,217002
06/27/2005,16:00,4388.5,4392.0,4376.5,4383.0,230670,227248
06/28/2005,16:00,4383.0,4400.0,4382.5,4394.0,207936,221537
06/29/2005,16:00,4394.0,4401.0,4387.5,4388.5,211280,226120
06/30/2005,16:00,4389.0,4397.0,4377.0,4380.0,258786,232575
07/01/2005,16:00,4379.0,4389.5,4375.0,4377.0,174613,235431
07/05/2005,16:00,4377.0,4396.0,4368.5,4390.5,251546,239946
07/06/2005,16:00,4390.0,4399.0,4381.5,4384.0,282525,252822
07/07/2005,16:00,4383.5,4391.0,4342.0,4389.5,402137,274504
07/08/2005,16:00,4389.5,4422.0,4386.5,4421.5,307731,283163
07/11/2005,16:00,4421.5,4435.5,4419.5,4434.5,253316,268664
07/12/2005,16:00,4434.0,4446.5,4428.0,4439.0,258111,258637
07/13/2005,16:00,4440.0,4445.5,4434.5,4444.0,212861,239454
07/14/2005,16:00,4445.0,4463.0,4440.5,4461.0,301187,249019
07/15/2005,16:00,4461.0,4468.0,4453.0,4464.0,195384,255201
07/18/2005,16:00,4463.0,4463.5,4455.0,4459.0,161289,257960
07/19/2005,16:00,4459.0,4478.0,4458.5,4477.0,188025,266371
07/20/2005,16:00,4472.5,4491.0,4463.0,4485.5,295878,279002
07/21/2005,16:00,4491.5,4500.0,4475.5,4483.0,351858,289697
07/22/2005,16:00,4481.0,4491.5,4475.5,4486.5,218655,283885
07/25/2005,16:00,4486.5,4493.0,4475.5,4481.0,179180,282056
07/26/2005,16:00,4482.5,4488.5,4474.5,4484.0,207228,288681
07/27/2005,16:00,4484.5,4497.5,4475.5,4494.5,255124,304107
07/28/2005,16:00,4494.5,4504.5,4492.5,4503.5,188123,297378
07/29/2005,16:00,4503.0,4507.0,4488.0,4488.5,210170,294978
08/01/2005,16:00,4493.0,4500.0,4486.5,4492.0,170091,290131
08/02/2005,16:00,4492.0,4512.5,4490.5,4506.0,232043,308039
08/03/2005,16:00,4506.5,4512.0,4501.0,4509.5,170629,305170
08/04/2005,16:00,4509.5,4510.5,4488.5,4493.5,211438,307931
08/05/2005,16:00,4493.0,4497.5,4482.0,4484.5,202972,309062
08/08/2005,16:00,4484.0,4491.0,4470.5,4475.5,209480,318039
08/09/2005,16:00,4475.5,4489.5,4473.5,4484.5,182303,318412
08/10/2005,16:00,4484.5,4492.5,4463.5,4473.0,292789,314101
08/11/2005,16:00,4472.5,4486.5,4468.0,4471.5,268024,331387
08/12/2005,16:00,4472.5,4477.0,4462.5,4469.5,238177,327780
08/15/2005,16:00,4469.0,4489.5,4464.0,4483.0,207905,339393
08/16/2005,16:00,4483.5,4485.0,4453.5,4460.0,299589,323641
08/17/2005,16:00,4459.0,4470.5,4454.5,4460.5,232955,321763
08/18/2005,16:00,4461.5,4467.0,4453.5,4456.5,213893,323178
08/19/2005,16:00,4456.5,4463.5,4453.0,4456.5,142033,329042
08/22/2005,16:00,4455.5,4470.5,4446.0,4457.5,263036,337791
08/23/2005,16:00,4458.0,4460.0,4446.5,4454.5,190403,337547
08/24/2005,16:00,4453.5,4470.0,4439.5,4442.0,324379,340213
08/25/2005,16:00,4441.0,4450.0,4439.5,4444.0,152542,340684
08/26/2005,16:00,4445.0,4447.5,4432.0,4440.5,177646,340966
08/29/2005,16:00,4436.0,4456.0,4421.5,4451.5,216739,339991
08/30/2005,16:00,4452.0,4453.5,4434.0,4447.0,264982,333337
08/31/2005,16:00,4446.5,4465.5,4440.0,4461.0,299289,337708
09/01/2005,16:00,4463.0,4467.5,4452.0,4456.0,249163,333412
09/02/2005,16:00,4455.5,4462.5,4450.0,4453.5,135599,333653
09/06/2005,16:00,4455.5,4477.0,4454.0,4475.5,230045,328834
09/07/2005,16:00,4475.5,4480.0,4469.0,4475.5,197469,303019
09/08/2005,16:00,4476.5,4484.0,4470.5,4476.0,210730,77028
09/09/2005,16:00,4474.5,4489.0,4473.5,4486.5,205463,118226
09/12/2005,16:00,4487.0,4496.0,4484.0,4490.5,181411,143188
09/13/2005,16:00,4490.0,4498.5,4482.5,4487.0,250644,170350
09/14/2005,16:00,4486.5,4492.0,4466.0,4468.0,307206,202972
09/15/2005,16:00,4468.0,4473.5,4461.5,4463.5,255760,212813
09/16/2005,16:00,4463.0,4478.5,4462.0,4475.5,224258,225999
09/19/2005,16:00,4476.5,4476.5,4455.5,4466.0,211565,235172
09/20/2005,16:00,4466.0,4482.0,4451.0,4456.0,338654,230651
09/21/2005,16:00,4454.5,4459.0,4437.0,4438.5,292336,252977
09/22/2005,16:00,4438.0,4447.0,4427.5,4441.0,378158,260271
09/23/2005,16:00,4441.5,4453.5,4434.5,4449.0,206956,259092
09/26/2005,16:00,4456.0,4461.0,4439.5,4451.0,238842,261246
09/27/2005,16:00,4450.5,4455.0,4438.0,4445.5,243092,265469
09/28/2005,16:00,4445.5,4456.5,4439.5,4444.5,231274,276603
09/29/2005,16:00,4444.0,4467.0,4435.0,4465.0,390228,278944
09/30/2005,16:00,4465.0,4480.0,4462.5,4478.0,237982,261040
10/03/2005,16:00,4479.5,4488.5,4477.5,4482.5,240429,272938
10/04/2005,16:00,4482.0,4493.5,4467.0,4468.0,280842,269651
10/05/2005,16:00,4467.5,4471.5,4445.0,4446.5,333654,253888
10/06/2005,16:00,4447.0,4451.0,4412.5,4428.5,489273,303485
10/07/2005,16:00,4428.5,4437.0,4422.5,4427.0,230813,314272
10/10/2005,16:00,4426.0,4435.0,4417.0,4418.5,208177,332972
10/11/2005,16:00,4419.0,4427.5,4407.0,4409.5,305166,346715
10/12/2005,16:00,4411.0,4417.5,4389.5,4390.5,401516,362418
10/13/2005,16:00,4391.5,4411.5,4387.0,4400.0,354444,377468
10/14/2005,16:00,4400.5,4417.5,4400.5,4414.0,295110,385263
10/17/2005,16:00,4414.5,4423.0,4406.5,4420.0,199201,394755
10/18/2005,16:00,4420.0,4425.5,4408.0,4411.0,262741,412264
10/19/2005,16:00,4411.5,4446.0,4397.5,4445.0,491469,411766
10/20/2005,16:00,4441.0,4448.0,4417.0,4430.0,406770,422652
10/21/2005,16:00,4430.0,4444.0,4426.0,4439.5,289196,420178
10/24/2005,16:00,4439.0,4463.0,4432.0,4462.0,279388,414697
10/25/2005,16:00,4461.5,4461.5,4444.5,4454.0,272039,403258
10/26/2005,16:00,4454.5,4465.5,4443.5,4450.0,313821,394436
10/27/2005,16:00,4449.0,4449.0,4413.5,4419.0,328843,406008
10/28/2005,16:00,4412.5,4429.0,4409.5,4424.5,290316,387663
10/31/2005,16:00,4424.5,4455.5,4424.5,4450.5,308358,378177
11/01/2005,16:00,4440.0,4454.0,4438.0,4449.5,229375,375218
11/02/2005,16:00,4448.5,4475.0,4441.0,4473.5,306360,368058
11/03/2005,16:00,4472.5,4497.5,4468.5,4493.0,387021,347412
11/04/2005,16:00,4492.5,4502.5,4487.0,4496.5,268156,346339
11/07/2005,16:00,4497.5,4505.0,4491.0,4497.0,232288,351918
11/08/2005,16:00,4496.5,4507.0,4492.5,4500.5,270542,348060
11/09/2005,16:00,4501.0,4506.5,4493.5,4502.0,249532,346699
11/10/2005,16:00,4501.5,4521.5,4489.0,4520.5,365464,355674
11/11/2005,16:00,4520.5,4530.0,4519.5,4523.0,215128,349137
11/14/2005,16:00,4523.0,4527.5,4517.0,4523.0,179341,345895
11/15/2005,16:00,4522.5,4529.0,4508.0,4516.5,281122,349868
11/16/2005,16:00,4516.0,4526.0,4511.0,4525.5,234534,355328
11/17/2005,16:00,4525.0,4551.5,4522.5,4548.5,334108,408090
11/18/2005,16:00,4548.0,4559.0,4543.0,4547.0,293917,415394
11/21/2005,16:00,4548.0,4556.5,4541.5,4555.5,207904,422828
11/22/2005,16:00,4555.0,4567.0,4546.0,4560.5,245359,421470
11/23/2005,16:00,4560.0,4573.0,4558.5,4564.5,179026,428013
11/25/2005,16:00,4565.5,4569.5,4560.5,4568.5,61225,425705
11/28/2005,16:00,4568.0,4574.0,4550.5,4556.5,233991,415576
11/29/2005,16:00,4555.5,4565.5,4543.5,4545.0,257094,416639
11/30/2005,16:00,4544.0,4550.0,4537.5,4539.0,254039,431356
12/01/2005,16:00,4540.5,4572.5,4540.0,4568.0,293719,424071
12/02/2005,16:00,4569.0,4576.0,4565.0,4574.0,194324,415965
12/05/2005,16:00,4574.0,4578.0,4555.0,4563.5,212246,395309
12/06/2005,16:00,4563.0,4583.0,4562.0,4568.5,262487,398094
12/07/2005,16:00,4569.0,4571.5,4553.5,4564.5,272683,356722
12/08/2005,16:00,4564.5,4569.0,4539.0,4551.0,326339,118888
12/09/2005,16:00,4547.0,4559.5,4543.5,4558.0,236135,153528
12/12/2005,16:00,4560.0,4566.5,4555.5,4564.0,197611,187497
12/13/2005,16:00,4564.5,4578.0,4558.5,4571.0,295787,219429
12/14/2005,16:00,4571.0,4573.5,4556.0,4565.5,267963,242662
12/15/2005,16:00,4566.0,4571.0,4551.5,4564.0,263798,253722
12/16/2005,16:00,4563.5,4571.5,4553.0,4556.5,221836,261141
12/19/2005,16:00,4557.5,4562.0,4524.5,4526.5,252944,275989
12/20/2005,16:00,4526.0,4536.0,4520.5,4526.5,226486,282465
12/21/2005,16:00,4527.0,4546.5,4525.0,4531.0,221444,275779
12/22/2005,16:00,4531.5,4549.0,4530.0,4547.5,141628,275521
12/23/2005,16:00,4547.5,4553.5,4541.0,4547.0,90868,265709
12/27/2005,16:00,4547.5,4557.0,4527.5,4530.5,157013,274726
12/28/2005,16:00,4530.0,4536.0,4523.0,4528.0,126330,278450
12/29/2005,16:00,4528.5,4533.0,4512.5,4515.0,108767,287767
12/30/2005,16:00,4515.0,4517.0,4501.0,4506.0,132354,302310
01/03/2006,16:00,4505.0,4548.0,4493.0,4540.0,372421,321486
01/04/2006,16:00,4541.0,4560.5,4534.0,4560.0,302316,334827
01/05/2006,16:00,4560.0,4572.5,4555.0,4570.0,245292,336386
01/06/2006,16:00,4569.5,4597.0,4567.5,4595.0,350719,345745
01/09/2006,16:00,4594.5,4605.5,4589.0,4601.5,287308,350338
01/10/2006,16:00,4600.5,4607.5,4590.0,4607.0,308575,347588
01/11/2006,16:00,4606.0,4621.0,4602.5,4618.0,326315,343239
01/12/2006,16:00,4617.0,4620.0,4601.5,4611.0,280382,339812
01/13/2006,16:00,4610.5,4613.0,4596.5,4607.0,231965,344504
01/17/2006,16:00,4607.0,4611.0,4587.0,4598.5,251354,350627
01/18/2006,16:00,4589.5,4589.5,4560.5,4574.5,440581,368453
01/19/2006,16:00,4571.0,4599.5,4568.5,4585.5,404206,374137
01/20/2006,16:00,4585.5,4586.5,4530.5,4532.5,556657,343239
01/23/2006,16:00,4531.5,4543.0,4527.0,4535.0,329601,359610
01/24/2006,16:00,4534.5,4553.0,4528.5,4540.0,339733,355074
01/25/2006,16:00,4540.5,4552.0,4526.5,4535.5,389353,361915
01/26/2006,16:00,4534.0,4551.5,4532.0,4545.5,341905,356079
01/27/2006,16:00,4547.5,4580.0,4546.5,4569.5,342641,369322
01/30/2006,16:00,4569.0,4577.0,4566.5,4570.5,189889,360851
01/31/2006,16:00,4570.5,4575.0,4540.5,4566.5,335044,358728
02/01/2006,16:00,4548.0,4572.5,4542.5,4570.5,338929,365270
02/02/2006,16:00,4570.5,4570.5,4535.5,4536.0,341250,366918
02/03/2006,16:00,4537.5,4546.0,4512.5,4514.5,384171,353186
02/06/2006,16:00,4515.5,4522.0,4504.5,4516.5,223903,355218
02/07/2006,16:00,4516.5,4518.5,4498.5,4509.5,314749,357554
02/08/2006,16:00,4509.0,4527.0,4507.5,4522.5,291875,340427
02/09/2006,16:00,4523.0,4536.0,4505.0,4506.0,331587,346073
02/10/2006,16:00,4506.5,4523.0,4489.5,4513.5,376989,348509
02/13/2006,16:00,4513.5,4514.0,4491.0,4500.0,252750,359567
02/14/2006,16:00,4500.0,4520.5,4495.5,4513.0,343102,346208
02/15/2006,16:00,4514.0,4529.5,4507.5,4526.5,313164,353122
02/16/2006,16:00,4526.5,4545.0,4524.5,4542.5,324297,353818
02/17/2006,16:00,4544.5,4544.5,4523.5,4524.5,207444,364818
02/21/2006,16:00,4525.0,4535.0,4502.0,4508.0,316053,382495
02/22/2006,16:00,4508.0,4536.5,4504.0,4526.5,319940,377833
02/23/2006,16:00,4527.0,4540.0,4520.5,4522.5,242390,373599
02/24/2006,16:00,4522.0,4531.5,4517.5,4530.5,194908,372611
02/27/2006,16:00,4531.0,4552.5,4530.5,4542.0,242059,375202
02/28/2006,16:00,4543.0,4546.5,4515.5,4521.5,434559,369373
03/01/2006,16:00,4520.0,4548.0,4518.5,4545.0,275296,373170
03/02/2006,16:00,4545.0,4550.5,4533.0,4546.5,292657,379719
03/03/2006,16:00,4546.0,4557.0,4526.5,4532.5,429607,397508
03/06/2006,16:00,4533.0,4541.5,4514.0,4521.5,329343,397294
03/07/2006,16:00,4521.0,4521.5,4501.0,4512.5,317635,394696
03/08/2006,16:00,4511.5,4532.0,4494.5,4532.0,348311,388699
03/09/2006,16:00,4513.0,4521.0,4487.5,4489.5,322385,111038
03/10/2006,16:00,4489.5,4506.0,4481.0,4495.0,365535,141561
03/13/2006,16:00,4496.0,4512.0,4494.5,4502.0,268515,167636
03/14/2006,16:00,4502.0,4534.0,4495.5,4533.0,376128,193242
03/15/2006,16:00,4532.0,4545.0,4527.0,4543.0,292802,209497
03/16/2006,16:00,4542.5,4551.5,4526.5,4528.5,348083,211299
03/17/2006,16:00,4527.5,4539.0,4523.5,4533.0,222576,216104
03/20/2006,16:00,4533.0,4542.0,4530.5,4534.0,176647,218156
03/21/2006,16:00,4535.0,4556.0,4516.0,4519.0,439769,225624
03/22/2006,16:00,4518.5,4525.0,4500.0,4519.5,327719,237614
03/23/2006,16:00,4520.0,4522.5,4506.0,4519.0,247071,237120
03/24/2006,16:00,4518.5,4534.5,4514.0,4526.0,262269,238724
03/27/2006,16:00,4526.5,4533.5,4522.5,4527.5,158301,237910
03/28/2006,16:00,4527.5,4540.5,4512.0,4519.5,318724,249314
03/29/2006,16:00,4518.0,4557.0,4515.5,4549.0,397709,275210
03/30/2006,16:00,4549.0,4566.0,4544.0,4553.5,317154,279106
03/31/2006,16:00,4553.5,4560.5,4545.5,4548.5,196420,264150
04/03/2006,16:00,4552.75,4567.75,4548.5,4552.25,268465,273755
04/04/2006,16:00,4552.25,4565.25,4549.5,4560.0,286680,286186
04/05/2006,16:00,4560.0,4579.5,4558.5,4575.75,301212,290824
04/06/2006,16:00,4575.25,4589.75,4570.5,4583.25,302618,292707
04/07/2006,16:00,4581.75,4594.25,4563.5,4568.25,363528,296120
04/10/2006,16:00,4565.75,4571.5,4555.0,4564.0,209544,301590
04/11/2006,16:00,4564.0,4568.0,4538.0,4549.25,334316,291371
04/12/2006,16:00,4548.75,4552.75,4542.0,4547.25,207308,287184
04/13/2006,16:00,4548.0,4563.25,4541.5,4554.0,246375,298112
04/17/2006,16:00,4552.5,4558.25,4524.75,4539.0,292116,293324
04/18/2006,16:00,4538.75,4572.75,4534.5,4568.25,404197,318062
04/19/2006,16:00,4569.5,4580.0,4561.25,4573.0,253735,319607
04/20/2006,16:00,4571.0,4582.25,4564.5,4569.75,269136,327928
04/21/2006,16:00,4572.0,4578.25,4540.5,4547.5,311130,332181
04/24/2006,16:00,4546.5,4551.25,4536.25,4550.0,193837,325266
04/25/2006,16:00,4549.5,4553.0,4533.25,4543.0,238535,323695
04/26/2006,16:00,4542.75,4549.75,4534.75,4539.25,233035,326522
04/27/2006,16:00,4540.0,4567.5,4526.25,4556.0,502812,358659
04/28/2006,16:00,4554.5,4555.75,4537.5,4539.5,238762,339571
05/01/2006,16:00,4543.0,4548.25,4517.75,4521.5,270539,359784
05/02/2006,16:00,4522.0,4535.25,4521.75,4526.25,233306,355215
05/03/2006,16:00,4526.25,4531.0,4516.25,4522.0,246448,348180
05/04/2006,16:00,4522.0,4545.25,4521.0,4538.25,276915,349194
05/05/2006,16:00,4538.25,4554.0,4537.75,4548.75,226901,350288
05/08/2006,16:00,4549.0,4556.5,4547.75,4549.75,169402,355521
05/09/2006,16:00,4550.0,4552.75,4544.25,4550.25,173313,358491
05/10/2006,16:00,4549.75,4551.0,4526.5,4529.25,285626,364872
05/11/2006,16:00,4529.0,4534.75,4488.5,4493.25,512410,376613
05/12/2006,16:00,4493.0,4495.5,4469.5,4470.0,444888,382806
05/15/2006,16:00,4467.5,4476.25,4447.5,4464.25,411898,375152
05/16/2006,16:00,4464.75,4472.5,4452.5,4456.75,381976,372763
05/17/2006,16:00,4457.5,4463.5,4429.25,4433.25,547471,380780
05/18/2006,16:00,4434.5,4447.0,4420.5,4423.25,375681,395687
05/19/2006,16:00,4423.5,4439.25,4409.75,4433.75,481187,397013
05/22/2006,16:00,4435.0,4439.0,4404.5,4414.75,400937,404623
05/23/2006,16:00,4415.25,4435.5,4390.75,4393.75,328842,417309
05/24/2006,16:00,4394.5,4420.25,4385.75,4413.0,537860,398589
05/25/2006,16:00,4412.75,4435.5,4408.0,4433.75,287408,389892
05/26/2006,16:00,4432.25,4440.75,4427.0,4438.25,218302,392223
05/30/2006,16:00,4437.5,4439.75,4398.25,4398.5,261339,426524
05/31/2006,16:00,4399.75,4420.0,4393.75,4411.5,307158,422525
06/01/2006,16:00,4410.25,4448.25,4403.5,4447.5,284003,412099
06/02/2006,16:00,4447.25,4465.25,4429.5,4443.0,313773,419193
06/05/2006,16:00,4441.25,4442.0,4407.75,4411.25,324604,435702
06/06/2006,16:00,4411.0,4418.25,4390.0,4406.0,385251,451767
06/07/2006,16:00,4407.0,4423.0,4387.25,4391.0,356347,40548
06/08/2006,16:00,4391.0,4397.0,4353.5,4384.25,604236,162654
06/09/2006,16:00,4383.75,4404.75,4375.5,4377.25,343100,203801
06/12/2006,16:00,4379.75,4387.5,4347.75,4351.0,354359,243368
06/13/2006,16:00,4351.75,4365.25,4339.5,4342.75,466173,287505
06/14/2006,16:00,4343.25,4359.75,4338.25,4355.5,432748,325451
06/15/2006,16:00,4356.5,4406.5,4355.75,4404.25,496232,332376
06/16/2006,16:00,4404.25,4422.75,4382.25,4385.25,301783,328790
06/19/2006,16:00,4386.0,4396.75,4370.5,4374.75,298472,334601
06/20/2006,16:00,4375.25,4393.5,4371.0,4379.75,287637,331140
06/21/2006,16:00,4379.75,4414.25,4376.25,4401.25,319332,330587
06/22/2006,16:00,4402.0,4407.75,4372.25,4383.25,315805,330017
06/23/2006,16:00,4381.75,4394.5,4370.25,4378.25,197723,324211
06/26/2006,16:00,4378.0,4388.75,4375.25,4380.75,237853,330811
06/27/2006,16:00,4381.25,4386.0,4351.5,4355.0,347926,352617
06/28/2006,16:00,4354.75,4368.0,4346.5,4367.75,246275,344249
06/29/2006,16:00,4367.75,4415.75,4366.25,4414.75,387038,341544
06/30/2006,16:00,4414.0,4421.0,4400.0,4401.25,210817,327344
07/03/2006,16:00,4403.25,4413.25,4402.25,4411.25,54352,325389
07/05/2006,16:00,4410.75,4412.25,4374.0,4378.0,244432,338838
07/06/2006,16:00,4378.75,4390.0,4370.5,4374.75,175247,323394
07/07/2006,16:00,4376.0,4390.75,4352.25,4360.0,269512,328375
07/10/2006,16:00,4359.25,4367.5,4336.0,4347.5,448047,346059
07/11/2006,16:00,4347.5,4358.75,4331.75,4354.75,379478,342466
07/12/2006,16:00,4355.25,4357.25,4321.25,4326.5,390213,354416
07/13/2006,16:00,4326.25,4329.25,4297.0,4299.5,501585,377985
07/14/2006,16:00,4300.5,4303.25,4278.0,4284.75,461141,389056
07/17/2006,16:00,4286.0,4296.5,4274.5,4290.0,426305,406648
07/18/2006,16:00,4289.5,4299.0,4267.5,4296.5,521605,426363
07/19/2006,16:00,4297.75,4320.0,4286.25,4300.5,473899,419594
07/20/2006,16:00,4299.25,4317.5,4280.5,4287.0,411372,428562
07/21/2006,16:00,4292.25,4295.75,4269.5,4271.0,306602,426149
07/24/2006,16:00,4270.5,4306.0,4269.0,4304.25,298689,418392
07/25/2006,16:00,4304.5,4314.75,4294.0,4302.0,309653,418551
07/26/2006,16:00,4300.5,4319.25,4292.75,4305.5,293320,418241
07/27/2006,16:00,4305.5,4326.0,4293.75,4304.25,293726,420255
07/28/2006,16:00,4303.0,4331.75,4301.0,4331.0,267274,415412
07/31/2006,16:00,4329.75,4336.75,4319.5,4328.5,213717,408192
08/01/2006,16:00,4327.0,4327.0,4293.25,4303.5,286624,419605
08/02/2006,16:00,4303.5,4329.0,4302.5,4319.5,265775,413521
08/03/2006,16:00,4320.0,4337.25,4302.25,4331.0,271204,411622
08/04/2006,16:00,4332.0,4349.0,4306.75,4325.25,351038,423904
08/07/2006,16:00,4324.75,4325.0,4303.5,4312.25,191660,422326
08/08/2006,16:00,4312.0,4318.75,4291.5,4302.25,307889,435421
08/09/2006,16:00,4302.75,4335.0,4298.5,4304.75,385868,428301
08/10/2006,16:00,4304.5,4317.0,4293.25,4307.25,295184,428738
08/11/2006,16:00,4309.0,4311.25,4295.25,4305.75,187024,426982
08/14/2006,16:00,4307.5,4332.5,4307.5,4310.0,316692,434674
08/15/2006,16:00,4310.75,4352.0,4310.25,4350.25,387445,435314
08/16/2006,16:00,4350.75,4386.75,4348.5,4386.0,407628,443332
08/17/2006,16:00,4385.5,4401.25,4378.75,4387.5,378567,440061
08/18/2006,16:00,4388.25,4395.5,4372.25,4394.75,271939,425004
08/21/2006,16:00,4393.25,4393.5,4371.25,4378.25,190758,420599
08/22/2006,16:00,4377.75,4393.5,4370.5,4376.25,273552,412359
08/23/2006,16:00,4376.0,4387.0,4357.75,4368.0,276201,409252
08/24/2006,16:00,4367.75,4374.25,4356.5,4367.0,196700,400267
08/25/2006,16:00,4367.75,4385.75,4361.5,4370.5,185457,408142
08/28/2006,16:00,4370.75,4389.25,4365.75,4380.25,219738,415770
08/29/2006,16:00,4381.0,4390.0,4365.75,4385.75,299013,400181
08/30/2006,16:00,4385.25,4397.25,4382.5,4394.25,202263,403393
08/31/2006,16:00,4394.75,4400.25,4388.75,4392.75,161442,403327
09/01/2006,16:00,4393.25,4407.0,4392.5,4400.25,184674,406755
09/05/2006,16:00,4399.75,4418.0,4392.0,4414.5,297948,406404
09/06/2006,16:00,4414.0,4414.25,4381.5,4385.5,314025,384944
09/07/2006,16:00,4383.25,4393.25,4371.0,4378.0,316961,89404
09/08/2006,16:00,4377.25,4390.0,4375.0,4380.75,249189,123538
09/11/2006,16:00,4382.25,4403.25,4368.5,4393.25,427432,194691
09/12/2006,16:00,4393.25,4429.75,4386.5,4425.0,427982,266106
09/13/2006,16:00,4425.0,4437.0,4422.75,4434.0,361621,305469
09/14/2006,16:00,4434.5,4440.5,4428.0,4436.0,306684,338524
09/15/2006,16:00,4436.25,4457.0,4435.25,4443.75,364183,359711
09/18/2006,16:00,4444.25,4454.5,4435.5,4443.75,255203,363543
09/19/2006,16:00,4443.75,4449.25,4418.25,4433.75,426747,383389
09/20/2006,16:00,4436.5,4459.0,4435.5,4455.0,346666,399494
09/21/2006,16:00,4454.75,4464.25,4439.75,4446.0,359043,401716
09/22/2006,16:00,4445.75,4448.5,4423.75,4432.25,284864,404159
09/25/2006,16:00,4431.75,4463.25,4422.75,4456.5,420066,431378
09/26/2006,16:00,4456.75,4468.75,4452.25,4464.75,326748,430297
09/27/2006,16:00,4465.0,4474.5,4455.5,4468.5,319088,429124
09/28/2006,16:00,4468.0,4471.75,4452.5,4464.75,253901,425516
09/29/2006,16:00,4465.25,4473.25,4460.5,4462.5,198020,428680
10/02/2006,16:00,4461.75,4466.0,4437.5,4438.75,292555,424075
10/03/2006,16:00,4438.25,4454.25,4429.25,4445.0,375120,430614
10/04/2006,16:00,4445.75,4487.5,4439.25,4483.75,457497,449901
10/05/2006,16:00,4483.75,4497.5,4482.0,4493.0,283198,453952
10/06/2006,16:00,4492.75,4497.5,4483.0,4491.25,266527,459217
10/09/2006,16:00,4490.0,4504.75,4484.25,4495.0,183214,460200
10/10/2006,16:00,4495.0,4504.75,4486.5,4495.0,303669,463124
10/11/2006,16:00,4495.25,4507.5,4476.25,4497.75,378814,469569
10/12/2006,16:00,4497.25,4525.25,4495.25,4524.0,310717,509972
10/13/2006,16:00,4524.25,4535.25,4519.5,4530.5,245854,511085
10/16/2006,16:00,4530.25,4539.25,4527.0,4532.5,214813,504253
10/17/2006,16:00,4532.0,4532.25,4503.75,4511.5,339612,485709
10/18/2006,16:00,4514.5,4525.5,4498.5,4506.25,393767,482004
10/19/2006,16:00,4507.0,4517.5,4495.75,4514.0,370667,467452
10/20/2006,16:00,4514.25,4517.5,4497.5,4510.0,240991,431335
10/23/2006,16:00,4510.25,4539.0,4504.5,4525.75,337753,460262
10/24/2006,16:00,4526.75,4530.25,4508.25,4517.5,249790,430826
10/25/2006,16:00,4517.25,4532.5,4512.75,4531.75,277283,428894
10/26/2006,16:00,4531.75,4548.25,4519.75,4544.25,308277,437153
10/27/2006,16:00,4544.25,4548.25,4513.5,4522.75,325880,430577
10/30/2006,16:00,4522.0,4537.0,4512.75,4528.0,278010,433388
10/31/2006,16:00,4527.75,4541.0,4522.5,4534.0,332123,429817
11/01/2006,16:00,4534.25,4541.75,4501.25,4510.5,393005,442017
11/02/2006,16:00,4509.75,4514.75,4498.5,4507.75,280816,437539
11/03/2006,16:00,4508.5,4516.25,4492.5,4505.0,339339,443527
11/06/2006,16:00,4504.25,4537.0,4504.0,4528.5,293334,457499
11/07/2006,16:00,4528.0,4553.25,4526.75,4543.0,357996,473066
11/08/2006,16:00,4542.5,4556.5,4526.75,4553.0,368880,469992
11/09/2006,16:00,4552.0,4562.0,4534.75,4541.75,320001,474406
11/10/2006,16:00,4541.5,4550.75,4534.5,4549.5,232516,469316
11/13/2006,16:00,4549.5,4569.5,4547.25,4564.75,268232,484290
11/14/2006,16:00,4563.25,4591.25,4557.25,4587.5,372013,491294
11/15/2006,16:00,4587.25,4603.75,4584.25,4592.5,367569,520002
11/16/2006,16:00,4590.75,4604.25,4588.0,4601.5,331839,528537
11/17/2006,16:00,4599.75,4600.0,4585.25,4598.0,235021,528208
11/20/2006,16:00,4598.25,4606.0,4586.25,4602.5,270310,541434
11/21/2006,16:00,4602.5,4607.0,4596.25,4606.75,185133,541172
11/22/2006,16:00,4608.25,4617.25,4596.25,4615.5,202185,545140
11/24/2006,16:00,4615.75,4620.5,4596.5,4611.5,132144,550040
11/27/2006,16:00,4610.25,4613.5,4569.0,4570.25,398749,516268
11/28/2006,16:00,4571.75,4578.0,4557.75,4573.5,310944,508697
11/29/2006,16:00,4573.75,4591.25,4569.75,4587.0,326902,507580
11/30/2006,16:00,4586.75,4595.5,4574.75,4586.0,333111,510078
12/01/2006,16:00,4586.0,4589.75,4553.75,4573.25,377166,509224
12/04/2006,16:00,4572.5,4603.0,4569.5,4594.75,319049,525017
12/05/2006,16:00,4594.75,4605.5,4590.5,4599.25,218853,522519
12/06/2006,16:00,4598.75,4600.0,4584.75,4592.5,222671,503467
12/07/2006,16:00,4592.75,4601.25,4567.25,4567.5,308966,114015
12/08/2006,16:00,4567.75,4592.25,4559.5,4577.25,380527,158648
12/11/2006,16:00,4576.5,4596.5,4571.0,4586.5,283229,212201
12/12/2006,16:00,4586.0,4586.75,4562.5,4572.25,329180,227766
12/13/2006,16:00,4572.75,4585.75,4564.5,4576.25,283784,250745
12/14/2006,16:00,4576.25,4603.75,4574.0,4594.75,389967,279148
12/15/2006,16:00,4595.0,4618.0,4594.75,4598.75,277462,272678
12/18/2006,16:00,4597.75,4612.75,4573.5,4580.25,256367,284423
12/19/2006,16:00,4580.75,4583.75,4555.75,4572.5,321563,311172
12/20/2006,16:00,4572.75,4585.25,4565.5,4567.0,172506,309191
12/21/2006,16:00,4567.75,4573.25,4547.5,4554.5,216445,306434
12/22/2006,16:00,4555.75,4559.5,4532.5,4533.25,192988,320484
12/26/2006,16:00,4534.0,4544.5,4533.0,4542.75,87904,320852
12/27/2006,16:00,4542.5,4557.25,4542.0,4548.5,131270,319139
12/28/2006,16:00,4548.75,4552.75,4539.25,4543.75,121846,320950
12/29/2006,16:00,4544.0,4562.5,4542.0,4544.25,134378,318787
01/02/2007,16:00,4549.75,4559.25,4549.5,4557.75,4095,315821
01/03/2007,16:00,4559.5,4580.25,4516.25,4548.25,500265,359036
01/04/2007,16:00,4549.0,4585.75,4539.75,4581.5,367214,342879
01/05/2007,16:00,4582.0,4585.25,4555.0,4566.5,353652,328990
01/08/2007,16:00,4567.25,4581.5,4561.5,4572.75,267087,332543
01/09/2007,16:00,4573.0,4588.0,4561.25,4579.75,355926,338015
01/10/2007,16:00,4580.0,4604.75,4567.25,4603.75,362452,353100
01/11/2007,16:00,4604.25,4625.75,4599.5,4619.0,400929,369231
01/12/2007,16:00,4619.75,4632.25,4614.75,4631.5,272797,378715
01/16/2007,16:00,4631.5,4637.0,4620.75,4625.0,288885,377408
01/17/2007,16:00,4624.5,4627.0,4607.75,4610.5,386126,384236
01/18/2007,16:00,4613.5,4616.0,4571.25,4575.25,575550,374948
01/19/2007,16:00,4574.75,4584.75,4570.0,4575.75,320111,384390
01/22/2007,16:00,4576.25,4583.5,4552.5,4561.5,308366,384838
01/23/2007,16:00,4561.75,4572.5,4552.5,4556.25,330904,384678
01/24/2007,16:00,4555.75,4585.0,4554.0,4584.5,332109,388059
01/25/2007,16:00,4588.75,4592.75,4554.0,4560.5,396353,372856
01/26/2007,16:00,4562.0,4565.0,4542.25,4548.5,373952,353293
01/29/2007,16:00,4550.25,4567.5,4544.5,4556.0,309420,335572
01/30/2007,16:00,4557.0,4563.75,4551.25,4558.5,228165,330138
01/31/2007,16:00,4558.75,4578.0,4542.75,4571.75,385592,333612
02/01/2007,16:00,4569.25,4586.25,4563.5,4572.5,341302,325325
02/02/2007,16:00,4573.5,4579.75,4566.5,4576.5,235952,321891
02/05/2007,16:00,4576.25,4583.75,4567.5,4574.75,229724,320878
02/06/2007,16:00,4574.75,4579.5,4554.0,4572.75,401952,334604
02/07/2007,16:00,4571.75,4595.0,4571.75,4592.25,396955,328989
02/08/2007,16:00,4591.25,4592.5,4578.0,4591.0,241967,326013
02/09/2007,16:00,4590.0,4597.25,4556.5,4561.75,406901,360652
02/12/2007,16:00,4562.0,4564.0,4550.5,4554.75,304375,363837
02/13/2007,16:00,4555.0,4567.5,4554.0,4565.25,313179,357784
02/14/2007,16:00,4565.0,4595.5,4562.75,4592.0,413696,359385
02/15/2007,16:00,4592.0,4601.25,4587.5,4600.25,275849,364414
02/16/2007,16:00,4599.25,4600.0,4589.0,4596.5,189581,354567
02/19/2007,16:00,4596.25,4601.25,4594.75,4598.25,4233,364414
02/20/2007,16:00,4596.25,4611.5,4583.0,4608.0,352258,365477
02/21/2007,16:00,4607.25,4614.25,4598.0,4613.75,298703,367110
02/22/2007,16:00,4614.0,4626.75,4606.75,4623.5,332790,370639
02/23/2007,16:00,4623.0,4626.0,4606.5,4614.25,289521,370009
02/26/2007,16:00,4615.0,4624.75,4593.25,4607.0,356076,367289
02/27/2007,16:00,4606.75,4607.5,4513.5,4519.75,774124,376136
02/28/2007,16:00,4519.5,4552.25,4512.5,4534.75,521721,381470
03/01/2007,16:00,4535.75,4545.25,4489.25,4527.0,662241,399286
03/02/2007,16:00,4526.5,4532.25,4493.5,4495.5,460483,399286
03/05/2007,16:00,4495.25,4511.5,4474.0,4483.0,572960,419011
03/06/2007,16:00,4484.0,4519.25,4480.25,4514.25,422567,424916
03/07/2007,16:00,4514.0,4518.5,4504.75,4506.75,339465,421908
03/08/2007,16:00,4503.25,4529.25,4502.75,4523.75,302817,125901
03/09/2007,16:00,4524.75,4536.5,4504.25,4517.0,319284,156490
03/12/2007,16:00,4517.25,4530.0,4509.0,4527.0,264633,192057
03/13/2007,16:00,4526.5,4528.5,4487.25,4493.0,512494,257934
03/14/2007,16:00,4493.0,4518.0,4480.25,4517.25,610801,320122
03/15/2007,16:00,4516.25,4524.75,4506.0,4513.5,343925,330183
03/16/2007,16:00,4513.75,4519.75,4502.0,4512.75,281328,335050
03/19/2007,16:00,4509.75,4534.25,4506.25,4530.0,253073,333581
03/20/2007,16:00,4530.25,4542.5,4526.5,4541.0,225633,329872
03/21/2007,16:00,4541.25,4576.25,4531.0,4573.75,406818,353396
03/22/2007,16:00,4573.0,4579.75,4561.25,4567.5,285634,347553
03/23/2007,16:00,4566.75,4573.25,4559.5,4560.25,192737,341455
03/26/2007,16:00,4559.5,4571.0,4542.0,4567.0,317097,339802
03/27/2007,16:00,4567.0,4568.25,4555.0,4559.0,193519,331420
03/28/2007,16:00,4558.25,4559.0,4535.75,4539.0,382745,338606
03/29/2007,16:00,4538.5,4550.75,4519.0,4536.75,337710,346594
03/30/2007,16:00,4535.75,4550.0,4524.0,4539.5,295606,341370
04/02/2007,16:00,4540.5,4546.0,4527.0,4538.75,206177,338768
04/03/2007,16:00,4539.25,4567.75,4538.5,4563.5,272457,350081
04/04/2007,16:00,4562.75,4570.0,4559.75,4568.0,180953,351449
04/05/2007,16:00,4567.0,4580.25,4563.25,4577.0,143464,357263
04/06/2007,16:00,4576.75,4588.25,4576.5,4577.0,6770,356690
04/09/2007,16:00,4588.5,4588.5,4569.25,4572.75,170599,361856
04/10/2007,16:00,4572.5,4582.0,4570.75,4578.25,194117,379102
04/11/2007,16:00,4578.75,4582.5,4556.0,4561.5,324334,379194
04/12/2007,16:00,4560.75,4578.75,4551.0,4576.5,308978,376919
04/13/2007,16:00,4576.0,4582.0,4564.25,4580.5,232369,377223
04/16/2007,16:00,4580.75,4599.25,4578.25,4597.0,234011,388897
04/17/2007,16:00,4596.25,4603.75,4591.5,4601.0,231696,392302
04/18/2007,16:00,4601.25,4601.75,4585.25,4597.0,263979,398864
04/19/2007,16:00,4598.0,4602.5,4580.0,4597.75,290014,403225
04/20/2007,16:00,4597.25,4619.0,4595.5,4611.25,308485,426392
04/23/2007,16:00,4611.25,4616.0,4605.5,4611.75,201344,423712
04/24/2007,16:00,4611.0,4625.5,4604.5,4619.0,326961,429683
04/25/2007,16:00,4619.0,4645.5,4618.0,4642.75,321892,435184
04/26/2007,16:00,4642.25,4657.75,4642.25,4654.75,262449,447544
04/27/2007,16:00,4653.25,4656.0,4643.25,4655.5,234061,450147
04/30/2007,16:00,4654.25,4656.5,4627.25,4628.0,259708,449195
05/01/2007,16:00,4630.25,4636.5,4616.75,4634.5,329322,459407
05/02/2007,16:00,4634.25,4653.75,4632.25,4647.5,248405,466378
05/03/2007,16:00,4648.0,4658.75,4645.75,4655.25,220946,462263
05/04/2007,16:00,4654.75,4671.25,4646.5,4657.25,259260,463189
05/07/2007,16:00,4656.0,4661.25,4652.0,4655.5,143757,465202
05/08/2007,16:00,4655.5,4660.5,4640.75,4654.25,290241,473532
05/09/2007,16:00,4654.5,4667.5,4645.75,4661.0,285425,478986
05/10/2007,16:00,4661.25,4661.25,4630.75,4635.25,448685,454362
05/11/2007,16:00,4635.25,4660.5,4631.0,4659.25,317294,460580
05/14/2007,16:00,4659.0,4674.5,4635.0,4645.0,308603,450160
05/15/2007,16:00,4644.75,4656.0,4626.5,4632.25,458374,457794
05/16/2007,16:00,4632.0,4650.25,4622.5,4650.0,367184,456214
05/17/2007,16:00,4649.5,4649.75,4637.75,4639.0,295592,449849
05/18/2007,16:00,4640.0,4654.75,4637.5,4654.5,294634,446172
05/21/2007,16:00,4654.0,4676.0,4651.75,4665.0,347396,469825
05/22/2007,16:00,4664.75,4677.5,4661.0,4669.0,267781,471867
05/23/2007,16:00,4669.25,4680.25,4656.5,4659.0,327643,464283
05/24/2007,16:00,4659.0,4666.25,4622.75,4630.75,551000,464430
05/25/2007,16:00,4630.25,4646.75,4629.25,4641.75,236944,455422
05/29/2007,16:00,4640.75,4660.5,4640.0,4655.25,318843,453789
05/30/2007,16:00,4654.75,4673.5,4636.25,4671.25,417179,484360
05/31/2007,16:00,4671.25,4684.5,4671.0,4681.0,329361,470039
06/01/2007,16:00,4683.25,4693.75,4677.5,4681.0,298262,474895
06/04/2007,16:00,4681.25,4688.5,4670.75,4685.5,225369,479033
06/05/2007,16:00,4685.25,4686.25,4667.5,4684.75,369913,472685
06/06/2007,16:00,4684.75,4687.25,4659.5,4662.75,403128,472685
06/07/2007,16:00,4661.75,4671.75,4629.0,4630.75,538760,104983
06/08/2007,16:00,4631.25,4658.25,4621.5,4657.5,436499,156449
06/11/2007,16:00,4657.25,4668.25,4650.75,4654.0,334199,210196
06/12/2007,16:00,4654.5,4661.75,4637.25,4641.5,450910,264381
06/13/2007,16:00,4641.75,4663.25,4636.0,4660.75,413865,293043
06/14/2007,16:00,4660.5,4679.25,4659.5,4674.75,366335,314886
06/15/2007,16:00,4674.75,4696.5,4673.25,4693.25,334211,347667
06/18/2007,16:00,4692.5,4698.25,4687.75,4691.0,212123,345864
06/19/2007,16:00,4691.5,4695.5,4680.5,4690.5,283938,357132
06/20/2007,16:00,4690.5,4698.5,4668.75,4671.25,353972,358772
06/21/2007,16:00,4672.25,4691.5,4661.75,4689.25,436866,381710
06/22/2007,16:00,4689.25,4690.0,4663.75,4671.5,379807,358299
06/25/2007,16:00,4671.25,4681.75,4650.5,4664.5,391852,367142
06/26/2007,16:00,4665.0,4672.0,4647.0,4649.0,376613,368690
06/27/2007,16:00,4650.0,4680.25,4641.5,4679.0,391632,377610
06/28/2007,16:00,4678.25,4691.25,4675.0,4678.75,295135,388322
06/29/2007,16:00,4680.5,4692.75,4665.0,4679.5,311324,393839
07/02/2007,16:00,4678.5,4698.75,4678.25,4695.5,256040,399832
07/03/2007,16:00,4696.5,4708.5,4695.25,4708.5,143265,395049
07/05/2007,16:00,4711.0,4727.25,4702.5,4721.5,279571,398993
07/06/2007,16:00,4720.0,4733.25,4716.0,4732.5,211477,397508
07/09/2007,16:00,4731.5,4738.0,4724.75,4732.0,214563,395714
07/10/2007,16:00,4732.5,4734.25,4712.75,4715.5,379924,395724
07/11/2007,16:00,4715.5,4733.5,4706.5,4733.0,352387,413290
07/12/2007,16:00,4733.25,4762.75,4729.75,4758.25,399719,407652
07/13/2007,16:00,4757.75,4774.75,4757.0,4770.25,274522,402479
07/16/2007,16:00,4771.0,4779.25,4765.0,4772.0,254545,402173
07/17/2007,16:00,4771.5,4787.75,4765.75,4784.25,321040,416069
07/18/2007,16:00,4780.0,4784.0,4759.5,4783.25,473502,429392
07/19/2007,16:00,4783.0,4801.25,4777.75,4789.0,401439,428162
07/20/2007,16:00,4787.0,4789.0,4763.5,4778.75,492089,421966
07/23/2007,16:00,4777.0,4786.5,4770.5,4777.0,287670,424910
07/24/2007,16:00,4776.75,4777.75,4734.5,4749.0,529621,442165
07/25/2007,16:00,4749.75,4759.5,4734.25,4750.0,486614,440143
07/26/2007,16:00,4750.0,4763.0,4692.75,4724.0,808824,430243
07/27/2007,16:00,4723.0,4736.0,4684.25,4687.0,561269,436626
07/30/2007,16:00,4688.0,4719.75,4680.75,4716.75,442171,453804
07/31/2007,16:00,4716.0,4735.0,4665.75,4669.25,549970,449600
08/01/2007,16:00,4675.0,4687.0,4647.25,4684.0,700548,468287
08/02/2007,16:00,4685.75,4705.5,4675.0,4703.5,450545,457520
08/03/2007,16:00,4702.75,4705.0,4652.0,4663.0,481085,451285
08/06/2007,16:00,4659.0,4688.25,4647.5,4686.0,540160,451792
08/07/2007,16:00,4685.5,4712.5,4666.0,4697.5,464816,449756
08/08/2007,16:00,4697.0,4730.25,4694.0,4722.75,459139,437337
08/09/2007,16:00,4721.0,4725.75,4666.0,4669.0,600458,429431
08/10/2007,16:00,4668.75,4679.25,4630.25,4652.5,706300,429354
08/13/2007,16:00,4656.75,4680.75,4655.5,4666.0,353391,425199
08/14/2007,16:00,4665.5,4675.25,4633.75,4638.25,419134,428870
08/15/2007,16:00,4637.75,4647.25,4596.25,4602.0,588210,439956
08/16/2007,16:00,4601.0,4602.25,4537.25,4580.0,982573,441880
08/17/2007,16:00,4583.5,4636.5,4552.75,4615.75,634861,436185
08/20/2007,16:00,4618.0,4631.0,4604.75,4621.25,354628,420963
08/21/2007,16:00,4621.75,4647.5,4612.25,4643.25,330618,417330
08/22/2007,16:00,4644.0,4669.75,4641.25,4668.5,311159,414863
08/23/2007,16:00,4668.25,4683.5,4651.0,4663.0,323828,411438
08/24/2007,16:00,4662.75,4693.5,4653.5,4693.0,256176,403997
08/27/2007,16:00,4693.0,4693.0,4671.75,4674.0,207153,402874
08/28/2007,16:00,4675.0,4676.25,4629.0,4631.25,315532,408977
08/29/2007,16:00,4633.25,4685.5,4629.5,4684.5,369827,417936
08/30/2007,16:00,4684.75,4710.5,4670.25,4698.25,412327,411598
08/31/2007,16:00,4696.5,4724.25,4696.5,4718.25,289431,401767
09/04/2007,16:00,4718.25,4762.0,4710.25,4748.25,358709,433023
09/05/2007,16:00,4748.25,4749.0,4714.75,4726.75,359771,436860
09/06/2007,16:00,4726.0,4734.5,4712.25,4727.25,312916,442461
09/07/2007,16:00,4727.0,4727.75,4676.25,4694.0,457589,458030
09/10/2007,16:00,4692.25,4710.25,4670.5,4691.75,408332,464105
09/11/2007,16:00,4692.0,4718.5,4690.0,4717.0,333519,468271
09/12/2007,16:00,4716.75,4732.75,4707.5,4719.75,342460,472690
09/13/2007,16:00,4719.25,4731.25,4713.75,4723.5,225069,83818
09/14/2007,16:00,4723.25,4729.5,4704.75,4724.0,281648,122627
09/17/2007,16:00,4723.75,4724.0,4699.25,4705.0,293849,155876
09/18/2007,16:00,4706.0,4760.25,4700.25,4758.25,436672,225201
09/19/2007,16:00,4756.75,4779.75,4754.75,4763.0,409135,249400
09/20/2007,16:00,4761.75,4766.25,4751.75,4756.75,348964,284737
09/21/2007,16:00,4757.25,4777.0,4753.25,4767.5,257684,295625
09/24/2007,16:00,4767.5,4794.75,4765.5,4778.75,327183,311200
09/25/2007,16:00,4778.0,4800.0,4770.25,4796.5,275794,325569
09/26/2007,16:00,4797.0,4816.75,4796.5,4808.5,292449,335458
09/27/2007,16:00,4808.5,4822.0,4808.5,4820.75,229470,343528
09/28/2007,16:00,4820.25,4823.0,4802.25,4813.0,233397,345996
10/01/2007,16:00,4815.25,4842.5,4808.5,4834.25,301564,370855
10/02/2007,16:00,4834.75,4839.5,4824.25,4834.5,247898,376873
10/03/2007,16:00,4833.75,4837.75,4814.25,4819.75,282508,380611
10/04/2007,16:00,4820.25,4827.75,4807.5,4822.0,215217,385181
10/05/2007,16:00,4822.0,4872.0,4820.5,4869.75,360629,416673
10/08/2007,16:00,4869.75,4882.0,4863.0,4879.25,189397,407155
10/09/2007,16:00,4879.5,4894.0,4875.25,4893.25,286138,406524
10/10/2007,16:00,4893.0,4898.0,4883.25,4895.5,263536,414680
10/11/2007,16:00,4895.0,4913.0,4844.75,4865.75,569241,409636
10/12/2007,16:00,4865.0,4899.0,4855.5,4898.25,403012,424486
10/15/2007,16:00,4898.5,4903.0,4861.0,4879.75,397174,412149
10/16/2007,16:00,4879.0,4885.0,4860.5,4875.25,426975,420868
10/17/2007,16:00,4878.25,4901.75,4859.25,4895.75,524557,430657
10/18/2007,16:00,4900.5,4909.0,4877.25,4905.0,390753,443066
10/19/2007,16:00,4905.5,4917.25,4845.5,4848.75,567524,429882
10/22/2007,16:00,4845.5,4876.0,4826.75,4870.75,503395,422433
10/23/2007,16:00,4875.25,4920.0,4875.25,4911.0,455704,429534
10/24/2007,16:00,4906.0,4908.25,4853.0,4902.0,697409,417840
10/25/2007,16:00,4902.5,4919.0,4858.25,4892.25,542429,418037
10/26/2007,16:00,4899.0,4919.0,4887.0,4906.25,388228,421231
10/29/2007,16:00,4906.5,4929.25,4903.25,4914.5,247726,429702
10/30/2007,16:00,4914.5,4931.75,4903.75,4916.75,255435,432384
10/31/2007,16:00,4916.75,4952.0,4909.5,4951.5,398459,442465
11/01/2007,16:00,4949.5,4955.25,4906.75,4914.5,472284,440095
11/02/2007,16:00,4913.0,4933.5,4891.0,4922.5,548559,453206
11/05/2007,16:00,4921.5,4923.75,4890.25,4911.75,418352,453427
11/06/2007,16:00,4911.25,4935.0,4898.0,4932.5,385278,447903
11/07/2007,16:00,4932.0,4932.5,4876.75,4880.0,543390,439752
11/08/2007,16:00,4874.0,4879.0,4780.0,4804.5,884081,456004
11/09/2007,16:00,4805.75,4814.25,4736.25,4740.75,702060,443128
11/12/2007,16:00,4740.0,4750.75,4685.5,4688.5,658058,460921
11/13/2007,16:00,4691.5,4773.75,4681.25,4765.75,601336,436857
11/14/2007,16:00,4766.25,4800.75,4736.0,4756.5,614107,441044
11/15/2007,16:00,4755.25,4762.5,4714.5,4732.5,614146,433794
11/16/2007,16:00,4734.25,4759.75,4713.0,4754.25,529817,431121
11/19/2007,16:00,4754.75,4763.5,4715.25,4727.0,418667,432331
11/20/2007,16:00,4729.0,4770.75,4693.5,4734.5,650573,429763
11/21/2007,16:00,4735.75,4745.0,4691.0,4704.5,486391,436981
11/23/2007,16:00,4705.5,4732.25,4703.5,4731.5,137737,434394
11/26/2007,16:00,4730.75,4752.75,4691.5,4699.0,471147,439087
11/27/2007,16:00,4700.0,4739.0,4694.25,4731.5,589395,424616
11/28/2007,16:00,4731.75,4806.0,4723.0,4794.5,527705,413082
11/29/2007,16:00,4793.25,4813.0,4784.75,4799.5,394851,415530
11/30/2007,16:00,4796.75,4828.25,4774.5,4793.5,488760,416961
12/03/2007,16:00,4791.75,4802.25,4768.75,4774.0,331852,412681
12/04/2007,16:00,4773.75,4781.0,4751.0,4761.25,323481,411727
12/05/2007,16:00,4760.75,4807.25,4760.75,4800.25,359768,419493
12/06/2007,16:00,4800.5,4831.25,4797.0,4825.0,343899,416702
12/07/2007,16:00,4824.0,4838.25,4817.0,4831.0,268677,418981
12/10/2007,16:00,4829.75,4843.75,4824.75,4837.5,220926,420324
12/11/2007,16:00,4837.5,4850.25,4783.25,4789.0,408517,422134
12/12/2007,16:00,4789.75,4832.25,4770.0,4806.75,500003,391353
12/13/2007,16:00,4806.75,4806.75,4773.0,4791.75,322982,88266
12/14/2007,16:00,4791.25,4799.0,4770.0,4771.5,319349,121066
12/17/2007,16:00,4771.5,4774.0,4720.25,4727.25,423634,192650
12/18/2007,16:00,4728.0,4747.75,4698.75,4728.0,487204,241078
12/19/2007,16:00,4727.5,4739.25,4715.75,4735.0,363950,262704
12/20/2007,16:00,4735.0,4777.25,4732.5,4776.25,413265,272043
12/21/2007,16:00,4776.25,4815.0,4776.25,4815.0,265630,275863
12/24/2007,16:00,4808.75,4833.25,4808.75,4825.75,70310,282511
12/26/2007,16:00,4826.5,4842.0,4816.0,4837.25,117077,286435
12/27/2007,16:00,4837.5,4842.75,4802.5,4809.25,197716,285636
12/28/2007,16:00,4808.75,4824.0,4790.25,4802.75,161664,284369
12/31/2007,16:00,4802.75,4805.25,4778.75,4782.5,131495,283297
01/02/2008,16:00,4789.0,4794.75,4734.25,4747.75,390997,284958
01/03/2008,16:00,4749.0,4759.75,4734.5,4754.0,291493,290491
01/04/2008,16:00,4753.25,4760.5,4654.5,4662.75,524481,302344
01/07/2008,16:00,4662.5,4673.25,4621.5,4653.0,581477,316750
01/08/2008,16:00,4652.0,4676.25,4599.5,4606.25,592711,333892
01/09/2008,16:00,4605.75,4642.5,4580.75,4634.25,665797,327493
01/10/2008,16:00,4634.25,4659.75,4614.75,4638.5,639029,325151
01/11/2008,16:00,4637.75,4640.75,4590.0,4603.25,488354,343107
01/14/2008,16:00,4605.25,4642.5,4583.75,4632.75,378134,346737
01/15/2008,16:00,4635.0,4637.25,4573.5,4589.75,540891,358088
01/16/2008,16:00,4557.75,4597.0,4537.0,4558.75,707613,355139
01/17/2008,16:00,4560.75,4582.75,4526.5,4533.75,645261,366981
01/18/2008,16:00,4536.0,4564.75,4516.75,4527.25,644551,365019
01/22/2008,16:00,4529.25,4536.0,4422.25,4478.75,751476,374503
01/23/2008,16:00,4487.25,4489.75,4376.0,4485.25,888037,371676
01/24/2008,16:00,4483.0,4515.75,4476.25,4514.75,505973,353681
01/25/2008,16:00,4524.75,4551.25,4468.75,4471.25,519626,371639
01/28/2008,16:00,4474.25,4492.5,4439.25,4488.0,399003,356564
01/29/2008,16:00,4486.75,4502.75,4475.25,4489.75,329069,357821
01/30/2008,16:00,4490.25,4527.75,4474.0,4489.25,531765,374903
01/31/2008,16:00,4484.75,4538.25,4461.25,4525.5,580744,375405
02/01/2008,16:00,4504.75,4556.75,4503.25,4541.25,431952,356101
02/04/2008,16:00,4542.5,4547.0,4501.75,4504.5,283442,369000
02/05/2008,16:00,4503.75,4508.5,4456.5,4462.75,470679,379523
02/06/2008,16:00,4466.25,4479.0,4414.25,4426.0,432051,385149
02/07/2008,16:00,4429.25,4463.0,4390.75,4444.75,668884,388093
02/08/2008,16:00,4445.75,4462.0,4427.75,4454.25,411987,383800
02/11/2008,16:00,4452.5,4480.25,4441.5,4475.0,360065,381270
02/12/2008,16:00,4474.5,4494.5,4450.5,4467.75,411526,400472
02/13/2008,16:00,4470.0,4506.75,4461.75,4498.0,392000,397588
02/14/2008,16:00,4499.75,4509.0,4465.75,4472.0,424778,399667
02/15/2008,16:00,4469.5,4477.75,4447.75,4464.25,250730,406457
02/19/2008,16:00,4460.5,4498.75,4439.75,4459.25,370968,432839
02/20/2008,16:00,4459.25,4473.5,4430.5,4467.0,421143,409763
02/21/2008,16:00,4466.5,4488.5,4442.5,4453.75,371062,437422
02/22/2008,16:00,4453.25,4461.5,4419.75,4458.75,380620,422426
02/25/2008,16:00,4453.75,4472.5,4442.25,4463.25,383131,409644
02/26/2008,16:00,4463.25,4489.25,4443.5,4474.5,437185,405778
02/27/2008,16:00,4473.5,4487.5,4455.0,4478.0,364965,415443
02/28/2008,16:00,4478.75,4490.0,4460.5,4462.0,357767,415414
02/29/2008,16:00,4462.75,4467.0,4420.5,4426.0,437678,456036
03/03/2008,16:00,4425.75,4427.25,4396.0,4414.5,414735,456301
03/04/2008,16:00,4415.25,4428.75,4386.5,4420.25,525382,441641
03/05/2008,16:00,4421.25,4448.5,4416.5,4437.25,442014,442372
03/06/2008,16:00,4435.25,4450.75,4388.75,4392.0,429884,449211
03/07/2008,16:00,4394.5,4412.0,4360.0,4386.5,536846,444384
03/10/2008,16:00,4386.0,4395.5,4351.75,4354.5,378869,447689
03/11/2008,16:00,4356.5,4431.25,4346.5,4428.25,510675,414148
03/12/2008,16:00,4428.75,4444.0,4409.25,4412.5,390376,397096
03/13/2008,16:00,4414.0,4439.5,4377.0,4426.25,418189,111369
03/14/2008,16:00,4426.25,4454.25,4373.0,4395.0,658524,178439
03/17/2008,16:00,4391.5,4425.5,4344.5,4365.75,600803,225805
03/18/2008,16:00,4366.75,4441.5,4365.0,4441.5,573469,280841
03/19/2008,16:00,4441.25,4452.5,4391.75,4395.0,578465,293111
03/20/2008,16:00,4396.0,4429.75,4380.25,4420.5,387747,298988
03/24/2008,16:00,4423.25,4497.0,4419.0,4489.75,353222,318932
03/25/2008,16:00,4489.5,4510.0,4477.0,4496.5,328964,309058
03/26/2008,16:00,4496.25,4500.25,4473.25,4480.75,304128,311451
03/27/2008,16:00,4478.25,4494.0,4453.25,4462.5,377784,304776
03/28/2008,16:00,4463.0,4480.0,4438.5,4450.5,286251,304667
03/31/2008,16:00,4451.0,4467.0,4438.0,4461.0,301949,297583
04/01/2008,16:00,4456.0,4532.75,4447.75,4528.25,436928,308926
04/02/2008,16:00,4528.0,4548.75,4513.75,4532.75,366927,310290
04/03/2008,16:00,4530.5,4544.25,4513.0,4537.75,295361,305367
04/04/2008,16:00,4538.25,4561.75,4523.25,4540.25,321637,308005
04/07/2008,16:00,4538.5,4564.25,4533.25,4536.25,291299,316345
04/08/2008,16:00,4537.25,4537.25,4514.0,4525.25,254231,311207
04/09/2008,16:00,4526.0,4536.75,4491.0,4507.75,335959,316226
04/10/2008,16:00,4506.75,4540.75,4494.25,4529.25,307696,310333
04/11/2008,16:00,4528.5,4540.25,4469.5,4476.75,349457,312298
04/14/2008,16:00,4477.5,4484.5,4462.0,4466.75,251452,311562
04/15/2008,16:00,4468.0,4480.25,4451.75,4467.25,295909,310615
04/16/2008,16:00,4487.5,4536.25,4485.0,4532.75,409684,305957
04/17/2008,16:00,4537.5,4541.75,4505.0,4537.5,329325,298492
04/18/2008,16:00,4543.5,4585.25,4541.0,4573.5,374155,317823
04/21/2008,16:00,4573.5,4591.0,4563.5,4584.5,207006,317527
04/22/2008,16:00,4583.5,4588.5,4543.25,4565.5,288111,312046
04/23/2008,16:00,4566.0,4589.75,4559.5,4576.0,292852,318246
04/24/2008,16:00,4577.0,4620.0,4557.5,4591.25,421390,330234
04/25/2008,16:00,4590.5,4604.25,4569.25,4591.5,304354,328656
04/28/2008,16:00,4592.75,4612.25,4589.25,4597.0,189027,328622
04/29/2008,16:00,4597.0,4618.25,4589.25,4609.5,283763,331594
04/30/2008,16:00,4609.5,4631.0,4587.25,4593.75,368157,332687
05/01/2008,16:00,4592.75,4656.25,4592.0,4653.75,437067,358574
05/02/2008,16:00,4654.5,4678.5,4640.5,4660.75,373363,352261
05/05/2008,16:00,4657.5,4668.25,4639.5,4651.0,210793,346286
05/06/2008,16:00,4651.5,4673.0,4632.5,4669.5,341520,361305
05/07/2008,16:00,4671.25,4676.0,4620.5,4631.0,377149,347148
05/08/2008,16:00,4631.5,4654.5,4628.5,4635.5,303943,363101
05/09/2008,16:00,4634.5,4644.0,4621.75,4633.75,260386,366687
05/12/2008,16:00,4633.75,4674.0,4632.0,4669.0,281049,388964
05/13/2008,16:00,4667.75,4679.5,4656.0,4676.5,274146,372439
05/14/2008,16:00,4676.75,4703.25,4666.25,4667.0,355469,368980
05/15/2008,16:00,4667.0,4707.75,4664.75,4706.25,363687,387802
05/16/2008,16:00,4705.5,4712.0,4683.25,4706.0,339383,387223
05/19/2008,16:00,4706.0,4724.75,4678.75,4696.25,364272,383694
05/20/2008,16:00,4695.25,4696.5,4660.75,4680.0,357159,370487
05/21/2008,16:00,4679.25,4689.75,4624.5,4635.0,480931,360454
05/22/2008,16:00,4637.25,4652.0,4628.0,4637.0,378163,356265
05/23/2008,16:00,4636.5,4640.0,4616.25,4628.75,281965,354477
05/26/2008,16:00,4630.75,4638.5,4624.5,4633.75,3872,356265
05/27/2008,16:00,4630.75,4669.0,4624.5,4663.5,327749,375010
05/28/2008,16:00,4664.25,4679.25,4653.75,4675.5,309767,369304
05/29/2008,16:00,4673.0,4703.5,4670.25,4693.5,355558,385525
05/30/2008,16:00,4696.25,4714.25,4694.0,4705.75,255734,398761
06/02/2008,16:00,4707.5,4709.0,4661.5,4681.75,371385,384720
06/03/2008,16:00,4682.25,4699.75,4649.25,4668.75,462336,364368
06/04/2008,16:00,4669.5,4708.5,4656.5,4691.25,469216,391573
06/05/2008,16:00,4690.0,4730.75,4687.75,4726.75,381105,401544
06/06/2008,16:00,4725.75,4733.25,4657.5,4659.25,524914,376984
06/09/2008,16:00,4658.0,4671.0,4619.5,4658.25,512507,369476
06/10/2008,16:00,4656.5,4660.0,4627.0,4643.75,410368,373265
06/11/2008,16:00,4642.75,4654.25,4594.25,4597.25,481595,360757
06/12/2008,16:00,4595.75,4626.0,4580.75,4600.5,336568,89363
06/13/2008,16:00,4600.0,4641.0,4590.5,4636.0,417808,134875
06/16/2008,16:00,4636.0,4664.0,4624.0,4651.75,375901,193855
06/17/2008,16:00,4650.25,4667.25,4641.0,4647.75,392702,225110
06/18/2008,16:00,4647.5,4651.25,4614.0,4623.0,442572,240667
06/19/2008,16:00,4622.5,4663.25,4604.75,4652.0,552215,278566
06/20/2008,16:00,4654.0,4655.5,4589.0,4603.0,541065,275249
06/23/2008,16:00,4604.5,4613.5,4579.0,4579.5,347901,269922
06/24/2008,16:00,4580.5,4596.25,4556.5,4573.0,413462,268336
06/25/2008,16:00,4573.5,4614.0,4573.5,4609.5,395524,264137
06/26/2008,16:00,4584.0,4594.75,4524.0,4528.0,492064,270226
06/27/2008,16:00,4533.25,4539.25,4497.5,4527.25,434636,273923
06/30/2008,16:00,4528.25,4534.5,4503.75,4507.5,369687,284128
07/01/2008,16:00,4510.25,4533.5,4477.25,4530.5,582015,295947
07/02/2008,16:00,4531.25,4548.75,4482.0,4486.5,476841,306638
07/03/2008,16:00,4488.25,4500.5,4467.75,4483.5,326610,303542
07/04/2008,16:00,4483.5,4490.0,4475.25,4483.5,4615,303542
07/07/2008,16:00,4477.25,4516.0,4465.5,4493.75,506848,311212
07/08/2008,16:00,4492.75,4538.25,4472.25,4530.0,490691,303947
07/09/2008,16:00,4530.5,4539.0,4485.25,4493.0,425063,330427
07/10/2008,16:00,4493.25,4514.25,4471.0,4505.75,520207,313112
07/11/2008,16:00,4507.0,4521.75,4449.5,4482.0,586094,311118
07/14/2008,16:00,4479.25,4512.0,4458.25,4464.0,480210,311049
07/15/2008,16:00,4464.25,4495.0,4426.75,4460.5,685484,300223
07/16/2008,16:00,4464.25,4511.75,4447.25,4506.25,542827,306944
07/17/2008,16:00,4502.75,4530.0,4494.5,4501.25,532829,303519
07/18/2008,16:00,4494.0,4510.0,4480.75,4490.25,430280,309206
07/21/2008,16:00,4489.25,4506.5,4474.75,4489.0,332636,307878
07/22/2008,16:00,4483.25,4488.75,4449.25,4485.5,436295,320255
07/23/2008,16:00,4486.75,4531.75,4483.75,4510.5,494064,314852
07/24/2008,16:00,4507.75,4525.0,4473.0,4481.0,412530,329698
07/25/2008,16:00,4479.5,4515.0,4476.75,4502.0,294471,317373
07/28/2008,16:00,4506.75,4516.0,4461.5,4475.25,351219,328514
07/29/2008,16:00,4473.25,4517.0,4468.0,4503.5,374080,322087
07/30/2008,16:00,4503.75,4528.25,4489.75,4517.75,412764,307546
07/31/2008,16:00,4518.75,4540.25,4494.0,4515.25,448365,320094
08/01/2008,16:00,4516.0,4524.75,4468.25,4494.5,454181,327534
08/04/2008,16:00,4494.75,4498.75,4463.25,4473.25,282460,328774
08/05/2008,16:00,4473.0,4535.5,4471.5,4530.5,408417,303909
08/06/2008,16:00,4530.5,4568.25,4517.5,4557.75,418191,314338
08/07/2008,16:00,4558.0,4569.25,4538.0,4547.5,361538,321406
08/08/2008,16:00,4547.75,4593.5,4540.75,4585.25,405308,330188
08/11/2008,16:00,4582.5,4627.5,4580.25,4604.5,431061,328050
08/12/2008,16:00,4603.0,4622.5,4592.75,4606.25,386802,330101
08/13/2008,16:00,4606.25,4620.75,4585.25,4603.0,443815,343739
08/14/2008,16:00,4605.0,4634.5,4595.0,4627.25,440377,356966
08/15/2008,16:00,4627.5,4638.75,4614.0,4627.0,346035,334041
08/18/2008,16:00,4625.5,4637.5,4585.25,4605.0,352952,337854
08/19/2008,16:00,4604.75,4608.0,4564.5,4580.75,385099,337422
08/20/2008,16:00,4580.25,4597.5,4563.75,4577.5,341719,327920
08/21/2008,16:00,4577.25,4578.5,4549.75,4568.75,303345,332726
08/22/2008,16:00,4568.25,4602.75,4562.75,4591.0,271663,337740
08/25/2008,16:00,4591.5,4592.25,4548.5,4556.5,351009,319603
08/26/2008,16:00,4556.25,4565.25,4538.0,4553.0,263220,316899
08/27/2008,16:00,4553.0,4578.0,4543.5,4563.25,297429,327167
08/28/2008,16:00,4562.5,4585.5,4552.5,4567.0,285917,329842
08/29/2008,16:00,4566.5,4569.5,4529.0,4536.5,366685,325037
09/02/2008,16:00,4540.5,4577.0,4505.5,4513.25,456058,317696
09/03/2008,16:00,4513.25,4521.0,4483.25,4495.75,406931,311943
09/04/2008,16:00,4497.75,4497.75,4435.5,4437.25,491522,303684
09/05/2008,16:00,4436.25,4442.0,4402.75,4431.5,472011,294839
09/08/2008,16:00,4456.0,4476.75,4396.75,4422.25,571291,344785
09/09/2008,16:00,4424.0,4441.75,4382.25,4390.25,484670,346464
09/10/2008,16:00,4393.25,4417.25,4387.5,4399.0,408212,330615
09/11/2008,16:00,4395.5,4438.0,4367.5,4436.5,369235,82154
09/12/2008,16:00,4436.5,4441.25,4404.75,4434.25,415987,133149
09/15/2008,16:00,4418.5,4421.0,4366.25,4376.0,526445,162250
09/16/2008,16:00,4375.75,4403.0,4344.75,4387.75,737643,218185
09/17/2008,16:00,4389.0,4402.5,4294.5,4301.75,710823,277087
09/18/2008,16:00,4314.25,4367.5,4267.0,4363.25,1039167,306373
09/19/2008,16:00,4361.25,4456.25,4358.75,4394.25,536698,292339
09/22/2008,16:00,4389.75,4406.75,4318.0,4324.5,393824,290762
09/23/2008,16:00,4324.25,4356.5,4302.5,4305.25,423082,282658
09/24/2008,16:00,4311.5,4336.75,4304.25,4326.75,354265,278568
09/25/2008,16:00,4325.75,4369.0,4319.5,4334.75,356372,279250
09/26/2008,16:00,4329.25,4339.25,4284.75,4329.5,363341,285666
09/29/2008,16:00,4335.5,4342.75,4148.75,4166.75,602280,317387
09/30/2008,16:00,4169.75,4260.5,4160.5,4259.25,433127,304371
10/01/2008,16:00,4254.5,4255.0,4207.0,4233.5,360321,312863
10/02/2008,16:00,4232.0,4245.5,4150.5,4165.25,375716,320529
10/03/2008,16:00,4164.75,4216.5,4129.5,4132.25,501705,328884
10/06/2008,16:00,4132.75,4134.75,3998.5,4061.25,665348,356122
10/07/2008,16:00,4063.75,4094.75,3987.0,3991.25,586337,380934
10/08/2008,16:00,3996.75,4048.0,3935.5,3974.75,720811,380479
10/09/2008,16:00,3983.75,4027.75,3917.25,3926.75,596728,392640
10/10/2008,16:00,3936.5,3981.0,3853.0,3937.25,829115,390828
10/13/2008,16:00,3952.25,4114.25,3952.25,4113.25,483702,393600
10/14/2008,16:00,4106.5,4153.75,4008.0,4020.75,629280,384325
10/15/2008,16:00,4033.25,4046.0,3883.75,3883.75,559282,389864
10/16/2008,16:00,3888.75,3985.5,3846.0,3977.75,787162,382928
10/17/2008,16:00,3975.75,4026.5,3923.75,3965.75,585775,389802
10/20/2008,16:00,3968.75,4018.0,3945.75,4014.75,382889,390301
10/21/2008,16:00,4019.0,4019.0,3935.25,3947.25,427559,407044
10/22/2008,16:00,3944.75,3978.75,3863.0,3902.75,508040,403245
10/23/2008,16:00,3900.75,3920.25,3830.5,3908.25,585868,395878
10/24/2008,16:00,3904.5,3909.5,3804.5,3846.25,530487,394013
10/27/2008,16:00,3845.5,3883.25,3791.5,3816.75,394574,408273
10/28/2008,16:00,3817.5,3963.75,3806.0,3962.75,485392,407425
10/29/2008,16:00,3960.25,4001.5,3926.0,3948.75,521645,385490
10/30/2008,16:00,3947.75,4009.5,3947.75,3999.75,412418,367088
10/31/2008,16:00,3994.75,4016.0,3960.0,3991.75,351846,356718
11/03/2008,16:00,3994.75,4011.25,3977.25,3996.25,214652,341446
11/04/2008,16:00,3996.0,4038.75,3988.5,4035.25,323132,350695
11/05/2008,16:00,4034.5,4043.75,3951.0,3961.0,372652,349198
11/06/2008,16:00,3959.5,3960.5,3889.75,3895.25,462520,354669
11/07/2008,16:00,3896.0,3944.75,3896.0,3943.25,338144,346537
11/10/2008,16:00,3947.75,3976.0,3890.25,3911.25,291818,353041
11/11/2008,16:00,3909.75,3916.75,3862.75,3877.75,339641,361075
11/12/2008,16:00,3876.75,3899.5,3815.75,3818.25,371596,367619
11/13/2008,16:00,3820.0,3898.5,3763.25,3889.25,579982,360040
11/14/2008,16:00,3892.5,3894.5,3809.75,3810.25,439353,368623
11/17/2008,16:00,3812.0,3843.5,3794.0,3813.25,364613,376092
11/18/2008,16:00,3813.75,3830.25,3767.75,3828.75,437110,361847
11/19/2008,16:00,3823.25,3826.75,3737.5,3747.25,469239,370161
11/20/2008,16:00,3744.25,3769.75,3686.0,3694.25,584821,367567
11/21/2008,16:00,3698.25,3747.75,3672.5,3745.75,511389,353747
11/24/2008,16:00,3753.0,3818.75,3727.0,3801.75,415253,352151
11/25/2008,16:00,3800.5,3829.0,3772.5,3790.25,388743,360351
11/26/2008,16:00,3789.75,3849.75,3776.75,3849.25,304609,358822
11/28/2008,16:00,3846.5,3854.25,3826.0,3840.75,86994,326260
12/01/2008,16:00,3840.5,3843.0,3745.0,3749.25,335423,360397
12/02/2008,16:00,3746.0,3790.75,3744.25,3787.75,376422,344794
12/03/2008,16:00,3787.0,3821.25,3750.75,3810.75,422325,342192
12/04/2008,16:00,3812.5,3823.75,3763.75,3789.75,381601,358284
12/05/2008,16:00,3788.75,3835.75,3749.75,3832.75,440158,335989
12/08/2008,16:00,3831.75,3892.5,3825.5,3866.75,383648,353386
12/09/2008,16:00,3868.5,3907.25,3855.25,3871.75,373552,341083
12/10/2008,16:00,3872.5,3895.0,3858.0,3871.75,339136,309880
12/11/2008,16:00,3873.25,3884.5,3829.75,3842.75,266984,79709
12/12/2008,16:00,3834.75,3869.5,3787.75,3867.75,375214,116728
12/15/2008,16:00,3869.25,3877.75,3821.0,3847.75,309117,145609
12/16/2008,16:00,3846.25,3901.5,3842.0,3893.75,342050,180242
12/17/2008,16:00,3894.25,3897.5,3858.0,3881.25,294861,180242
12/18/2008,16:00,3880.25,3890.0,3846.25,3878.25,285614,209228
12/19/2008,16:00,3874.25,3890.5,3861.75,3863.75,231281,207821
12/22/2008,16:00,3857.75,3876.25,3822.25,3849.75,186232,220491
12/23/2008,16:00,3852.0,3859.25,3829.0,3837.25,134786,222127
12/24/2008,16:00,3838.25,3842.25,3831.5,3832.75,39768,221970
12/25/2008,16:00,3832.75,3832.75,3832.75,3832.75,0,222127
12/26/2008,16:00,3837.75,3843.75,3831.5,3841.25,39812,220802
12/29/2008,16:00,3827.75,3850.75,3809.0,3828.25,120963,226003
12/30/2008,16:00,3829.0,3860.75,3828.0,3858.75,151277,227381
12/31/2008,16:00,3859.0,3877.5,3849.5,3865.25,125382,227971
01/02/2009,16:00,3853.75,3921.0,3853.75,3905.75,190785,229030
01/05/2009,16:00,3906.75,3927.75,3897.0,3917.75,206046,219837
01/06/2009,16:00,3916.5,3939.75,3912.25,3923.75,264042,219604
01/07/2009,16:00,3922.75,3925.75,3880.25,3892.25,277243,227516
01/08/2009,16:00,3893.5,3905.5,3875.5,3902.25,256807,225984
01/09/2009,16:00,3903.0,3909.0,3868.75,3874.25,245200,238098
01/12/2009,16:00,3877.75,3878.75,3839.0,3858.75,224799,244141
01/13/2009,16:00,3859.0,3871.25,3837.75,3856.75,285219,243798
01/14/2009,16:00,3856.75,3863.5,3808.0,3818.25,289537,253344
01/15/2009,16:00,3818.0,3843.75,3791.25,3830.0,384576,247806
01/16/2009,16:00,3833.75,3853.75,3817.25,3849.75,310413,249160
01/20/2009,16:00,3844.25,3875.0,3784.75,3800.25,326088,266515
01/21/2009,16:00,3801.0,3837.75,3792.75,3834.25,299364,249436
01/22/2009,16:00,3834.5,3855.0,3798.75,3825.0,356738,258457
01/23/2009,16:00,3822.25,3843.75,3794.25,3817.0,347363,249767
01/26/2009,16:00,3812.0,3854.0,3799.5,3832.25,300366,247848
01/27/2009,16:00,3833.75,3853.0,3829.0,3838.5,248890,246595
01/28/2009,16:00,3840.5,3897.5,3837.75,3884.0,320654,244353
01/29/2009,16:00,3882.75,3884.0,3848.75,3858.75,268951,251995
01/30/2009,16:00,3860.25,3867.0,3826.5,3832.0,298960,267883
02/02/2009,16:00,3827.75,3854.75,3806.25,3841.5,289561,258782
02/03/2009,16:00,3842.5,3870.5,3830.25,3860.5,305832,254101
02/04/2009,16:00,3861.25,3895.5,3856.5,3866.75,310950,251257
02/05/2009,16:00,3867.5,3902.0,3837.75,3887.25,428893,261874
02/06/2009,16:00,3888.75,3932.25,3883.0,3928.5,337645,253911
02/09/2009,16:00,3926.25,3938.25,3910.75,3928.5,218398,252594
02/10/2009,16:00,3927.0,3938.75,3874.25,3885.25,423413,262110
02/11/2009,16:00,3879.75,3892.5,3859.25,3877.25,295597,260983
02/12/2009,16:00,3878.25,3899.75,3855.25,3898.0,412705,270359
02/13/2009,16:00,3898.0,3907.75,3878.75,3882.0,286592,271687
02/17/2009,16:00,3860.25,3879.75,3831.75,3835.25,383318,293872
02/18/2009,16:00,3838.0,3856.75,3824.25,3832.75,355522,293267
02/19/2009,16:00,3831.25,3854.25,3818.0,3823.25,339233,296678
02/20/2009,16:00,3824.0,3836.25,3802.75,3824.5,442366,304226
02/23/2009,16:00,3828.5,3848.75,3778.25,3788.5,377881,298470
02/24/2009,16:00,3788.75,3829.5,3785.75,3816.25,390287,295018
02/25/2009,16:00,3815.75,3837.0,3794.75,3806.75,419637,299022
02/26/2009,16:00,3808.25,3827.75,3779.5,3785.0,364112,303274
02/27/2009,16:00,3783.75,3791.5,3760.0,3769.75,401798,295547
03/02/2009,16:00,3771.0,3771.0,3727.0,3738.75,398697,305483
03/03/2009,16:00,3738.75,3755.0,3720.75,3724.75,367263,305483
03/04/2009,16:00,3726.0,3777.75,3714.75,3753.75,426573,306208
03/05/2009,16:00,3758.25,3765.25,3724.75,3735.75,426158,313839
03/06/2009,16:00,3736.75,3742.25,3695.75,3729.25,455925,327026
03/09/2009,16:00,3729.5,3740.5,3693.0,3699.75,421893,325954
03/10/2009,16:00,3698.0,3765.25,3694.5,3758.75,418341,316204
03/11/2009,16:00,3757.75,3788.5,3757.75,3777.75,420617,312545
03/12/2009,16:00,3773.25,3817.0,3761.5,3814.0,282650,75761
03/13/2009,16:00,3811.5,3825.5,3798.5,3819.0,321970,115691
03/16/2009,16:00,3814.75,3831.0,3793.25,3803.25,386080,169353
03/17/2009,16:00,3802.25,3842.5,3797.75,3841.25,387148,207425
03/18/2009,16:00,3841.0,3875.75,3830.0,3863.75,405034,222087
03/19/2009,16:00,3862.75,3873.75,3845.5,3854.5,327571,236122
03/20/2009,16:00,3855.75,3871.0,3828.25,3839.0,331995,230280
03/23/2009,16:00,3837.5,3909.0,3837.5,3903.0,371424,238802
03/24/2009,16:00,3904.5,3906.0,3882.5,3887.25,272775,236186
03/25/2009,16:00,3886.5,3912.5,3856.25,3884.5,402757,234852
03/26/2009,16:00,3882.0,3932.75,3882.0,3924.0,386569,251664
03/27/2009,16:00,3924.5,3928.0,3899.0,3907.0,274212,247229
03/30/2009,16:00,3901.0,3905.5,3854.5,3873.75,307717,249661
03/31/2009,16:00,3873.75,3908.75,3873.0,3888.5,311992,241165
04/01/2009,16:00,3888.5,3905.75,3861.0,3902.0,330213,235649
04/02/2009,16:00,3902.0,3961.75,3899.75,3952.5,429146,227936
04/03/2009,16:00,3954.75,3969.0,3944.25,3967.25,275816,236060
04/06/2009,16:00,3966.5,3978.5,3936.5,3963.0,253879,239319
04/07/2009,16:00,3963.0,3968.25,3917.75,3931.75,308263,238260
04/08/2009,16:00,3933.0,3956.75,3918.0,3949.5,273572,236688
04/09/2009,16:00,3949.75,3992.25,3948.25,3987.0,268598,243826
04/13/2009,16:00,3983.0,3994.5,3972.5,3983.0,193379,247054
04/14/2009,16:00,3985.0,3992.0,3961.5,3975.0,282602,244217
04/15/2009,16:00,3963.75,3971.0,3944.5,3968.0,315134,251988
04/16/2009,16:00,3967.75,4009.25,3958.25,4003.0,357821,259396
04/17/2009,16:00,4001.75,4011.75,3987.75,4003.0,247517,256560
04/20/2009,16:00,4000.5,4000.5,3952.5,3964.5,280756,259202
04/21/2009,16:00,3964.0,3981.0,3950.75,3979.0,321736,264847
04/22/2009,16:00,3978.75,4013.0,3965.75,3974.5,376040,273039
04/23/2009,16:00,3979.25,3998.25,3970.0,3993.0,363322,268059
04/24/2009,16:00,3994.0,4029.5,3986.5,4026.0,318441,275630
04/27/2009,16:00,4019.0,4034.5,4001.25,4024.25,283010,274142
04/28/2009,16:00,4022.5,4028.5,4002.0,4011.5,263519,273849
04/29/2009,16:00,4010.25,4048.25,4006.0,4028.75,289106,279636
04/30/2009,16:00,4028.25,4068.25,4027.25,4044.5,349743,274360
05/01/2009,16:00,4044.5,4053.75,4032.0,4049.5,231095,280536
05/04/2009,16:00,4048.5,4076.75,4048.5,4073.5,271837,277204
05/05/2009,16:00,4075.0,4079.25,4057.25,4078.25,252848,282005
05/06/2009,16:00,4077.25,4086.5,4050.0,4080.75,396535,283761
05/07/2009,16:00,4078.75,4088.75,4026.25,4045.5,392552,288019
05/08/2009,16:00,4045.0,4061.25,4026.75,4040.5,377894,281830
05/11/2009,16:00,4038.0,4060.75,4017.0,4047.75,331434,285055
05/12/2009,16:00,4048.0,4057.5,4011.75,4036.0,366820,285664
05/13/2009,16:00,4037.0,4040.5,3989.25,3995.25,365972,275006
05/14/2009,16:00,3995.5,4019.75,3987.5,4004.75,306161,277235
05/15/2009,16:00,4005.25,4024.0,3992.25,4005.25,265844,278176
05/18/2009,16:00,4003.25,4043.5,3993.5,4039.5,271860,288293
05/19/2009,16:00,4040.0,4061.5,4030.0,4045.0,266271,288384
05/20/2009,16:00,4044.0,4074.0,4037.5,4043.5,332484,291565
05/21/2009,16:00,4043.0,4044.5,4003.0,4018.5,334972,287074
05/22/2009,16:00,4019.25,4030.25,4003.25,4011.75,211742,292589
05/26/2009,16:00,4013.5,4065.5,3993.75,4061.75,374372,300632
05/27/2009,16:00,4061.25,4079.75,4048.75,4055.0,301025,290943
05/28/2009,16:00,4053.5,4075.25,4040.25,4069.25,313662,290315
05/29/2009,16:00,4068.75,4093.75,4062.0,4086.5,271583,288441
06/01/2009,16:00,4086.5,4133.25,4081.0,4121.0,318103,282254
06/02/2009,16:00,4121.0,4145.5,4115.5,4129.5,294033,279883
06/03/2009,16:00,4130.0,4135.5,4109.75,4128.5,242330,282714
06/04/2009,16:00,4126.75,4144.75,4124.75,4144.0,204494,283361
06/05/2009,16:00,4143.75,4164.0,4129.5,4146.0,289129,278047
06/08/2009,16:00,4142.75,4151.25,4117.75,4141.5,260179,275801
06/09/2009,16:00,4141.25,4160.5,4137.5,4151.75,241128,274452
06/10/2009,16:00,4151.25,4168.75,4124.25,4146.75,326638,280096
06/11/2009,16:00,4147.5,4163.5,4139.75,4143.25,245210,77516
06/12/2009,16:00,4141.0,4148.75,4120.75,4137.75,252653,109889
06/15/2009,16:00,4135.25,4135.25,4095.75,4109.5,321471,158273
06/16/2009,16:00,4109.0,4120.5,4093.5,4096.5,316703,193857
06/17/2009,16:00,4096.0,4121.75,4090.0,4105.75,401376,227620
06/18/2009,16:00,4105.25,4115.0,4095.25,4101.75,316590,231612
06/19/2009,16:00,4099.0,4129.0,4098.0,4116.25,280991,233798
06/22/2009,16:00,4116.0,4122.75,4073.5,4080.25,312002,240154
06/23/2009,16:00,4080.0,4086.5,4064.25,4076.25,259634,233350
06/24/2009,16:00,4076.5,4109.25,4072.25,4099.5,261782,238982
06/25/2009,16:00,4098.5,4129.0,4085.0,4125.25,313194,251686
06/26/2009,16:00,4125.75,4134.25,4116.0,4129.0,209361,252296
06/29/2009,16:00,4128.25,4144.75,4119.0,4133.75,210022,247871
06/30/2009,16:00,4133.25,4144.0,4118.0,4128.5,242467,240269
07/01/2009,16:00,4128.5,4148.5,4126.5,4131.0,224432,245643
07/02/2009,16:00,4130.75,4131.5,4093.5,4097.5,263370,242482
07/06/2009,16:00,4095.0,4096.5,4074.5,4093.25,251049,236834
07/07/2009,16:00,4093.25,4099.0,4053.5,4060.25,286819,247335
07/08/2009,16:00,4060.5,4067.75,4044.75,4059.25,326368,248492
07/09/2009,16:00,4059.25,4073.5,4058.75,4065.75,223831,248740
07/10/2009,16:00,4066.0,4078.75,4055.0,4068.25,250572,253125
07/13/2009,16:00,4070.75,4099.0,4051.75,4094.75,324779,257716
07/14/2009,16:00,4094.0,4105.5,4089.5,4099.0,257499,252499
07/15/2009,16:00,4114.75,4151.75,4114.5,4149.5,355255,259327
07/16/2009,16:00,4148.0,4172.5,4141.25,4165.0,296176,256711
07/17/2009,16:00,4164.5,4181.25,4157.0,4180.25,229769,267651
07/20/2009,16:00,4180.0,4196.25,4175.75,4192.75,259734,278474
07/21/2009,16:00,4192.0,4207.25,4180.5,4206.25,293030,279030
07/22/2009,16:00,4204.5,4223.5,4197.0,4208.75,327293,278367
07/23/2009,16:00,4210.0,4256.0,4207.25,4236.25,354201,295867
07/24/2009,16:00,4232.0,4252.5,4224.25,4249.5,267261,293144
07/27/2009,16:00,4249.5,4261.25,4230.75,4251.75,258387,297897
07/28/2009,16:00,4250.5,4260.25,4233.75,4253.75,307330,303329
07/29/2009,16:00,4253.5,4256.0,4236.0,4253.0,297487,307739
07/30/2009,16:00,4252.5,4284.25,4251.25,4259.0,324926,309963
07/31/2009,16:00,4257.75,4271.0,4250.75,4254.25,258709,313183
08/03/2009,16:00,4253.5,4280.5,4252.75,4279.0,277745,316218
08/04/2009,16:00,4277.75,4284.75,4265.0,4282.5,267943,312835
08/05/2009,16:00,4282.25,4283.75,4254.75,4266.75,299454,313002
08/06/2009,16:00,4267.5,4276.75,4245.75,4253.5,271304,311194
08/07/2009,16:00,4252.5,4280.0,4247.5,4272.0,280789,326895
08/10/2009,16:00,4271.25,4272.0,4250.0,4264.75,216984,322330
08/11/2009,16:00,4264.0,4270.0,4238.0,4248.75,267557,331938
08/12/2009,16:00,4248.5,4286.0,4239.5,4271.0,348712,365529
08/13/2009,16:00,4271.25,4290.75,4262.25,4284.0,272005,354425
08/14/2009,16:00,4282.75,4286.25,4247.25,4267.25,300515,339541
08/17/2009,16:00,4264.5,4264.75,4213.5,4218.5,366441,329337
08/18/2009,16:00,4218.75,4240.5,4216.0,4239.25,271573,321811
08/19/2009,16:00,4238.25,4252.75,4216.75,4251.0,292131,325186
08/20/2009,16:00,4250.25,4272.5,4243.25,4266.25,258289,328940
08/21/2009,16:00,4265.5,4292.0,4252.25,4287.75,291155,330643
08/24/2009,16:00,4287.25,4300.5,4281.0,4286.25,249412,327824
08/25/2009,16:00,4286.25,4307.75,4277.5,4288.75,290751,324207
08/26/2009,16:00,4288.75,4301.5,4279.75,4288.75,262334,321518
08/27/2009,16:00,4289.5,4295.75,4262.75,4291.25,315245,316731
08/28/2009,16:00,4291.25,4320.75,4282.75,4294.75,304044,327250
08/31/2009,16:00,4293.5,4297.25,4268.0,4277.25,239131,323673
09/01/2009,16:00,4277.25,4301.25,4242.5,4247.75,458728,333461
09/02/2009,16:00,4247.5,4255.25,4237.5,4245.25,279445,343074
09/03/2009,16:00,4245.0,4260.75,4236.75,4256.25,210225,340434
09/04/2009,16:00,4256.75,4292.75,4252.75,4288.0,280186,353599
09/08/2009,16:00,4298.0,4309.0,4286.0,4307.5,223373,342095
09/09/2009,16:00,4306.0,4329.25,4297.25,4318.25,317742,329270
09/10/2009,16:00,4318.75,4338.5,4314.0,4337.0,227024,111382
09/11/2009,16:00,4337.25,4343.25,4326.25,4337.75,287428,170957
09/14/2009,16:00,4335.75,4346.0,4319.5,4342.25,245248,205891
09/15/2009,16:00,4342.75,4356.25,4334.0,4349.25,328788,240087
09/16/2009,16:00,4348.75,4377.75,4347.25,4372.0,326862,263085
09/17/2009,16:00,4371.75,4384.75,4366.5,4374.25,338889,280134
09/18/2009,16:00,4374.5,4384.75,4367.0,4375.5,237788,282331
09/21/2009,16:00,4371.5,4388.0,4361.0,4382.0,262505,291920
09/22/2009,16:00,4381.75,4395.5,4379.75,4388.5,226574,287774
09/23/2009,16:00,4387.75,4407.5,4375.0,4379.75,311914,289270
09/24/2009,16:00,4378.5,4391.0,4350.25,4353.75,351064,293463
09/25/2009,16:00,4353.25,4363.25,4343.0,4351.25,310136,299541
09/28/2009,16:00,4351.25,4386.75,4342.25,4377.0,251261,327414
09/29/2009,16:00,4376.75,4385.0,4361.0,4369.75,276654,314136
09/30/2009,16:00,4369.25,4384.25,4343.0,4371.75,427976,321078
10/01/2009,16:00,4370.25,4381.0,4318.0,4324.75,405570,315410
10/02/2009,16:00,4324.0,4329.0,4304.0,4316.5,367020,326418
10/05/2009,16:00,4316.75,4335.5,4312.25,4328.25,261834,324113
10/06/2009,16:00,4328.25,4365.5,4328.25,4355.0,348109,331288
10/07/2009,16:00,4355.0,4364.25,4350.25,4362.25,235732,324817
10/08/2009,16:00,4361.75,4385.0,4361.75,4370.75,298222,323607
10/09/2009,16:00,4370.25,4382.0,4360.75,4379.75,207432,318992
10/12/2009,16:00,4379.25,4394.75,4370.75,4382.0,178737,312428
10/13/2009,16:00,4382.25,4390.0,4374.5,4381.0,218745,313428
10/14/2009,16:00,4394.25,4408.75,4392.0,4402.0,279426,318706
10/15/2009,16:00,4401.75,4408.5,4391.25,4402.75,260884,325572
10/16/2009,16:00,4403.75,4412.25,4379.0,4385.75,333540,321582
10/19/2009,16:00,4385.75,4410.75,4377.5,4404.5,270731,322940
10/20/2009,16:00,4403.75,4427.75,4397.75,4412.5,325391,318093
10/21/2009,16:00,4411.5,4433.5,4400.25,4407.5,321499,317192
10/22/2009,16:00,4403.75,4420.5,4391.75,4416.75,344422,316625
10/23/2009,16:00,4416.5,4432.5,4401.0,4406.25,358585,315248
10/26/2009,16:00,4406.25,4431.5,4391.75,4402.25,393166,319974
10/27/2009,16:00,4401.75,4406.0,4367.25,4374.0,442445,323652
10/28/2009,16:00,4373.75,4377.25,4331.5,4334.25,441310,327956
10/29/2009,16:00,4335.0,4367.25,4331.5,4361.75,297972,319106
10/30/2009,16:00,4361.25,4366.0,4314.25,4319.75,452709,317504
11/02/2009,16:00,4315.25,4342.0,4304.5,4323.25,456628,316949
11/03/2009,16:00,4325.0,4331.75,4305.25,4329.75,323654,312771
11/04/2009,16:00,4329.25,4354.25,4327.75,4341.0,350126,310460
11/05/2009,16:00,4341.0,4376.25,4325.75,4373.5,334091,321426
11/06/2009,16:00,4373.25,4391.75,4359.25,4384.0,293095,298522
11/09/2009,16:00,4382.25,4421.75,4381.75,4420.75,276685,298034
11/10/2009,16:00,4420.25,4430.75,4413.25,4426.75,255967,304867
11/11/2009,16:00,4426.5,4446.75,4425.0,4438.0,288232,308069
11/12/2009,16:00,4438.25,4447.75,4422.75,4428.0,279329,313695
11/13/2009,16:00,4427.0,4446.75,4424.5,4442.5,253483,324672
11/16/2009,16:00,4443.75,4468.0,4441.5,4457.75,294545,326554
11/17/2009,16:00,4457.0,4466.0,4449.5,4463.0,214345,325486
11/18/2009,16:00,4463.0,4467.5,4443.0,4454.75,256352,333232
11/19/2009,16:00,4454.75,4456.25,4414.0,4424.5,356418,337959
11/20/2009,16:00,4424.75,4428.25,4409.25,4417.75,225734,345628
11/23/2009,16:00,4417.25,4456.0,4416.5,4445.5,261423,358650
11/24/2009,16:00,4444.5,4448.0,4430.0,4440.75,220400,349621
11/25/2009,16:00,4440.5,4454.0,4439.75,4448.5,170098,349279
11/27/2009,16:00,4406.75,4451.5,4376.5,4413.5,256664,352500
11/30/2009,16:00,4417.25,4429.25,4404.5,4421.75,309164,340156
12/01/2009,16:00,4421.75,4453.25,4419.25,4446.25,268854,356855
12/02/2009,16:00,4445.5,4460.75,4440.25,4445.75,246295,354847
12/03/2009,16:00,4445.75,4461.0,4432.0,4434.5,282247,340374
12/04/2009,16:00,4433.75,4470.5,4427.0,4449.25,409656,338713
12/07/2009,16:00,4449.25,4453.25,4433.25,4438.25,239154,334860
12/08/2009,16:00,4439.5,4444.0,4414.25,4422.75,350189,334816
12/09/2009,16:00,4423.0,4447.0,4413.0,4446.75,364559,329899
12/10/2009,16:00,4446.0,4463.0,4440.75,4454.25,178154,110578
12/11/2009,16:00,4453.5,4467.75,4438.75,4448.25,241211,129452
12/14/2009,16:00,4446.75,4465.25,4442.5,4464.0,224192,179424
12/15/2009,16:00,4463.75,4468.25,4447.75,4451.25,282377,221845
12/16/2009,16:00,4451.5,4469.5,4451.0,4456.25,234924,247616
12/17/2009,16:00,4456.75,4459.0,4430.25,4441.75,317003,250709
12/18/2009,16:00,4441.25,4463.75,4440.25,4463.25,287861,258866
12/21/2009,16:00,4463.25,4490.0,4459.25,4481.75,220689,270436
12/22/2009,16:00,4481.75,4497.25,4481.5,4497.25,165980,274320
12/23/2009,16:00,4497.25,4509.25,4493.25,4508.5,135399,279446
12/24/2009,16:00,4508.0,4525.75,4507.0,4524.25,66098,283220
12/28/2009,16:00,4524.25,4537.75,4519.0,4530.75,120920,294655
12/29/2009,16:00,4530.0,4537.5,4525.5,4528.75,103211,294073
12/30/2009,16:00,4527.25,4536.5,4518.5,4533.0,128388,302485
12/31/2009,16:00,4532.25,4538.25,4515.0,4515.0,112919,303786
01/04/2010,16:00,4521.75,4545.25,4521.75,4543.0,205157,314877
01/05/2010,16:00,4542.75,4546.5,4532.25,4541.5,208698,309080
01/06/2010,16:00,4541.5,4548.0,4528.5,4534.75,261274,310532
01/07/2010,16:00,4534.0,4536.75,4522.0,4533.75,241321,317226
01/08/2010,16:00,4533.75,4548.75,4521.25,4546.25,268934,327918
01/11/2010,16:00,4546.25,4556.25,4530.5,4539.75,244841,314557
01/12/2010,16:00,4538.25,4540.0,4506.25,4521.75,328565,306114
01/13/2010,16:00,4522.25,4545.75,4509.5,4538.75,315109,331168
01/14/2010,16:00,4538.5,4546.5,4532.25,4544.5,206040,324274
01/15/2010,16:00,4549.25,4550.25,4511.0,4518.5,345081,320266
01/19/2010,16:00,4529.75,4552.0,4513.75,4546.0,333010,337906
01/20/2010,16:00,4545.5,4548.5,4501.75,4523.25,403528,316675
01/21/2010,16:00,4524.0,4539.75,4495.0,4497.25,501308,325303
01/22/2010,16:00,4497.5,4505.5,4445.75,4454.0,527630,343220
01/25/2010,16:00,4451.0,4468.0,4448.75,4454.75,340316,348509
01/26/2010,16:00,4466.0,4480.0,4440.0,4452.75,419117,357335
01/27/2010,16:00,4455.0,4477.75,4444.0,4465.25,443906,369022
01/28/2010,16:00,4463.75,4476.25,4415.5,4426.75,570517,400697
01/29/2010,16:00,4434.0,4445.5,4388.0,4395.5,538161,403801
02/01/2010,16:00,4395.5,4414.5,4393.25,4412.0,344059,407199
02/02/2010,16:00,4412.5,4434.25,4404.0,4425.25,331528,405500
02/03/2010,16:00,4425.25,4442.75,4419.75,4441.75,315040,413642
02/04/2010,16:00,4440.75,4448.25,4387.75,4391.0,483901,408558
02/05/2010,16:00,4390.25,4404.0,4367.0,4401.25,556768,379958
02/08/2010,16:00,4401.25,4410.0,4386.75,4390.75,295062,378400
02/09/2010,16:00,4390.25,4423.5,4388.25,4408.25,380797,379815
02/10/2010,16:00,4408.75,4419.0,4392.25,4401.0,296949,388775
02/11/2010,16:00,4400.75,4435.0,4393.0,4431.75,339083,380249
02/12/2010,16:00,4429.5,4439.75,4410.25,4439.5,328637,388295
02/16/2010,16:00,4435.25,4457.75,4431.5,4455.5,259717,390731
02/17/2010,16:00,4455.5,4468.75,4453.75,4468.0,238098,394712
02/18/2010,16:00,4468.25,4481.0,4461.0,4477.0,268313,399318
02/19/2010,16:00,4475.5,4486.25,4457.25,4475.5,281740,403306
02/22/2010,16:00,4475.5,4489.25,4466.5,4477.25,226172,404894
02/23/2010,16:00,4476.0,4485.25,4441.5,4457.25,348962,406102
02/24/2010,16:00,4455.75,4476.0,4452.75,4470.25,299224,399189
02/25/2010,16:00,4469.25,4472.25,4436.75,4469.75,353568,397793
02/26/2010,16:00,4469.25,4478.5,4459.75,4474.75,223029,397502
03/01/2010,16:00,4474.75,4504.75,4474.75,4499.0,257074,403164
03/02/2010,16:00,4499.0,4518.5,4498.75,4508.5,248834,396651
03/03/2010,16:00,4507.25,4517.5,4502.0,4508.25,216095,400399
03/04/2010,16:00,4507.5,4517.0,4500.5,4516.0,197677,404269
03/05/2010,16:00,4515.0,4545.75,4513.25,4541.75,287880,407536
03/08/2010,16:00,4541.75,4551.0,4539.5,4544.5,198595,403959
03/09/2010,16:00,4544.25,4568.25,4537.25,4557.5,332075,395238
03/10/2010,16:00,4557.75,4577.5,4556.25,4575.0,321409,368450
03/11/2010,16:00,4573.0,4582.5,4565.0,4581.25,220114,111596
03/12/2010,16:00,4581.25,4588.5,4572.5,4583.0,213915,134028
03/15/2010,16:00,4579.75,4581.25,4562.5,4575.75,256111,185799
03/16/2010,16:00,4575.75,4591.0,4575.25,4587.25,270071,224897
03/17/2010,16:00,4587.25,4602.5,4586.0,4592.75,280816,254431
03/18/2010,16:00,4592.25,4601.5,4587.5,4600.5,245304,271738
03/19/2010,16:00,4600.5,4607.0,4581.0,4591.0,295754,272913
03/22/2010,16:00,4586.0,4613.0,4577.75,4607.25,282045,286333
03/23/2010,16:00,4606.75,4621.0,4599.25,4621.0,218369,287324
03/24/2010,16:00,4619.75,4620.75,4604.75,4610.25,232925,280688
03/25/2010,16:00,4609.75,4633.0,4604.5,4608.25,301151,281177
03/26/2010,16:00,4607.75,4621.75,4598.0,4610.5,287784,282104
03/29/2010,16:00,4610.75,4625.0,4610.5,4619.0,220198,293178
03/30/2010,16:00,4618.25,4630.75,4611.0,4624.25,230740,292491
03/31/2010,16:00,4623.25,4626.25,4611.25,4614.5,232540,297531
04/01/2010,16:00,4614.5,4636.0,4599.5,4610.75,309482,292698
04/05/2010,16:00,4622.75,4637.5,4614.0,4632.25,200178,304381
04/06/2010,16:00,4631.75,4644.5,4624.0,4637.5,190613,300439
04/07/2010,16:00,4637.75,4643.25,4623.0,4633.75,259268,298638
04/08/2010,16:00,4632.75,4641.25,4618.0,4638.75,231684,307410
04/09/2010,16:00,4638.25,4651.5,4633.75,4650.75,190400,299640
04/12/2010,16:00,4653.75,4660.5,4646.5,4651.25,183339,292181
04/13/2010,16:00,4650.0,4662.75,4643.0,4660.0,228319,308163
04/14/2010,16:00,4668.5,4685.5,4665.5,4685.25,249031,317118
04/15/2010,16:00,4684.75,4696.5,4676.5,4693.5,251312,326040
04/16/2010,16:00,4691.75,4694.0,4656.5,4668.5,451415,330631
04/19/2010,16:00,4668.5,4675.25,4644.5,4671.75,338183,324772
04/20/2010,16:00,4670.5,4684.0,4665.75,4683.0,228510,327725
04/21/2010,16:00,4683.0,4699.25,4677.25,4684.25,308038,330494
04/22/2010,16:00,4679.75,4703.75,4659.25,4695.0,374013,350447
04/23/2010,16:00,4691.75,4712.25,4688.0,4711.75,289715,361711
04/26/2010,16:00,4711.75,4717.5,4701.75,4706.0,210352,359992
04/27/2010,16:00,4704.5,4709.25,4657.25,4667.5,436324,370656
04/28/2010,16:00,4667.5,4681.5,4648.25,4665.5,359035,377604
04/29/2010,16:00,4664.25,4702.75,4663.5,4699.75,294958,385391
04/30/2010,16:00,4699.75,4705.75,4656.75,4657.25,341920,376448
05/03/2010,16:00,4661.0,4696.75,4658.0,4685.75,256440,392030
05/04/2010,16:00,4685.0,4687.25,4611.0,4628.25,515322,371419
05/05/2010,16:00,4628.75,4630.75,4593.25,4617.25,401892,392450
05/06/2010,16:00,4616.75,4621.75,4389.0,4544.75,736165,379843
05/07/2010,16:00,4542.75,4568.0,4464.5,4507.25,710793,356291
05/10/2010,16:00,4532.5,4600.75,4531.0,4598.25,489875,339079
05/11/2010,16:00,4598.5,4623.75,4573.75,4594.0,373205,346618
05/12/2010,16:00,4593.5,4635.0,4575.75,4631.5,323983,343596
05/13/2010,16:00,4628.75,4640.25,4597.25,4606.0,329770,340916
05/14/2010,16:00,4603.75,4609.25,4541.75,4568.5,449745,340182
05/17/2010,16:00,4566.5,4578.25,4529.25,4572.25,363023,336959
05/18/2010,16:00,4571.0,4590.75,4535.5,4546.75,405003,342040
05/19/2010,16:00,4545.0,4552.5,4508.25,4527.0,435357,342284
05/20/2010,16:00,4526.5,4533.75,4452.75,4459.25,575943,346435
05/21/2010,16:00,4458.75,4492.75,4424.25,4478.0,514060,347056
05/24/2010,16:00,4480.0,4498.75,4454.75,4471.25,319255,341495
05/25/2010,16:00,4468.25,4478.25,4413.0,4474.25,425513,348839
05/26/2010,16:00,4473.25,4508.5,4447.5,4450.25,391061,357450
05/27/2010,16:00,4447.0,4523.25,4440.5,4522.5,326868,341266
05/28/2010,16:00,4521.0,4533.0,4494.25,4510.75,315745,335132
06/01/2010,16:00,4519.25,4536.75,4483.0,4489.75,368555,344065
06/02/2010,16:00,4490.75,4538.0,4487.25,4537.75,307154,344028
06/03/2010,16:00,4535.75,4558.0,4529.75,4556.5,285099,349461
06/04/2010,16:00,4556.25,4563.25,4483.0,4493.0,426018,358630
06/07/2010,16:00,4493.0,4504.25,4452.5,4454.5,334305,359250
06/08/2010,16:00,4454.0,4476.5,4428.75,4450.25,409445,360771
06/09/2010,16:00,4450.0,4482.25,4432.5,4441.0,361910,358179
06/10/2010,16:00,4440.0,4490.75,4434.5,4481.5,214056,84558
06/11/2010,16:00,4481.5,4508.0,4466.75,4503.0,257887,99682
06/14/2010,16:00,4503.0,4536.5,4503.0,4507.0,329991,149816
06/15/2010,16:00,4506.0,4558.75,4505.25,4553.75,349007,211383
06/16/2010,16:00,4554.0,4573.25,4539.5,4566.5,357551,266076
06/17/2010,16:00,4566.0,4578.75,4553.25,4570.0,345053,277642
06/18/2010,16:00,4570.5,4585.25,4565.5,4570.0,246943,282045
06/21/2010,16:00,4591.75,4601.5,4544.25,4560.0,328037,284496
06/22/2010,16:00,4559.5,4577.25,4537.0,4538.75,335379,289118
06/23/2010,16:00,4539.25,4550.5,4518.25,4534.25,321722,297750
06/24/2010,16:00,4530.5,4535.75,4497.75,4510.0,339934,295006
06/25/2010,16:00,4506.5,4517.0,4487.75,4499.75,323580,297597
06/28/2010,16:00,4499.5,4512.0,4481.75,4496.5,280729,291209
06/29/2010,16:00,4496.0,4500.0,4408.5,4424.0,477966,297844
06/30/2010,16:00,4424.5,4438.0,4393.5,4398.5,370543,298826
07/01/2010,16:00,4398.5,4406.25,4358.5,4388.5,505855,295486
07/02/2010,16:00,4389.25,4406.25,4370.75,4381.75,317947,297274
07/06/2010,16:00,4380.25,4423.0,4366.25,4395.0,359579,305044
07/07/2010,16:00,4395.25,4450.0,4382.25,4450.0,304126,297494
07/08/2010,16:00,4449.25,4463.75,4435.0,4458.5,310109,318412
07/09/2010,16:00,4457.25,4475.75,4449.75,4472.0,207835,313233
07/12/2010,16:00,4472.0,4490.25,4461.75,4480.75,238450,316627
07/13/2010,16:00,4479.5,4510.0,4478.5,4503.0,310229,315824
07/14/2010,16:00,4520.5,4526.75,4498.5,4511.75,336833,314157
07/15/2010,16:00,4510.75,4525.0,4489.0,4509.75,366657,307548
07/16/2010,16:00,4510.0,4516.5,4460.5,4462.5,397734,322306
07/19/2010,16:00,4461.0,4481.75,4443.0,4466.0,301727,312258
07/20/2010,16:00,4465.75,4501.75,4442.25,4500.25,350306,314802
07/21/2010,16:00,4500.25,4520.5,4471.5,4476.0,401877,315400
07/22/2010,16:00,4476.0,4529.75,4473.0,4513.25,349001,325157
07/23/2010,16:00,4511.0,4536.75,4504.75,4534.25,326684,324966
07/26/2010,16:00,4534.25,4548.75,4526.5,4548.0,254147,322988
07/27/2010,16:00,4548.0,4561.25,4538.75,4547.0,270426,323682
07/28/2010,16:00,4546.25,4555.25,4525.25,4530.25,253384,331519
07/29/2010,16:00,4530.75,4547.0,4499.0,4517.75,384506,332146
07/30/2010,16:00,4517.5,4534.0,4492.0,4522.75,355325,338776
08/02/2010,16:00,4529.25,4562.25,4525.0,4554.75,244657,345704
08/03/2010,16:00,4554.25,4558.75,4540.25,4553.5,215692,347536
08/04/2010,16:00,4553.0,4570.5,4543.75,4565.75,276207,350332
08/05/2010,16:00,4566.75,4573.25,4551.5,4561.5,224033,349064
08/06/2010,16:00,4563.0,4568.25,4531.75,4563.0,373034,352558
08/09/2010,16:00,4563.0,4578.5,4559.0,4574.25,184344,357905
08/10/2010,16:00,4574.5,4574.5,4541.25,4557.0,344656,361810
08/11/2010,16:00,4557.5,4558.5,4497.5,4498.25,407601,346169
08/12/2010,16:00,4497.75,4498.75,4466.75,4487.75,349332,347117
08/13/2010,16:00,4490.5,4503.25,4475.75,4475.75,239248,345873
08/16/2010,16:00,4478.25,4493.75,4460.5,4480.5,286982,342215
08/17/2010,16:00,4479.75,4521.0,4477.5,4500.0,271497,346126
08/18/2010,16:00,4500.5,4522.75,4491.5,4497.25,298743,345253
08/19/2010,16:00,4499.25,4511.0,4470.75,4480.5,346596,336941
08/20/2010,16:00,4480.5,4490.25,4469.0,4486.0,264182,333829
08/23/2010,16:00,4486.0,4503.25,4465.25,4470.0,275129,348398
08/24/2010,16:00,4469.75,4470.75,4426.5,4434.25,317739,351458
08/25/2010,16:00,4434.5,4459.0,4417.25,4450.25,354186,345599
08/26/2010,16:00,4450.5,4463.25,4425.5,4428.0,325465,358403
08/27/2010,16:00,4426.5,4455.0,4404.5,4449.75,391994,347647
08/30/2010,16:00,4449.75,4466.0,4428.75,4429.25,255852,351428
08/31/2010,16:00,4429.0,4442.25,4415.0,4427.0,360795,355936
09/01/2010,16:00,4427.0,4485.5,4427.0,4480.5,389294,338225
09/02/2010,16:00,4481.0,4501.75,4473.5,4497.75,250865,341177
09/03/2010,16:00,4499.25,4531.75,4495.0,4527.5,306188,342529
09/07/2010,16:00,4529.75,4534.25,4514.25,4518.0,271396,345499
09/08/2010,16:00,4517.75,4548.5,4512.75,4538.0,308420,339352
09/09/2010,16:00,4538.5,4558.5,4535.75,4546.25,164119,74652
09/10/2010,16:00,4547.0,4557.25,4540.5,4552.75,269598,129297
09/13/2010,16:00,4558.75,4585.75,4558.25,4579.75,320178,187238
09/14/2010,16:00,4578.75,4599.0,4572.75,4585.5,372238,236502
09/15/2010,16:00,4586.75,4603.25,4577.25,4602.5,325442,297170
09/16/2010,16:00,4602.5,4616.25,4592.5,4612.75,328922,325547
09/17/2010,16:00,4616.0,4633.0,4605.5,4615.75,305013,329529
09/20/2010,16:00,4613.5,4653.75,4610.25,4644.75,284093,343142
09/21/2010,16:00,4645.0,4663.25,4640.0,4648.5,319921,336458
09/22/2010,16:00,4648.5,4657.75,4633.5,4642.5,336151,375147
09/23/2010,16:00,4642.5,4663.25,4625.5,4644.5,378087,394965
09/24/2010,16:00,4645.75,4685.0,4641.75,4681.25,304445,408767
09/27/2010,16:00,4681.75,4695.0,4670.25,4670.25,233636,398794
09/28/2010,16:00,4671.0,4687.5,4640.25,4671.5,440359,412641
09/29/2010,16:00,4672.75,4681.5,4661.5,4672.0,274660,423234
09/30/2010,16:00,4672.0,4691.25,4646.25,4658.5,444527,425807
10/01/2010,16:00,4658.5,4678.5,4648.0,4657.5,321294,430232
10/04/2010,16:00,4657.5,4660.75,4624.0,4640.0,298949,440261
10/05/2010,16:00,4640.25,4688.0,4638.5,4681.5,352212,459409
10/06/2010,16:00,4681.75,4687.5,4653.25,4667.25,334881,446950
10/07/2010,16:00,4667.25,4682.75,4656.75,4677.0,285357,438045
10/08/2010,16:00,4677.0,4692.25,4645.0,4683.75,313502,444846
10/11/2010,16:00,4686.0,4698.0,4681.75,4688.5,175827,437941
10/12/2010,16:00,4688.25,4706.5,4667.25,4700.0,319824,442447
10/13/2010,16:00,4705.0,4728.25,4698.75,4719.0,296220,443484
10/14/2010,16:00,4719.5,4730.5,4704.25,4725.0,316761,441192
10/15/2010,16:00,4728.0,4760.75,4723.25,4758.0,374142,440094
10/18/2010,16:00,4758.0,4767.75,4745.75,4757.5,254281,428757
10/19/2010,16:00,4755.0,4766.0,4714.5,4730.5,474153,431451
10/20/2010,16:00,4731.0,4761.5,4725.5,4746.75,288963,445373
10/21/2010,16:00,4748.0,4767.5,4729.75,4743.0,327967,434119
10/22/2010,16:00,4743.5,4767.5,4740.0,4767.0,206996,439322
10/25/2010,16:00,4767.0,4788.5,4765.0,4771.5,241766,436843
10/26/2010,16:00,4772.25,4785.0,4755.5,4779.0,255462,452922
10/27/2010,16:00,4780.25,4788.0,4765.25,4786.75,267310,447152
10/28/2010,16:00,4786.5,4799.75,4772.25,4788.75,306514,441997
10/29/2010,16:00,4789.75,4798.5,4779.75,4785.0,232478,439844
11/01/2010,16:00,4785.0,4809.5,4778.0,4792.0,286483,441286
11/02/2010,16:00,4791.25,4816.75,4789.25,4813.25,227217,441753
11/03/2010,16:00,4814.25,4828.5,4793.0,4827.25,348195,449653
11/04/2010,16:00,4827.5,4854.0,4825.25,4847.5,324318,450532
11/05/2010,16:00,4847.0,4854.0,4839.5,4847.75,324318,448973
11/08/2010,16:00,4843.5,4852.25,4836.5,4847.0,200812,437679
11/09/2010,16:00,4846.0,4861.0,4827.25,4839.25,269273,433857
11/10/2010,16:00,4838.25,4850.25,4823.0,4837.5,297588,452697
11/11/2010,16:00,4838.25,4838.5,4805.25,4835.5,316764,466403
11/12/2010,16:00,4834.75,4837.25,4782.25,4796.75,393579,448705
11/15/2010,16:00,4797.0,4814.0,4789.5,4791.0,259982,458016
11/16/2010,16:00,4789.75,4790.25,4746.5,4753.75,408237,464124
11/17/2010,16:00,4756.0,4772.25,4751.0,4760.0,260007,455015
11/18/2010,16:00,4760.5,4809.75,4758.75,4797.25,299550,451584
11/19/2010,16:00,4798.25,4801.75,4782.75,4796.5,216792,442747
11/22/2010,16:00,4802.0,4818.5,4783.75,4817.5,284564,441921
11/23/2010,16:00,4815.75,4817.25,4767.75,4782.0,342591,411714
11/24/2010,16:00,4780.25,4828.5,4776.0,4821.0,267835,427557
11/26/2010,16:00,4824.75,4826.25,4797.75,4809.0,112446,424292
11/29/2010,16:00,4809.0,4823.25,4780.75,4808.5,294225,407875
11/30/2010,16:00,4807.75,4810.5,4772.25,4780.0,320212,400142
12/01/2010,16:00,4780.0,4837.0,4773.75,4821.5,307681,427864
12/02/2010,16:00,4822.0,4851.75,4819.75,4850.0,235665,427330
12/03/2010,16:00,4851.0,4858.0,4830.75,4850.25,182022,426724
12/06/2010,16:00,4850.25,4856.75,4840.0,4853.5,173121,411652
12/07/2010,16:00,4854.25,4880.0,4848.5,4853.0,235786,407022
12/08/2010,16:00,4853.25,4865.0,4843.0,4863.5,206132,391360
12/09/2010,16:00,4863.25,4877.75,4857.0,4864.25,138076,81529
12/10/2010,16:00,4862.25,4881.25,4860.5,4879.5,199312,145928
12/13/2010,16:00,4878.25,4890.0,4870.0,4875.0,257758,191523
12/14/2010,16:00,4873.5,4884.25,4868.75,4878.5,255796,249371
12/15/2010,16:00,4879.25,4888.0,4860.5,4865.75,320618,308937
12/16/2010,16:00,4866.25,4889.25,4861.75,4883.75,243753,333822
12/17/2010,16:00,4886.5,4891.0,4876.75,4877.75,158393,332319
12/20/2010,16:00,4880.5,4894.5,4870.0,4884.75,172358,330887
12/21/2010,16:00,4884.5,4901.5,4883.75,4899.75,103147,333497
12/22/2010,16:00,4898.25,4902.75,4894.75,4900.5,89776,329939
12/23/2010,16:00,4901.25,4903.5,4888.25,4895.0,87905,319294
12/27/2010,16:00,4891.75,4898.5,4871.75,4894.5,139752,331091
12/28/2010,16:00,4893.75,4901.5,4885.75,4890.0,80279,323161
12/29/2010,16:00,4891.75,4900.25,4888.75,4893.0,64609,326653
12/30/2010,16:00,4893.0,4897.25,4886.0,4889.0,85956,330962
12/31/2010,16:00,4889.75,4893.5,4872.0,4880.5,100071,328097
01/03/2011,16:00,4880.5,4932.25,4880.5,4915.0,276753,367978
01/04/2011,16:00,4914.25,4927.0,4901.0,4910.0,216365,358623
01/05/2011,16:00,4911.25,4936.25,4894.0,4934.25,213120,372554
01/06/2011,16:00,4935.25,4943.75,4931.75,4940.75,177334,368408
01/07/2011,16:00,4941.5,4946.75,4916.5,4937.5,279363,367230
01/10/2011,16:00,4936.75,4951.5,4925.25,4947.0,197994,365344
01/11/2011,16:00,4946.5,4959.75,4942.5,4950.0,208383,353688
01/12/2011,16:00,4950.5,4971.25,4948.5,4969.0,176801,357552
01/13/2011,16:00,4969.25,4974.0,4961.25,4967.25,185940,350845
01/14/2011,16:00,4968.25,4987.5,4962.0,4984.5,177966,358615
01/18/2011,16:00,4956.75,4997.0,4949.75,4995.25,289649,375241
01/19/2011,16:00,4996.0,5011.0,4957.5,4959.0,293316,371487
01/20/2011,16:00,4962.25,4964.0,4931.5,4946.0,351068,375596
01/21/2011,16:00,4946.25,4964.75,4930.25,4933.5,252574,366684
01/24/2011,16:00,4933.25,4965.25,4929.0,4962.5,222971,386317
01/25/2011,16:00,4962.5,4967.75,4945.75,4965.75,250703,382582
01/26/2011,16:00,4964.75,4984.5,4962.5,4983.0,218232,379195
01/27/2011,16:00,4982.5,4999.0,4977.75,4987.5,242547,373103
01/28/2011,16:00,4986.5,4995.5,4922.5,4932.5,434902,363658
01/31/2011,16:00,4932.5,4950.5,4913.0,4944.5,316720,336077
02/01/2011,16:00,4948.5,4992.75,4945.75,4987.0,300511,365526
02/02/2011,16:00,4985.25,4992.25,4976.5,4984.25,193313,361694
02/03/2011,16:00,4983.5,4990.75,4960.25,4986.25,258037,356421
02/04/2011,16:00,4986.75,5004.0,4981.0,5002.0,224139,352239
02/07/2011,16:00,5002.25,5024.25,4999.0,5009.5,240695,353310
02/08/2011,16:00,5008.25,5028.5,5005.75,5027.25,187536,349758
02/09/2011,16:00,5027.0,5030.0,5015.0,5026.75,198569,344833
02/10/2011,16:00,5021.5,5029.5,5002.75,5026.25,334186,359153
02/11/2011,16:00,5024.5,5045.0,5012.25,5042.75,191884,353492
02/14/2011,16:00,5042.75,5052.0,5040.0,5046.25,153281,351558
02/15/2011,16:00,5046.25,5050.0,5035.25,5046.0,166706,352466
02/16/2011,16:00,5045.75,5067.5,5044.25,5056.5,230670,355668
02/17/2011,16:00,5056.5,5065.25,5048.0,5058.0,197725,362402
02/18/2011,16:00,5058.25,5065.0,5046.5,5059.5,183849,372510
02/22/2011,16:00,5058.0,5058.5,4980.0,4986.25,450245,387305
02/23/2011,16:00,4986.5,4999.25,4949.5,4968.0,407845,361644
02/24/2011,16:00,4967.25,4985.5,4944.75,4972.75,362545,363720
02/25/2011,16:00,4974.5,5014.75,4970.0,5010.25,244697,374808
02/28/2011,16:00,5009.75,5027.5,4999.25,5015.25,232535,366709
03/01/2011,16:00,5015.25,5036.25,4972.0,4976.0,349697,357949
03/02/2011,16:00,4975.75,5005.5,4966.25,4987.75,335530,352825
03/03/2011,16:00,4986.5,5040.5,4985.75,5036.25,288788,380496
03/04/2011,16:00,5035.75,5043.25,5008.75,5024.25,299221,366337
03/07/2011,16:00,5024.75,5038.75,4970.75,4989.0,402341,360571
03/08/2011,16:00,4988.5,5012.5,4975.0,4998.25,363782,356775
03/09/2011,16:00,4997.25,5005.0,4972.75,4975.0,374399,335765
03/10/2011,16:00,4976.25,4979.75,4939.75,4947.5,219741,82465
03/11/2011,16:00,4946.25,4970.75,4929.5,4969.5,320304,126368
03/14/2011,16:00,4964.75,4967.5,4937.75,4956.25,420634,171870
03/15/2011,16:00,4956.0,4959.75,4880.5,4911.75,430853,201862
03/16/2011,16:00,4912.5,4928.5,4853.25,4875.25,628574,249110
03/17/2011,16:00,4875.75,4912.5,4852.5,4892.75,373620,270123
03/18/2011,16:00,4892.25,4920.5,4881.75,4888.25,356862,280988
03/21/2011,16:00,4889.75,4938.25,4885.75,4921.25,250481,277868
03/22/2011,16:00,4923.0,4931.0,4916.0,4924.0,214276,274758
03/23/2011,16:00,4922.75,4941.5,4898.75,4931.75,277187,284850
03/24/2011,16:00,4931.75,4980.25,4929.0,4975.25,289374,293449
03/25/2011,16:00,4972.25,5001.75,4970.75,4983.75,256984,302200
03/28/2011,16:00,4983.0,4995.25,4961.5,4962.5,205806,299841
03/29/2011,16:00,4963.5,4991.5,4956.25,4989.25,221150,314537
03/30/2011,16:00,4989.0,5010.0,4987.0,5001.25,181624,317776
03/31/2011,16:00,5001.0,5008.25,4994.25,5003.0,177992,329784
04/01/2011,16:00,5003.0,5024.75,5000.0,5005.25,227985,347297
04/04/2011,16:00,5004.0,5016.5,4988.75,5007.25,213559,360012
04/05/2011,16:00,5007.75,5009.75,4985.0,4990.0,246330,360711
04/06/2011,16:00,4990.75,5016.75,4983.5,4992.25,260050,358939
04/07/2011,16:00,4992.25,5011.0,4978.5,4996.0,299965,352552
04/08/2011,16:00,4995.75,5009.5,4971.5,4984.75,231045,349496
04/11/2011,16:00,4989.5,5000.75,4968.75,4974.75,224000,348113
04/12/2011,16:00,4976.25,4976.75,4951.75,4959.75,288991,335461
04/13/2011,16:00,4959.0,4986.25,4958.25,4975.25,287483,334580
04/14/2011,16:00,4975.75,4978.75,4954.25,4967.5,291384,334992
04/15/2011,16:00,4968.5,4980.5,4956.0,4976.5,236995,332171
04/18/2011,16:00,4974.75,4976.75,4917.0,4956.75,376034,321974
04/19/2011,16:00,4955.75,4984.25,4944.5,4977.75,226895,315173
04/20/2011,16:00,4980.5,5030.5,4979.75,5021.75,307353,343666
04/21/2011,16:00,5022.75,5049.5,5022.75,5042.25,242215,351746
04/25/2011,16:00,5039.75,5049.0,5038.5,5044.25,115169,353674
04/26/2011,16:00,5044.0,5068.75,5039.5,5051.5,226453,364476
04/27/2011,16:00,5054.75,5079.5,5054.0,5075.75,213497,379858
04/28/2011,16:00,5076.0,5082.5,5063.0,5068.5,229280,383427
04/29/2011,16:00,5067.75,5079.25,5064.0,5067.5,164125,391368
05/02/2011,16:00,5074.75,5094.75,5060.25,5068.25,286554,397399
05/03/2011,16:00,5069.5,5069.75,5040.75,5056.5,287245,411354
05/04/2011,16:00,5056.5,5062.75,5031.5,5050.75,300764,408581
05/05/2011,16:00,5051.75,5066.5,5030.25,5045.75,393338,404477
05/06/2011,16:00,5045.25,5076.5,5039.5,5040.25,358939,400545
05/09/2011,16:00,5044.75,5064.75,5040.75,5053.25,265715,395331
05/10/2011,16:00,5053.0,5078.75,5049.5,5076.0,291892,398272
05/11/2011,16:00,5074.25,5082.0,5040.75,5060.25,297723,382128
05/12/2011,16:00,5060.5,5076.0,5035.75,5073.75,288507,391246
05/13/2011,16:00,5074.75,5081.0,5035.75,5036.75,300837,370719
05/16/2011,16:00,5032.75,5039.5,4996.0,5001.25,405609,365981
05/17/2011,16:00,5000.5,5012.75,4985.0,5004.0,338037,361493
05/18/2011,16:00,5008.0,5031.75,5000.25,5028.25,232300,341719
05/19/2011,16:00,5028.75,5040.0,5020.25,5035.75,228801,345695
05/20/2011,16:00,5035.25,5039.5,5009.0,5010.25,257419,347082
05/23/2011,16:00,5008.25,5009.5,4971.0,4982.25,247592,345884
05/24/2011,16:00,4982.25,4991.0,4965.5,4968.5,244139,343278
05/25/2011,16:00,4967.5,4987.5,4947.75,4976.25,261109,343548
05/26/2011,16:00,4976.5,4997.75,4968.75,4992.0,246269,331423
05/27/2011,16:00,4993.25,5005.25,4989.0,4999.25,154910,326967
05/31/2011,16:00,5001.0,5044.5,4997.5,5038.5,251027,349703
06/01/2011,16:00,5038.5,5047.5,4984.75,4986.25,325409,346013
06/02/2011,16:00,4987.25,5002.25,4980.5,4992.75,278595,338928
06/03/2011,16:00,4992.5,4994.75,4951.5,4954.25,288850,332117
06/06/2011,16:00,4955.25,4966.0,4938.0,4940.75,222242,328318
06/07/2011,16:00,4940.75,4955.0,4934.75,4940.5,226064,327133
06/08/2011,16:00,4940.25,4944.75,4913.5,4914.75,274206,315792
06/09/2011,16:00,4915.5,4934.25,4912.25,4919.5,98538,57540
06/10/2011,16:00,4920.5,4922.25,4885.5,4888.25,226830,91471
06/13/2011,16:00,4888.75,4900.75,4881.5,4890.25,256048,138966
06/14/2011,16:00,4894.0,4923.25,4887.25,4917.5,324061,224819
06/15/2011,16:00,4916.0,4917.25,4870.25,4875.5,408611,257552
06/16/2011,16:00,4877.0,4884.5,4847.0,4866.0,360888,273581
06/17/2011,16:00,4866.0,4889.25,4853.0,4860.75,308529,281390
06/20/2011,16:00,4860.0,4877.5,4844.5,4870.5,215125,276875
06/21/2011,16:00,4870.0,4920.25,4868.5,4914.5,339993,287392
06/22/2011,16:00,4913.75,4921.25,4899.25,4900.0,223745,277427
06/23/2011,16:00,4899.5,4924.0,4870.0,4908.0,415542,277621
06/24/2011,16:00,4908.0,4929.0,4877.25,4878.25,316081,275309
06/27/2011,16:00,4879.25,4930.5,4862.0,4919.5,287433,265454
06/28/2011,16:00,4921.0,4955.5,4912.0,4954.5,237750,267788
06/29/2011,16:00,4953.5,4971.0,4945.25,4964.5,252700,266315
06/30/2011,16:00,4963.75,4994.0,4958.0,4991.5,201935,274045
07/01/2011,16:00,4991.5,5031.25,4987.25,5025.75,238609,288216
07/05/2011,16:00,5036.5,5042.5,5022.0,5042.5,249553,292509
07/06/2011,16:00,5040.5,5051.25,5029.0,5045.75,257899,300440
07/07/2011,16:00,5046.5,5086.5,5046.25,5086.0,214745,316826
07/08/2011,16:00,5085.75,5092.25,5046.25,5079.0,283491,337636
07/11/2011,16:00,5074.75,5074.75,5021.75,5037.5,280079,343656
07/12/2011,16:00,5036.25,5037.0,5001.0,5015.0,304899,356085
07/13/2011,16:00,5015.0,5045.5,5008.25,5015.0,267288,373043
07/14/2011,16:00,5016.25,5038.75,4985.0,5004.5,344083,368293
07/15/2011,16:00,5008.5,5029.25,5002.0,5026.0,254820,364426
07/18/2011,16:00,5025.0,5025.5,4989.25,5010.5,249078,345789
07/19/2011,16:00,5012.25,5070.25,5009.5,5059.5,275586,363406
07/20/2011,16:00,5060.25,5084.0,5051.5,5052.25,253753,345866
07/21/2011,16:00,5052.25,5085.0,5035.5,5080.5,278950,351597
07/22/2011,16:00,5073.0,5100.25,5066.75,5098.5,184217,353045
07/25/2011,16:00,5088.25,5105.0,5050.5,5094.0,195167,357365
07/26/2011,16:00,5093.5,5106.0,5083.25,5094.0,185139,359272
07/27/2011,16:00,5095.0,5096.25,5028.25,5028.25,328563,351114
07/28/2011,16:00,5030.5,5069.25,5026.25,5040.5,287066,358221
07/29/2011,16:00,5041.25,5055.75,5008.5,5029.75,335802,367656
08/01/2011,16:00,5029.75,5065.5,4991.25,5016.5,356651,349073
08/02/2011,16:00,5017.75,5025.75,4956.25,4958.75,340611,348753
08/03/2011,16:00,4960.5,4985.0,4923.5,4973.0,448373,336555
08/04/2011,16:00,4974.25,4990.0,4865.5,4880.0,536231,326518
08/05/2011,16:00,4880.5,4909.75,4799.25,4857.5,683266,310215
08/08/2011,16:00,4815.5,4841.25,4702.0,4708.5,731047,327148
08/09/2011,16:00,4713.5,4831.75,4642.75,4825.5,715540,323873
08/10/2011,16:00,4824.5,4838.75,4736.25,4755.5,543270,326467
08/11/2011,16:00,4753.25,4855.0,4728.0,4828.5,421381,330955
08/12/2011,16:00,4828.5,4863.0,4784.5,4848.0,292340,333466
08/15/2011,16:00,4854.25,4882.0,4847.0,4877.0,224281,339517
08/16/2011,16:00,4875.0,4881.75,4834.0,4869.5,294934,337094
08/17/2011,16:00,4868.5,4884.5,4827.75,4845.75,273534,338192
08/18/2011,16:00,4846.25,4846.25,4723.5,4752.5,444399,342066
08/19/2011,16:00,4755.25,4772.5,4704.25,4711.5,374568,350733
08/22/2011,16:00,4711.5,4756.0,4692.75,4714.5,254177,348637
08/23/2011,16:00,4717.25,4799.75,4707.5,4794.5,273713,354190
08/24/2011,16:00,4794.5,4818.0,4766.75,4809.5,270378,361556
08/25/2011,16:00,4809.25,4822.5,4771.5,4781.5,308466,367312
08/26/2011,16:00,4781.5,4839.5,4751.25,4834.5,344089,369138
08/29/2011,16:00,4834.5,4895.5,4828.5,4890.5,198317,368779
08/30/2011,16:00,4890.0,4920.0,4871.75,4897.5,254838,366195
08/31/2011,16:00,4896.5,4939.0,4891.75,4911.25,285780,363949
09/01/2011,16:00,4911.25,4934.25,4886.0,4887.75,262316,365630
09/02/2011,16:00,4887.5,4892.25,4826.25,4835.25,271645,371677
09/06/2011,16:00,4795.5,4841.75,4778.75,4835.75,341285,384855
09/07/2011,16:00,4836.0,4895.0,4835.25,4892.5,252548,390300
09/08/2011,16:00,4895.5,4914.5,4876.25,4887.5,120990,49674
09/09/2011,16:00,4886.0,4898.75,4820.5,4839.75,291776,81938
09/12/2011,16:00,4815.5,4869.5,4792.5,4865.75,355402,164296
09/13/2011,16:00,4865.25,4895.5,4837.0,4890.5,374107,220554
09/14/2011,16:00,4891.0,4948.25,4861.5,4921.75,401860,265166
09/15/2011,16:00,4922.0,4962.0,4914.75,4959.5,400800,288499
09/16/2011,16:00,4956.75,4983.75,4944.75,4982.75,313377,297813
09/19/2011,16:00,4963.5,4990.0,4929.75,4976.5,317744,305449
09/20/2011,16:00,4974.25,5008.0,4959.25,4972.0,325787,309653
09/21/2011,16:00,4972.5,4993.5,4919.75,4921.0,353504,315020
09/22/2011,16:00,4921.25,4925.0,4820.0,4850.0,581136,322241
09/23/2011,16:00,4853.25,4885.75,4809.5,4877.5,398446,312185
09/26/2011,16:00,4866.0,4908.0,4837.75,4901.5,390098,311801
09/27/2011,16:00,4902.0,4960.75,4896.75,4929.5,351571,316322
09/28/2011,16:00,4927.75,4951.25,4887.5,4894.0,325688,313710
09/29/2011,16:00,4892.75,4935.25,4828.0,4865.0,405111,311159
09/30/2011,16:00,4868.5,4874.0,4797.75,4810.0,386656,326012
10/03/2011,16:00,4802.0,4823.5,4738.25,4740.75,453776,321038
10/04/2011,16:00,4742.75,4802.25,4711.25,4789.0,537716,322617
10/05/2011,16:00,4788.25,4857.5,4774.75,4843.0,402321,313116
10/06/2011,16:00,4842.75,4889.25,4824.0,4880.25,386531,311539
10/07/2011,16:00,4880.0,4902.5,4859.25,4877.25,354155,297846
10/10/2011,16:00,4881.5,4952.75,4878.5,4952.25,223258,298353
10/11/2011,16:00,4950.75,4971.75,4937.75,4964.0,243144,298743
10/12/2011,16:00,4962.5,5004.5,4950.0,4972.0,304865,303711
10/13/2011,16:00,4975.25,5011.75,4964.5,5001.5,315723,306405
10/14/2011,16:00,5001.75,5044.5,4995.75,5042.75,274440,306047
10/17/2011,16:00,5042.75,5064.0,4992.5,4996.5,314777,306305
10/18/2011,16:00,4996.5,5047.0,4980.25,5039.25,381902,324448
10/19/2011,16:00,5040.75,5043.75,4981.25,4993.5,332866,327734
10/20/2011,16:00,4991.75,5008.25,4944.0,4976.5,351193,325546
10/21/2011,16:00,4972.5,5021.0,4971.5,5009.75,259719,320273
10/24/2011,16:00,5002.25,5061.25,4995.75,5050.25,241760,338629
10/25/2011,16:00,5050.5,5062.25,4991.5,4997.25,325017,337283
10/26/2011,16:00,4998.75,5025.75,4962.25,5002.0,322352,343308
10/27/2011,16:00,5005.25,5084.25,5004.5,5069.25,329377,351880
10/28/2011,16:00,5069.25,5077.25,5054.0,5072.0,213787,344531
10/31/2011,16:00,5073.25,5073.5,5026.0,5031.5,243862,345907
11/01/2011,16:00,5031.5,5031.5,4958.25,4979.0,445641,339377
11/02/2011,16:00,4978.5,5005.25,4968.75,4990.0,285448,327884
11/03/2011,16:00,4992.5,5042.0,4954.5,5036.5,322415,333973
11/04/2011,16:00,5037.5,5040.0,5002.5,5026.5,235043,335366
11/07/2011,16:00,5032.0,5047.0,4995.0,5045.25,245858,338111
11/08/2011,16:00,5044.5,5075.0,5030.75,5070.0,251312,345941
11/09/2011,16:00,5070.25,5073.0,4978.0,4986.5,337138,333198
11/10/2011,16:00,4988.0,5019.5,4962.0,4979.0,301449,324293
11/11/2011,16:00,4984.0,5035.75,4977.0,5025.75,187760,328212
11/14/2011,16:00,5030.5,5042.0,5005.25,5018.5,184831,328515
11/15/2011,16:00,5018.75,5049.75,4985.5,5035.25,257276,345477
11/16/2011,16:00,5037.0,5047.0,4987.75,4989.25,285487,336664
11/17/2011,16:00,4989.75,5008.25,4931.5,4943.75,369831,330511
11/18/2011,16:00,4945.5,4965.5,4924.5,4925.25,257930,327941
11/21/2011,16:00,4919.5,4919.5,4862.5,4889.0,300992,324872
11/22/2011,16:00,4890.75,4902.25,4866.25,4889.75,264163,319131
11/23/2011,16:00,4889.5,4892.25,4836.5,4836.5,252323,310084
11/25/2011,16:00,4832.75,4860.0,4811.25,4823.0,162261,304863
11/28/2011,16:00,4858.5,4903.5,4853.75,4896.5,288245,296513
11/29/2011,16:00,4896.5,4920.5,4880.75,4888.0,272608,294212
11/30/2011,16:00,4887.5,4972.0,4871.75,4970.5,296698,300034
12/01/2011,16:00,4970.5,4991.0,4959.5,4984.75,226157,305999
12/02/2011,16:00,4984.75,5020.25,4976.25,4978.75,201365,308489
12/05/2011,16:00,4984.5,5019.25,4984.5,5000.5,228283,309449
12/06/2011,16:00,4995.5,5017.0,4988.25,4997.0,212669,315824
12/07/2011,16:00,4997.5,5019.25,4967.0,4997.0,15446,16310
12/08/2011,16:00,5002.0,5016.25,4953.5,4960.75,105370,43203
12/09/2011,16:00,4960.0,5002.25,4944.25,4997.75,234510,94750
12/12/2011,16:00,4995.25,5001.25,4949.25,4969.75,282062,149485
12/13/2011,16:00,4970.75,4994.0,4934.25,4946.75,353267,214012
12/14/2011,16:00,4946.0,4955.75,4895.25,4907.75,341733,246099
12/15/2011,16:00,4908.5,4931.25,4894.25,4902.5,243508,255199
12/16/2011,16:00,4902.5,4943.5,4901.0,4912.0,214925,256047
12/19/2011,16:00,4914.25,4930.25,4883.5,4891.75,183913,251060
12/20/2011,16:00,4893.25,4962.5,4891.5,4946.0,227829,255790
12/21/2011,16:00,4948.75,4970.5,4897.0,4918.25,248778,256505
12/22/2011,16:00,4920.25,4943.5,4913.75,4940.0,128977,250109
12/23/2011,16:00,4941.25,4962.5,4939.5,4957.75,72450,254109
12/27/2011,16:00,4959.25,4975.75,4954.25,4963.75,73764,255946
12/28/2011,16:00,4963.75,4971.5,4933.0,4938.75,128306,254965
12/29/2011,16:00,4941.5,4961.25,4937.5,4956.5,100733,253950
12/30/2011,16:00,4957.5,4963.75,4949.5,4953.75,69032,255464
01/03/2012,16:00,4991.75,5007.5,4987.25,4995.25,177461,264616
01/04/2012,16:00,4995.5,5008.75,4981.75,5008.0,142882,268878
01/05/2012,16:00,5008.25,5026.75,4988.5,5018.75,195109,285434
01/06/2012,16:00,5019.5,5038.0,5011.75,5031.5,158875,290923
01/09/2012,16:00,5032.5,5042.75,5017.75,5026.0,152188,294258
01/10/2012,16:00,5025.75,5057.5,5025.5,5042.75,147334,298216
01/11/2012,16:00,5042.5,5052.5,5031.75,5046.25,173538,312707
01/12/2012,16:00,5046.25,5062.25,5035.0,5057.75,160555,319406
01/13/2012,16:00,5057.25,5066.0,5027.75,5052.75,199235,317244
01/17/2012,16:00,5046.5,5080.25,5040.75,5069.0,190236,328086
01/18/2012,16:00,5069.5,5102.25,5067.0,5099.75,214767,346899
01/19/2012,16:00,5099.5,5121.75,5097.75,5104.5,185083,358263
01/20/2012,16:00,5107.25,5116.25,5102.0,5114.0,153095,367921
01/23/2012,16:00,5109.25,5131.5,5100.0,5114.25,165315,370479
01/24/2012,16:00,5114.75,5119.0,5098.75,5116.75,146667,375313
01/25/2012,16:00,5117.25,5148.25,5116.0,5139.75,249740,374100
01/26/2012,16:00,5139.5,5155.25,5120.0,5132.5,186795,381467
01/27/2012,16:00,5132.25,5143.75,5124.0,5135.5,169927,378167
01/30/2012,16:00,5139.25,5144.75,5108.5,5141.25,182360,385979
01/31/2012,16:00,5141.5,5157.75,5128.0,5143.5,271817,381985
02/01/2012,16:00,5134.25,5173.5,5132.75,5166.75,206687,388383
02/02/2012,16:00,5167.75,5180.0,5158.75,5170.75,191477,392395
02/03/2012,16:00,5171.25,5209.25,5169.0,5202.25,168427,380770
02/06/2012,16:00,5199.0,5205.5,5189.75,5205.0,156417,380510
02/07/2012,16:00,5204.0,5214.0,5191.0,5208.5,176247,385159
02/08/2012,16:00,5208.0,5226.75,5200.25,5224.0,198952,385989
02/09/2012,16:00,5224.25,5244.25,5214.5,5240.25,244811,407444
02/10/2012,16:00,5240.5,5240.5,5214.5,5227.75,228662,423609
02/13/2012,16:00,5236.0,5250.5,5231.0,5247.0,165757,431337
02/14/2012,16:00,5248.75,5256.75,5232.5,5255.25,193336,437197
02/15/2012,16:00,5255.75,5279.75,5231.75,5236.75,393394,446156
02/16/2012,16:00,5235.75,5273.5,5222.0,5272.75,313173,467066
02/17/2012,16:00,5273.0,5276.75,5251.25,5261.25,216108,458603
02/21/2012,16:00,5273.0,5281.0,5253.5,5270.25,187245,461464
02/22/2012,16:00,5269.5,5279.75,5254.5,5258.0,186677,466015
02/23/2012,16:00,5258.25,5281.25,5248.5,5280.0,229551,477310
02/24/2012,16:00,5279.5,5288.75,5277.25,5280.75,147647,473004
02/27/2012,16:00,5281.75,5296.0,5258.0,5287.25,209203,475748
02/28/2012,16:00,5288.75,5314.25,5286.75,5311.25,199721,479996
02/29/2012,16:00,5311.5,5324.5,5293.5,5302.25,258510,477646
03/01/2012,16:00,5302.25,5325.5,5295.75,5322.5,257365,480380
03/02/2012,16:00,5323.75,5329.25,5312.0,5322.75,179764,477388
03/05/2012,16:00,5319.0,5324.25,5284.75,5295.25,223081,465212
03/06/2012,16:00,5295.0,5296.75,5254.25,5268.75,285518,475855
03/07/2012,16:00,5269.0,5293.75,5267.5,5288.0,260566,471684
03/08/2012,16:00,5286.5,5324.75,5284.0,5317.75,179870,136324
03/09/2012,16:00,5319.5,5332.5,5311.25,5328.5,200242,194964
03/12/2012,16:00,5327.75,5332.5,5315.5,5331.75,253182,272870
03/13/2012,16:00,5331.0,5381.25,5330.0,5378.75,357188,378230
03/14/2012,16:00,5377.5,5398.5,5370.75,5387.5,341477,419810
03/15/2012,16:00,5387.0,5402.0,5381.75,5396.5,304394,432415
03/16/2012,16:00,5396.0,5404.75,5387.5,5393.75,196864,441184
03/19/2012,16:00,5393.25,5419.75,5385.0,5412.5,229820,441567
03/20/2012,16:00,5414.0,5422.75,5392.0,5420.25,212356,441649
03/21/2012,16:00,5421.0,5433.25,5414.75,5420.0,210535,436403
03/22/2012,16:00,5419.5,5425.5,5400.25,5416.0,233139,440336
03/23/2012,16:00,5417.25,5431.25,5395.5,5413.5,198235,438194
03/26/2012,16:00,5414.5,5462.75,5413.75,5461.75,202381,442401
03/27/2012,16:00,5460.5,5474.25,5456.75,5460.5,179109,434823
03/28/2012,16:00,5461.0,5475.0,5435.0,5452.75,238252,437201
03/29/2012,16:00,5450.0,5458.0,5421.75,5443.0,246572,444562
03/30/2012,16:00,5443.75,5458.0,5425.0,5435.5,209242,447711
04/02/2012,16:00,5442.75,5468.5,5428.25,5461.75,210984,452176
04/03/2012,16:00,5461.75,5476.25,5447.75,5463.75,252462,446459
04/04/2012,16:00,5465.25,5465.75,5409.5,5421.25,273624,445477
04/05/2012,16:00,5423.25,5445.5,5407.25,5438.5,225937,451677
04/06/2012,16:00,5439.75,5446.0,5403.75,5438.5,14688,451315
04/09/2012,16:00,5410.5,5432.75,5403.5,5413.25,192709,450506
04/10/2012,16:00,5413.5,5430.75,5369.0,5381.75,383510,448526
04/11/2012,16:00,5383.25,5408.5,5382.25,5389.0,270038,454635
04/12/2012,16:00,5391.0,5425.0,5389.5,5423.5,283699,448477
04/13/2012,16:00,5423.25,5427.5,5375.75,5378.25,293032,431658
04/16/2012,16:00,5379.5,5394.75,5341.25,5348.5,396998,436860
04/17/2012,16:00,5349.75,5413.0,5339.0,5397.5,300859,439439
04/18/2012,16:00,5398.25,5413.0,5379.25,5379.25,285992,434989
04/19/2012,16:00,5383.0,5419.75,5356.25,5368.25,435456,432701
04/20/2012,16:00,5370.5,5392.75,5354.5,5359.0,292572,429562
04/23/2012,16:00,5355.75,5359.75,5309.75,5335.0,318640,421040
04/24/2012,16:00,5336.0,5350.75,5309.5,5317.25,265558,415394
04/25/2012,16:00,5317.25,5391.5,5316.75,5389.25,339631,415013
04/26/2012,16:00,5389.25,5411.75,5379.75,5405.0,206885,411092
04/27/2012,16:00,5404.25,5430.75,5393.5,5421.5,211998,410098
04/30/2012,16:00,5425.75,5429.0,5400.25,5404.0,198658,408235
05/01/2012,16:00,5404.0,5437.75,5395.25,5403.25,180909,409018
05/02/2012,16:00,5402.75,5416.75,5387.25,5412.25,221305,407446
05/03/2012,16:00,5412.75,5423.0,5376.75,5376.75,274369,408961
05/04/2012,16:00,5380.0,5385.25,5310.0,5310.25,320105,419720
05/07/2012,16:00,5295.0,5333.0,5271.25,5321.25,238011,420887
05/08/2012,16:00,5321.5,5326.5,5268.0,5307.5,328108,417612
05/09/2012,16:00,5309.0,5317.0,5269.0,5304.0,373576,411718
05/10/2012,16:00,5304.0,5321.25,5285.75,5303.5,312502,407607
05/11/2012,16:00,5304.0,5325.0,5282.25,5295.5,266269,399861
05/14/2012,16:00,5286.75,5297.75,5268.25,5269.75,245850,406503
05/15/2012,16:00,5271.75,5301.0,5259.25,5263.0,324953,405034
05/16/2012,16:00,5263.75,5280.75,5241.0,5242.25,283940,407494
05/17/2012,16:00,5244.5,5255.75,5189.5,5189.5,348697,406046
05/18/2012,16:00,5191.75,5206.5,5152.75,5153.0,421401,405138
05/21/2012,16:00,5157.25,5231.25,5149.75,5228.25,299364,399624
05/22/2012,16:00,5229.5,5246.25,5207.0,5220.0,293161,394405
05/23/2012,16:00,5221.75,5237.0,5182.25,5225.25,313137,388722
05/24/2012,16:00,5225.5,5241.0,5195.0,5221.0,287392,388011
05/25/2012,16:00,5221.0,5236.25,5203.0,5208.75,186910,382052
05/29/2012,16:00,5218.0,5254.75,5216.25,5244.25,289944,378872
05/30/2012,16:00,5244.75,5245.75,5205.0,5215.5,307814,384421
05/31/2012,16:00,5216.5,5227.25,5190.75,5208.75,307420,387041
06/01/2012,16:00,5204.75,5206.75,5138.75,5139.75,362792,389600
06/04/2012,16:00,5144.75,5165.0,5118.5,5153.75,283657,387063
06/05/2012,16:00,5156.5,5176.75,5144.25,5173.5,209961,377977
06/06/2012,16:00,5175.0,5236.5,5171.75,5234.75,279489,365663
06/07/2012,16:00,5235.25,5255.5,5217.0,5221.25,80662,53707
06/08/2012,16:00,5220.75,5249.5,5202.75,5247.75,186107,100801
06/11/2012,16:00,5268.0,5288.75,5199.0,5200.75,355121,186304
06/12/2012,16:00,5202.75,5237.5,5195.75,5235.75,354366,251352
06/13/2012,16:00,5234.5,5243.5,5204.75,5213.25,293707,290972
06/14/2012,16:00,5214.25,5233.5,5199.75,5225.75,338260,317784
06/15/2012,16:00,5226.5,5258.5,5224.25,5254.75,223665,325992
06/18/2012,16:00,5271.0,5285.25,5240.0,5278.25,215740,328886
06/19/2012,16:00,5280.0,5316.75,5275.75,5303.25,218312,329811
06/20/2012,16:00,5302.75,5319.0,5288.25,5308.0,257546,339420
06/21/2012,16:00,5309.0,5311.25,5239.25,5242.5,289047,340551
06/22/2012,16:00,5243.0,5272.5,5239.25,5264.25,253677,339765
06/25/2012,16:00,5264.5,5268.0,5211.75,5217.25,186964,337799
06/26/2012,16:00,5219.0,5242.5,5216.0,5239.0,194181,339251
06/27/2012,16:00,5239.0,5262.25,5233.25,5248.5,184611,350386
06/28/2012,16:00,5249.75,5255.5,5194.25,5218.5,264989,339875
06/29/2012,16:00,5219.0,5307.0,5209.5,5300.5,252211,350659
07/02/2012,16:00,5302.75,5311.0,5290.25,5305.0,187657,349480
07/03/2012,16:00,5305.75,5333.25,5304.25,5332.25,105725,353769
07/05/2012,16:00,5331.75,5346.5,5311.75,5333.25,219466,360700
07/06/2012,16:00,5333.25,5335.5,5281.25,5299.75,253562,359738
07/09/2012,16:00,5293.25,5306.25,5282.25,5296.75,163428,355799
07/10/2012,16:00,5296.75,5316.25,5259.25,5268.75,250297,348887
07/11/2012,16:00,5268.25,5280.0,5233.75,5252.25,228325,347946
07/12/2012,16:00,5254.25,5260.5,5207.25,5228.5,235274,346633
07/13/2012,16:00,5228.25,5275.5,5228.25,5267.75,187072,342056
07/16/2012,16:00,5268.0,5275.25,5252.0,5262.25,158595,339995
07/17/2012,16:00,5262.5,5284.75,5238.75,5277.75,269331,339390
07/18/2012,16:00,5278.5,5319.25,5267.5,5310.75,244551,360281
07/19/2012,16:00,5313.75,5348.75,5313.75,5343.0,254512,374173
07/20/2012,16:00,5344.25,5348.25,5303.5,5304.0,237989,366777
07/23/2012,16:00,5299.75,5303.75,5234.0,5270.0,276430,358184
07/24/2012,16:00,5270.0,5280.75,5235.75,5239.25,282945,352332
07/25/2012,16:00,5245.75,5251.5,5207.5,5234.25,270731,350125
07/26/2012,16:00,5233.75,5284.25,5220.5,5263.25,290555,345198
07/27/2012,16:00,5263.5,5336.75,5263.25,5332.75,284847,357784
07/30/2012,16:00,5330.75,5348.5,5319.0,5326.5,235413,367646
07/31/2012,16:00,5327.75,5343.25,5321.75,5327.25,215377,368192
08/01/2012,16:00,5325.5,5347.0,5309.25,5315.75,252194,366804
08/02/2012,16:00,5316.0,5339.5,5290.75,5309.25,303243,369169
08/03/2012,16:00,5310.5,5372.0,5306.75,5361.75,225449,381295
08/06/2012,16:00,5365.75,5392.5,5362.5,5377.25,160449,381910
08/07/2012,16:00,5378.5,5413.75,5377.0,5400.75,187004,392451
08/08/2012,16:00,5398.5,5407.75,5391.5,5397.5,176853,394758
08/09/2012,16:00,5398.0,5414.0,5394.25,5408.5,151552,399599
08/10/2012,16:00,5408.75,5413.75,5393.0,5411.75,145597,403816
08/13/2012,16:00,5410.75,5420.5,5396.5,5418.75,148106,402563
08/14/2012,16:00,5418.75,5433.75,5411.5,5417.5,188377,409435
08/15/2012,16:00,5416.5,5431.5,5409.25,5429.25,162515,421936
08/16/2012,16:00,5430.75,5464.75,5429.0,5454.25,208209,428426
08/17/2012,16:00,5456.5,5471.25,5454.0,5466.75,151382,428368
08/20/2012,16:00,5465.5,5475.0,5457.75,5470.75,187197,427421
08/21/2012,16:00,5471.75,5493.25,5452.25,5464.75,242251,439318
08/22/2012,16:00,5466.25,5480.5,5449.75,5472.0,247130,448203
08/23/2012,16:00,5472.75,5483.25,5444.75,5451.75,213607,442278
08/24/2012,16:00,5453.0,5476.0,5441.25,5465.75,188828,457837
08/27/2012,16:00,5474.75,5486.5,5467.25,5473.5,140197,451447
08/28/2012,16:00,5474.0,5481.25,5461.75,5471.5,173035,459271
08/29/2012,16:00,5472.75,5481.25,5462.0,5472.0,134170,461148
08/30/2012,16:00,5472.0,5473.25,5441.0,5444.5,165170,461984
08/31/2012,16:00,5445.75,5476.0,5436.0,5461.75,293090,469068
09/03/2012,16:00,5463.75,5472.25,5450.5,5470.5,16872,469210
09/04/2012,16:00,5472.0,5473.5,5433.5,5465.25,239905,454796
09/05/2012,16:00,5466.0,5471.5,5447.75,5458.25,216605,453590
09/06/2012,16:00,5458.25,5520.25,5457.25,5516.25,270232,466521
09/07/2012,16:00,5517.25,5527.0,5507.75,5513.75,194752,459349
09/10/2012,16:00,5513.0,5514.5,5475.25,5475.25,188797,444133
09/11/2012,16:00,5475.25,5490.5,5468.5,5470.0,181217,434183
09/12/2012,16:00,5472.0,5491.0,5466.0,5487.0,255194,399004
09/13/2012,16:00,5486.5,5533.25,5476.25,5518.5,154210,136658
09/14/2012,16:00,5518.0,5556.75,5518.0,5547.75,315187,231024
09/17/2012,16:00,5549.75,5550.0,5537.5,5543.75,230849,303452
09/18/2012,16:00,5544.25,5551.75,5535.75,5547.5,195602,350779
09/19/2012,16:00,5549.75,5563.75,5542.25,5551.0,219652,389325
09/20/2012,16:00,5552.25,5555.5,5534.75,5550.75,230586,399974
09/21/2012,16:00,5551.75,5569.25,5549.75,5550.0,170166,402364
09/24/2012,16:00,5549.5,5554.75,5523.75,5535.75,204718,406954
09/25/2012,16:00,5538.0,5550.5,5495.75,5500.75,235185,410224
09/26/2012,16:00,5501.75,5504.75,5459.75,5471.75,253321,404160
09/27/2012,16:00,5472.25,5518.75,5472.25,5512.0,219259,401365
09/28/2012,16:00,5512.0,5516.75,5486.25,5489.5,242772,403871
10/01/2012,16:00,5486.5,5520.0,5475.25,5485.75,261991,410315
10/02/2012,16:00,5484.5,5505.25,5470.0,5492.75,222226,412507
10/03/2012,16:00,5492.75,5514.75,5485.5,5505.5,203387,419383
10/04/2012,16:00,5506.5,5527.5,5505.25,5519.0,194754,414660
10/05/2012,16:00,5519.5,5538.25,5497.25,5501.75,209852,416780
10/08/2012,16:00,5503.75,5505.5,5472.0,5475.0,191473,410101
10/09/2012,16:00,5476.5,5484.25,5427.5,5431.5,333498,398689
10/10/2012,16:00,5432.5,5441.25,5414.75,5420.25,258892,393696
10/11/2012,16:00,5420.0,5443.0,5409.5,5410.75,248073,392513
10/12/2012,16:00,5412.0,5425.75,5404.75,5407.5,208152,391159
10/15/2012,16:00,5410.5,5433.75,5402.5,5428.75,217875,389242
10/16/2012,16:00,5430.0,5474.75,5427.25,5462.75,235193,389465
10/17/2012,16:00,5463.25,5476.25,5451.0,5468.0,228333,386052
10/18/2012,16:00,5468.5,5471.5,5425.0,5430.25,332954,384625
10/19/2012,16:00,5428.5,5435.0,5361.5,5361.5,338284,391824
10/22/2012,16:00,5362.0,5390.5,5355.0,5385.25,278347,378350
10/23/2012,16:00,5388.5,5392.75,5349.0,5358.0,356710,370712
10/24/2012,16:00,5357.5,5378.0,5343.75,5348.0,261593,366540
10/25/2012,16:00,5350.0,5371.0,5337.75,5345.5,252966,370275
10/26/2012,16:00,5349.0,5366.75,5302.0,5356.5,378539,371160
10/29/2012,16:00,5352.0,5356.5,5331.75,5356.5,19101,371325
10/30/2012,16:00,5334.75,5356.5,5323.5,5356.5,18475,371065
10/31/2012,16:00,5359.75,5374.25,5329.25,5338.0,326935,370955
11/01/2012,16:00,5331.75,5386.25,5324.75,5382.25,285578,368209
11/02/2012,16:00,5383.5,5391.5,5338.5,5338.5,287864,366579
11/05/2012,16:00,5338.0,5371.0,5332.25,5359.75,251300,363186
11/06/2012,16:00,5358.75,5389.25,5350.75,5373.25,248029,360760
11/07/2012,16:00,5374.25,5385.5,5296.5,5307.5,401571,363594
11/08/2012,16:00,5310.25,5320.75,5266.0,5269.5,384377,365512
11/09/2012,16:00,5271.0,5304.75,5253.75,5278.0,366575,368185
11/12/2012,16:00,5279.0,5294.75,5269.5,5278.5,193646,359417
11/13/2012,16:00,5279.25,5283.25,5250.5,5258.0,315321,361851
11/14/2012,16:00,5265.0,5283.25,5224.0,5227.0,365096,376659
11/15/2012,16:00,5229.25,5238.5,5210.25,5219.5,337005,387195
11/16/2012,16:00,5220.25,5236.75,5189.5,5230.5,342959,392935
11/19/2012,16:00,5232.5,5291.75,5232.0,5283.0,271966,400763
11/20/2012,16:00,5282.25,5294.25,5265.5,5291.0,227460,399921
11/21/2012,16:00,5289.5,5299.5,5274.5,5293.5,164688,400690
11/23/2012,16:00,5298.25,5336.25,5293.75,5331.75,132805,399317
11/26/2012,16:00,5330.5,5348.25,5320.5,5343.25,203339,399961
11/27/2012,16:00,5346.0,5356.25,5334.0,5338.75,266935,399067
11/28/2012,16:00,5337.5,5363.0,5309.0,5358.0,308712,398210
11/29/2012,16:00,5361.0,5386.0,5357.25,5377.5,273982,400437
11/30/2012,16:00,5369.5,5387.25,5364.75,5373.25,213421,390618
12/03/2012,16:00,5373.5,5396.0,5363.75,5367.5,219674,388152
12/04/2012,16:00,5365.25,5373.25,5347.75,5362.0,259040,387042
12/05/2012,16:00,5358.5,5376.75,5320.5,5335.0,361358,387567
12/06/2012,16:00,5333.5,5359.5,5320.0,5351.5,298028,386963
12/07/2012,16:00,5352.5,5370.75,5327.0,5333.5,276669,389245
12/10/2012,16:00,5334.5,5358.25,5323.25,5348.0,211325,390365
12/11/2012,16:00,5345.0,5394.0,5341.75,5383.25,266219,393224
12/12/2012,16:00,5383.75,5393.5,5365.5,5367.75,272392,378645
12/13/2012,16:00,5367.75,5386.75,5340.5,5349.75,97996,58895
12/14/2012,16:00,5348.0,5361.0,5318.25,5326.0,252883,103707
12/17/2012,16:00,5334.75,5368.0,5312.0,5364.75,328783,163836
12/18/2012,16:00,5367.25,5409.75,5365.0,5404.25,397730,242903
12/19/2012,16:00,5404.75,5416.5,5390.25,5395.75,278685,293465
12/20/2012,16:00,5390.75,5405.0,5381.0,5392.75,243345,301409
12/21/2012,16:00,5395.25,5398.0,5339.0,5363.25,241714,295604
12/24/2012,16:00,5361.75,5365.5,5349.25,5351.5,40306,293932
12/26/2012,16:00,5356.25,5361.5,5324.75,5331.25,82841,292204
12/27/2012,16:00,5334.5,5340.5,5296.25,5325.25,211526,285187
12/28/2012,16:00,5327.75,5333.25,5285.25,5288.75,149073,283985
12/31/2012,16:00,5293.0,5367.75,5282.75,5358.0,198763,281059
01/02/2013,16:00,5389.0,5445.5,5389.0,5441.5,285939,294901
01/03/2013,16:00,5441.75,5449.75,5421.75,5428.25,216626,307412
01/04/2013,16:00,5429.25,5438.75,5414.0,5415.75,212859,303629
01/07/2013,16:00,5419.0,5425.5,5405.25,5420.5,174832,298178
01/08/2013,16:00,5421.5,5427.5,5401.25,5416.75,200787,300396
01/09/2013,16:00,5417.75,5433.0,5414.0,5424.75,159091,301454
01/10/2013,16:00,5425.75,5446.25,5416.5,5439.75,244792,300964
01/11/2013,16:00,5445.25,5447.25,5435.0,5446.5,140405,302733
01/14/2013,16:00,5446.75,5453.0,5422.0,5431.5,207499,304854
01/15/2013,16:00,5433.75,5435.0,5408.0,5417.0,210640,309216
01/16/2013,16:00,5423.5,5440.25,5413.25,5428.75,181659,315500
01/17/2013,16:00,5429.0,5454.75,5419.25,5443.25,211220,314679
01/18/2013,16:00,5438.25,5444.5,5425.25,5436.5,171009,315221
01/22/2013,16:00,5444.0,5460.75,5423.5,5453.75,195839,315577
01/23/2013,16:00,5459.25,5471.5,5431.25,5461.75,189334,320784
01/24/2013,16:00,5419.0,5445.75,5410.5,5421.0,289636,321927
01/25/2013,16:00,5417.0,5442.25,5414.5,5430.75,234408,327339
01/28/2013,16:00,5432.25,5450.25,5429.0,5440.25,202433,328155
01/29/2013,16:00,5437.5,5449.75,5419.0,5445.5,221674,329973
01/30/2013,16:00,5448.25,5454.5,5429.0,5438.5,252062,325816
01/31/2013,16:00,5436.75,5449.0,5426.5,5427.75,216929,329099
02/01/2013,16:00,5435.75,5466.75,5433.25,5459.25,222751,349875
02/04/2013,16:00,5462.0,5462.0,5411.75,5414.25,275933,335938
02/05/2013,16:00,5412.75,5462.0,5412.0,5452.0,243055,335456
02/06/2013,16:00,5456.25,5459.75,5435.75,5440.0,217756,331194
02/07/2013,16:00,5442.25,5451.5,5415.5,5444.75,273081,323403
02/08/2013,16:00,5444.75,5481.25,5443.75,5474.75,211104,339336
02/11/2013,16:00,5474.0,5483.5,5466.25,5473.25,146485,334267
02/12/2013,16:00,5473.5,5477.25,5461.5,5463.5,171647,332918
02/13/2013,16:00,5468.0,5484.5,5465.5,5473.0,164467,338462
02/14/2013,16:00,5469.5,5477.75,5458.75,5470.0,154958,340115
02/15/2013,16:00,5472.0,5479.5,5457.0,5464.0,169760,336294
02/19/2013,16:00,5466.5,5488.75,5461.0,5483.5,163031,346255
02/20/2013,16:00,5487.25,5489.25,5427.75,5440.25,230436,341334
02/21/2013,16:00,5438.75,5443.75,5402.25,5416.75,283845,335510
02/22/2013,16:00,5418.75,5441.75,5417.0,5438.5,187525,329447
02/25/2013,16:00,5439.5,5467.25,5394.5,5405.0,383420,330840
02/26/2013,16:00,5405.0,5421.0,5391.75,5410.5,321127,325434
02/27/2013,16:00,5413.75,5460.5,5406.0,5443.25,281226,329946
02/28/2013,16:00,5443.75,5464.25,5435.25,5440.75,248960,330896
03/01/2013,16:00,5440.75,5454.25,5414.5,5451.5,278656,329172
03/04/2013,16:00,5448.25,5466.5,5435.5,5462.75,243022,325105
03/05/2013,16:00,5465.25,5506.5,5463.75,5501.0,249527,336147
03/06/2013,16:00,5503.5,5512.0,5491.0,5491.0,224481,326322
03/07/2013,16:00,5496.25,5507.25,5491.25,5502.0,72234,87177
03/08/2013,16:00,5501.5,5524.0,5495.5,5504.75,216317,161918
03/11/2013,16:00,5506.0,5515.0,5494.5,5512.5,236896,249922
03/12/2013,16:00,5515.0,5515.0,5489.75,5505.0,236565,302600
03/13/2013,16:00,5505.75,5510.5,5489.5,5500.5,212171,339914
03/14/2013,16:00,5502.0,5514.5,5499.0,5507.0,163965,355495
03/15/2013,16:00,5506.25,5512.25,5491.75,5497.5,151634,358101
03/18/2013,16:00,5481.0,5504.25,5455.25,5494.0,261520,353919
03/19/2013,16:00,5494.25,5507.0,5462.25,5486.5,280858,340124
03/20/2013,16:00,5483.75,5513.5,5478.75,5492.25,213748,347217
03/21/2013,16:00,5495.25,5495.25,5468.25,5476.75,221279,341677
03/22/2013,16:00,5476.25,5506.5,5470.25,5500.5,180406,350506
03/25/2013,16:00,5500.5,5518.5,5478.0,5491.25,249371,341729
03/26/2013,16:00,5495.25,5510.75,5491.5,5506.75,168868,348241
03/27/2013,16:00,5509.25,5513.0,5483.5,5508.0,185710,352810
03/28/2013,16:00,5508.25,5521.75,5498.5,5518.0,145542,352810
03/29/2013,16:00,5518.0,5518.0,5518.0,5518.0,145542,361004
04/01/2013,16:00,5518.0,5522.75,5491.25,5495.0,145803,360179
04/02/2013,16:00,5496.75,5530.0,5493.25,5519.75,214259,377526
04/03/2013,16:00,5521.25,5526.25,5487.25,5494.0,256746,363783
04/04/2013,16:00,5495.0,5508.5,5479.5,5492.0,226614,357814
04/05/2013,16:00,5492.0,5492.5,5444.5,5470.0,265278,352690
04/08/2013,16:00,5470.25,5495.25,5464.0,5488.0,176139,350367
04/09/2013,16:00,5492.25,5516.75,5480.0,5504.5,237574,351613
04/10/2013,16:00,5506.0,5564.5,5501.75,5560.25,259070,376832
04/11/2013,16:00,5559.0,5565.5,5550.25,5560.25,199356,385258
04/12/2013,16:00,5560.5,5563.25,5535.25,5553.25,198997,386505
04/15/2013,16:00,5553.5,5558.0,5478.25,5490.5,326433,372926
04/16/2013,16:00,5493.0,5541.25,5492.25,5535.0,236656,368466
04/17/2013,16:00,5537.5,5537.5,5465.25,5481.5,378577,354043
04/18/2013,16:00,5477.5,5495.0,5431.0,5446.5,345298,356158
04/19/2013,16:00,5453.25,5486.5,5443.75,5475.25,273830,346221
04/22/2013,16:00,5479.5,5519.5,5477.75,5504.25,230393,350431
04/23/2013,16:00,5507.75,5550.5,5492.0,5530.0,269327,353480
04/24/2013,16:00,5535.25,5545.25,5523.0,5531.0,257076,365266
04/25/2013,16:00,5528.75,5561.5,5521.0,5551.0,196635,374150
04/26/2013,16:00,5548.0,5551.75,5529.25,5537.5,165108,372317
04/29/2013,16:00,5540.75,5578.75,5534.5,5565.75,175223,379884
04/30/2013,16:00,5566.75,5591.25,5560.25,5587.0,190418,390201
05/01/2013,16:00,5591.0,5594.0,5569.25,5570.5,154074,394019
05/02/2013,16:00,5575.0,5617.5,5574.25,5609.0,199370,400880
05/03/2013,16:00,5609.0,5654.75,5607.25,5642.0,193083,404054
05/06/2013,16:00,5643.75,5661.0,5643.5,5654.5,134824,400030
05/07/2013,16:00,5654.5,5663.75,5644.25,5653.5,176584,407929
05/08/2013,16:00,5653.75,5672.0,5648.75,5668.75,144664,411863
05/09/2013,16:00,5668.0,5685.25,5657.0,5665.0,185018,413017
05/10/2013,16:00,5668.25,5685.75,5665.75,5682.5,169255,415959
05/13/2013,16:00,5679.25,5694.5,5667.5,5688.0,162112,409416
05/14/2013,16:00,5688.25,5712.0,5678.25,5702.25,192387,411439
05/15/2013,16:00,5702.75,5714.5,5689.5,5708.0,206061,413665
05/16/2013,16:00,5711.25,5726.0,5703.0,5705.25,203738,417474
05/17/2013,16:00,5708.0,5735.25,5705.0,5729.75,188115,418970
05/20/2013,16:00,5728.25,5739.0,5717.0,5728.0,193256,411464
05/21/2013,16:00,5726.5,5743.75,5717.0,5728.5,185202,415275
05/22/2013,16:00,5728.75,5760.5,5690.75,5708.0,363785,419334
05/23/2013,16:00,5713.25,5715.5,5668.25,5699.25,313279,430919
05/24/2013,16:00,5702.75,5710.0,5670.5,5699.25,203972,432233
05/28/2013,16:00,5707.25,5743.75,5692.0,5710.5,238818,431497
05/29/2013,16:00,5711.75,5715.75,5685.25,5702.5,242455,430855
05/30/2013,16:00,5702.0,5732.5,5688.75,5717.0,215945,437919
05/31/2013,16:00,5718.0,5729.75,5683.25,5687.25,273254,435387
06/03/2013,16:00,5688.0,5702.0,5657.0,5692.5,322752,428851
06/04/2013,16:00,5693.5,5714.0,5668.0,5681.75,283605,418660
06/05/2013,16:00,5677.75,5684.75,5639.0,5645.5,302592,402259
06/06/2013,16:00,5646.25,5661.0,5617.5,5656.5,280562,395425
06/07/2013,16:00,5655.25,5699.0,5647.0,5687.5,266604,386603
06/10/2013,16:00,5688.0,5711.0,5683.25,5694.0,242507,376059
06/11/2013,16:00,5694.75,5696.0,5656.5,5670.5,312061,368013
06/12/2013,16:00,5672.5,5686.5,5626.5,5627.25,328526,339991
06/13/2013,16:00,5628.75,5677.0,5605.25,5669.5,80363,89133
06/14/2013,16:00,5670.5,5675.25,5646.25,5649.5,227209,145179
06/17/2013,16:00,5649.0,5697.5,5648.75,5677.25,306903,216395
06/18/2013,16:00,5681.75,5710.25,5678.25,5701.0,237841,297406
06/19/2013,16:00,5705.75,5711.5,5665.25,5668.75,298769,326740
06/20/2013,16:00,5667.25,5669.0,5588.25,5592.5,468435,306251
06/21/2013,16:00,5592.75,5611.75,5558.5,5577.5,399203,297576
06/24/2013,16:00,5579.0,5583.25,5530.25,5556.5,358805,303377
06/25/2013,16:00,5558.75,5586.25,5543.25,5570.75,257859,300041
06/26/2013,16:00,5569.5,5605.25,5558.25,5595.5,196345,294254
06/27/2013,16:00,5598.25,5630.75,5594.75,5612.0,173476,293393
06/28/2013,16:00,5611.5,5634.5,5596.75,5613.75,239222,305667
07/01/2013,16:00,5615.25,5659.25,5606.75,5629.5,200624,306288
07/02/2013,16:00,5631.75,5653.75,5619.75,5635.75,202883,307405
07/03/2013,16:00,5635.75,5661.5,5609.5,5649.0,152053,316155
07/05/2013,16:00,5650.25,5683.75,5640.25,5669.0,228913,316324
07/08/2013,16:00,5674.0,5690.75,5661.25,5671.25,200400,317654
07/09/2013,16:00,5673.5,5697.5,5671.5,5686.75,162518,319901
07/10/2013,16:00,5689.75,5726.5,5681.5,5708.75,198676,329335
07/11/2013,16:00,5724.0,5770.5,5724.0,5767.5,200923,346692
07/12/2013,16:00,5765.5,5783.0,5761.75,5774.5,148453,351825
07/15/2013,16:00,5775.25,5789.0,5775.25,5785.5,112409,353073
07/16/2013,16:00,5786.5,5792.75,5776.25,5783.25,147259,366441
07/17/2013,16:00,5785.75,5799.0,5778.0,5791.75,186222,372293
07/18/2013,16:00,5788.25,5799.5,5758.5,5760.0,179562,383422
07/19/2013,16:00,5761.5,5761.5,5743.0,5753.25,203203,387909
07/22/2013,16:00,5756.25,5767.75,5751.0,5760.0,140933,391848
07/23/2013,16:00,5761.75,5772.5,5736.0,5738.5,161677,395869
07/24/2013,16:00,5750.5,5769.75,5741.25,5760.5,314733,396735
07/25/2013,16:00,5765.0,5770.75,5740.0,5762.5,214945,394235
07/26/2013,16:00,5765.5,5786.0,5750.0,5783.0,183575,395813
07/29/2013,16:00,5782.5,5791.0,5769.25,5778.0,189954,385094
07/30/2013,16:00,5778.5,5807.25,5778.0,5798.0,237285,397799
07/31/2013,16:00,5796.0,5817.5,5791.75,5795.5,254202,403980
08/01/2013,16:00,5801.25,5836.0,5801.25,5825.25,153830,407508
08/02/2013,16:00,5830.75,5850.5,5824.75,5848.5,162654,405241
08/05/2013,16:00,5848.75,5852.75,5840.5,5848.5,114587,398078
08/06/2013,16:00,5848.5,5852.0,5818.75,5830.5,170125,404257
08/07/2013,16:00,5830.25,5832.0,5803.25,5828.5,228788,405008
08/08/2013,16:00,5829.75,5849.0,5821.0,5839.5,215700,406980
08/09/2013,16:00,5841.75,5847.25,5819.5,5825.75,199820,404505
08/12/2013,16:00,5826.0,5842.0,5806.75,5836.5,171281,415866
08/13/2013,16:00,5838.5,5860.5,5817.25,5849.5,239126,416449
08/14/2013,16:00,5851.25,5856.25,5826.75,5835.75,234087,400831
08/15/2013,16:00,5825.5,5827.25,5779.0,5783.5,307034,383374
08/16/2013,16:00,5784.25,5802.5,5780.75,5782.25,189035,383439
08/19/2013,16:00,5781.0,5813.0,5772.75,5783.0,210781,384786
08/20/2013,16:00,5783.75,5809.5,5776.0,5793.5,164001,384413
08/21/2013,16:00,5794.25,5811.25,5771.75,5775.0,295659,377061
08/22/2013,16:00,5774.5,5819.5,5768.0,5814.25,190514,385948
08/23/2013,16:00,5816.0,5839.5,5809.0,5833.75,194415,385481
08/26/2013,16:00,5832.75,5859.75,5829.75,5833.5,189292,376259
08/27/2013,16:00,5836.0,5837.25,5765.0,5772.0,360118,362659
08/28/2013,16:00,5774.0,5797.25,5768.5,5780.75,188487,358574
08/29/2013,16:00,5780.75,5821.5,5776.5,5802.0,246337,362305
08/30/2013,16:00,5806.75,5816.0,5774.5,5786.0,253781,337863
09/03/2013,16:00,5820.75,5825.75,5788.5,5799.0,314381,344211
09/04/2013,16:00,5800.25,5844.5,5795.75,5840.75,216735,356825
09/05/2013,16:00,5844.0,5850.25,5836.5,5840.5,152933,353809
09/06/2013,16:00,5841.0,5862.75,5809.0,5842.0,281130,356130
09/09/2013,16:00,5845.25,5887.75,5843.0,5877.5,196240,352234
09/10/2013,16:00,5884.0,5901.75,5879.75,5895.25,230771,344400
09/11/2013,16:00,5896.75,5901.25,5872.5,5891.0,220768,332868
09/12/2013,16:00,5897.5,5902.25,5883.0,5888.75,112985,107215
09/13/2013,16:00,5891.0,5895.5,5874.5,5890.75,204396,195644
09/16/2013,16:00,5919.75,5932.5,5875.5,5880.25,300932,269249
09/17/2013,16:00,5877.75,5908.25,5875.5,5903.25,225570,337421
09/18/2013,16:00,5905.75,5949.0,5902.5,5941.0,254999,364456
09/19/2013,16:00,5943.75,5957.0,5943.75,5951.5,212425,367568
09/20/2013,16:00,5953.25,5960.75,5935.75,5935.75,208460,378152
09/23/2013,16:00,5942.0,5956.25,5917.25,5928.25,237538,386583
09/24/2013,16:00,5930.25,5950.0,5922.0,5932.5,178347,391242
09/25/2013,16:00,5934.5,5939.75,5915.0,5919.25,250162,392630
09/26/2013,16:00,5921.75,5954.5,5921.5,5945.25,208824,398760
09/27/2013,16:00,5949.0,5952.75,5922.25,5942.25,193112,402836
09/30/2013,16:00,5930.75,5942.5,5897.5,5928.25,281669,405751
10/01/2013,16:00,5940.5,5970.5,5932.25,5964.75,250343,401635
10/02/2013,16:00,5970.25,5970.25,5940.25,5956.75,241342,402570
10/03/2013,16:00,5959.0,5967.25,5908.5,5921.5,361785,389908
10/04/2013,16:00,5920.5,5958.75,5918.75,5953.75,201543,393540
10/07/2013,16:00,5943.25,5952.0,5921.0,5924.25,239190,390982
10/08/2013,16:00,5925.75,5933.75,5863.5,5870.0,418005,377723
10/09/2013,16:00,5865.5,5883.25,5830.0,5851.75,441570,375567
10/10/2013,16:00,5852.0,5928.75,5852.0,5912.75,342187,373357
10/11/2013,16:00,5912.75,5949.75,5895.0,5944.75,230009,369573
10/14/2013,16:00,5924.25,5974.25,5914.25,5967.5,233830,365168
10/15/2013,16:00,5972.75,5982.75,5953.25,5960.0,329005,369618
10/16/2013,16:00,5959.75,5995.75,5954.0,5983.25,228467,366397
10/17/2013,16:00,5979.5,6029.75,5974.5,6020.25,209745,367580
10/18/2013,16:00,6026.75,6067.25,6026.0,6061.25,235866,361601
10/21/2013,16:00,6064.0,6081.5,6061.75,6073.25,175096,360475
10/22/2013,16:00,6072.25,6096.5,6057.25,6075.75,330951,367018
10/23/2013,16:00,6075.25,6076.5,6041.5,6059.25,244371,370455
10/24/2013,16:00,6060.25,6099.0,6054.75,6090.25,191455,371276
10/25/2013,16:00,6096.0,6112.0,6080.5,6093.0,223017,377475
10/28/2013,16:00,6093.5,6110.25,6080.0,6102.5,196908,387124
10/29/2013,16:00,6097.0,6111.5,6087.75,6103.25,208676,393880
10/30/2013,16:00,6109.5,6121.0,6083.5,6111.5,287566,403224
10/31/2013,16:00,6099.25,6113.25,6080.0,6088.25,252511,412561
11/01/2013,16:00,6096.5,6107.75,6076.75,6087.25,230311,414860
11/04/2013,16:00,6087.25,6106.5,6086.0,6096.75,142512,417890
11/05/2013,16:00,6097.5,6109.75,6075.0,6099.0,224570,419271
11/06/2013,16:00,6099.25,6117.25,6089.5,6095.25,218082,412193
11/07/2013,16:00,6093.25,6106.25,6033.5,6038.75,404482,408717
11/08/2013,16:00,6041.0,6082.25,6029.25,6079.75,289374,405355
11/11/2013,16:00,6080.75,6084.75,6064.75,6073.5,164939,398843
11/12/2013,16:00,6074.0,6086.0,6063.0,6083.75,196199,395919
11/13/2013,16:00,6082.75,6126.0,6057.5,6121.25,269387,407592
11/14/2013,16:00,6111.75,6135.0,6106.0,6129.75,225748,403001
11/15/2013,16:00,6131.5,6140.5,6124.5,6135.75,156493,393904
11/18/2013,16:00,6135.75,6145.0,6099.5,6103.25,223476,392246
11/19/2013,16:00,6107.0,6119.75,6090.0,6094.75,258679,394927
11/20/2013,16:00,6095.0,6117.75,6077.75,6085.75,290183,392555
11/21/2013,16:00,6087.0,6125.25,6079.5,6119.75,204624,397354
11/22/2013,16:00,6120.0,6141.75,6119.25,6139.25,163835,401343
11/25/2013,16:00,6141.75,6156.5,6139.5,6148.25,177967,402094
11/26/2013,16:00,6146.0,6175.25,6142.0,6166.5,188922,406212
11/27/2013,16:00,6166.25,6191.5,6165.0,6187.75,146375,404123
11/29/2013,16:00,6201.75,6215.75,6188.0,6206.75,97742,405917
12/02/2013,16:00,6212.25,6220.5,6196.0,6202.25,231123,411318
12/03/2013,16:00,6203.0,6208.0,6185.5,6195.0,224700,422172
12/04/2013,16:00,6195.5,6213.25,6172.5,6201.75,281577,414652
12/05/2013,16:00,6201.75,6211.25,6188.0,6198.0,250042,413876
12/06/2013,16:00,6197.25,6230.25,6196.25,6223.25,254913,413465
12/09/2013,16:00,6224.25,6244.0,6224.25,6237.75,190605,404356
12/10/2013,16:00,6238.5,6243.5,6227.0,6235.25,181862,403463
12/11/2013,16:00,6236.75,6241.5,6183.75,6189.75,302895,386926
12/12/2013,16:00,6191.0,6199.0,6175.25,6179.25,135385,126443
12/13/2013,16:00,6176.75,6198.25,6169.5,6177.5,257915,209312
12/16/2013,16:00,6178.5,6215.5,6153.75,6194.25,308369,305200
12/17/2013,16:00,6191.25,6203.25,6180.5,6185.0,241089,365523
12/18/2013,16:00,6184.25,6234.0,6139.5,6232.75,397935,393833
12/19/2013,16:00,6233.0,6237.0,6202.25,6217.0,252985,405505
12/20/2013,16:00,6217.75,6261.5,6217.5,6256.5,173625,409742
12/23/2013,16:00,6265.25,6291.75,6265.25,6289.0,131151,410314
12/24/2013,16:00,6289.5,6297.0,6285.25,6294.0,47467,413409
12/26/2013,16:00,6297.0,6308.0,6292.5,6306.0,54009,415341
12/27/2013,16:00,6307.0,6311.75,6291.25,6294.5,94798,413986
12/30/2013,16:00,6294.0,6297.75,6280.25,6290.0,90196,415959
12/31/2013,16:00,6290.75,6319.0,6289.25,6308.0,71635,419471
01/02/2014,16:00,6300.0,6303.25,6273.25,6283.5,196559,421668
01/03/2014,16:00,6284.5,6290.75,6251.5,6255.75,195452,423062
01/06/2014,16:00,6254.75,6264.5,6230.0,6242.0,246009,430426
01/07/2014,16:00,6240.5,6281.5,6240.25,6273.0,191716,432145
01/08/2014,16:00,6272.5,6293.75,6268.25,6289.0,208163,430880
01/09/2014,16:00,6287.0,6301.25,6259.75,6272.0,214724,429048
01/10/2014,16:00,6274.0,6296.25,6253.75,6285.75,263424,440684
01/13/2014,16:00,6287.5,6290.75,6216.75,6233.75,333010,424486
01/14/2014,16:00,6234.5,6300.75,6227.5,6298.0,293427,430929
01/15/2014,16:00,6298.0,6334.5,6295.0,6322.5,234221,427900
01/16/2014,16:00,6322.75,6332.5,6318.25,6319.5,162062,427134
01/17/2014,16:00,6321.5,6333.25,6298.5,6309.0,256190,425267
01/21/2014,16:00,6308.75,6336.25,6301.75,6333.75,210486,423247
01/22/2014,16:00,6331.5,6353.75,6329.25,6344.75,184592,427769
01/23/2014,16:00,6349.75,6359.5,6305.75,6338.0,286469,426992
01/24/2014,16:00,6337.5,6345.5,6252.0,6256.5,379834,423644
01/27/2014,16:00,6256.0,6269.25,6192.25,6227.25,444255,425701
01/28/2014,16:00,6193.25,6240.5,6190.0,6225.25,298021,427876
01/29/2014,16:00,6237.75,6253.25,6178.5,6197.25,396701,429327
01/30/2014,16:00,6204.25,6261.5,6195.25,6226.25,315346,421973
01/31/2014,16:00,6244.25,6257.0,6203.5,6238.25,326853,417229
02/03/2014,16:00,6238.25,6254.0,6149.5,6154.25,438269,407931
02/04/2014,16:00,6163.75,6198.0,6155.75,6176.25,324399,396112
02/05/2014,16:00,6176.25,6187.5,6136.25,6169.75,356874,391953
02/06/2014,16:00,6174.5,6223.5,6172.0,6211.5,267809,387470
02/07/2014,16:00,6215.0,6286.0,6203.75,6282.25,367851,381236
02/10/2014,16:00,6284.5,6306.0,6274.75,6301.75,205066,395338
02/11/2014,16:00,6303.5,6350.25,6302.75,6337.0,249858,404523
02/12/2014,16:00,6336.25,6357.75,6334.5,6348.75,252230,413057
02/13/2014,16:00,6347.5,6380.25,6321.0,6375.25,287786,432921
02/14/2014,16:00,6374.75,6392.25,6362.25,6385.25,212826,430736
02/18/2014,16:00,6384.25,6409.0,6378.25,6399.25,220169,433505
02/19/2014,16:00,6400.25,6403.75,6369.5,6378.75,277354,439742
02/20/2014,16:00,6378.75,6401.25,6362.5,6395.75,269725,445895
02/21/2014,16:00,6395.75,6411.0,6385.0,6388.75,186798,444892
02/24/2014,16:00,6390.0,6425.75,6379.25,6412.25,206372,450984
02/25/2014,16:00,6410.0,6421.5,6392.75,6412.75,236400,454534
02/26/2014,16:00,6415.5,6426.5,6386.75,6398.0,271366,447633
02/27/2014,16:00,6404.5,6431.0,6385.5,6425.75,264249,453011
02/28/2014,16:00,6428.0,6446.75,6389.25,6419.5,325511,467859
03/03/2014,16:00,6402.25,6404.0,6361.25,6393.0,376912,460656
03/04/2014,16:00,6395.5,6447.5,6394.0,6441.0,263175,463349
03/05/2014,16:00,6442.75,6456.75,6436.75,6452.5,205524,457176
03/06/2014,16:00,6455.75,6461.5,6433.5,6446.25,217906,454111
03/07/2014,16:00,6447.75,6464.75,6410.0,6428.5,303234,452859
03/10/2014,16:00,6425.75,6436.25,6408.25,6431.75,192161,453224
03/11/2014,16:00,6431.75,6450.25,6405.25,6412.75,259716,449459
03/12/2014,16:00,6413.5,6434.25,6385.75,6431.0,319464,424669
03/13/2014,16:00,6432.25,6446.75,6360.5,6375.75,145416,121470
03/14/2014,16:00,6377.75,6385.75,6350.5,6352.25,368543,197036
03/17/2014,16:00,6352.75,6404.25,6333.25,6382.75,308493,240577
03/18/2014,16:00,6385.0,6433.5,6371.25,6426.25,364866,323931
03/19/2014,16:00,6427.0,6436.5,6383.75,6405.5,350571,357629
03/20/2014,16:00,6405.0,6429.25,6388.5,6422.75,263321,371867
03/21/2014,16:00,6421.5,6444.0,6365.0,6370.25,379137,372019
03/24/2014,16:00,6371.5,6388.25,6306.75,6342.25,400180,376859
03/25/2014,16:00,6344.75,6383.25,6322.25,6355.0,364849,378604
03/26/2014,16:00,6353.75,6378.75,6302.0,6304.0,352854,379829
03/27/2014,16:00,6309.0,6316.5,6266.5,6285.5,443690,378229
03/28/2014,16:00,6291.25,6332.5,6282.75,6294.25,313345,378229
03/31/2014,16:00,6303.75,6342.5,6303.75,6317.5,297696,368819
04/01/2014,16:00,6314.75,6384.0,6309.75,6381.5,265363,366450
04/02/2014,16:00,6381.75,6399.75,6373.75,6389.5,239816,359425
04/03/2014,16:00,6389.25,6400.25,6340.25,6362.0,272222,355170
04/04/2014,16:00,6367.25,6389.0,6254.0,6268.75,613419,369504
04/07/2014,16:00,6270.75,6274.0,6205.75,6230.5,511929,378621
04/08/2014,16:00,6233.0,6267.25,6221.75,6259.75,400196,371616
04/09/2014,16:00,6260.0,6325.5,6257.5,6322.25,332705,360839
04/10/2014,16:00,6324.5,6330.75,6201.5,6211.25,528139,365831
04/11/2014,16:00,6216.25,6225.0,6162.75,6175.25,533678,360078
04/14/2014,16:00,6167.0,6216.25,6156.5,6201.5,383258,360051
04/15/2014,16:00,6202.25,6232.25,6136.0,6222.5,597761,350317
04/16/2014,16:00,6229.0,6255.75,6210.75,6232.75,400462,341347
04/17/2014,16:00,6236.75,6273.75,6223.75,6254.5,269150,336196
04/21/2014,16:00,6256.25,6285.5,6248.0,6282.5,152229,331995
04/22/2014,16:00,6285.0,6319.75,6277.0,6316.25,214083,328730
04/23/2014,16:00,6315.75,6330.75,6277.25,6285.75,249723,333219
04/24/2014,16:00,6327.0,6349.5,6275.25,6316.0,393068,346927
04/25/2014,16:00,6319.5,6321.0,6247.75,6261.75,330378,344011
04/28/2014,16:00,6267.25,6293.75,6211.75,6272.0,481343,347909
04/29/2014,16:00,6272.75,6302.5,6261.25,6295.0,306700,348588
04/30/2014,16:00,6288.5,6309.25,6270.25,6304.5,288746,347488
05/01/2014,16:00,6308.25,6336.75,6301.75,6318.0,195192,345625
05/02/2014,16:00,6320.75,6335.75,6300.75,6310.5,297575,349202
05/05/2014,16:00,6314.5,6329.25,6279.25,6322.0,235364,349494
05/06/2014,16:00,6326.25,6335.0,6278.0,6282.25,260995,347243
05/07/2014,16:00,6282.25,6297.75,6228.75,6271.75,447227,351130
05/08/2014,16:00,6270.5,6311.0,6249.75,6268.75,388610,351311
05/09/2014,16:00,6264.75,6283.5,6241.75,6279.25,319908,346829
05/12/2014,16:00,6280.5,6344.75,6279.5,6339.0,246729,358635
05/13/2014,16:00,6342.75,6355.5,6334.75,6340.0,221779,360945
05/14/2014,16:00,6341.75,6346.25,6314.5,6327.5,234686,356683
05/15/2014,16:00,6330.5,6338.0,6271.5,6294.5,398709,355894
05/16/2014,16:00,6295.0,6320.75,6274.25,6314.0,294611,356761
05/19/2014,16:00,6318.0,6348.75,6296.75,6344.5,221042,362085
05/20/2014,16:00,6342.5,6355.0,6315.75,6327.75,297810,353127
05/21/2014,16:00,6330.25,6367.0,6324.5,6364.75,257181,361435
05/22/2014,16:00,6362.75,6391.0,6362.5,6379.25,217632,363084
05/23/2014,16:00,6379.5,6408.25,6376.5,6406.25,167143,342528
05/27/2014,16:00,6421.0,6454.25,6408.75,6452.5,203564,345104
05/28/2014,16:00,6451.75,6461.5,6438.75,6447.25,218210,345582
05/29/2014,16:00,6447.5,6468.5,6444.5,6466.75,184922,349932
05/30/2014,16:00,6466.5,6471.75,6446.5,6466.75,214382,350834
06/02/2014,16:00,6466.25,6472.75,6438.5,6458.75,225591,356444
06/03/2014,16:00,6459.25,6467.0,6445.25,6462.0,183988,356791
06/04/2014,16:00,6464.0,6480.5,6445.25,6474.5,188803,356936
06/05/2014,16:00,6474.75,6513.25,6465.25,6507.5,283290,354530
06/06/2014,16:00,6508.75,6531.5,6507.0,6529.25,200419,349373
06/09/2014,16:00,6531.25,6534.25,6514.25,6525.0,148831,345909
06/10/2014,16:00,6523.75,6534.25,6516.0,6531.75,154780,344533
06/11/2014,16:00,6533.25,6536.0,6510.75,6529.5,203579,335253
06/12/2014,16:00,6530.25,6537.5,6482.75,6502.5,113073,88478
06/13/2014,16:00,6504.5,6517.0,6491.25,6507.0,247102,164459
06/16/2014,16:00,6505.0,6521.5,6488.25,6510.5,257421,229068
06/17/2014,16:00,6510.75,6524.0,6501.0,6510.25,263920,294747
06/18/2014,16:00,6511.25,6538.25,6493.0,6533.75,277906,335114
06/19/2014,16:00,6532.75,6541.25,6512.25,6527.0,218554,338706
06/20/2014,16:00,6524.0,6537.5,6522.75,6531.25,158922,339003
06/23/2014,16:00,6530.25,6545.25,6523.25,6532.5,161444,339092
06/24/2014,16:00,6530.0,6566.0,6519.25,6532.5,281591,342540
06/25/2014,16:00,6530.25,6561.5,6521.0,6552.75,249821,349991
06/26/2014,16:00,6550.75,6560.0,6527.0,6555.5,239390,345887
06/27/2014,16:00,6555.0,6575.75,6546.0,6569.5,182900,351743
06/30/2014,16:00,6569.5,6589.25,6565.75,6578.5,154827,350062
07/01/2014,16:00,6585.0,6632.5,6582.75,6622.75,195635,358590
07/02/2014,16:00,6623.25,6634.5,6621.0,6627.75,150116,357758
07/03/2014,16:00,6628.5,6656.0,6626.25,6653.75,121416,359296
07/07/2014,16:00,6653.75,6654.75,6634.0,6642.25,175431,358826
07/08/2014,16:00,6643.0,6644.75,6579.25,6601.25,331375,360486
07/09/2014,16:00,6601.5,6628.75,6594.5,6623.5,244551,367977
07/10/2014,16:00,6624.5,6627.5,6569.5,6611.75,317254,374883
07/11/2014,16:00,6612.25,6637.0,6609.75,6635.5,200877,372835
07/14/2014,16:00,6636.0,6668.75,6635.75,6657.25,163878,361774
07/15/2014,16:00,6660.5,6671.5,6618.0,6650.5,332223,357732
07/16/2014,16:00,6654.5,6679.0,6651.0,6660.5,215286,359831
07/17/2014,16:00,6657.0,6665.5,6597.25,6614.0,380375,360880
07/18/2014,16:00,6608.5,6673.75,6592.0,6668.25,291934,370708
07/21/2014,16:00,6667.5,6672.25,6647.75,6663.75,219804,362961
07/22/2014,16:00,6662.5,6697.5,6661.75,6688.5,198837,362396
07/23/2014,16:00,6682.75,6721.25,6682.25,6713.5,209511,366165
07/24/2014,16:00,6716.0,6729.25,6701.5,6709.75,209687,364520
07/25/2014,16:00,6700.75,6703.5,6675.5,6693.5,210231,363764
07/28/2014,16:00,6692.0,6708.25,6667.0,6698.0,210316,367655
07/29/2014,16:00,6696.5,6715.5,6686.5,6690.25,219908,372950
07/30/2014,16:00,6695.25,6721.0,6691.25,6706.5,275028,375817
07/31/2014,16:00,6706.75,6708.25,6619.75,6622.75,423444,368623
08/01/2014,16:00,6628.5,6639.25,6585.5,6611.25,462507,369442
08/04/2014,16:00,6611.0,6653.75,6605.25,6634.75,250762,361149
08/05/2014,16:00,6632.75,6638.25,6589.75,6609.75,356543,360466
08/06/2014,16:00,6612.5,6629.25,6580.0,6606.75,292468,362448
08/07/2014,16:00,6607.25,6630.5,6578.75,6594.75,329596,355587
08/08/2014,16:00,6593.5,6624.75,6564.5,6611.5,315422,353242
08/11/2014,16:00,6612.0,6655.75,6611.75,6643.0,178453,350189
08/12/2014,16:00,6645.5,6655.25,6621.25,6641.5,220589,343433
08/13/2014,16:00,6644.0,6687.5,6640.25,6683.75,201984,353129
08/14/2014,16:00,6684.5,6712.75,6677.5,6706.0,176296,355362
08/15/2014,16:00,6711.0,6732.5,6685.25,6723.0,362617,353598
08/18/2014,16:00,6729.0,6757.5,6729.0,6751.25,159348,355670
08/19/2014,16:00,6755.0,6778.5,6753.75,6772.25,151276,356804
08/20/2014,16:00,6774.5,6784.5,6766.75,6777.5,163157,358466
08/21/2014,16:00,6777.75,6787.0,6770.75,6785.5,145148,360894
08/22/2014,16:00,6785.75,6799.0,6774.5,6792.75,211674,360249
08/25/2014,16:00,6795.5,6816.5,6794.75,6801.5,168702,359167
08/26/2014,16:00,6802.25,6813.75,6799.75,6810.25,147208,357100
08/27/2014,16:00,6811.5,6815.0,6801.5,6810.75,128378,360979
08/28/2014,16:00,6809.5,6814.25,6792.5,6807.75,166452,364625
08/29/2014,16:00,6813.5,6824.0,6800.0,6820.0,167836,367799
09/02/2014,16:00,6820.5,6834.0,6814.0,6830.0,195212,363550
09/03/2014,16:00,6830.75,6851.75,6800.5,6809.75,265476,363891
09/04/2014,16:00,6809.75,6839.0,6794.25,6807.25,276115,367554
09/05/2014,16:00,6810.25,6829.5,6790.0,6824.5,283624,363936
09/08/2014,16:00,6824.5,6843.0,6813.5,6831.0,207652,354201
09/09/2014,16:00,6830.5,6848.5,6791.25,6804.0,386107,346794
09/10/2014,16:00,6803.5,6834.25,6792.75,6831.0,257236,341770
09/11/2014,16:00,6832.0,6835.0,6798.0,6829.0,109098,86866
09/12/2014,16:00,6835.0,6835.25,6794.5,6807.5,305246,181418
09/15/2014,16:00,6797.0,6814.0,6756.0,6771.0,379764,266645
09/16/2014,16:00,6772.0,6812.0,6749.75,6803.75,377333,347447
09/17/2014,16:00,6801.5,6829.5,6784.75,6810.75,320715,382718
09/18/2014,16:00,6816.5,6845.25,6806.5,6842.0,225943,390999
09/19/2014,16:00,6844.25,6864.25,6821.5,6838.5,279619,381893
09/22/2014,16:00,6837.25,6837.5,6781.25,6798.25,295630,377487
09/23/2014,16:00,6790.0,6806.5,6773.0,6782.5,276929,377691
09/24/2014,16:00,6777.25,6835.5,6776.5,6833.25,278357,385525
09/25/2014,16:00,6830.75,6834.0,6743.75,6753.0,442898,375555
09/26/2014,16:00,6750.5,6796.0,6747.25,6791.25,309995,374902
09/29/2014,16:00,6791.25,6796.75,6743.5,6781.0,350305,368657
09/30/2014,16:00,6779.25,6810.25,6769.75,6790.25,334467,377882
10/01/2014,16:00,6781.75,6791.5,6711.0,6728.0,435753,377799
10/02/2014,16:00,6727.0,6740.5,6673.25,6723.5,439789,374840
10/03/2014,16:00,6720.0,6780.25,6716.0,6761.5,286084,377543
10/06/2014,16:00,6763.25,6786.0,6741.75,6752.5,338251,373084
10/07/2014,16:00,6747.0,6755.75,6693.5,6701.75,383802,374886
10/08/2014,16:00,6699.0,6787.25,6676.25,6776.0,466944,371607
10/09/2014,16:00,6774.5,6793.25,6692.5,6715.75,595699,370676
10/10/2014,16:00,6693.5,6712.5,6596.5,6598.5,675542,378533
10/13/2014,16:00,6594.0,6631.25,6538.0,6544.0,636045,376473
10/14/2014,16:00,6543.5,6598.25,6538.5,6557.25,602322,365297
10/15/2014,16:00,6569.25,6577.0,6436.75,6497.5,831107,358242
10/16/2014,16:00,6496.5,6532.0,6429.5,6487.0,695840,344184
10/17/2014,16:00,6493.5,6586.0,6487.5,6549.5,477901,325566
10/20/2014,16:00,6557.25,6628.5,6538.75,6611.5,315481,321555
10/21/2014,16:00,6625.75,6721.5,6591.5,6717.0,382276,322484
10/22/2014,16:00,6716.0,6728.5,6685.0,6694.75,343470,318216
10/23/2014,16:00,6692.5,6770.25,6685.0,6750.75,348130,318972
10/24/2014,16:00,6741.25,6784.0,6716.0,6780.25,288628,319557
10/27/2014,16:00,6781.25,6795.25,6755.0,6783.75,275993,320579
10/28/2014,16:00,6786.5,6845.25,6783.25,6839.5,258879,327353
10/29/2014,16:00,6826.25,6841.75,6800.25,6817.75,340712,327531
10/30/2014,16:00,6817.75,6848.0,6788.5,6835.0,366986,338150
10/31/2014,16:00,6837.0,6909.0,6835.25,6896.0,313263,329860
11/03/2014,16:00,6895.75,6919.25,6887.5,6902.75,215040,336566
11/04/2014,16:00,6903.0,6909.75,6865.25,6889.0,259945,339874
11/05/2014,16:00,6890.25,6921.75,6879.25,6888.0,270149,340248
11/06/2014,16:00,6889.75,6912.5,6875.75,6908.25,233284,347485
11/07/2014,16:00,6910.0,6925.25,6881.5,6896.25,229702,342860
11/10/2014,16:00,6898.25,6924.0,6889.5,6915.75,164939,347190
11/11/2014,16:00,6916.0,6931.75,6907.5,6928.75,134501,346258
11/12/2014,16:00,6928.75,6944.25,6912.0,6941.5,202720,351853
11/13/2014,16:00,6939.0,6972.5,6937.0,6950.5,295015,356049
11/14/2014,16:00,6948.75,6971.25,6941.25,6967.5,218493,355670
11/17/2014,16:00,6968.75,6970.0,6937.0,6957.75,230967,356505
11/18/2014,16:00,6958.75,6994.25,6948.5,6983.5,213476,363065
11/19/2014,16:00,6983.75,6988.0,6949.75,6969.25,235757,362217
11/20/2014,16:00,6969.25,6993.75,6947.25,6990.5,214465,370124
11/21/2014,16:00,6991.0,7030.0,6983.0,6994.75,285753,371373
11/24/2014,16:00,6995.25,7032.25,6993.5,7027.5,158380,370319
11/25/2014,16:00,7027.5,7048.75,7022.25,7038.0,169153,366181
11/26/2014,16:00,7039.5,7069.25,7036.0,7063.25,135750,366762
11/28/2014,16:00,7069.0,7093.5,7058.0,7083.75,134101,367350
12/01/2014,16:00,7076.25,7081.0,7019.0,7032.0,324373,371569
12/02/2014,16:00,7032.5,7060.25,7030.5,7051.0,226496,377153
12/03/2014,16:00,7053.5,7065.5,7033.0,7056.0,190809,367096
12/04/2014,16:00,7057.75,7074.0,7038.75,7059.0,248733,366805
12/05/2014,16:00,7058.5,7072.25,7048.25,7058.75,199234,367323
12/08/2014,16:00,7059.75,7065.75,7004.5,7024.5,320418,372509
12/09/2014,16:00,7028.25,7044.0,6962.25,7036.25,339492,376658
12/10/2014,16:00,7036.25,7043.75,6964.5,6972.5,382192,362384
12/11/2014,16:00,6972.75,7044.25,6966.75,6983.0,143139,75909
12/12/2014,16:00,6980.25,7001.5,6934.25,6936.0,402592,144266
12/15/2014,16:00,6935.0,6984.25,6891.25,6910.5,549934,247589
12/16/2014,16:00,6912.25,6940.0,6831.0,6833.5,639787,330358
12/17/2014,16:00,6838.25,6923.25,6831.75,6909.75,509046,347199
12/18/2014,16:00,6909.75,7022.75,6900.5,7013.25,386503,349372
12/19/2014,16:00,7018.75,7054.75,7005.75,7033.0,290155,344646
12/22/2014,16:00,7032.25,7051.5,7026.25,7042.0,164830,341652
12/23/2014,16:00,7043.0,7062.25,7025.0,7028.25,148403,340008
12/24/2014,16:00,7028.25,7048.75,7026.75,7032.75,46180,337549
12/26/2014,16:00,7042.25,7072.25,7032.25,7060.5,61111,335921
12/29/2014,16:00,7065.25,7071.0,7048.5,7061.25,102425,334200
12/30/2014,16:00,7066.5,7068.25,7024.0,7033.0,110089,334511
12/31/2014,16:00,7033.25,7055.25,6978.25,6983.0,146914,334463
01/02/2015,16:00,6990.5,7023.0,6951.25,6964.5,229555,341734
01/05/2015,16:00,6966.25,6971.0,6895.25,6912.0,313771,340477
01/06/2015,16:00,6916.75,6922.75,6832.25,6852.5,426154,335823
01/07/2015,16:00,6855.75,6913.5,6853.0,6901.75,328184,321125
01/08/2015,16:00,6902.5,6993.0,6902.5,6982.5,272056,317926
01/09/2015,16:00,6982.5,7002.75,6931.25,6951.0,341966,315518
01/12/2015,16:00,6951.5,6977.75,6901.25,6916.75,319438,314915
01/13/2015,16:00,6919.75,6998.0,6877.0,6908.75,476645,316648
01/14/2015,16:00,6908.25,6919.5,6850.75,6895.75,450812,312406
01/15/2015,16:00,6897.75,6940.25,6816.25,6839.25,456035,311783
01/16/2015,16:00,6822.75,6888.75,6791.75,6884.25,359021,313517
01/20/2015,16:00,6878.0,6925.5,6859.25,6917.25,347445,305422
01/21/2015,16:00,6916.25,6955.5,6887.25,6933.0,327200,306658
01/22/2015,16:00,6934.0,7019.25,6914.75,7015.0,338354,308168
01/23/2015,16:00,7015.75,7036.5,7000.5,7017.25,227200,306991
01/26/2015,16:00,6999.75,7028.5,6981.75,7019.5,187612,306679
01/27/2015,16:00,7017.0,7021.25,6893.0,6927.75,363818,301294
01/28/2015,16:00,6956.25,6984.75,6869.75,6874.5,363115,303766
01/29/2015,16:00,6875.25,6950.0,6846.0,6936.0,358572,296544
01/30/2015,16:00,6953.75,6958.25,6886.25,6891.5,345604,299482
02/02/2015,16:00,6893.75,6938.25,6835.75,6935.75,353848,302764
02/03/2015,16:00,6931.0,6973.0,6916.0,6966.5,283374,301453
02/04/2015,16:00,6958.0,6993.25,6937.75,6954.25,269497,302279
02/05/2015,16:00,6941.25,7005.0,6931.75,6997.75,200569,306162
02/06/2015,16:00,7001.25,7018.5,6960.0,6977.75,253335,311741
02/09/2015,16:00,6976.75,6982.25,6951.75,6964.5,198223,308727
02/10/2015,16:00,6969.25,7034.25,6961.25,7026.25,225792,314326
02/11/2015,16:00,7028.5,7072.25,7021.25,7046.75,207031,315492
02/12/2015,16:00,7058.75,7096.75,7036.0,7095.0,219353,319293
02/13/2015,16:00,7093.0,7132.25,7091.0,7127.25,190386,324644
02/17/2015,16:00,7123.75,7138.75,7114.75,7132.0,194620,329855
02/18/2015,16:00,7134.75,7143.75,7124.0,7136.25,146465,332160
02/19/2015,16:00,7140.5,7167.5,7126.25,7163.5,168236,338403
02/20/2015,16:00,7166.5,7195.25,7146.25,7188.25,235154,339745
02/23/2015,16:00,7190.0,7199.5,7180.0,7194.75,133132,339431
02/24/2015,16:00,7195.5,7206.0,7177.25,7200.5,163047,343076
02/25/2015,16:00,7199.5,7211.25,7179.5,7187.0,173941,350611
02/26/2015,16:00,7188.75,7215.0,7181.25,7212.0,193611,351195
02/27/2015,16:00,7210.75,7213.0,7185.25,7192.75,173304,349045
03/02/2015,16:00,7197.25,7233.5,7196.5,7227.25,185330,353206
03/03/2015,16:00,7229.25,7229.25,7182.75,7206.75,198589,348766
03/04/2015,16:00,7208.5,7208.5,7169.5,7194.5,210995,348504
03/05/2015,16:00,7194.5,7215.0,7183.0,7199.75,185176,345593
03/06/2015,16:00,7201.75,7210.75,7139.5,7155.25,296605,343471
03/09/2015,16:00,7162.0,7175.0,7142.0,7163.75,217756,346632
03/10/2015,16:00,7165.5,7166.0,7078.75,7081.5,313249,339165
03/11/2015,16:00,7084.5,7097.75,7054.5,7057.75,260964,323420
03/12/2015,16:00,7061.75,7090.0,7049.0,7081.25,108665,92031
03/13/2015,16:00,7083.25,7098.25,7038.0,7058.75,313642,153089
03/16/2015,16:00,7062.5,7122.25,7049.25,7109.25,245966,213475
03/17/2015,16:00,7104.5,7134.25,7098.25,7127.0,260406,289115
03/18/2015,16:00,7127.0,7190.75,7092.25,7176.75,316293,319459
03/19/2015,16:00,7180.25,7191.5,7168.0,7178.5,228573,324826
03/20/2015,16:00,7175.0,7228.75,7172.25,7203.75,210568,329332
03/23/2015,16:00,7205.0,7217.75,7192.5,7193.25,149739,330021
03/24/2015,16:00,7193.0,7217.5,7180.75,7185.5,184226,334708
03/25/2015,16:00,7185.75,7195.0,7076.5,7080.0,320355,328101
03/26/2015,16:00,7084.25,7087.5,7026.5,7067.25,356229,323346
03/27/2015,16:00,7069.5,7090.0,7053.75,7082.25,209529,316563
03/30/2015,16:00,7084.0,7138.25,7072.25,7129.0,202012,320860
03/31/2015,16:00,7126.5,7132.25,7077.25,7086.0,224928,319710
04/01/2015,16:00,7078.25,7090.75,7015.5,7069.5,311506,325114
04/02/2015,16:00,7072.0,7077.5,7045.0,7063.75,168845,324390
04/03/2015,16:00,7063.25,7070.25,7018.5,7019.5,11754,0
04/06/2015,16:00,7021.5,7111.25,7021.0,7098.75,154026,322937
04/07/2015,16:00,7096.25,7128.75,7086.75,7090.5,171692,319681
04/08/2015,16:00,7091.75,7135.75,7084.0,7131.25,225547,322108
04/09/2015,16:00,7134.5,7157.75,7109.25,7155.75,201439,320267
04/10/2015,16:00,7155.5,7172.5,7142.25,7171.25,126565,321642
04/13/2015,16:00,7171.5,7198.0,7156.0,7159.75,171930,328996
04/14/2015,16:00,7162.0,7171.0,7123.25,7154.25,220750,330389
04/15/2015,16:00,7156.75,7185.5,7145.25,7178.25,170496,334990
04/16/2015,16:00,7182.75,7186.0,7154.5,7171.75,162971,336852
04/17/2015,16:00,7172.75,7174.0,7080.5,7105.5,302065,324519
04/20/2015,16:00,7113.25,7173.5,7108.75,7164.0,218236,328342
04/21/2015,16:00,7159.25,7199.25,7159.25,7185.0,190749,333278
04/22/2015,16:00,7189.5,7216.0,7155.0,7201.75,196846,336282
04/23/2015,16:00,7195.0,7253.75,7174.5,7238.0,252582,343889
04/24/2015,16:00,7249.0,7292.75,7246.0,7285.75,204737,353020
04/27/2015,16:00,7289.5,7312.0,7265.75,7281.25,224600,360610
04/28/2015,16:00,7280.75,7287.75,7228.25,7272.5,283966,365655
04/29/2015,16:00,7268.75,7270.5,7212.75,7236.25,290967,363934
04/30/2015,16:00,7230.5,7234.75,7143.0,7164.75,353283,354947
05/01/2015,16:00,7170.5,7227.25,7166.25,7224.25,197160,346604
05/04/2015,16:00,7228.25,7260.0,7213.5,7233.0,191856,343006
05/05/2015,16:00,7230.5,7236.75,7156.0,7164.0,306244,341573
05/06/2015,16:00,7165.5,7180.0,7098.0,7129.5,335134,329627
05/07/2015,16:00,7128.0,7165.75,7089.0,7159.0,249245,325529
05/08/2015,16:00,7160.5,7219.25,7157.5,7205.25,216447,311555
05/11/2015,16:00,7209.0,7221.0,7183.25,7187.75,170514,310527
05/12/2015,16:00,7188.0,7194.5,7131.0,7177.25,257296,309067
05/13/2015,16:00,7179.5,7214.25,7174.0,7180.25,200865,306938
05/14/2015,16:00,7182.25,7249.5,7169.25,7246.75,184396,318095
05/15/2015,16:00,7245.5,7264.0,7234.25,7245.25,140746,316724
05/18/2015,16:00,7247.75,7274.25,7227.0,7263.75,128602,318931
05/19/2015,16:00,7266.25,7283.0,7253.0,7257.75,127690,318477
05/20/2015,16:00,7258.25,7290.5,7238.75,7262.0,170963,319423
05/21/2015,16:00,7256.5,7293.0,7243.0,7285.25,123530,324095
05/22/2015,16:00,7287.0,7298.5,7278.5,7285.25,100980,324296
05/26/2015,16:00,7284.0,7295.0,7211.5,7236.25,228084,316152
05/27/2015,16:00,7238.0,7307.5,7229.5,7298.75,198538,324196
05/28/2015,16:00,7297.0,7304.0,7278.25,7299.25,152018,323123
05/29/2015,16:00,7298.25,7301.75,7253.75,7267.5,197740,317485
06/01/2015,16:00,7270.5,7294.75,7242.5,7278.0,216323,326900
06/02/2015,16:00,7282.75,7288.25,7237.25,7259.5,222449,329489
06/03/2015,16:00,7259.75,7297.25,7257.75,7284.0,190316,329163
06/04/2015,16:00,7283.25,7283.75,7229.75,7253.0,285057,324517
06/05/2015,16:00,7251.25,7263.0,7205.75,7238.0,232923,321212
06/08/2015,16:00,7236.0,7239.75,7178.5,7188.75,237404,318087
06/09/2015,16:00,7192.0,7197.75,7146.75,7188.0,226086,306776
06/10/2015,16:00,7188.0,7254.75,7187.0,7245.25,238886,295802
06/11/2015,16:00,7243.0,7268.75,7236.5,7247.0,93865,77917
06/12/2015,16:00,7247.5,7248.0,7203.5,7210.25,191899,134470
06/15/2015,16:00,7193.0,7200.25,7149.5,7191.0,264706,205376
06/16/2015,16:00,7190.75,7219.5,7158.75,7214.75,219413,276235
06/17/2015,16:00,7215.25,7239.0,7194.25,7217.25,225073,308571
06/18/2015,16:00,7217.25,7298.0,7203.0,7293.75,275557,341402
06/19/2015,16:00,7293.0,7302.75,7259.25,7262.75,162664,341740
06/22/2015,16:00,7275.5,7315.25,7275.25,7295.75,157035,344693
06/23/2015,16:00,7301.75,7311.75,7285.75,7304.25,116969,346553
06/24/2015,16:00,7306.5,7318.25,7277.5,7278.75,165445,341486
06/25/2015,16:00,7283.25,7310.5,7263.0,7272.25,175329,343946
06/26/2015,16:00,7269.5,7280.0,7222.75,7243.5,226373,333975
06/29/2015,16:00,7192.75,7214.5,7131.25,7141.0,334972,320739
06/30/2015,16:00,7149.25,7175.25,7135.0,7153.25,304509,310864
07/01/2015,16:00,7155.75,7204.75,7155.0,7185.0,191161,310612
07/02/2015,16:00,7186.75,7204.5,7171.25,7191.75,155244,305054
07/06/2015,16:00,7190.75,7200.25,7107.0,7185.75,285735,305868
07/07/2015,16:00,7192.5,7211.0,7097.5,7185.25,384237,295969
07/08/2015,16:00,7185.5,7185.5,7099.5,7109.5,335132,301797
07/09/2015,16:00,7110.75,7171.0,7094.75,7102.5,260171,298313
07/10/2015,16:00,7108.75,7189.5,7108.75,7171.25,236765,290073
07/13/2015,16:00,7147.0,7254.75,7135.5,7251.0,209774,297167
07/14/2015,16:00,7250.25,7292.75,7247.5,7280.5,156246,303797
07/15/2015,16:00,7282.25,7302.5,7272.25,7299.5,187307,313485
07/16/2015,16:00,7297.5,7375.5,7294.0,7360.75,192220,328839
07/17/2015,16:00,7372.75,7417.0,7370.25,7413.0,187930,328391
07/20/2015,16:00,7412.0,7449.0,7409.5,7434.25,169781,328075
07/21/2015,16:00,7434.25,7446.0,7374.5,7429.5,226216,344606
07/22/2015,16:00,7381.0,7399.5,7351.75,7380.0,235343,353535
07/23/2015,16:00,7384.75,7397.75,7347.25,7383.0,211215,354455
07/24/2015,16:00,7396.5,7401.75,7307.5,7324.75,236180,357912
07/27/2015,16:00,7325.25,7331.25,7266.5,7285.5,293740,361564
07/28/2015,16:00,7284.25,7324.25,7260.0,7319.0,280667,361083
07/29/2015,16:00,7321.0,7342.5,7307.0,7328.0,222563,354469
07/30/2015,16:00,7325.75,7361.75,7293.75,7358.25,226285,354854
07/31/2015,16:00,7352.25,7371.75,7339.25,7348.0,214679,356397
08/03/2015,16:00,7346.25,7362.25,7303.5,7336.0,251564,353092
08/04/2015,16:00,7333.5,7344.25,7306.5,7314.75,253010,352658
08/05/2015,16:00,7314.5,7392.0,7314.0,7356.5,247802,363272
08/06/2015,16:00,7354.75,7371.75,7265.75,7287.75,272055,348662
08/07/2015,16:00,7290.25,7296.75,7243.5,7282.0,249232,352270
08/10/2015,16:00,7277.0,7343.0,7275.75,7329.0,199353,351321
08/11/2015,16:00,7345.5,7347.75,7248.5,7273.75,301820,343231
08/12/2015,16:00,7275.75,7298.5,7194.25,7296.5,358454,351679
08/13/2015,16:00,7292.5,7320.0,7271.75,7280.25,234832,349885
08/14/2015,16:00,7277.5,7297.0,7262.0,7294.75,167712,346311
08/17/2015,16:00,7295.5,7330.75,7266.25,7327.75,191979,350603
08/18/2015,16:00,7325.5,7336.5,7296.75,7307.0,164755,349249
08/19/2015,16:00,7306.0,7315.25,7246.25,7266.75,331472,342603
08/20/2015,16:00,7265.25,7276.0,7123.0,7129.25,449728,337677
08/21/2015,16:00,7130.75,7131.25,6952.0,6963.75,614566,327491
08/24/2015,16:00,6946.75,6959.25,6671.25,6766.25,746533,311664
08/25/2015,16:00,6761.0,6967.25,6760.75,6791.5,630057,312063
08/26/2015,16:00,6799.75,6992.5,6721.75,6977.5,637925,302415
08/27/2015,16:00,6985.5,7095.75,6968.25,7091.0,475384,300815
08/28/2015,16:00,7090.0,7103.75,7044.75,7096.0,322070,292231
08/31/2015,16:00,7087.0,7093.25,7021.5,7034.75,303204,295179
09/01/2015,16:00,7029.0,7031.0,6881.25,6921.25,481009,288528
09/02/2015,16:00,6913.75,7026.75,6899.0,7023.0,340627,285296
09/03/2015,16:00,7023.25,7067.25,6982.75,6992.5,332566,277598
09/04/2015,16:00,6994.75,7000.5,6918.0,6957.0,354122,281305
09/08/2015,16:00,6944.75,7068.5,6943.0,7061.5,293906,274211
09/09/2015,16:00,7063.5,7132.5,7003.25,7018.0,354129,254825
09/10/2015,16:00,7021.0,7089.0,6988.25,7056.5,93260,76588
09/11/2015,16:00,7056.75,7090.75,7020.5,7086.75,197765,112011
09/14/2015,16:00,7090.5,7118.0,7053.0,7071.25,201299,148820
09/15/2015,16:00,7069.25,7135.5,7051.5,7122.5,246233,202020
09/16/2015,16:00,7123.25,7153.75,7106.5,7152.5,214900,235796
09/17/2015,16:00,7148.75,7213.25,7128.5,7141.25,329847,252226
09/18/2015,16:00,7142.5,7154.0,7071.0,7098.25,333044,257075
09/21/2015,16:00,7096.25,7133.0,7058.0,7112.75,254496,258894
09/22/2015,16:00,7113.5,7116.5,6992.0,7038.75,320027,266149
09/23/2015,16:00,7035.75,7064.25,6993.0,7034.25,238547,264693
09/24/2015,16:00,7040.0,7050.25,6956.75,7017.5,355070,266349
09/25/2015,16:00,7003.5,7087.25,6957.0,6985.0,344913,264797
09/28/2015,16:00,6974.0,7010.5,6851.0,6866.25,360675,265522
09/29/2015,16:00,6877.75,6915.75,6812.25,6846.25,427261,260069
09/30/2015,16:00,6850.25,6940.5,6837.5,6934.5,347070,262269
10/01/2015,16:00,6925.5,6997.25,6887.75,6959.0,367790,257339
10/02/2015,16:00,6959.75,7035.25,6883.0,7032.75,404892,254181
10/05/2015,16:00,7029.25,7101.25,7022.0,7082.75,242309,253651
10/06/2015,16:00,7079.25,7093.5,7035.0,7061.75,264372,259851
10/07/2015,16:00,7046.5,7105.25,7039.5,7095.25,329985,262145
10/08/2015,16:00,7095.5,7119.75,7036.5,7116.25,317019,260364
10/09/2015,16:00,7109.5,7140.75,7096.0,7131.0,208829,261366
10/12/2015,16:00,7126.5,7153.0,7117.75,7146.5,132675,263709
10/13/2015,16:00,7148.5,7162.25,7110.0,7112.75,232729,266371
10/14/2015,16:00,7105.75,7136.75,7089.0,7098.0,284807,269035
10/15/2015,16:00,7106.75,7183.5,7104.0,7183.25,275986,275760
10/16/2015,16:00,7181.25,7210.5,7167.5,7206.25,207248,279142
10/19/2015,16:00,7206.0,7227.0,7182.5,7226.0,202407,280047
10/20/2015,16:00,7223.0,7227.5,7185.5,7196.25,200211,284532
10/21/2015,16:00,7194.25,7227.75,7166.25,7170.75,289766,287386
10/22/2015,16:00,7178.25,7337.0,7173.5,7324.25,348494,301070
10/23/2015,16:00,7333.75,7409.0,7333.5,7383.0,361589,304776
10/26/2015,16:00,7385.5,7401.5,7364.25,7387.75,184127,304647
10/27/2015,16:00,7391.25,7423.25,7372.75,7403.75,217939,320174
10/28/2015,16:00,7406.75,7449.75,7372.0,7445.25,306875,323663
10/29/2015,16:00,7435.75,7441.75,7414.25,7433.25,184529,325218
10/30/2015,16:00,7437.5,7461.75,7407.5,7414.75,211241,330432
11/02/2015,16:00,7416.0,7471.0,7396.5,7465.5,162655,337237
11/03/2015,16:00,7459.75,7499.0,7448.5,7483.5,186758,337511
11/04/2015,16:00,7483.25,7501.25,7462.75,7481.0,231004,338861
11/05/2015,16:00,7479.75,7499.0,7445.25,7466.75,246167,342185
11/06/2015,16:00,7472.25,7480.25,7430.25,7474.5,276682,345936
11/09/2015,16:00,7472.75,7484.25,7393.5,7424.25,256938,350790
11/10/2015,16:00,7421.5,7433.75,7384.0,7414.5,241859,360201
11/11/2015,16:00,7411.75,7446.25,7396.75,7403.25,221698,356182
11/12/2015,16:00,7402.75,7424.75,7352.75,7356.75,268158,364404
11/13/2015,16:00,7355.25,7362.0,7257.25,7273.5,344229,360805
11/16/2015,16:00,7249.75,7337.0,7226.5,7331.25,282188,354713
11/17/2015,16:00,7332.25,7369.25,7323.5,7341.0,269684,344687
11/18/2015,16:00,7341.75,7428.25,7327.75,7424.0,242823,344119
11/19/2015,16:00,7421.25,7448.5,7418.25,7431.5,217266,334477
11/20/2015,16:00,7428.25,7463.0,7423.75,7461.0,177125,333841
11/23/2015,16:00,7461.0,7478.25,7425.25,7447.25,163322,330480
11/24/2015,16:00,7445.25,7456.0,7391.5,7437.5,230131,331517
11/25/2015,16:00,7436.5,7456.0,7431.0,7448.75,119712,329591
11/27/2015,16:00,7451.25,7474.75,7436.25,7454.0,105382,332736
11/30/2015,16:00,7457.0,7472.0,7425.0,7440.25,179766,330918
12/01/2015,16:00,7450.25,7488.25,7448.0,7487.75,228425,339494
12/02/2015,16:00,7486.5,7511.0,7450.0,7466.0,231812,340415
12/03/2015,16:00,7470.25,7501.75,7350.5,7382.5,379530,325937
12/04/2015,16:00,7387.5,7494.75,7374.5,7484.75,305073,328107
12/07/2015,16:00,7492.75,7501.5,7442.0,7472.5,224657,323551
12/08/2015,16:00,7471.25,7480.5,7412.75,7458.75,299288,320820
12/09/2015,16:00,7462.0,7479.0,7364.75,7387.5,388709,306998
12/10/2015,16:00,7391.75,7446.25,7390.25,7416.0,108319,82485
12/11/2015,16:00,7419.25,7431.25,7299.25,7310.25,321094,156886
12/14/2015,16:00,7305.0,7351.25,7249.0,7338.25,423297,217222
12/15/2015,16:00,7343.5,7410.75,7338.25,7378.75,329055,285469
12/16/2015,16:00,7381.25,7447.5,7352.75,7435.5,287576,307807
12/17/2015,16:00,7428.0,7461.5,7342.5,7347.25,320692,315974
12/18/2015,16:00,7347.25,7366.0,7280.0,7282.25,340479,314393
12/21/2015,16:00,7291.5,7349.5,7289.5,7340.75,176610,307464
12/22/2015,16:00,7346.75,7372.25,7319.0,7368.75,166650,307643
12/23/2015,16:00,7368.25,7398.0,7360.75,7384.5,147737,307152
12/24/2015,16:00,7384.5,7407.75,7378.5,7388.75,62054,306415
12/28/2015,16:00,7388.75,7397.25,7349.25,7391.5,113567,306913
12/29/2015,16:00,7395.5,7475.5,7388.25,7468.25,158098,315702
12/30/2015,16:00,7465.0,7472.75,7421.25,7423.75,117427,316724
12/31/2015,16:00,7425.75,7432.75,7357.25,7365.5,160705,311093
01/04/2016,16:00,7370.25,7384.5,7207.5,7282.25,368671,310268
01/05/2016,16:00,7283.25,7300.75,7235.0,7261.5,301175,301767
01/06/2016,16:00,7259.75,7265.25,7163.75,7224.5,346779,306791
01/07/2016,16:00,7228.0,7236.25,7060.75,7067.0,501315,308560
01/08/2016,16:00,7075.75,7147.75,7033.5,7039.25,480513,298971
01/11/2016,16:00,7042.0,7082.25,6986.5,7050.75,435576,300491
01/12/2016,16:00,7050.0,7123.5,7014.25,7090.5,417581,300315
01/13/2016,16:00,7086.5,7142.75,6945.0,6953.5,521065,297346
01/14/2016,16:00,6959.25,7078.25,6901.75,7035.25,526505,290522
01/15/2016,16:00,7032.75,7046.5,6853.5,6918.5,567530,278239
01/19/2016,16:00,6904.5,6993.5,6869.0,6922.25,475760,276800
01/20/2016,16:00,6918.75,6949.25,6761.25,6910.75,628240,277624
01/21/2016,16:00,6908.5,6970.0,6863.5,6908.0,554096,272920
01/22/2016,16:00,6904.0,7030.75,6896.75,7025.25,328593,272777
01/25/2016,16:00,7025.25,7037.75,6957.0,6964.5,287599,270756
01/26/2016,16:00,6967.75,7021.5,6910.75,7004.5,327223,268424
01/27/2016,16:00,6973.0,6996.5,6879.75,6904.75,408523,272665
01/28/2016,16:00,6928.0,6976.75,6884.5,6931.5,414082,271400
01/29/2016,16:00,6912.75,7049.0,6906.75,7040.75,328862,272813
02/01/2016,16:00,7041.0,7087.0,7006.25,7069.25,263363,270521
02/02/2016,16:00,7064.25,7064.75,6948.5,6969.75,314726,270484
02/03/2016,16:00,6963.75,6992.75,6868.25,6949.25,484500,267812
02/04/2016,16:00,6947.5,6984.25,6891.25,6933.5,383175,270037
02/05/2016,16:00,6924.25,6951.25,6778.75,6799.75,443077,283321
02/08/2016,16:00,6805.0,6823.75,6660.75,6742.0,542371,292719
02/09/2016,16:00,6736.25,6781.75,6675.25,6722.0,499993,284583
02/10/2016,16:00,6732.25,6818.75,6700.0,6745.0,426911,279709
02/11/2016,16:00,6740.75,6763.25,6640.0,6739.0,504866,276483
02/12/2016,16:00,6741.0,6795.25,6730.75,6784.0,307347,271008
02/16/2016,16:00,6799.25,6882.5,6799.25,6870.5,320588,268672
02/17/2016,16:00,6867.5,6989.25,6846.0,6974.5,291649,266263
02/18/2016,16:00,6986.0,7005.25,6921.75,6932.75,254579,264215
02/19/2016,16:00,6934.0,6952.75,6898.0,6938.75,229019,261842
02/22/2016,16:00,6933.0,7011.75,6924.25,6992.5,189979,261142
02/23/2016,16:00,6985.0,6994.25,6932.25,6937.0,227805,258582
02/24/2016,16:00,6934.25,6996.25,6862.5,6986.25,336253,259460
02/25/2016,16:00,6992.25,7025.5,6948.0,7022.0,265546,259501
02/26/2016,16:00,7020.75,7071.0,7002.75,7007.75,272803,250772
02/29/2016,16:00,7003.0,7041.0,6962.25,6979.0,250315,248590
03/01/2016,16:00,6977.0,7116.5,6958.0,7115.5,295763,253158
03/02/2016,16:00,7112.25,7135.5,7077.0,7107.0,265748,250443
03/03/2016,16:00,7104.5,7122.25,7071.25,7098.0,202256,250647
03/04/2016,16:00,7100.75,7132.75,7075.75,7100.25,289076,253549
03/07/2016,16:00,7098.75,7107.75,7046.5,7077.75,246815,252203
03/08/2016,16:00,7078.75,7086.5,7029.25,7048.25,293547,251597
03/09/2016,16:00,7048.75,7076.75,7034.5,7072.25,238221,243913
03/10/2016,16:00,7082.0,7124.75,7007.0,7062.5,77010,38856
03/11/2016,16:00,7067.5,7140.5,7059.5,7131.25,214178,80570
03/14/2016,16:00,7129.5,7157.0,7118.25,7144.5,203722,130817
03/15/2016,16:00,7142.5,7151.5,7116.25,7143.0,226022,168803
03/16/2016,16:00,7146.0,7194.5,7127.25,7175.0,283358,194427
03/17/2016,16:00,7174.5,7199.5,7146.5,7179.75,269816,220708
03/18/2016,16:00,7182.25,7197.5,7162.5,7181.5,240454,221182
03/21/2016,16:00,7181.5,7208.0,7163.5,7203.0,169724,205603
03/22/2016,16:00,7202.75,7227.25,7170.5,7221.25,190219,211166
03/23/2016,16:00,7221.5,7228.0,7170.0,7182.25,212040,208252
03/24/2016,16:00,7181.75,7187.75,7151.75,7184.0,196013,208894
03/28/2016,16:00,7188.25,7212.5,7168.25,7176.25,133720,209270
03/29/2016,16:00,7176.5,7250.25,7160.75,7245.0,229527,219787
03/30/2016,16:00,7247.5,7297.0,7243.25,7268.75,222490,216738
03/31/2016,16:00,7267.0,7282.25,7249.0,7263.0,190526,220359
04/01/2016,16:00,7264.5,7316.25,7228.25,7315.25,245916,223196
04/04/2016,16:00,7313.5,7330.5,7282.0,7287.0,189635,217443
04/05/2016,16:00,7286.5,7288.25,7243.25,7256.25,218944,216452
04/06/2016,16:00,7262.75,7324.5,7254.0,7321.75,241958,226967
04/07/2016,16:00,7320.25,7326.25,7237.5,7257.0,260817,224761
04/08/2016,16:00,7254.25,7296.5,7238.25,7254.0,232565,224229
04/11/2016,16:00,7256.75,7296.5,7232.75,7238.25,243297,223683
04/12/2016,16:00,7233.75,7284.25,7213.25,7276.75,252487,224098
04/13/2016,16:00,7275.75,7340.5,7273.5,7334.5,228380,227418
04/14/2016,16:00,7335.25,7350.0,7317.25,7333.0,163850,226964
04/15/2016,16:00,7335.5,7341.25,7309.75,7325.25,171811,225231
04/18/2016,16:00,7305.5,7348.0,7287.75,7333.25,179869,231695
04/19/2016,16:00,7332.25,7371.25,7293.5,7313.5,256892,234958
04/20/2016,16:00,7315.0,7342.75,7295.75,7322.5,193071,233715
04/21/2016,16:00,7320.0,7338.5,7274.75,7284.5,239652,229942
04/22/2016,16:00,7275.0,7288.5,7217.75,7252.5,285544,224518
04/25/2016,16:00,7263.75,7266.5,7222.75,7259.0,172474,227944
04/26/2016,16:00,7259.0,7276.5,7193.75,7239.25,212776,226332
04/27/2016,16:00,7191.75,7220.5,7159.0,7210.5,306378,228648
04/28/2016,16:00,7218.75,7229.0,7133.0,7168.75,306766,231995
04/29/2016,16:00,7170.25,7178.0,7083.5,7118.25,402426,244210
05/02/2016,16:00,7123.75,7165.25,7104.75,7155.75,221470,237758
05/03/2016,16:00,7158.75,7161.25,7106.25,7121.25,270601,240305
05/04/2016,16:00,7122.25,7128.75,7079.0,7096.5,235256,242401
05/05/2016,16:00,7096.5,7129.25,7079.25,7087.0,221674,244568
05/06/2016,16:00,7086.0,7120.5,7057.75,7115.0,262686,239103
05/09/2016,16:00,7116.5,7143.25,7104.75,7122.5,206931,234264
05/10/2016,16:00,7121.5,7185.5,7110.5,7178.75,204247,232166
05/11/2016,16:00,7181.0,7189.75,7137.5,7138.25,208025,228076
05/12/2016,16:00,7139.25,7168.5,7092.5,7121.5,262049,226681
05/13/2016,16:00,7124.0,7147.25,7090.5,7110.75,249877,219327
05/16/2016,16:00,7102.75,7178.75,7092.25,7162.0,197887,216182
05/17/2016,16:00,7159.5,7180.5,7094.75,7106.25,256918,222744
05/18/2016,16:00,7107.75,7145.75,7087.75,7119.0,305289,219280
05/19/2016,16:00,7124.5,7127.5,7067.5,7104.0,272694,225339
05/20/2016,16:00,7103.75,7165.75,7101.25,7149.0,244244,215512
05/23/2016,16:00,7154.5,7168.25,7135.0,7139.25,167178,213994
05/24/2016,16:00,7138.25,7235.5,7128.5,7232.0,239635,219689
05/25/2016,16:00,7232.25,7276.25,7229.75,7261.5,253726,209859
05/26/2016,16:00,7260.25,7282.25,7250.25,7279.0,163693,216691
05/27/2016,16:00,7280.75,7300.25,7277.0,7296.75,153739,228011
05/31/2016,16:00,7305.0,7315.0,7284.25,7311.0,209605,228949
06/01/2016,16:00,7308.75,7324.25,7289.5,7308.25,194470,238698
06/02/2016,16:00,7307.25,7319.75,7273.0,7319.0,179288,241973
06/03/2016,16:00,7317.0,7325.5,7265.5,7295.75,225458,239848
06/06/2016,16:00,7297.75,7323.25,7290.75,7312.25,164530,237750
06/07/2016,16:00,7311.25,7332.25,7298.0,7301.0,155623,234244
06/08/2016,16:00,7299.25,7317.0,7290.75,7305.75,172285,232147
06/09/2016,16:00,7313.0,7313.0,7280.5,7299.25,61578,55177
06/10/2016,16:00,7298.0,7300.0,7233.0,7252.75,249334,106027
06/13/2016,16:00,7241.5,7249.0,7206.5,7213.5,318359,164160
06/14/2016,16:00,7207.0,7227.5,7178.75,7212.75,323188,208818
06/15/2016,16:00,7212.25,7230.5,7191.25,7200.25,245562,230670
06/16/2016,16:00,7197.75,7215.75,7147.25,7211.5,316194,231519
06/17/2016,16:00,7210.0,7227.25,7148.25,7154.25,250757,226139
06/20/2016,16:00,7177.75,7231.5,7177.75,7184.75,195423,221390
06/21/2016,16:00,7193.25,7210.5,7183.0,7195.0,194521,218161
06/22/2016,16:00,7192.0,7228.75,7185.75,7189.25,190665,213504
06/23/2016,16:00,7204.5,7274.0,7202.75,7257.25,194791,212932
06/24/2016,16:00,7277.5,7288.75,7029.25,7057.0,497350,202637
06/27/2016,16:00,7044.75,7062.5,6962.5,6972.75,413249,208490
06/28/2016,16:00,6971.0,7079.25,6970.75,7075.75,258268,205725
06/29/2016,16:00,7076.0,7174.75,7063.0,7157.5,260013,193360
06/30/2016,16:00,7169.75,7205.25,7133.25,7201.75,242965,192412
07/01/2016,16:00,7191.75,7241.0,7181.0,7228.0,176656,197945
07/05/2016,16:00,7233.5,7246.25,7172.25,7198.75,200656,199778
07/06/2016,16:00,7200.75,7235.25,7160.5,7234.25,253791,205624
07/07/2016,16:00,7229.5,7256.0,7222.25,7247.0,184871,203125
07/08/2016,16:00,7246.5,7318.0,7234.5,7312.0,234625,216297
07/11/2016,16:00,7314.25,7358.25,7310.5,7344.25,182422,220811
07/12/2016,16:00,7347.5,7376.75,7341.5,7364.5,190097,228738
07/13/2016,16:00,7366.5,7379.25,7353.25,7356.0,190027,233932
07/14/2016,16:00,7355.75,7403.0,7348.25,7384.75,191874,239874
07/15/2016,16:00,7379.75,7398.25,7345.0,7374.0,171716,241010
07/18/2016,16:00,7374.75,7416.5,7371.75,7403.0,183261,251496
07/19/2016,16:00,7404.25,7406.0,7383.0,7401.25,165175,251852
07/20/2016,16:00,7403.75,7453.75,7392.5,7445.25,182311,255952
07/21/2016,16:00,7448.75,7457.0,7421.5,7433.0,181960,258090
07/22/2016,16:00,7433.25,7459.25,7423.25,7452.0,152974,266491
07/25/2016,16:00,7454.0,7464.25,7438.25,7448.5,146154,271326
07/26/2016,16:00,7453.25,7483.0,7435.75,7458.5,209762,273433
07/27/2016,16:00,7486.0,7508.75,7471.5,7502.5,230410,275449
07/28/2016,16:00,7505.0,7526.75,7484.25,7514.5,220001,276039
07/29/2016,16:00,7526.5,7531.25,7503.75,7521.5,207360,276262
08/01/2016,16:00,7532.25,7555.0,7515.75,7539.25,199516,282018
08/02/2016,16:00,7544.0,7554.25,7476.5,7509.0,261263,283965
08/03/2016,16:00,7508.0,7524.0,7492.75,7523.0,170596,289048
08/04/2016,16:00,7521.25,7541.75,7509.75,7538.5,167881,286306
08/05/2016,16:00,7539.75,7592.5,7537.25,7577.75,180947,291048
08/08/2016,16:00,7579.5,7595.5,7561.0,7574.0,132186,284726
08/09/2016,16:00,7575.25,7602.5,7572.25,7586.5,134336,288224
08/10/2016,16:00,7588.25,7595.0,7562.0,7576.25,141495,290867
08/11/2016,16:00,7577.0,7605.75,7570.5,7594.75,147601,291724
08/12/2016,16:00,7594.75,7601.5,7581.75,7599.0,131960,292655
08/15/2016,16:00,7601.5,7630.0,7599.75,7617.5,130170,296693
08/16/2016,16:00,7617.5,7619.25,7591.25,7593.25,156061,295628
08/17/2016,16:00,7595.5,7604.5,7566.75,7598.75,197778,296338
08/18/2016,16:00,7603.0,7608.75,7587.5,7603.25,149002,295120
08/19/2016,16:00,7602.75,7611.5,7579.75,7601.75,194623,288746
08/22/2016,16:00,7604.0,7612.75,7584.25,7606.5,196397,291985
08/23/2016,16:00,7604.0,7631.5,7602.5,7611.75,160448,295718
08/24/2016,16:00,7613.25,7618.25,7565.5,7581.0,190472,296108
08/25/2016,16:00,7581.25,7588.75,7563.0,7577.0,194394,303583
08/26/2016,16:00,7578.25,7612.25,7552.0,7580.5,281261,305961
08/29/2016,16:00,7580.75,7600.5,7568.75,7588.0,146925,311357
08/30/2016,16:00,7589.75,7593.25,7554.5,7570.75,186259,302435
08/31/2016,16:00,7573.0,7574.0,7546.25,7568.5,198477,304986
09/01/2016,16:00,7569.0,7590.0,7544.25,7572.25,248348,304868
09/02/2016,16:00,7572.25,7612.5,7569.0,7590.0,227919,302862
09/06/2016,16:00,7596.0,7626.25,7577.0,7622.25,208188,302730
09/07/2016,16:00,7625.0,7634.25,7607.25,7623.5,193455,295572
09/08/2016,16:00,7624.0,7631.75,7584.75,7591.75,77851,60860
09/09/2016,16:00,7584.5,7593.25,7462.0,7467.0,382964,125981
09/12/2016,16:00,7460.5,7568.0,7424.5,7563.0,454859,193135
09/13/2016,16:00,7557.5,7560.5,7495.0,7523.25,460083,225296
09/14/2016,16:00,7527.75,7567.0,7519.5,7527.75,358383,249462
09/15/2016,16:00,7528.25,7622.75,7515.5,7613.0,343596,277253
09/16/2016,16:00,7608.75,7618.75,7588.0,7613.5,285889,276074
09/19/2016,16:00,7614.0,7641.0,7581.75,7593.5,235031,274677
09/20/2016,16:00,7596.0,7619.75,7589.25,7597.75,195027,274670
09/21/2016,16:00,7599.25,7653.75,7587.75,7649.25,291231,278169
09/22/2016,16:00,7648.25,7691.5,7642.0,7685.5,196512,290307
09/23/2016,16:00,7686.5,7689.0,7647.5,7655.75,197323,292783
09/26/2016,16:00,7651.25,7658.75,7606.75,7614.25,209587,290403
09/27/2016,16:00,7613.0,7663.75,7600.0,7660.0,227156,296849
09/28/2016,16:00,7656.75,7672.5,7644.0,7667.5,208679,296145
09/29/2016,16:00,7666.0,7675.75,7611.75,7643.5,306337,292234
09/30/2016,16:00,7638.5,7684.75,7611.0,7669.5,248154,302355
10/03/2016,16:00,7666.5,7678.75,7642.0,7665.0,177125,296346
10/04/2016,16:00,7666.0,7687.25,7635.5,7656.75,276978,295436
10/05/2016,16:00,7655.75,7687.75,7648.5,7672.75,182962,301537
10/06/2016,16:00,7673.25,7680.25,7644.75,7671.25,187196,297898
10/07/2016,16:00,7669.5,7683.0,7634.0,7658.25,281205,296172
10/10/2016,16:00,7667.25,7700.75,7661.5,7692.5,159238,310346
10/11/2016,16:00,7691.25,7696.5,7597.25,7626.25,316603,296961
10/12/2016,16:00,7621.5,7641.25,7599.5,7612.75,234222,300632
10/13/2016,16:00,7604.0,7612.25,7553.75,7595.25,297938,295358
10/14/2016,16:00,7595.25,7640.25,7585.5,7603.5,237878,299521
10/17/2016,16:00,7602.75,7609.75,7580.25,7602.5,179668,300593
10/18/2016,16:00,7601.5,7656.0,7599.0,7626.25,205551,304286
10/19/2016,16:00,7623.0,7639.5,7610.25,7629.5,148339,302722
10/20/2016,16:00,7627.5,7646.5,7598.0,7643.0,248117,299321
10/21/2016,16:00,7643.5,7648.25,7614.0,7642.5,188661,298306
10/24/2016,16:00,7646.5,7708.0,7642.0,7702.0,182257,314335
10/25/2016,16:00,7705.5,7718.75,7672.75,7685.25,184984,315601
10/26/2016,16:00,7673.25,7681.0,7638.75,7653.0,234117,305191
10/27/2016,16:00,7651.25,7679.5,7603.5,7606.25,261342,304683
10/28/2016,16:00,7617.5,7642.5,7585.75,7605.25,325145,307129
10/31/2016,16:00,7594.5,7629.25,7587.5,7596.0,199169,316391
11/01/2016,16:00,7602.0,7616.25,7518.0,7556.5,307806,315481
11/02/2016,16:00,7553.75,7567.75,7507.5,7516.0,300313,319917
11/03/2016,16:00,7499.25,7528.75,7467.5,7473.75,280599,311422
11/04/2016,16:00,7470.5,7494.75,7450.5,7457.0,264048,308972
11/07/2016,16:00,7509.0,7581.0,7509.0,7575.0,223773,303686
11/08/2016,16:00,7576.75,7621.75,7552.0,7601.5,219987,298053
11/09/2016,16:00,7607.0,7636.75,7357.75,7619.75,719499,259374
11/10/2016,16:00,7616.75,7679.0,7478.5,7543.0,555100,252381
11/11/2016,16:00,7541.0,7557.25,7481.0,7547.25,324940,255210
11/14/2016,16:00,7552.25,7583.75,7472.0,7493.75,285041,256237
11/15/2016,16:00,7492.0,7578.5,7487.25,7565.25,238486,254101
11/16/2016,16:00,7564.25,7594.0,7535.5,7582.5,195711,252082
11/17/2016,16:00,7580.75,7630.75,7577.25,7627.75,190166,251552
11/18/2016,16:00,7628.0,7639.75,7602.25,7607.75,168797,246634
11/21/2016,16:00,7612.75,7661.25,7602.5,7653.25,167542,248447
11/22/2016,16:00,7657.25,7684.0,7656.25,7674.0,157465,249031
11/23/2016,16:00,7676.5,7681.75,7629.5,7648.75,159650,248485
11/25/2016,16:00,7649.75,7669.25,7638.75,7667.75,75485,248916
11/28/2016,16:00,7663.5,7679.0,7642.0,7660.25,143185,250935
11/29/2016,16:00,7660.25,7697.0,7646.75,7674.25,175916,253414
11/30/2016,16:00,7671.75,7684.75,7611.75,7615.25,231494,248595
12/01/2016,16:00,7618.25,7626.75,7522.0,7535.75,291375,250180
12/02/2016,16:00,7534.75,7558.25,7506.5,7537.75,235325,247012
12/05/2016,16:00,7518.25,7595.0,7500.75,7579.75,207428,244379
12/06/2016,16:00,7580.0,7595.75,7567.0,7586.0,185123,249513
12/07/2016,16:00,7588.25,7654.0,7562.75,7641.0,232690,235577
12/08/2016,16:00,7645.0,7668.75,7636.5,7662.75,55427,27608
12/09/2016,16:00,7660.5,7697.5,7652.25,7693.75,171196,68789
12/12/2016,16:00,7695.75,7717.25,7652.25,7666.75,231016,120950
12/13/2016,16:00,7666.0,7762.0,7660.0,7738.0,296399,171068
12/14/2016,16:00,7739.75,7758.0,7711.0,7733.0,290773,199846
12/15/2016,16:00,7731.25,7762.25,7718.75,7735.25,249163,217070
12/16/2016,16:00,7740.5,7752.25,7704.75,7716.25,185358,219937
12/19/2016,16:00,7716.25,7766.75,7713.0,7739.25,146138,221736
12/20/2016,16:00,7740.0,7763.75,7739.0,7756.5,109979,221641
12/21/2016,16:00,7756.5,7760.5,7739.75,7750.0,90653,224173
12/22/2016,16:00,7748.5,7753.5,7717.5,7737.0,110522,224003
12/23/2016,16:00,7734.25,7744.25,7723.25,7742.75,69061,225518
12/27/2016,16:00,7742.5,7795.0,7740.5,7761.75,100365,224085
12/28/2016,16:00,7761.75,7779.75,7720.75,7724.25,136664,224720
12/29/2016,16:00,7724.25,7734.0,7701.75,7719.0,121556,225278
12/30/2016,16:00,7721.0,7740.5,7650.5,7664.5,197659,225324
01/03/2017,16:00,7677.25,7728.0,7677.25,7706.75,215983,229247
01/04/2017,16:00,7707.0,7743.0,7703.5,7734.0,171952,219015
01/05/2017,16:00,7735.25,7764.75,7721.0,7762.5,169565,216170
01/06/2017,16:00,7763.0,7818.0,7753.0,7804.5,183315,220710
01/09/2017,16:00,7805.0,7830.0,7803.0,7822.5,148112,220663
01/10/2017,16:00,7822.5,7847.5,7807.75,7831.75,153774,221728
01/11/2017,16:00,7833.25,7848.75,7808.0,7847.0,218752,226569
01/12/2017,16:00,7845.0,7845.25,7790.75,7835.25,212324,222602
01/13/2017,16:00,7836.5,7863.75,7835.75,7861.75,136613,221836
01/17/2017,16:00,7856.75,7859.5,7825.5,7840.75,198098,225024
01/18/2017,16:00,7841.0,7857.75,7834.5,7855.0,159690,225008
01/19/2017,16:00,7853.75,7875.25,7837.0,7854.0,185603,226424
01/20/2017,16:00,7856.0,7883.5,7845.25,7858.75,216184,224333
01/23/2017,16:00,7859.5,7870.25,7830.75,7864.0,181150,224681
01/24/2017,16:00,7864.25,7904.5,7860.5,7896.75,141578,223035
01/25/2017,16:00,7900.5,7950.5,7900.25,7947.0,153214,221427
01/26/2017,16:00,7948.75,7969.0,7942.25,7948.25,173375,220839
01/27/2017,16:00,7944.75,7968.0,7939.75,7963.0,138335,229131
01/30/2017,16:00,7946.75,7955.0,7895.0,7925.0,249340,235837
01/31/2017,16:00,7924.0,7935.5,7883.75,7913.25,214696,237003
02/01/2017,16:00,7932.5,7958.75,7923.5,7949.0,237364,234540
02/02/2017,16:00,7948.25,7958.0,7920.0,7931.5,209875,230792
02/03/2017,16:00,7930.0,7962.75,7920.25,7955.5,181444,229935
02/06/2017,16:00,7957.75,7964.0,7940.75,7958.25,145402,232602
02/07/2017,16:00,7957.5,7992.5,7954.75,7977.25,164423,231103
02/08/2017,16:00,7975.5,7997.5,7964.0,7991.75,166260,233819
02/09/2017,16:00,7990.25,8019.75,7986.75,8012.75,157897,233830
02/10/2017,16:00,8011.75,8033.0,8010.25,8027.25,147032,230402
02/13/2017,16:00,8029.75,8062.0,8027.25,8059.75,144520,229745
02/14/2017,16:00,8059.75,8078.5,8040.25,8076.5,166904,227743
02/15/2017,16:00,8075.0,8114.0,8065.75,8110.5,168262,227554
02/16/2017,16:00,8113.5,8117.5,8089.0,8101.0,209931,225348
02/17/2017,16:00,8100.75,8129.25,8087.25,8126.25,170805,228114
02/21/2017,16:00,8124.0,8154.25,8121.0,8144.25,192758,232842
02/22/2017,16:00,8146.0,8156.0,8136.75,8151.5,156582,234388
02/23/2017,16:00,8153.0,8161.75,8111.25,8132.5,240394,238906
02/24/2017,16:00,8129.75,8145.0,8099.5,8143.75,211944,242191
02/27/2017,16:00,8140.5,8153.0,8123.75,8148.0,153779,235411
02/28/2017,16:00,8145.5,8150.5,8117.5,8132.75,168037,237096
03/01/2017,16:00,8135.0,8200.5,8132.5,8186.5,241769,233413
03/02/2017,16:00,8183.25,8194.25,8156.75,8165.25,206020,229214
03/03/2017,16:00,8159.25,8174.0,8144.75,8172.5,176727,229443
03/06/2017,16:00,8169.5,8175.0,8139.5,8161.5,166727,232373
03/07/2017,16:00,8155.25,8174.75,8142.0,8150.25,180791,228740
03/08/2017,16:00,8150.5,8177.75,8134.25,8163.5,221615,225942
03/09/2017,16:00,8162.0,8173.0,8136.75,8167.25,48313,29742
03/10/2017,16:00,8169.25,8195.5,8163.25,8182.75,262456,100375
03/13/2017,16:00,8183.0,8196.5,8172.5,8195.75,173934,146524
03/14/2017,16:00,8195.75,8197.0,8160.0,8182.0,235023,201802
03/15/2017,16:00,8183.0,8228.0,8176.5,8215.75,248409,231592
03/16/2017,16:00,8213.5,8236.5,8198.75,8211.5,187337,232395
03/17/2017,16:00,8212.25,8221.75,8203.0,8205.0,143955,231879
03/20/2017,16:00,8203.75,8224.5,8192.5,8215.0,144687,232584
03/21/2017,16:00,8212.25,8237.5,8126.5,8134.75,414738,238409
03/22/2017,16:00,8130.75,8172.75,8111.5,8162.25,335865,239630
03/23/2017,16:00,8162.0,8175.0,8143.75,8151.0,269772,238273
03/24/2017,16:00,8152.75,8191.5,8144.0,8175.25,294980,240282
03/27/2017,16:00,8156.5,8182.25,8113.75,8175.5,276499,240669
03/28/2017,16:00,8179.0,8221.25,8160.0,8201.5,245032,239090
03/29/2017,16:00,8205.5,8234.0,8201.25,8232.5,173940,237704
03/30/2017,16:00,8232.5,8247.5,8223.0,8234.0,163121,238048
03/31/2017,16:00,8237.25,8249.25,8217.5,8235.0,166661,238079
04/03/2017,16:00,8233.25,8251.5,8199.75,8231.0,264740,239261
04/04/2017,16:00,8229.25,8244.5,8203.25,8240.5,195119,241601
04/05/2017,16:00,8243.5,8277.75,8205.5,8212.75,301129,245399
04/06/2017,16:00,8210.75,8233.75,8186.5,8219.25,287867,244341
04/07/2017,16:00,8223.25,8232.5,8179.25,8217.75,243807,245227
04/10/2017,16:00,8217.25,8240.25,8202.25,8218.75,197534,245956
04/11/2017,16:00,8223.25,8225.75,8154.5,8198.25,332142,248277
04/12/2017,16:00,8199.25,8209.25,8165.5,8169.25,251108,248315
04/13/2017,16:00,8165.5,8196.0,8144.0,8155.5,278784,253079
04/17/2017,16:00,8149.25,8196.0,8144.25,8191.75,148626,257725
04/18/2017,16:00,8194.0,8201.75,8172.0,8185.75,246219,254637
04/19/2017,16:00,8186.25,8227.25,8185.25,8194.25,213579,256963
04/20/2017,16:00,8194.5,8251.25,8191.0,8239.25,231392,265522
04/21/2017,16:00,8241.5,8251.25,8224.0,8238.5,193756,259638
04/24/2017,16:00,8267.5,8309.25,8267.5,8300.5,212519,268842
04/25/2017,16:00,8298.5,8353.75,8295.5,8344.75,172850,274049
04/26/2017,16:00,8343.25,8359.0,8331.5,8332.75,221754,270872
04/27/2017,16:00,8331.75,8395.5,8330.75,8387.5,194734,273340
04/28/2017,16:00,8381.0,8394.25,8368.25,8377.0,185941,271127
05/01/2017,16:00,8377.5,8433.75,8370.0,8427.25,166028,271898
05/02/2017,16:00,8425.5,8438.25,8419.0,8436.25,169050,271954
05/03/2017,16:00,8417.5,8427.5,8402.5,8409.75,206431,276375
05/04/2017,16:00,8405.5,8430.5,8400.25,8422.25,223464,275141
05/05/2017,16:00,8423.5,8446.0,8409.0,8444.75,166263,274316
05/08/2017,16:00,8454.75,8457.0,8431.0,8452.0,164353,271692
05/09/2017,16:00,8450.75,8484.25,8447.25,8472.75,194000,268161
05/10/2017,16:00,8475.0,8476.25,8454.75,8472.0,174081,267449
05/11/2017,16:00,8471.25,8472.75,8432.75,8467.25,238806,271406
05/12/2017,16:00,8466.5,8486.25,8453.0,8485.5,186832,272406
05/15/2017,16:00,8486.0,8503.0,8479.0,8497.75,180918,269218
05/16/2017,16:00,8501.5,8523.75,8492.75,8520.75,183423,268218
05/17/2017,16:00,8520.0,8520.5,8371.25,8375.25,506880,268802
05/18/2017,16:00,8372.0,8445.0,8347.0,8427.0,522258,275769
05/19/2017,16:00,8428.0,8473.0,8418.5,8449.75,292202,269335
05/22/2017,16:00,8449.25,8500.75,8445.25,8498.5,198203,270437
05/23/2017,16:00,8498.0,8515.0,8485.0,8508.0,219010,268181
05/24/2017,16:00,8506.0,8531.0,8501.75,8527.75,191514,268535
05/25/2017,16:00,8528.0,8592.0,8527.75,8578.5,239940,273737
05/26/2017,16:00,8577.75,8593.0,8569.25,8588.75,163404,270605
05/30/2017,16:00,8589.5,8600.0,8574.75,8588.5,197717,272648
05/31/2017,16:00,8589.0,8615.75,8560.25,8589.75,332645,283551
06/01/2017,16:00,8601.25,8620.5,8577.0,8618.5,266069,283162
06/02/2017,16:00,8620.25,8683.25,8618.5,8682.5,298205,293184
06/05/2017,16:00,8674.75,8687.75,8669.25,8677.25,177414,290913
06/06/2017,16:00,8676.75,8689.75,8645.0,8659.75,257087,298702
06/07/2017,16:00,8658.75,8681.25,8642.25,8676.25,274935,301092
06/08/2017,16:00,8675.25,8694.75,8650.25,8682.0,100340,58223
06/09/2017,16:00,8674.0,8696.5,8458.0,8537.25,685209,170856
06/12/2017,16:00,8535.0,8539.5,8432.25,8508.25,613912,246673
06/13/2017,16:00,8510.0,8557.5,8504.0,8548.25,379343,287790
06/14/2017,16:00,8551.25,8578.0,8476.0,8521.75,429542,304185
06/15/2017,16:00,8519.0,8521.5,8430.25,8498.25,435110,309424
06/16/2017,16:00,8498.0,8516.5,8450.0,8473.0,356290,300778
06/19/2017,16:00,8483.25,8571.5,8472.25,8555.0,271968,290861
06/20/2017,16:00,8555.75,8573.0,8518.0,8521.75,301241,283806
06/21/2017,16:00,8517.25,8585.5,8488.0,8585.0,319202,285856
06/22/2017,16:00,8582.25,8603.5,8559.75,8574.75,233021,283005
06/23/2017,16:00,8574.5,8604.5,8552.0,8601.25,213552,282212
06/26/2017,16:00,8592.0,8641.0,8557.0,8567.25,311741,281917
06/27/2017,16:00,8569.75,8573.0,8458.0,8465.5,418001,284978
06/28/2017,16:00,8462.75,8557.75,8421.0,8552.5,396603,280022
06/29/2017,16:00,8555.25,8565.0,8390.0,8442.0,604720,290468
06/30/2017,16:00,8437.25,8475.5,8412.5,8441.75,336513,284566
07/03/2017,16:00,8447.0,8479.75,8370.25,8378.25,232656,291208
07/05/2017,16:00,8380.25,8456.75,8349.25,8440.5,392297,287807
07/06/2017,16:00,8439.5,8441.75,8369.0,8385.75,370735,290424
07/07/2017,16:00,8387.5,8465.5,8380.5,8444.75,266767,284728
07/10/2017,16:00,8452.0,8500.5,8439.0,8483.0,241360,284075
07/11/2017,16:00,8481.0,8511.5,8456.5,8509.0,283454,278934
07/12/2017,16:00,8508.5,8579.0,8501.75,8574.75,262329,276956
07/13/2017,16:00,8575.75,8601.0,8566.25,8586.5,240958,277892
07/14/2017,16:00,8588.5,8636.75,8576.75,8632.25,230871,276031
07/17/2017,16:00,8632.5,8652.75,8620.25,8644.0,217890,278955
07/18/2017,16:00,8647.25,8687.5,8609.25,8671.75,246038,282452
07/19/2017,16:00,8684.5,8714.0,8678.0,8707.25,233290,283720
07/20/2017,16:00,8708.5,8727.5,8686.0,8714.25,265354,283347
07/21/2017,16:00,8719.75,8720.25,8679.5,8707.75,254484,284274
07/24/2017,16:00,8708.25,8743.75,8694.0,8723.0,195018,288517
07/25/2017,16:00,8714.25,8735.25,8704.75,8722.75,237095,289026
07/26/2017,16:00,8722.75,8747.0,8716.0,8737.0,190190,289058
07/27/2017,16:00,8750.0,8784.75,8633.75,8698.5,539445,289531
07/28/2017,16:00,8698.0,8707.25,8639.0,8699.25,338476,291666
07/31/2017,16:00,8699.0,8722.5,8659.25,8671.5,280483,291407
08/01/2017,16:00,8673.5,8720.25,8664.5,8678.25,229005,291309
08/02/2017,16:00,8722.0,8736.5,8645.25,8699.75,389618,295253
08/03/2017,16:00,8700.25,8713.5,8666.25,8679.0,289423,296967
08/04/2017,16:00,8678.0,8701.0,8663.25,8687.0,256730,297144
08/07/2017,16:00,8689.0,8726.75,8687.0,8723.0,165201,300435
08/08/2017,16:00,8724.0,8761.75,8696.5,8707.0,305079,297882
08/09/2017,16:00,8702.25,8713.5,8650.75,8711.5,377648,300070
08/10/2017,16:00,8711.5,8712.0,8556.25,8578.75,548167,299717
08/11/2017,16:00,8557.75,8634.75,8550.0,8627.25,394754,297376
08/14/2017,16:00,8626.25,8705.75,8626.25,8699.0,261541,300365
08/15/2017,16:00,8702.5,8734.0,8684.5,8701.0,249827,300187
08/16/2017,16:00,8704.25,8738.5,8691.0,8712.5,293910,298233
08/17/2017,16:00,8709.0,8712.75,8575.5,8589.25,511900,294534
08/18/2017,16:00,8581.25,8624.0,8561.5,8590.25,443313,292413
08/21/2017,16:00,8594.0,8605.75,8541.25,8583.0,360383,290439
08/22/2017,16:00,8584.25,8671.25,8583.25,8667.5,307895,290847
08/23/2017,16:00,8667.25,8673.0,8630.5,8637.0,301682,282443
08/24/2017,16:00,8634.75,8663.25,8592.25,8629.5,372774,283471
08/25/2017,16:00,8634.25,8663.0,8605.5,8614.0,300167,280801
08/28/2017,16:00,8608.75,8645.0,8590.25,8633.75,216424,282261
08/29/2017,16:00,8609.0,8664.5,8566.25,8658.75,334338,287457
08/30/2017,16:00,8658.75,8733.0,8651.5,8724.0,273971,292978
08/31/2017,16:00,8725.25,8787.0,8721.5,8779.75,273833,293170
09/01/2017,16:00,8783.0,8808.75,8762.25,8777.25,229855,290210
09/05/2017,16:00,8745.5,8773.75,8678.5,8728.25,485650,274638
09/06/2017,16:00,8732.5,8754.75,8698.25,8744.0,335781,269340
09/07/2017,16:00,8733.75,8770.5,8714.0,8759.25,77080,58125
09/08/2017,16:00,8759.0,8761.25,8697.0,8706.25,243700,114235
09/11/2017,16:00,8725.5,8782.0,8723.75,8772.5,261152,183300
09/12/2017,16:00,8771.75,8794.0,8757.0,8786.25,296518,228552
09/13/2017,16:00,8788.5,8793.75,8765.25,8790.75,229042,253328
09/14/2017,16:00,8788.5,8791.0,8750.5,8752.5,283913,276501
09/15/2017,16:00,8753.5,8797.5,8729.75,8777.0,268013,271588
09/18/2017,16:00,8781.0,8800.0,8749.0,8768.5,235721,272263
09/19/2017,16:00,8771.5,8786.5,8756.75,8778.75,212483,264264
09/20/2017,16:00,8778.75,8782.25,8712.25,8760.25,347504,265749
09/21/2017,16:00,8757.75,8762.0,8701.0,8727.0,343404,265850
09/22/2017,16:00,8726.0,8727.25,8692.75,8717.5,272649,263136
09/25/2017,16:00,8712.5,8736.0,8623.75,8658.25,447828,273006
09/26/2017,16:00,8660.5,8694.25,8644.5,8674.25,343472,267060
09/27/2017,16:00,8671.5,8744.75,8668.25,8722.75,349282,263878
09/28/2017,16:00,8717.75,8730.0,8693.0,8720.25,268097,262084
09/29/2017,16:00,8721.0,8767.25,8714.75,8764.25,275661,265128
10/02/2017,16:00,8765.75,8791.5,8740.25,8762.25,269518,267237
10/03/2017,16:00,8767.25,8786.5,8760.5,8779.75,207901,268776
10/04/2017,16:00,8780.75,8797.25,8761.25,8785.75,236714,273109
10/05/2017,16:00,8786.75,8849.75,8782.75,8847.5,254723,278013
10/06/2017,16:00,8844.0,8853.25,8819.25,8846.0,232608,278318
10/09/2017,16:00,8844.25,8865.75,8836.5,8846.25,155751,279021
10/10/2017,16:00,8844.0,8870.25,8820.75,8847.0,238961,281132
10/11/2017,16:00,8846.25,8867.75,8835.0,8864.25,180901,280723
10/12/2017,16:00,8865.25,8878.75,8848.25,8856.5,200082,279668
10/13/2017,16:00,8854.75,8885.75,8850.25,8881.5,178530,278508
10/16/2017,16:00,8883.25,8903.25,8879.75,8902.0,167591,276313
10/17/2017,16:00,8901.5,8907.25,8886.75,8905.5,154430,277269
10/18/2017,16:00,8904.0,8914.5,8889.75,8901.0,180414,278878
10/19/2017,16:00,8903.0,8903.5,8833.0,8879.5,332212,278665
10/20/2017,16:00,8879.5,8911.25,8872.25,8892.75,222217,275492
10/23/2017,16:00,8891.25,8909.75,8842.25,8846.5,247882,276392
10/24/2017,16:00,8846.5,8874.25,8838.75,8861.25,235526,278150
10/25/2017,16:00,8855.25,8869.25,8792.75,8846.25,436671,281153
10/26/2017,16:00,8846.75,8878.0,8816.75,8866.5,320283,281049
10/27/2017,16:00,8873.75,9007.5,8860.5,8997.0,435844,284553
10/30/2017,16:00,8991.25,9033.25,8984.0,9006.0,360344,269811
10/31/2017,16:00,9003.5,9040.5,9001.0,9031.5,239132,270162
11/01/2017,16:00,9031.5,9066.25,9005.25,9022.5,346061,269121
11/02/2017,16:00,9011.75,9044.75,8974.25,9017.5,356528,272517
11/03/2017,16:00,9034.25,9078.5,9017.75,9072.25,301691,267910
11/06/2017,16:00,9067.0,9099.25,9049.75,9095.25,218392,272003
11/07/2017,16:00,9093.25,9113.25,9078.0,9097.75,284157,273642
11/08/2017,16:00,9092.25,9127.25,9083.25,9123.25,218248,275482
11/09/2017,16:00,9124.0,9133.25,9026.5,9096.25,266728,280039
11/10/2017,16:00,9094.5,9102.75,9062.75,9091.0,266728,278891
11/13/2017,16:00,9094.25,9106.75,9062.75,9093.75,229366,279403
11/14/2017,16:00,9092.5,9100.0,9044.5,9075.25,342800,283784
11/15/2017,16:00,9075.25,9076.5,9012.5,9048.0,399624,282754
11/16/2017,16:00,9046.25,9140.25,9042.5,9122.75,339694,292214
11/17/2017,16:00,9124.5,9133.5,9090.25,9095.0,275846,288828
11/20/2017,16:00,9093.75,9111.0,9073.0,9097.75,203721,289137
11/21/2017,16:00,9097.5,9167.0,9093.0,9161.25,216030,291741
11/22/2017,16:00,9163.0,9177.0,9157.0,9171.25,191140,292729
11/24/2017,16:00,9167.0,9197.75,9161.5,9195.25,118443,290124
11/27/2017,16:00,9196.0,9206.25,9176.5,9195.0,204123,289778
11/28/2017,16:00,9195.0,9211.25,9170.5,9202.0,307329,290858
11/29/2017,16:00,9205.25,9210.25,9064.75,9087.25,625761,296362
11/30/2017,16:00,9088.25,9159.25,9070.75,9150.75,608005,293855
12/01/2017,16:00,9135.5,9150.75,9027.75,9128.0,608005,292953
12/04/2017,16:00,9152.75,9173.5,9032.5,9047.0,520744,309979
12/05/2017,16:00,9037.25,9121.5,9013.5,9053.5,443788,295910
12/06/2017,16:00,9050.75,9088.75,9014.25,9074.75,363675,289542
12/07/2017,16:00,9061.0,9117.0,9061.0,9104.75,72016,42310
12/08/2017,16:00,9107.5,9161.0,9102.0,9121.5,244209,100813
12/11/2017,16:00,9126.5,9190.75,9122.0,9179.0,253958,157263
12/12/2017,16:00,9185.5,9189.25,9153.0,9166.0,296047,205993
12/13/2017,16:00,9167.25,9200.75,9146.0,9180.25,324688,234828
12/14/2017,16:00,9180.25,9206.75,9165.5,9172.0,288903,271594
12/15/2017,16:00,9166.75,9265.75,9163.75,9261.5,288903,270627
12/18/2017,16:00,9261.0,9305.0,9260.5,9298.25,220351,271562
12/19/2017,16:00,9298.0,9308.75,9242.75,9263.75,272966,275308
12/20/2017,16:00,9267.0,9292.0,9226.25,9252.0,276115,287844
12/21/2017,16:00,9249.75,9283.75,9239.0,9255.25,211561,283648
12/22/2017,16:00,9252.75,9264.75,9230.5,9246.75,154620,286473
12/26/2017,16:00,9245.5,9255.0,9195.25,9223.0,135130,286956
12/27/2017,16:00,9224.25,9238.5,9205.0,9217.0,158481,281887
12/28/2017,16:00,9215.25,9240.5,9205.25,9209.25,138254,277928
12/29/2017,16:00,9207.5,9230.75,9146.25,9171.75,210114,279417
01/02/2018,16:00,9168.0,9286.25,9160.75,9277.75,259593,276028
01/03/2018,16:00,9276.25,9354.25,9274.25,9347.5,223243,272136
01/04/2018,16:00,9346.75,9380.5,9343.0,9366.5,254577,267029
01/05/2018,16:00,9371.0,9434.0,9362.75,9430.75,214944,262044
01/08/2018,16:00,9430.75,9453.75,9416.25,9451.0,198494,261079
01/09/2018,16:00,9450.25,9470.25,9430.25,9450.0,272445,258186
01/10/2018,16:00,9442.75,9449.75,9391.25,9440.25,320261,264095
01/11/2018,16:00,9439.5,9491.75,9427.25,9489.5,228872,261698
01/12/2018,16:00,9488.5,9540.75,9466.25,9538.25,288871,263288
01/16/2018,16:00,9544.5,9608.75,9492.25,9525.25,516270,272679
01/17/2018,16:00,9525.75,9597.25,9507.75,9586.75,357653,265543
01/18/2018,16:00,9581.0,9601.0,9559.0,9576.0,314511,266427
01/19/2018,16:00,9579.5,9620.0,9564.5,9608.75,324203,267166
01/22/2018,16:00,9593.75,9704.25,9587.25,9694.0,262762,250248
01/23/2018,16:00,9692.75,9744.25,9682.75,9728.75,336204,254208
01/24/2018,16:00,9719.5,9767.25,9651.25,9694.25,526387,265378
01/25/2018,16:00,9696.5,9750.25,9665.0,9694.5,415464,268318
01/26/2018,16:00,9701.0,9797.5,9697.25,9793.25,326274,262446
01/29/2018,16:00,9793.0,9810.25,9743.0,9755.5,407157,259588
01/30/2018,16:00,9754.5,9769.5,9665.75,9704.5,524079,257403
01/31/2018,16:00,9701.25,9754.0,9684.5,9725.5,413798,256844
02/01/2018,16:00,9737.0,9750.75,9647.75,9661.5,642482,262964
02/02/2018,16:00,9717.0,9726.5,9515.25,9518.75,642482,260857
02/05/2018,16:00,9515.25,9576.5,9150.75,9192.25,931677,258724
02/06/2018,16:00,9236.0,9440.5,9023.25,9416.75,813419,242937
02/07/2018,16:00,9401.0,9480.75,9295.0,9318.75,593446,233873
02/08/2018,16:00,9305.0,9381.5,9064.0,9080.25,787495,238462
02/09/2018,16:00,9091.0,9218.5,8927.0,9180.75,787495,229150
02/12/2018,16:00,9197.5,9330.5,9177.25,9294.75,406083,224108
02/13/2018,16:00,9292.75,9334.0,9233.75,9323.5,382334,224590
02/14/2018,16:00,9322.25,9455.75,9219.25,9450.0,482298,231531
02/15/2018,16:00,9444.0,9590.5,9432.75,9579.0,458423,245511
02/16/2018,16:00,9579.25,9622.75,9525.0,9549.75,445962,223828
02/20/2018,16:00,9546.25,9606.75,9486.25,9553.5,461892,224273
02/21/2018,16:00,9551.25,9648.5,9504.25,9523.5,440206,223258
02/22/2018,16:00,9519.5,9594.5,9457.75,9551.75,439678,224124
02/23/2018,16:00,9555.5,9676.75,9545.75,9672.75,383733,212956
02/26/2018,16:00,9681.25,9770.5,9653.0,9763.0,297831,214716
02/27/2018,16:00,9764.25,9772.0,9667.0,9678.75,498392,222061
02/28/2018,16:00,9676.75,9733.5,9620.75,9628.0,461819,222485
03/01/2018,16:00,9642.5,9661.75,9452.0,9523.75,636240,231464
03/02/2018,16:00,9526.75,9586.25,9409.0,9567.75,636240,231055
03/05/2018,16:00,9558.75,9667.5,9505.5,9640.5,467865,222802
03/06/2018,16:00,9643.5,9702.25,9634.75,9670.75,415228,223998
03/07/2018,16:00,9621.0,9700.0,9561.25,9687.5,498163,222042
03/08/2018,16:00,9684.5,9740.75,9651.25,9738.0,57504,44069
03/09/2018,16:00,9737.25,9867.25,9725.5,9862.0,277290,76157
03/12/2018,16:00,9870.5,9922.75,9861.75,9903.5,349430,129179
03/13/2018,16:00,9898.5,9952.25,9788.25,9821.0,556239,185770
03/14/2018,16:00,9800.5,9859.25,9774.25,9795.75,470283,213106
03/15/2018,16:00,9798.5,9837.75,9765.0,9808.25,287434,224527
03/16/2018,16:00,9810.5,9822.5,9770.75,9781.75,287434,224289
03/19/2018,16:00,9780.75,9780.75,9559.0,9652.0,571979,232579
03/20/2018,16:00,9649.5,9665.5,9600.75,9655.25,401041,230748
03/21/2018,16:00,9650.25,9688.75,9580.0,9621.75,454570,224175
03/22/2018,16:00,9621.0,9652.75,9423.75,9429.75,685491,230973
03/23/2018,16:00,9430.0,9459.0,9256.75,9292.0,748098,229742
03/26/2018,16:00,9287.5,9516.75,9262.75,9511.25,637180,229719
03/27/2018,16:00,9513.5,9587.0,9227.75,9299.0,731553,228360
03/28/2018,16:00,9288.0,9320.0,9158.75,9215.0,948120,238007
03/29/2018,16:00,9228.5,9391.5,9181.5,9331.75,647977,241087
04/02/2018,16:00,9294.75,9326.25,9064.25,9131.0,670690,247816
04/03/2018,16:00,9143.5,9234.5,9089.0,9207.0,681282,243760
04/04/2018,16:00,9203.75,9329.5,9044.5,9320.25,635562,247240
04/05/2018,16:00,9319.75,9392.25,9296.75,9338.0,631810,239980
04/06/2018,16:00,9345.75,9349.0,9146.25,9192.5,631810,239372
04/09/2018,16:00,9200.75,9355.75,9197.75,9234.75,482071,233897
04/10/2018,16:00,9228.25,9389.5,9209.5,9362.0,542219,232193
04/11/2018,16:00,9363.0,9401.0,9288.5,9330.5,443623,232226
04/12/2018,16:00,9334.0,9431.5,9327.5,9408.5,357175,230826
04/13/2018,16:00,9406.5,9450.75,9344.0,9378.5,465366,226885
04/16/2018,16:00,9412.0,9459.75,9377.0,9449.75,324486,226204
04/17/2018,16:00,9442.0,9582.5,9436.25,9566.5,325724,227739
04/18/2018,16:00,9557.25,9604.75,9534.5,9581.25,298181,221766
04/19/2018,16:00,9593.0,9604.0,9493.0,9517.75,422339,228701
04/20/2018,16:00,9515.5,9528.0,9383.75,9414.0,422339,228733
04/23/2018,16:00,9443.25,9465.75,9354.5,9404.75,384306,227141
04/24/2018,16:00,9398.5,9455.5,9205.0,9264.5,626789,232914
04/25/2018,16:00,9263.5,9314.0,9167.0,9293.5,544882,229472
04/26/2018,16:00,9321.0,9486.75,9297.0,9472.5,424984,233913
04/27/2018,16:00,9482.5,9509.75,9360.75,9407.5,481734,221940
04/30/2018,16:00,9405.75,9455.75,9333.25,9350.75,389473,225356
05/01/2018,16:00,9343.75,9477.75,9316.5,9429.75,360806,228152
05/02/2018,16:00,9453.25,9467.25,9363.0,9371.25,382532,225883
05/03/2018,16:00,9368.5,9409.25,9275.75,9402.25,408713,231696
05/04/2018,16:00,9404.25,9526.25,9348.25,9512.5,408713,231469
05/07/2018,16:00,9516.75,9589.0,9510.0,9563.75,323768,229033
05/08/2018,16:00,9554.75,9575.25,9508.75,9558.25,370356,224063
05/09/2018,16:00,9559.75,9639.0,9546.0,9633.75,316609,226321
05/10/2018,16:00,9633.75,9709.0,9626.5,9702.75,292974,229003
05/11/2018,16:00,9687.25,9717.25,9666.0,9697.75,263016,229361
05/14/2018,16:00,9696.0,9751.25,9693.25,9711.75,255900,225942
05/15/2018,16:00,9706.75,9714.5,9592.0,9628.25,432917,237303
05/16/2018,16:00,9633.25,9691.25,9613.25,9675.0,274261,232941
05/17/2018,16:00,9673.0,9699.75,9612.75,9643.5,325159,232928
05/18/2018,16:00,9646.25,9674.0,9600.0,9611.75,314569,231605
05/21/2018,16:00,9656.75,9694.75,9619.25,9653.5,293370,231722
05/22/2018,16:00,9651.75,9692.5,9627.75,9647.0,269992,231987
05/23/2018,16:00,9643.25,9699.25,9567.5,9694.75,390903,237095
05/24/2018,16:00,9694.5,9712.75,9623.0,9695.0,317340,233062
05/25/2018,16:00,9692.75,9741.5,9680.25,9698.0,317340,232581
05/29/2018,16:00,9727.25,9732.75,9628.25,9682.25,487638,237338
05/30/2018,16:00,9685.75,9732.5,9656.25,9725.0,303797,236762
05/31/2018,16:00,9716.25,9761.25,9696.0,9714.75,389141,232346
06/01/2018,16:00,9720.25,9828.25,9715.0,9820.75,335020,240285
06/04/2018,16:00,9817.5,9889.25,9809.5,9886.0,247834,239275
06/05/2018,16:00,9885.25,9925.25,9875.25,9917.0,256212,239989
06/06/2018,16:00,9919.5,9960.0,9880.0,9952.75,300300,239185
06/07/2018,16:00,9956.0,9971.75,9854.25,9898.5,68276,44131
06/08/2018,16:00,9898.5,9901.5,9815.25,9890.25,239658,80887
06/11/2018,16:00,9882.5,9928.5,9864.5,9909.75,277093,148285
06/12/2018,16:00,9906.25,9958.5,9894.75,9940.0,276477,181887
06/13/2018,16:00,9955.5,10003.75,9933.0,9944.75,354039,201462
06/14/2018,16:00,9946.0,10034.75,9919.0,10025.0,335148,215339
06/15/2018,16:00,10024.0,10032.5,9958.75,9995.25,364647,218743
06/18/2018,16:00,9989.75,10003.0,9922.5,9989.75,291954,221680
06/19/2018,16:00,9988.75,9992.75,9871.25,9966.0,450281,224232
06/20/2018,16:00,9967.5,10050.25,9940.5,10027.0,320649,221056
06/21/2018,16:00,10029.0,10072.25,9940.0,9951.5,424012,225412
06/22/2018,16:00,9941.75,9987.75,9912.0,9936.5,322915,225998
06/25/2018,16:00,9936.5,9936.5,9709.25,9787.25,598963,230018
06/26/2018,16:00,9778.0,9843.75,9754.25,9817.75,399009,233643
06/27/2018,16:00,9812.0,9865.25,9701.75,9712.0,546252,233717
06/28/2018,16:00,9712.5,9790.25,9669.75,9774.25,483220,234987
06/29/2018,16:00,9769.0,9837.5,9758.75,9780.5,396079,232970
07/02/2018,16:00,9782.0,9833.5,9701.25,9830.25,379570,241881
07/03/2018,16:00,9827.5,9878.75,9736.0,9737.5,300232,240439
07/05/2018,16:00,9757.5,9841.75,9731.0,9839.5,378283,241059
07/06/2018,16:00,9832.5,9951.5,9815.0,9947.25,320304,244267
07/09/2018,16:00,9946.25,10017.25,9946.0,10014.0,269931,240970
07/10/2018,16:00,10014.5,10049.25,9973.25,10015.25,286748,241382
07/11/2018,16:00,9977.25,10003.75,9918.25,9967.5,373366,246319
07/12/2018,16:00,9973.5,10100.75,9963.25,10096.5,304341,248696
07/13/2018,16:00,10096.0,10128.0,10080.75,10106.75,279818,243256
07/16/2018,16:00,10113.25,10127.5,10029.75,10038.75,246001,242936
07/17/2018,16:00,10033.75,10149.75,10006.25,10135.5,343273,246833
07/18/2018,16:00,10138.0,10151.5,10095.25,10118.25,267804,243337
07/19/2018,16:00,10113.75,10129.75,10068.5,10081.5,321505,244643
07/20/2018,16:00,10094.0,10127.5,10064.5,10073.75,302839,242868
07/23/2018,16:00,10081.75,10146.5,10025.25,10144.25,287213,236780
07/24/2018,16:00,10134.0,10203.5,10100.5,10130.0,406774,237642
07/25/2018,16:00,10124.25,10243.75,10110.75,10183.25,351372,240539
07/26/2018,16:00,10126.0,10163.75,10075.75,10144.5,534684,232835
07/27/2018,16:00,10143.25,10180.75,9977.25,10015.0,534684,231822
07/30/2018,16:00,10006.75,10023.0,9880.5,9914.25,497537,238372
07/31/2018,16:00,9923.75,10011.75,9903.0,9958.5,430194,237623
08/01/2018,16:00,10006.75,10017.5,9954.75,9990.75,370601,239187
08/02/2018,16:00,9998.0,10109.0,9928.0,10099.5,298355,241355
08/03/2018,16:00,10105.75,10128.75,10076.0,10115.75,298355,241012
08/06/2018,16:00,10118.0,10163.5,10101.25,10157.75,250166,241785
08/07/2018,16:00,10155.25,10200.5,10154.0,10191.0,260630,242818
08/08/2018,16:00,10191.75,10209.75,10156.25,10185.25,250480,243534
08/09/2018,16:00,10177.25,10219.25,10172.5,10189.25,236834,243418
08/10/2018,16:00,10186.0,10186.5,10104.5,10140.75,389778,238531
08/13/2018,16:00,10139.25,10192.75,10092.0,10130.75,377939,234929
08/14/2018,16:00,10134.25,10178.75,10110.75,10171.5,305390,235148
08/15/2018,16:00,10174.25,10178.5,10030.25,10087.75,521164,233551
08/16/2018,16:00,10093.75,10148.25,10077.0,10102.75,348395,235857
08/17/2018,16:00,10096.25,10120.75,10035.5,10101.5,366862,236105
08/20/2018,16:00,10104.25,10134.5,10065.25,10100.75,286070,233351
08/21/2018,16:00,10095.0,10166.0,10082.75,10111.25,320662,235654
08/22/2018,16:00,10088.0,10158.5,10065.75,10147.0,309493,240277
08/23/2018,16:00,10147.25,10188.75,10125.0,10138.25,356371,238721
08/24/2018,16:00,10140.75,10213.25,10136.5,10209.5,278682,243316
08/27/2018,16:00,10212.75,10282.75,10212.5,10281.75,280533,244195
08/28/2018,16:00,10282.0,10311.0,10278.0,10291.75,273330,242080
08/29/2018,16:00,10294.75,10388.25,10294.75,10382.5,311623,251215
08/30/2018,16:00,10386.5,10410.75,10340.0,10362.75,390929,254487
08/31/2018,16:00,10355.5,10396.0,10347.0,10375.0,346901,262609
09/04/2018,16:00,10383.75,10407.5,10300.5,10352.5,470667,261192
09/05/2018,16:00,10356.0,10357.0,10217.0,10245.5,522313,255872
09/06/2018,16:00,10243.75,10258.25,10121.5,10171.25,606515,258092
09/07/2018,16:00,10168.5,10208.5,10106.75,10152.25,606515,255919
09/10/2018,16:00,10146.75,10197.25,10127.75,10174.0,418797,256580
09/11/2018,16:00,10174.25,10238.5,10118.25,10225.75,467702,252540
09/12/2018,16:00,10229.0,10254.75,10138.75,10199.5,586137,241012
09/13/2018,16:00,10196.0,10297.0,10182.5,10278.75,77043,42570
09/14/2018,16:00,10278.75,10312.75,10230.0,10259.25,334597,86112
09/17/2018,16:00,10252.0,10260.75,10143.75,10150.75,451747,145653
09/18/2018,16:00,10149.25,10250.0,10108.0,10210.25,472740,202124
09/19/2018,16:00,10215.0,10231.75,10156.5,10212.25,407425,227200
09/20/2018,16:00,10215.5,10302.5,10199.75,10294.5,403730,245379
09/21/2018,16:00,10291.5,10323.25,10233.25,10236.25,371830,241619
09/24/2018,16:00,10225.5,10279.75,10159.5,10271.75,390762,246862
09/25/2018,16:00,10276.75,10289.0,10236.25,10281.0,318332,245840
09/26/2018,16:00,10283.75,10353.75,10263.25,10276.0,405833,244077
09/27/2018,16:00,10276.0,10372.0,10271.75,10343.0,381496,245871
09/28/2018,16:00,10349.25,10362.75,10302.75,10341.0,381496,243698
10/01/2018,16:00,10357.75,10414.5,10337.75,10361.25,358159,242986
10/02/2018,16:00,10359.25,10398.5,10316.0,10338.5,392577,245643
10/03/2018,16:00,10342.0,10389.5,10327.25,10350.5,394538,242238
10/04/2018,16:00,10336.75,10336.75,10142.25,10200.0,704908,243617
10/05/2018,16:00,10206.75,10225.75,10032.75,10121.75,735015,246711
10/08/2018,16:00,10129.0,10139.0,9972.25,10077.5,615687,247054
10/09/2018,16:00,10076.75,10141.5,10022.75,10084.75,583403,246016
10/10/2018,16:00,10080.5,10097.75,9685.75,9717.75,924204,266244
10/11/2018,16:00,9696.0,9823.75,9593.5,9716.75,1146270,264851
10/12/2018,16:00,9726.5,9883.5,9720.0,9858.0,772623,255395
10/15/2018,16:00,9862.5,9864.75,9746.5,9762.25,641765,255185
10/16/2018,16:00,9754.0,10043.25,9749.25,10039.5,614355,248531
10/17/2018,16:00,10025.5,10054.25,9907.25,9999.0,663303,237798
10/18/2018,16:00,9993.5,9995.25,9780.25,9823.5,705908,237839
10/19/2018,16:00,9839.75,9930.0,9778.5,9792.25,661050,239764
10/22/2018,16:00,9771.5,9896.25,9742.75,9841.0,650331,244048
10/23/2018,16:00,9840.75,9849.75,9629.75,9826.0,825811,251981
10/24/2018,16:00,9822.0,9860.75,9471.5,9522.0,895420,252019
10/25/2018,16:00,9564.25,9761.5,9502.5,9612.25,793502,253249
10/26/2018,16:00,9567.75,9672.25,9420.0,9579.0,1069548,249371
10/29/2018,16:00,9583.75,9677.25,9266.25,9422.0,905327,249992
10/30/2018,16:00,9405.0,9535.0,9346.75,9501.0,832546,245444
10/31/2018,16:00,9542.75,9725.0,9502.5,9661.25,755201,238229
11/01/2018,16:00,9645.75,9765.5,9622.5,9763.5,589071,232767
11/02/2018,16:00,9673.0,9829.0,9597.0,9666.0,793339,244050
11/05/2018,16:00,9658.5,9684.25,9550.75,9635.25,506045,240036
11/06/2018,16:00,9633.0,9720.5,9592.5,9702.25,514296,240478
11/07/2018,16:00,9697.25,9910.75,9657.25,9904.25,621601,240954
11/08/2018,16:00,9901.5,9916.75,9817.75,9851.75,596695,249661
11/09/2018,16:00,9831.5,9852.0,9674.75,9717.0,596695,247590
11/12/2018,16:00,9712.0,9789.5,9511.5,9520.75,702949,248865
11/13/2018,16:00,9532.75,9647.75,9487.0,9538.75,711516,244920
11/14/2018,16:00,9547.5,9615.25,9431.75,9454.0,731312,251340
11/15/2018,16:00,9465.75,9606.25,9398.0,9601.25,793461,243302
11/16/2018,16:00,9560.25,9600.75,9492.0,9581.0,691502,240120
11/19/2018,16:00,9560.75,9620.25,9318.0,9357.75,743936,247021
11/20/2018,16:00,9354.25,9355.75,9135.25,9218.25,910469,250492
11/21/2018,16:00,9213.5,9333.5,9194.75,9262.0,362540,248197
11/23/2018,16:00,9210.75,9287.25,9180.75,9216.75,362540,244308
11/26/2018,16:00,9223.25,9382.25,9216.25,9359.0,503369,236961
11/27/2018,16:00,9325.25,9408.75,9299.0,9398.25,577173,234284
11/28/2018,16:00,9408.25,9609.25,9395.0,9604.0,639404,237597
11/29/2018,16:00,9592.75,9629.5,9528.75,9599.0,485575,232258
11/30/2018,16:00,9588.0,9653.0,9557.25,9635.25,485575,230114
12/03/2018,16:00,9726.75,9824.75,9701.0,9744.0,575964,235225
12/04/2018,16:00,9741.0,9741.0,9468.75,9489.0,811925,235654
12/06/2018,16:00,9481.75,9547.5,9316.0,9510.25,854199,248629
12/07/2018,16:00,9524.25,9542.25,9280.5,9309.25,854199,245480
12/10/2018,16:00,9282.0,9400.25,9221.0,9385.0,778327,245511
12/11/2018,16:00,9380.75,9494.5,9337.0,9402.75,734366,242969
12/12/2018,16:00,9372.25,9557.75,9369.25,9454.75,663375,233987
12/13/2018,16:00,9457.25,9525.5,9410.0,9438.25,68819,30271
12/14/2018,16:00,9434.75,9447.0,9268.0,9283.25,486181,66842
12/17/2018,16:00,9260.0,9316.75,9084.0,9150.0,632497,111182
12/18/2018,16:00,9157.25,9238.25,9117.75,9144.5,646315,151462
12/19/2018,16:00,9120.0,9270.75,8962.0,9013.0,714462,178793
12/20/2018,16:00,9010.75,9065.25,8840.75,8986.0,1011493,190275
12/21/2018,16:00,8985.75,8998.75,8690.75,8719.75,862689,197594
12/24/2018,16:00,8710.5,8783.75,8549.5,8552.75,449594,207664
12/26/2018,16:00,8562.75,8970.75,8481.25,8946.25,642440,205414
12/27/2018,16:00,8943.75,8993.75,8714.0,8984.25,644735,211420
12/28/2018,16:00,8969.75,9063.25,8904.5,8954.0,644735,206995
12/31/2018,16:00,8973.0,9037.5,8943.75,8994.0,386061,203063
01/02/2019,16:00,9010.25,9070.0,8814.75,9031.75,659316,214271
01/03/2019,16:00,8903.5,8965.0,8809.25,8822.75,714536,217120
01/04/2019,16:00,8829.5,9122.75,8797.25,9094.75,696539,196948
01/07/2019,16:00,9112.0,9196.5,9063.25,9157.25,516597,199780
01/08/2019,16:00,9166.75,9247.0,9128.0,9218.0,539049,203796
01/09/2019,16:00,9207.5,9305.75,9207.5,9265.5,496789,205281
01/10/2019,16:00,9258.0,9302.5,9188.25,9286.0,496364,204361
01/11/2019,16:00,9283.25,9293.25,9232.75,9273.5,364787,206142
01/14/2019,16:00,9259.75,9263.25,9182.25,9205.75,364990,208688
01/15/2019,16:00,9203.75,9349.75,9203.0,9337.5,492324,206872
01/16/2019,16:00,9335.25,9398.0,9324.75,9327.0,443742,210537
01/17/2019,16:00,9330.75,9420.75,9273.0,9380.75,472761,213655
01/18/2019,16:00,9383.5,9489.0,9372.75,9453.5,499881,215067
01/22/2019,16:00,9455.25,9455.25,9272.25,9313.75,651258,204693
01/23/2019,16:00,9312.75,9385.0,9253.0,9326.0,515044,212611
01/24/2019,16:00,9323.75,9379.25,9313.75,9335.75,446822,216964
01/25/2019,16:00,9345.25,9471.25,9337.5,9452.0,446822,214587
01/28/2019,16:00,9445.0,9451.75,9309.0,9362.5,490045,217628
01/29/2019,16:00,9356.0,9381.75,9277.5,9299.5,441622,215438
01/30/2019,16:00,9351.0,9506.0,9318.5,9498.0,526133,215860
01/31/2019,16:00,9505.0,9603.75,9500.0,9575.5,557023,217195
02/01/2019,16:00,9571.75,9588.25,9521.25,9538.5,461403,213909
02/04/2019,16:00,9524.5,9643.75,9519.0,9598.25,353660,212930
02/05/2019,16:00,9598.25,9694.5,9589.0,9668.75,369764,213153
02/06/2019,16:00,9670.0,9699.5,9633.0,9656.5,376560,211905
02/07/2019,16:00,9648.75,9655.5,9517.0,9566.25,595400,209675
02/08/2019,16:00,9562.75,9587.0,9501.75,9577.5,464342,210247
02/11/2019,16:00,9582.5,9630.25,9557.0,9575.0,384589,211728
02/12/2019,16:00,9569.25,9689.25,9563.75,9679.25,363950,212733
02/13/2019,16:00,9678.0,9730.5,9672.75,9677.0,359971,213728
02/14/2019,16:00,9678.0,9718.25,9632.75,9680.5,430944,215301
02/15/2019,16:00,9678.25,9756.0,9636.0,9724.5,430944,213093
02/19/2019,16:00,9740.5,9755.5,9696.0,9729.0,386613,219223
02/20/2019,16:00,9729.0,9765.75,9693.0,9734.0,418267,216652
02/21/2019,16:00,9731.5,9774.5,9665.75,9695.25,432866,214998
02/22/2019,16:00,9689.25,9762.0,9680.0,9749.0,367501,211648
02/25/2019,16:00,9769.25,9829.25,9762.75,9786.5,346624,216347
02/26/2019,16:00,9782.75,9811.75,9734.0,9778.5,362741,218526
02/27/2019,16:00,9770.0,9792.5,9708.75,9782.5,367938,223155
02/28/2019,16:00,9782.0,9791.5,9733.25,9763.25,383198,224004
03/01/2019,16:00,9767.0,9825.25,9759.0,9816.75,383198,222523
03/04/2019,16:00,9837.75,9872.25,9735.25,9806.5,556660,224439
03/05/2019,16:00,9805.0,9842.75,9785.0,9826.25,364928,222831
03/06/2019,16:00,9816.75,9832.0,9767.75,9772.0,444302,221578
03/07/2019,16:00,9770.25,9784.75,9664.75,9689.25,57217,27148
03/08/2019,16:00,9686.25,9695.75,9599.0,9687.0,379784,66803
03/11/2019,16:00,9682.25,9837.0,9658.0,9825.5,385399,123637
03/12/2019,16:00,9833.25,9883.75,9821.25,9867.5,419767,163616
03/13/2019,16:00,9871.0,9957.5,9844.25,9929.75,405395,178985
03/14/2019,16:00,9934.0,9951.75,9899.0,9900.5,361924,187718
03/15/2019,16:00,9905.75,9994.25,9903.0,9976.5,412124,195793
03/18/2019,16:00,9971.25,10012.75,9955.0,9994.0,366874,196310
03/19/2019,16:00,9995.5,10054.5,9984.5,10009.75,427134,198532
03/20/2019,16:00,10011.25,10091.25,9982.75,10042.75,550615,197011
03/21/2019,16:00,10033.75,10174.25,10001.0,10167.75,523249,199530
03/22/2019,16:00,10160.0,10178.0,9986.25,10002.0,694561,196191
03/25/2019,16:00,10005.5,10023.75,9923.25,9988.5,596897,192529
03/26/2019,16:00,9996.25,10080.75,9973.75,10010.0,557412,192657
03/27/2019,16:00,10016.75,10038.0,9909.25,9967.75,592979,192905
03/28/2019,16:00,9956.75,10005.75,9922.75,9985.25,395579,194968
03/29/2019,16:00,9983.5,10047.75,9983.5,10033.75,395579,193496
04/01/2019,16:00,10063.25,10139.75,10061.75,10131.75,412914,194287
04/02/2019,16:00,10127.0,10165.75,10117.0,10152.5,359192,195721
04/03/2019,16:00,10150.25,10249.5,10146.5,10215.5,483546,194572
04/04/2019,16:00,10214.5,10231.25,10155.25,10194.75,432440,194013
04/05/2019,16:00,10198.25,10246.0,10189.25,10237.5,358710,193499
04/08/2019,16:00,10241.0,10262.5,10194.5,10256.75,333328,197003
04/09/2019,16:00,10259.0,10267.0,10212.0,10226.5,389517,200115
04/10/2019,16:00,10223.75,10279.25,10209.0,10274.5,332696,202943
04/11/2019,16:00,10277.25,10294.25,10234.75,10250.5,346210,205911
04/12/2019,16:00,10250.25,10298.25,10244.25,10285.5,346210,204727
04/15/2019,16:00,10287.25,10292.25,10232.0,10281.0,322483,204773
04/16/2019,16:00,10284.0,10328.25,10282.0,10312.75,373199,208140
04/17/2019,16:00,10309.75,10366.75,10301.75,10323.0,463944,209449
04/18/2019,16:00,10324.0,10356.25,10293.5,10345.75,393586,204601
04/22/2019,16:00,10348.5,10380.0,10303.0,10368.0,253668,205341
04/23/2019,16:00,10371.25,10477.0,10357.75,10471.25,427149,216023
04/24/2019,16:00,10466.75,10486.0,10435.5,10481.0,387633,217168
04/25/2019,16:00,10488.5,10512.75,10425.25,10431.75,488329,217438
04/26/2019,16:00,10432.5,10478.75,10388.75,10473.5,467051,213850
04/29/2019,16:00,10470.5,10501.0,10438.75,10447.0,320324,211311
04/30/2019,16:00,10438.5,10490.25,10373.25,10433.25,463833,218357
05/01/2019,16:00,10482.0,10500.5,10369.25,10389.75,484406,212358
05/02/2019,16:00,10371.0,10438.25,10315.5,10367.5,454088,220294
05/03/2019,16:00,10372.25,10505.75,10368.0,10498.25,454088,216798
05/06/2019,16:00,10443.25,10450.75,10300.75,10436.75,630196,212998
05/07/2019,16:00,10378.0,10437.25,10214.5,10307.25,838952,207517
05/08/2019,16:00,10297.0,10331.25,10233.25,10280.75,621509,211319
05/09/2019,16:00,10273.0,10277.75,10114.25,10228.5,802652,218519
05/10/2019,16:00,10224.25,10287.75,10069.0,10243.5,802652,215010
05/13/2019,16:00,10167.5,10184.75,9938.25,9948.0,773473,216847
05/14/2019,16:00,9948.5,10092.75,9923.25,10054.25,547769,214860
05/15/2019,16:00,10062.5,10171.75,9987.0,10162.5,535915,215748
05/16/2019,16:00,10157.5,10274.25,10106.75,10233.5,626777,219123
05/17/2019,16:00,10234.0,10253.25,10139.75,10144.75,626777,216050
05/20/2019,16:00,10148.0,10192.5,9994.75,10025.0,634294,218386
05/21/2019,16:00,10041.5,10118.5,10034.0,10097.25,436744,214783
05/22/2019,16:00,10096.0,10108.25,10024.5,10063.25,455678,215809
05/23/2019,16:00,10064.0,10068.0,9901.25,9944.25,640165,218014
05/24/2019,16:00,9950.0,10013.0,9933.75,9948.75,407810,218941
05/28/2019,16:00,9948.75,10005.0,9913.5,9928.5,528983,221897
05/29/2019,16:00,9924.75,9929.25,9816.5,9849.25,568052,220981
05/30/2019,16:00,9848.0,9904.5,9841.75,9888.5,540433,224658
05/31/2019,16:00,9885.0,9889.25,9762.5,9766.75,540433,222490
06/03/2019,16:00,9743.25,9765.75,9574.5,9627.0,771723,223049
06/04/2019,16:00,9642.0,9819.75,9615.0,9812.5,565396,218218
06/05/2019,16:00,9822.25,9878.5,9783.5,9861.75,534798,216984
06/06/2019,16:00,9847.0,9932.5,9814.25,9915.5,433916,214173
06/07/2019,16:00,9897.25,10086.25,9891.0,10052.75,484835,217179
06/10/2019,16:00,10102.25,10211.75,10064.5,10148.75,463884,212359
06/11/2019,16:00,10152.5,10234.0,10126.0,10151.5,461725,210057
06/12/2019,16:00,10152.5,10164.25,10094.25,10106.5,388858,199825
06/13/2019,16:00,10109.25,10169.75,10053.5,10156.25,49766,31968
06/14/2019,16:00,10135.75,10154.5,10085.0,10112.0,253169,72246
06/17/2019,16:00,10115.25,10184.75,10114.25,10168.5,291514,122435
06/18/2019,16:00,10177.75,10329.0,10149.0,10280.75,490205,166815
06/19/2019,16:00,10275.25,10320.75,10237.25,10309.25,409721,186129
06/20/2019,16:00,10303.5,10428.25,10300.0,10380.0,500886,202748
06/21/2019,16:00,10370.0,10410.75,10333.25,10358.75,379078,207052
06/24/2019,16:00,10351.75,10401.5,10339.0,10366.0,260978,206784
06/25/2019,16:00,10360.25,10386.75,10216.75,10236.0,424811,216322
06/26/2019,16:00,10240.25,10326.25,10223.5,10257.25,376979,213713
06/27/2019,16:00,10248.25,10323.75,10248.0,10297.75,300152,213676
06/28/2019,16:00,10292.5,10333.25,10271.25,10301.0,310126,211520
07/01/2019,16:00,10388.75,10457.0,10366.25,10397.25,406594,210122
07/02/2019,16:00,10399.75,10450.5,10370.25,10445.5,297574,208395
07/03/2019,16:00,10447.5,10500.0,10431.75,10494.75,375287,210077
07/05/2019,16:00,10495.0,10517.0,10404.5,10458.75,375287,208869
07/08/2019,16:00,10462.25,10470.75,10384.75,10408.25,342228,209976
07/09/2019,16:00,10409.5,10466.0,10350.25,10452.5,346314,209995
07/10/2019,16:00,10455.25,10556.75,10418.5,10536.0,442842,212794
07/11/2019,16:00,10531.5,10570.5,10501.5,10526.0,299817,214539
07/12/2019,16:00,10524.5,10574.75,10519.0,10567.25,299817,213028
07/15/2019,16:00,10565.5,10599.25,10548.5,10594.0,247176,211742
07/16/2019,16:00,10590.0,10608.75,10531.25,10550.0,303702,215066
07/17/2019,16:00,10547.0,10573.5,10475.25,10492.75,303890,219579
07/18/2019,16:00,10475.25,10562.0,10440.25,10540.75,438469,224448
07/19/2019,16:00,10557.75,10588.0,10422.5,10450.0,438469,223251
07/22/2019,16:00,10437.25,10543.75,10433.5,10532.0,355209,225055
07/23/2019,16:00,10533.75,10593.0,10515.25,10591.0,357765,223491
07/24/2019,16:00,10551.25,10659.0,10532.5,10645.25,356159,224756
07/25/2019,16:00,10611.75,10641.75,10524.5,10589.0,433945,222746
07/26/2019,16:00,10599.25,10648.0,10594.75,10627.0,322305,225282
07/29/2019,16:00,10624.75,10639.0,10559.0,10608.5,301214,226641
07/30/2019,16:00,10611.5,10627.25,10535.5,10570.5,394698,226966
07/31/2019,16:00,10599.75,10608.5,10389.5,10474.0,556437,231020
08/01/2019,16:00,10441.25,10621.75,10384.0,10415.5,736453,225713
08/02/2019,16:00,10404.25,10413.25,10257.5,10309.5,736453,224724
08/05/2019,16:00,10309.0,10312.75,9967.0,9992.5,848399,211098
08/06/2019,16:00,9956.25,10156.25,9831.75,10122.75,845239,203025
08/07/2019,16:00,10120.0,10184.75,9994.75,10160.5,851275,198558
08/08/2019,16:00,10160.75,10345.75,10133.25,10343.0,553666,199599
08/09/2019,16:00,10306.75,10331.25,10204.0,10267.5,619044,195531
08/12/2019,16:00,10261.75,10317.25,10142.0,10174.0,552715,196173
08/13/2019,16:00,10177.5,10396.75,10121.25,10355.25,674983,192105
08/14/2019,16:00,10353.75,10374.75,10084.25,10096.0,825231,191047
08/15/2019,16:00,10076.25,10180.0,9995.5,10103.5,705042,190674
08/16/2019,16:00,10116.5,10239.75,10109.75,10219.0,449473,188294
08/19/2019,16:00,10224.5,10357.25,10223.25,10334.75,401476,192712
08/20/2019,16:00,10324.5,10359.25,10262.75,10275.25,414176,189290
08/21/2019,16:00,10262.25,10373.0,10259.5,10357.5,344352,189835
08/22/2019,16:00,10363.25,10389.5,10261.25,10318.5,487622,189912
08/23/2019,16:00,10313.0,10369.25,10055.0,10111.75,763864,195315
08/26/2019,16:00,10042.25,10233.25,9960.5,10197.75,617907,191069
08/27/2019,16:00,10198.75,10255.75,10144.25,10170.0,520966,196513
08/28/2019,16:00,10171.25,10213.0,10111.5,10206.5,480975,198338
08/29/2019,16:00,10189.5,10337.5,10155.75,10319.25,447668,193338
08/30/2019,16:00,10311.5,10377.75,10253.25,10298.0,450746,194511
09/03/2019,16:00,10235.5,10302.75,10188.0,10224.75,643037,195460
09/04/2019,16:00,10221.5,10337.25,10215.75,10330.0,399672,197519
09/05/2019,16:00,10329.25,10494.0,10324.5,10462.75,356484,195719
09/06/2019,16:00,10460.75,10502.25,10445.5,10465.0,356484,195917
09/09/2019,16:00,10464.25,10494.25,10405.75,10438.0,372953,200396
09/10/2019,16:00,10441.25,10465.0,10351.5,10422.25,446533,195179
09/11/2019,16:00,10425.75,10512.25,10393.75,10497.0,383871,196253
09/12/2019,16:00,10500.0,10588.75,10494.75,10528.75,51999,26416
09/13/2019,16:00,10524.25,10564.75,10490.25,10494.5,316298,67239
09/16/2019,16:00,10464.75,10481.25,10384.5,10465.75,336745,121448
09/17/2019,16:00,10473.25,10507.75,10437.0,10500.75,331358,162630
09/18/2019,16:00,10502.5,10515.75,10399.75,10504.25,402501,185332
09/19/2019,16:00,10511.25,10560.0,10438.75,10504.25,400780,193369
09/20/2019,16:00,10507.25,10538.5,10397.0,10416.75,425158,197518
09/23/2019,16:00,10425.5,10483.75,10394.0,10436.75,348180,197094
09/24/2019,16:00,10455.25,10491.0,10288.0,10321.5,609261,202427
09/25/2019,16:00,10324.5,10430.5,10249.25,10406.5,540081,202601
09/26/2019,16:00,10408.75,10429.0,10321.0,10373.5,598171,200700
09/27/2019,16:00,10373.25,10408.25,10227.25,10287.5,598171,200335
09/30/2019,16:00,10321.75,10375.0,10292.0,10356.75,337872,204802
10/01/2019,16:00,10370.25,10427.75,10277.25,10281.75,478759,205896
10/02/2019,16:00,10297.25,10316.75,10111.75,10132.5,586568,201927
10/03/2019,16:00,10137.75,10247.75,10060.5,10244.75,420539,206313
10/04/2019,16:00,10243.0,10360.0,10210.25,10353.5,420539,205915
10/07/2019,16:00,10298.75,10386.0,10268.75,10326.25,381262,203828
10/08/2019,16:00,10322.25,10370.75,10199.75,10208.25,552145,202008
10/09/2019,16:00,10207.25,10318.25,10190.75,10286.0,404170,202788
10/10/2019,16:00,10288.5,10385.0,10169.5,10346.5,490521,209091
10/11/2019,16:00,10369.5,10504.75,10353.25,10445.25,490521,208077
10/14/2019,16:00,10436.5,10481.0,10393.25,10443.75,311101,209982
10/15/2019,16:00,10448.5,10558.0,10446.0,10546.0,347657,213295
10/16/2019,16:00,10546.25,10546.5,10493.75,10534.75,347550,209743
10/17/2019,16:00,10540.5,10581.0,10508.25,10539.0,368623,212983
10/18/2019,16:00,10540.0,10544.75,10422.0,10467.0,437753,215171
10/21/2019,16:00,10460.5,10538.0,10452.0,10534.5,275031,213748
10/22/2019,16:00,10535.5,10575.0,10423.5,10445.0,377545,217502
10/23/2019,16:00,10432.5,10504.5,10396.5,10487.75,348671,218779
10/24/2019,16:00,10509.0,10570.25,10499.5,10514.5,380967,217854
10/25/2019,16:00,10514.75,10627.75,10504.75,10622.0,348318,226040
10/28/2019,16:00,10634.25,10713.75,10634.25,10681.0,309114,225999
10/29/2019,16:00,10695.5,10705.0,10637.0,10641.5,351246,228200
10/30/2019,16:00,10643.5,10727.25,10606.75,10697.5,381307,229194
10/31/2019,16:00,10714.75,10725.25,10632.25,10676.5,348326,228900
11/01/2019,16:00,10680.5,10754.25,10670.75,10746.5,348326,228538
11/04/2019,16:00,10751.25,10820.0,10750.25,10802.0,325479,225598
11/05/2019,16:00,10807.75,10834.25,10779.5,10797.0,305795,224847
11/06/2019,16:00,10794.25,10814.5,10747.25,10793.5,314414,227328
11/07/2019,16:00,10800.0,10868.5,10776.25,10816.75,366403,226060
11/08/2019,16:00,10816.25,10850.5,10776.25,10843.5,326871,228330
11/11/2019,16:00,10843.5,10848.0,10792.75,10836.0,229844,228284
11/12/2019,16:00,10839.5,10886.5,10814.75,10861.25,316729,229456
11/13/2019,16:00,10859.25,10867.75,10806.25,10852.0,382042,230672
11/14/2019,16:00,10855.25,10871.75,10802.5,10851.75,381593,232316
11/15/2019,16:00,10853.75,10910.25,10847.5,10905.0,367145,231322
11/18/2019,16:00,10905.0,10953.25,10865.5,10919.75,370609,229950
11/19/2019,16:00,10921.25,10965.25,10898.75,10927.75,373942,229799
11/20/2019,16:00,10919.25,10934.25,10817.25,10878.0,526978,221173
11/21/2019,16:00,10847.75,10894.25,10826.25,10860.75,411833,218787
11/22/2019,16:00,10866.5,10899.75,10819.5,10866.75,344497,217936
11/25/2019,16:00,10889.5,10965.5,10882.75,10962.75,259485,218892
11/26/2019,16:00,10960.5,11008.25,10952.5,10987.0,285726,220659
11/27/2019,16:00,10989.0,11045.0,10983.25,11041.0,240866,221779
11/29/2019,16:00,11043.0,11044.5,10992.75,11003.75,242603,218766
12/02/2019,16:00,11010.75,11043.5,10862.75,10902.25,559474,210642
12/03/2019,16:00,10900.0,10923.75,10754.5,10837.5,614317,204975
12/04/2019,16:00,10845.0,10905.5,10806.75,10881.5,413647,201894
12/05/2019,16:00,10882.5,10926.25,10859.5,10895.5,302782,202805
12/06/2019,16:00,10897.25,10995.75,10894.0,10986.5,302782,201854
12/09/2019,16:00,10987.75,11013.5,10933.25,10942.25,292419,202233
12/10/2019,16:00,10940.75,10984.25,10883.25,10950.0,403364,200139
12/11/2019,16:00,10952.5,10997.25,10931.25,10991.75,304183,197684
12/12/2019,16:00,10993.5,11083.75,10967.5,11053.25,441547,86797
12/13/2019,16:00,11069.75,11110.75,11023.5,11082.75,441547,86731
12/16/2019,16:00,11095.75,11179.25,11091.75,11167.75,311959,140203
12/17/2019,16:00,11166.25,11188.25,11154.5,11167.0,311604,180734
12/18/2019,16:00,11159.5,11203.0,11157.0,11182.5,292213,196922
12/19/2019,16:00,11186.5,11244.25,11170.5,11235.25,283145,206237
12/20/2019,16:00,11241.25,11286.5,11227.0,11272.5,307870,204771
12/23/2019,16:00,11272.5,11305.0,11269.25,11288.25,194915,210242
12/24/2019,16:00,11290.0,11297.75,11268.75,11291.25,106029,210590
12/26/2019,16:00,11292.0,11366.75,11290.75,11366.0,322888,211045
12/27/2019,16:00,11362.75,11405.25,11330.75,11345.0,322888,210847
12/30/2019,16:00,11345.25,11371.5,11253.0,11295.5,404047,213044
12/31/2019,16:00,11293.5,11334.0,11254.0,11314.0,284519,215997
01/02/2020,16:00,11338.5,11463.25,11331.25,11453.5,416637,217731
01/03/2020,16:00,11457.25,11469.0,11297.0,11371.75,599887,215390
01/06/2020,16:00,11334.0,11434.75,11284.75,11409.25,469514,213255
01/07/2020,16:00,11415.0,11456.5,11387.5,11414.75,510004,209511
01/08/2020,16:00,11403.25,11534.0,11239.75,11506.25,723085,209363
01/09/2020,16:00,11510.5,11584.0,11494.25,11570.75,457262,206172
01/10/2020,16:00,11571.75,11617.25,11528.0,11540.0,472166,209612
01/13/2020,16:00,11540.75,11657.25,11540.75,11650.0,380440,212921
01/14/2020,16:00,11649.5,11676.5,11596.75,11624.25,553343,214879
01/15/2020,16:00,11623.75,11657.75,11584.75,11621.75,497100,217697
01/16/2020,16:00,11623.5,11702.0,11623.25,11695.25,397881,219136
01/17/2020,16:00,11698.75,11751.0,11691.75,11736.25,438669,214693
01/21/2020,16:00,11735.75,11761.5,11676.5,11731.5,532160,215889
01/22/2020,16:00,11741.25,11815.75,11736.0,11757.5,519015,216081
01/23/2020,16:00,11751.75,11815.25,11713.5,11810.0,758796,218888
01/24/2020,16:00,11813.75,11849.0,11671.25,11706.25,758796,218539
01/27/2020,16:00,11638.75,11638.75,11487.25,11516.25,792705,208226
01/28/2020,16:00,11514.25,11698.0,11514.25,11667.0,632550,204950
01/29/2020,16:00,11681.25,11720.5,11634.0,11660.25,578408,207496
01/30/2020,16:00,11673.0,11801.75,11565.25,11778.0,846585,210329
01/31/2020,16:00,11788.25,11810.5,11527.75,11559.5,898384,205452
02/03/2020,16:00,11544.5,11717.5,11536.75,11676.0,680726,204840
02/04/2020,16:00,11660.75,11931.0,11634.75,11916.75,563913,203518
02/05/2020,16:00,11918.75,12024.5,11879.5,11943.25,729548,205436
02/06/2020,16:00,11951.75,12025.75,11924.25,12017.25,545054,204937
02/07/2020,16:00,12028.75,12032.75,11946.75,11971.25,592695,201930
02/10/2020,16:00,11963.25,12093.25,11892.5,12089.25,500147,206422
02/11/2020,16:00,12086.75,12171.25,12063.0,12089.0,589570,206464
02/12/2020,16:00,12098.0,12190.0,12085.5,12187.5,454472,205458
02/13/2020,16:00,12183.25,12206.5,12073.0,12174.75,489387,200343
02/14/2020,16:00,12188.0,12221.0,12149.75,12194.0,489387,199824
02/18/2020,16:00,12184.75,12216.25,12096.0,12197.75,668505,206785
02/19/2020,16:00,12205.0,12310.5,12203.0,12295.25,419130,205997
02/20/2020,16:00,12306.5,12324.75,12078.75,12186.0,802424,206115
02/21/2020,16:00,12179.0,12185.5,11973.25,12019.75,911839,204134
02/24/2020,16:00,11917.0,11926.75,11603.0,11652.75,1171879,202268
02/25/2020,16:00,11652.75,11786.0,11371.75,11416.0,1344897,210821
02/26/2020,16:00,11430.0,11599.25,11271.25,11412.0,1251412,203109
02/27/2020,16:00,11373.25,11440.25,10896.0,10944.5,1527204,220923
02/28/2020,16:00,10908.75,11136.5,10688.0,11015.75,1527204,219128
03/02/2020,16:00,10911.0,11445.0,10786.0,11353.0,1373357,208033
03/03/2020,16:00,11392.25,11564.25,11072.75,11144.25,1295648,207054
03/04/2020,16:00,11119.25,11511.75,11070.0,11458.25,939032,204694
03/05/2020,16:00,11450.75,11461.5,11172.5,11210.5,1097279,204088
03/06/2020,16:00,11238.75,11288.25,10872.25,11065.0,1097279,202419
03/09/2020,16:00,10930.75,10936.75,10381.75,10513.25,560913,206542
03/10/2020,16:00,10455.5,10940.5,10376.0,10893.25,982070,200427
03/11/2020,16:00,10878.75,10896.0,10454.5,10565.25,990236,201454
03/12/2020,16:00,10561.0,10667.75,9690.25,9775.0,440335,74037
03/13/2020,16:00,9666.0,10534.25,9498.5,10474.0,440335,75609
03/16/2020,16:00,10493.0,10493.25,9479.25,9613.75,424860,124182
03/17/2020,16:00,9609.5,10110.25,9504.5,9965.5,563210,164830
03/18/2020,16:00,9916.5,9953.25,9383.25,9778.75,512012,196133
03/19/2020,16:00,9807.5,10075.75,9447.5,9846.75,516046,199555
03/20/2020,16:00,9750.25,10202.25,9464.25,9542.25,562616,200139
03/23/2020,16:00,9371.25,9889.5,9202.0,9557.75,633237,204419
03/24/2020,16:00,9579.0,10145.5,9579.0,10128.0,556553,199175
03/25/2020,16:00,10118.0,10334.25,9944.75,10041.0,656698,194093
03/26/2020,16:00,10056.75,10466.75,9883.5,10417.25,567711,192357
03/27/2020,16:00,10456.0,10466.5,10124.5,10141.75,443315,187621
03/30/2020,16:00,9969.0,10457.25,9938.25,10428.0,419576,186424
03/31/2020,16:00,10430.0,10568.25,10320.75,10359.5,424386,185502
04/01/2020,16:00,10345.75,10346.75,9977.5,10012.0,411364,186302
04/02/2020,16:00,10046.75,10229.5,9949.25,10200.5,436829,188791
04/03/2020,16:00,10196.25,10233.5,9996.75,10096.0,351874,182620
04/06/2020,16:00,10109.0,10672.25,10108.75,10603.0,396874,185204
04/07/2020,16:00,10607.5,10876.5,10521.25,10585.25,531043,181804
04/08/2020,16:00,10588.25,10815.25,10526.5,10763.0,424380,178307
04/09/2020,16:00,10768.5,10899.5,10675.0,10800.75,522648,179093
04/13/2020,16:00,10869.25,10912.0,10646.5,10900.5,385072,179128
04/14/2020,16:00,10910.25,11283.25,10892.25,11265.75,431916,176282
04/15/2020,16:00,11279.5,11280.75,11059.75,11167.25,407752,177590
04/16/2020,16:00,11149.25,11415.75,11073.75,11307.5,509555,174674
04/17/2020,16:00,11483.0,11540.0,11262.75,11382.25,509555,174041
04/20/2020,16:00,11372.75,11419.25,11260.25,11265.25,427981,174466
04/21/2020,16:00,11268.25,11336.25,10915.25,11005.0,582449,177483
04/22/2020,16:00,11020.25,11273.25,10973.25,11211.25,373067,174796
04/23/2020,16:00,11209.5,11359.75,11153.75,11172.0,435112,175205
04/24/2020,16:00,11161.5,11353.5,11071.5,11342.25,380231,178734
04/27/2020,16:00,11339.25,11471.25,11303.25,11397.5,355545,178585
04/28/2020,16:00,11392.25,11519.0,11227.75,11293.0,440939,179947
04/29/2020,16:00,11332.5,11692.0,11307.0,11609.75,432414,181881
04/30/2020,16:00,11682.75,11718.0,11429.75,11561.75,414560,179421
05/01/2020,16:00,11420.25,11452.25,11245.25,11291.25,414560,179250
05/04/2020,16:00,11197.25,11401.25,11129.5,11368.75,381914,182443
05/05/2020,16:00,11379.5,11593.25,11371.75,11497.5,367233,182715
05/06/2020,16:00,11501.75,11629.75,11451.0,11525.25,414045,185305
05/07/2020,16:00,11520.75,11699.25,11503.5,11681.0,362315,190922
05/08/2020,16:00,11688.25,11811.25,11676.5,11791.5,362315,190661
05/11/2020,16:00,11768.0,11912.25,11691.75,11852.25,398142,196905
05/12/2020,16:00,11855.25,11918.75,11613.75,11651.5,500539,194514
05/13/2020,16:00,11619.0,11776.0,11451.5,11565.5,703290,196854
05/14/2020,16:00,11586.0,11677.25,11420.25,11652.75,639071,196392
05/15/2020,16:00,11658.75,11721.75,11498.75,11669.75,537250,197701
05/18/2020,16:00,11708.25,11934.75,11683.5,11898.75,398562,196019
05/19/2020,16:00,11889.5,11990.5,11857.0,11874.0,392499,195965
05/20/2020,16:00,11863.0,12071.25,11846.25,12058.75,369922,203441
05/21/2020,16:00,12068.0,12084.0,11925.25,11929.0,429220,204962
05/22/2020,16:00,11933.75,11995.75,11814.75,11979.5,365377,208109
05/26/2020,16:00,11969.5,12177.25,11946.25,11979.75,486546,207751
05/27/2020,16:00,11982.25,12081.25,11745.75,12005.75,560524,213487
05/28/2020,16:00,12009.75,12138.75,11893.75,12033.5,510617,213177
05/29/2020,16:00,12026.75,12163.75,11945.25,12133.5,529700,209821
06/01/2020,16:00,12086.25,12179.0,12023.5,12168.25,345593,207568
06/02/2020,16:00,12163.25,12243.25,12078.0,12221.0,389908,206795
06/03/2020,16:00,12230.75,12301.5,12208.75,12258.0,376694,208368
06/04/2020,16:00,12258.75,12315.75,12145.5,12199.5,513656,215009
06/05/2020,16:00,12216.75,12419.5,12175.0,12381.75,513656,214510
06/08/2020,16:00,12392.25,12474.25,12320.25,12458.0,391647,210963
06/09/2020,16:00,12460.5,12578.5,12384.75,12524.25,437442,209418
06/10/2020,16:00,12533.25,12728.75,12531.75,12660.5,11335,8050
06/11/2020,16:00,12661.25,12678.5,12159.25,12190.75,81807,22058
06/12/2020,16:00,12197.75,12424.25,12069.0,12219.5,410907,57833
06/15/2020,16:00,12114.25,12390.25,11955.5,12375.75,425514,122936
06/16/2020,16:00,12387.0,12589.0,12373.75,12548.75,596508,150173
06/17/2020,16:00,12538.75,12634.75,12502.5,12570.25,404568,165706
06/18/2020,16:00,12569.5,12616.25,12453.75,12570.25,431111,175510
06/19/2020,16:00,12572.25,12699.75,12503.25,12510.75,518436,177928
06/22/2020,16:00,12455.25,12721.75,12430.75,12712.0,354768,179072
06/23/2020,16:00,12708.75,12883.5,12559.5,12783.25,406477,182089
06/24/2020,16:00,12770.25,12829.25,12514.5,12598.0,661645,182764
06/25/2020,16:00,12592.5,12694.25,12472.75,12675.5,576150,190701
06/26/2020,16:00,12674.25,12707.75,12411.5,12452.75,576150,190360
06/29/2020,16:00,12372.75,12584.25,12316.0,12561.0,479544,192515
06/30/2020,16:00,12570.25,12758.75,12527.5,12734.5,422348,193276
07/01/2020,16:00,12728.25,12897.25,12663.25,12856.0,402791,199130
07/02/2020,16:00,12845.75,13009.5,12833.75,12943.0,404764,201359
07/06/2020,16:00,12939.25,13201.75,12896.0,13185.75,486369,210568
07/07/2020,16:00,13187.25,13281.75,13093.0,13119.5,465212,211503
07/08/2020,16:00,13113.25,13260.25,13092.5,13249.5,481023,208545
07/09/2020,16:00,13261.5,13361.5,13147.25,13314.75,607385,210508
07/10/2020,16:00,13314.25,13434.75,13212.75,13424.5,527570,212244
07/13/2020,16:00,13435.5,13645.75,13148.75,13187.25,736178,217630
07/14/2020,16:00,13189.25,13280.25,12946.0,13233.5,915009,222089
07/15/2020,16:00,13293.25,13353.75,13138.5,13270.5,719947,228225
07/16/2020,16:00,13280.25,13285.5,13062.75,13099.0,628898,237301
07/17/2020,16:00,13119.5,13257.0,13111.0,13209.75,443143,235679
07/20/2020,16:00,13208.5,13551.75,13133.5,13538.25,496402,233329
07/21/2020,16:00,13539.5,13645.25,13372.0,13438.25,587994,220803
07/22/2020,16:00,13438.0,13503.5,13348.5,13391.5,483851,218383
07/23/2020,16:00,13437.25,13525.75,13101.75,13135.5,644189,222431
07/24/2020,16:00,13152.75,13184.25,12888.25,13046.25,652482,223228
07/27/2020,16:00,13077.25,13271.25,12988.25,13262.5,444802,225212
07/28/2020,16:00,13269.75,13345.75,13101.25,13127.25,445252,219182
07/29/2020,16:00,13145.25,13287.0,13099.5,13261.5,368010,223650
07/30/2020,16:00,13287.25,13484.5,13090.0,13381.25,521157,220418
07/31/2020,16:00,13493.75,13526.25,13278.25,13477.75,631553,221449
08/03/2020,16:00,13520.5,13660.25,13463.5,13631.5,389622,223127
08/04/2020,16:00,13641.25,13682.0,13570.25,13673.25,395698,226639
08/05/2020,16:00,13667.75,13731.25,13643.0,13679.0,348822,226945
08/06/2020,16:00,13681.25,13859.0,13638.5,13848.5,532554,234639
08/07/2020,16:00,13847.75,13870.5,13622.5,13710.0,532554,233781
08/10/2020,16:00,13727.5,13743.75,13515.5,13659.25,485730,236451
08/11/2020,16:00,13659.5,13745.0,13432.75,13465.75,561748,232876
08/12/2020,16:00,13515.75,13773.0,13465.75,13713.25,434240,228931
08/13/2020,16:00,13702.75,13853.25,13681.5,13762.5,398616,224274
08/14/2020,16:00,13767.75,13825.0,13683.25,13721.0,398616,223970
08/17/2020,16:00,13732.25,13887.75,13729.5,13874.0,246403,227149
08/18/2020,16:00,13872.75,14002.5,13855.25,13996.5,326816,227596
08/19/2020,16:00,14001.5,14025.25,13886.25,13919.25,410893,228553
08/20/2020,16:00,13914.25,14083.75,13808.75,14064.5,414226,227599
08/21/2020,16:00,14067.25,14160.75,13994.25,14149.25,414226,227234
08/24/2020,16:00,14168.25,14309.75,14115.5,14223.5,617004,226944
08/25/2020,16:00,14223.25,14329.5,14162.0,14313.5,495891,231892
08/26/2020,16:00,14326.75,14588.75,14314.0,14578.5,578801,241221
08/27/2020,16:00,14571.75,14633.25,14422.0,14540.0,489066,241478
08/28/2020,16:00,14540.5,14605.5,14507.75,14579.0,489066,241091
08/31/2020,16:00,14590.0,14752.25,14575.5,14701.25,480979,240318
09/01/2020,16:00,14697.0,14916.0,14680.25,14899.75,518997,239790
09/02/2020,16:00,14912.75,15052.5,14759.5,14998.75,725395,240855
09/03/2020,16:00,14995.75,15026.0,14245.75,14387.75,1202274,235103
09/04/2020,16:00,14332.25,14430.25,13729.25,14136.0,1202274,235103
09/08/2020,16:00,14118.25,14172.25,13627.75,13647.75,1012392,243827
09/09/2020,16:00,13593.25,14066.0,13522.5,13980.0,23934,15015
09/10/2020,16:00,13970.0,14154.25,13676.0,13765.75,77157,41548
09/11/2020,16:00,13781.5,13944.0,13524.25,13648.5,379285,88736
09/14/2020,16:00,13689.75,13949.5,13689.75,13866.75,546567,183549
09/15/2020,16:00,13864.75,14082.0,13833.25,14050.5,518258,239329
09/16/2020,16:00,14050.5,14139.25,13824.0,13855.25,613797,260968
09/17/2020,16:00,13857.25,13888.75,13504.5,13675.5,818376,300316
09/18/2020,16:00,13666.75,13763.25,13342.25,13527.25,800279,342310
09/21/2020,16:00,13520.25,13610.0,13256.75,13589.25,727984,335558
09/22/2020,16:00,13566.5,13791.25,13497.75,13749.75,573572,331012
09/23/2020,16:00,13760.75,13822.25,13386.25,13429.25,656111,332444
09/24/2020,16:00,13403.75,13612.0,13260.5,13492.0,791934,328291
09/25/2020,16:00,13514.5,13766.5,13414.0,13736.75,600725,316223
09/28/2020,16:00,13745.25,14004.25,13740.5,13995.0,568217,282083
09/29/2020,16:00,13988.25,14049.0,13889.75,13938.0,444170,273907
09/30/2020,16:00,13921.25,14126.25,13767.25,14007.5,647968,258474
10/01/2020,16:00,13975.25,14199.5,13975.25,14175.0,580589,246442
10/02/2020,16:00,14167.0,14205.0,13804.75,13833.5,806629,272171
10/05/2020,16:00,13908.75,14097.75,13867.75,14069.5,398444,272946
10/06/2020,16:00,14073.25,14124.75,13797.75,13874.0,612278,275709
10/07/2020,16:00,13820.75,14106.75,13808.25,14070.25,443046,275594
10/08/2020,16:00,14073.5,14179.0,14070.0,14139.25,403379,275261
10/09/2020,16:00,14162.25,14339.25,14152.75,14325.0,408445,274510
10/12/2020,16:00,14323.0,14797.25,14288.0,14698.5,756438,242030
10/13/2020,16:00,14700.25,14849.25,14619.25,14694.25,754735,224054
10/14/2020,16:00,14680.0,14778.25,14502.0,14574.5,597198,219180
10/15/2020,16:00,14550.25,14583.5,14336.75,14474.25,595926,212865
10/16/2020,16:00,14491.25,14622.25,14392.25,14398.25,527026,216425
10/19/2020,16:00,14417.0,14550.75,14191.5,14250.5,623203,216650
10/20/2020,16:00,14297.75,14392.25,14198.75,14261.0,622702,217657
10/21/2020,16:00,14275.5,14379.5,14185.25,14291.5,599851,217117
10/22/2020,16:00,14283.75,14324.25,14111.25,14250.0,501243,224593
10/23/2020,16:00,14269.5,14292.0,14151.25,14263.75,501243,220987
10/26/2020,16:00,14234.25,14295.75,13943.5,14092.5,674142,224429
10/27/2020,16:00,14099.75,14223.25,14078.5,14188.25,551642,225329
10/28/2020,16:00,14158.75,14167.0,13724.0,13733.0,749420,220722
10/29/2020,16:00,13780.75,14058.0,13745.25,13943.0,606325,216918
10/30/2020,16:00,13813.5,13881.5,13544.75,13646.5,801978,216173
11/02/2020,16:00,13634.75,13812.25,13542.5,13663.5,602651,218454
11/03/2020,16:00,13675.0,13947.25,13664.75,13866.0,509496,220317
11/04/2020,16:00,13864.25,14444.0,13830.5,14363.25,842617,222864
11/05/2020,16:00,14430.25,14719.75,14371.5,14676.75,578443,226814
11/06/2020,16:00,14688.75,14709.25,14468.5,14675.25,552483,224459
11/09/2020,16:00,14739.5,15009.0,14412.5,14420.75,731881,226237
11/10/2020,16:00,14463.75,14501.75,14103.5,14218.5,834533,234538
11/11/2020,16:00,14232.5,14518.0,14175.5,14486.25,546218,231127
11/12/2020,16:00,14498.75,14576.0,14376.0,14420.25,554930,228211
11/13/2020,16:00,14457.25,14553.0,14402.0,14533.75,445512,229091
11/16/2020,16:00,14557.5,14665.25,14452.0,14605.25,471101,230794
11/17/2020,16:00,14661.5,14696.5,14554.0,14575.25,401505,233752
11/18/2020,16:00,14572.25,14627.75,14461.75,14497.25,475826,232931
11/19/2020,16:00,14476.25,14600.25,14404.75,14587.5,421691,236135
11/20/2020,16:00,14560.25,14621.25,14473.75,14506.0,358180,234798
11/23/2020,16:00,14494.25,14602.0,14408.5,14505.5,425777,235871
11/24/2020,16:00,14510.0,14704.75,14473.0,14676.25,401635,242356
11/25/2020,16:00,14698.75,14778.0,14677.75,14752.5,386232,243370
11/27/2020,16:00,14768.5,14907.75,14727.25,14857.75,296828,241851
11/30/2020,16:00,14886.75,14937.5,14686.25,14877.25,493064,240244
12/01/2020,16:00,14936.25,15112.5,14912.25,15052.5,464023,239696
12/02/2020,16:00,15056.5,15073.75,14912.75,15054.5,400405,238420
12/03/2020,16:00,15072.25,15140.5,15044.25,15062.5,321796,236112
12/04/2020,16:00,15087.25,15136.0,15048.75,15126.25,321796,235860
12/07/2020,16:00,15125.25,15212.5,15075.0,15196.25,323774,235462
12/08/2020,16:00,15174.25,15252.75,15102.25,15237.75,365422,234005
12/09/2020,16:00,15257.5,15275.25,14907.0,14967.25,14670,14019
12/10/2020,16:00,14942.25,15048.75,14818.0,15001.75,59012,31792
12/11/2020,16:00,14991.5,15013.75,14834.75,14969.25,313453,65411
12/14/2020,16:00,15015.0,15150.5,14989.0,15063.5,421789,120791
12/15/2020,16:00,15073.5,15209.75,15024.0,15197.0,401624,163819
12/16/2020,16:00,15205.0,15305.75,15173.0,15271.75,407269,195696
12/17/2020,16:00,15282.25,15367.75,15273.0,15352.0,388925,207995
12/18/2020,16:00,15348.5,15390.75,15211.0,15313.5,460979,209891
12/21/2020,16:00,15361.0,15383.5,15062.0,15284.5,606583,211698
12/22/2020,16:00,15299.25,15361.0,15194.5,15311.0,457270,209793
12/23/2020,16:00,15305.75,15339.75,15224.5,15252.25,358011,208735
12/24/2020,16:00,15261.75,15325.0,15232.5,15305.5,173464,209928
12/28/2020,16:00,15277.25,15456.5,15256.25,15433.75,346691,212133
12/29/2020,16:00,15446.25,15519.25,15409.25,15442.0,393995,215735
12/30/2020,16:00,15461.75,15510.75,15421.5,15442.5,334304,216829
12/31/2020,16:00,15441.0,15497.0,15397.5,15486.5,280573,219677
01/04/2021,16:00,15490.0,15560.75,15123.5,15286.5,650472,219675
01/05/2021,16:00,15283.75,15410.0,15213.0,15394.5,483173,219690
01/06/2021,16:00,15401.25,15445.25,15092.25,15217.75,755618,227124
01/07/2021,16:00,15259.5,15560.0,15247.5,15529.0,435939,229227
01/08/2021,16:00,15528.0,15726.0,15520.0,15698.25,508107,229512
01/11/2021,16:00,15694.25,15706.25,15472.75,15498.0,454751,228272
01/12/2021,16:00,15511.75,15560.0,15368.25,15491.25,461733,230621
01/13/2021,16:00,15483.5,15604.0,15421.75,15573.25,416295,233876
01/14/2021,16:00,15576.5,15629.75,15482.0,15502.0,417583,233248
01/15/2021,16:00,15510.0,15532.25,15344.5,15403.25,539769,235813
01/19/2021,16:00,15375.25,15633.75,15328.0,15586.5,481603,233072
01/20/2021,16:00,15631.0,15928.0,15618.0,15895.25,438765,236481
01/21/2021,16:00,15889.5,16024.5,15884.25,15996.5,421922,234275
01/22/2021,16:00,15995.0,16003.25,15901.25,15962.5,407706,230988
01/25/2021,16:00,15971.0,16155.5,15790.0,16076.5,663844,229597
01/26/2021,16:00,16060.75,16200.75,15981.25,16086.5,502390,229787
01/27/2021,16:00,16152.0,16187.5,15485.75,15706.5,786471,224382
01/28/2021,16:00,15653.5,15995.0,15507.25,15787.0,738848,223632
01/29/2021,16:00,15757.0,15789.0,15430.0,15512.25,738848,221607
02/01/2021,16:00,15450.0,15872.5,15328.25,15837.5,549549,226480
02/02/2021,16:00,15833.5,16110.75,15831.5,16050.0,491671,232283
02/03/2021,16:00,16107.0,16185.5,15987.75,15995.25,499098,230489
02/04/2021,16:00,16030.5,16169.75,15946.25,16148.5,408023,230699
02/05/2021,16:00,16161.0,16239.5,16120.5,16199.0,431935,228628
02/08/2021,16:00,16224.75,16294.0,16197.0,16284.0,393927,229400
02/09/2021,16:00,16284.5,16336.25,16235.0,16281.25,367116,230503
02/10/2021,16:00,16299.0,16370.25,16117.75,16244.5,552643,233962
02/11/2021,16:00,16263.0,16344.75,16213.5,16330.0,495131,236673
02/12/2021,16:00,16312.25,16421.75,16247.0,16405.75,392927,241514
02/16/2021,16:00,16430.5,16501.5,16317.0,16368.75,604657,230179
02/17/2021,16:00,16359.25,16386.0,16144.0,16300.75,583565,227838
02/18/2021,16:00,16300.5,16324.25,16069.0,16234.0,574576,227291
02/19/2021,16:00,16239.25,16330.0,16135.75,16177.0,535194,230660
02/22/2021,16:00,16186.0,16230.0,15816.0,15825.25,648527,234377
02/23/2021,16:00,15828.0,15936.75,15358.25,15793.0,873273,234225
02/24/2021,16:00,15771.75,15935.0,15559.0,15903.0,673353,237278
02/25/2021,16:00,15905.75,15954.75,15365.0,15432.75,841911,242414
02/26/2021,16:00,15403.5,15690.5,15263.25,15512.0,841911,242441
03/01/2021,16:00,15558.5,15919.0,15547.25,15880.75,513852,235131
03/02/2021,16:00,15913.25,15929.25,15649.25,15656.25,563138,236083
03/03/2021,16:00,15662.25,15793.0,15264.25,15282.75,756448,247134
03/04/2021,16:00,15283.0,15398.0,14907.5,15056.0,1016317,251446
03/05/2021,16:00,15036.0,15298.75,14808.25,15264.75,1016317,248641
03/08/2021,16:00,15316.0,15362.25,14882.75,14898.25,749028,258138
03/09/2021,16:00,14946.75,15468.5,14927.0,15389.75,644022,242097
03/10/2021,16:00,15413.0,15594.25,15304.0,15350.25,14465,14770
03/11/2021,16:00,15396.25,15721.75,15326.75,15650.25,74929,42680
03/12/2021,16:00,15660.0,15698.0,15371.25,15535.5,337553,86274
03/15/2021,16:00,15544.75,15700.5,15473.75,15680.5,383913,134406
03/16/2021,16:00,15684.25,15898.5,15659.5,15752.5,524804,167591
03/17/2021,16:00,15770.75,15882.25,15545.5,15800.25,652764,196871
03/18/2021,16:00,15798.25,15878.25,15373.25,15391.0,708016,219658
03/19/2021,16:00,15404.75,15509.5,15293.0,15455.75,641117,222596
03/22/2021,16:00,15418.25,15768.25,15399.75,15683.0,478667,221951
03/23/2021,16:00,15680.25,15783.25,15590.25,15617.5,604250,221080
03/24/2021,16:00,15661.5,15756.5,15395.25,15405.25,626538,223008
03/25/2021,16:00,15414.25,15470.75,15221.0,15381.75,622214,223250
03/26/2021,16:00,15411.0,15599.75,15287.5,15578.0,622214,222615
03/29/2021,16:00,15587.0,15614.25,15418.75,15555.75,574193,225303
03/30/2021,16:00,15586.25,15595.25,15387.75,15489.5,516408,221462
03/31/2021,16:00,15506.0,15769.25,15469.5,15701.0,478398,222014
04/01/2021,16:00,15705.75,15943.75,15701.5,15927.25,41618,216353
04/05/2021,16:00,15950.25,16226.25,15915.5,16196.75,356725,212519
04/06/2021,16:00,16215.0,16266.25,16135.5,16181.25,457218,213775
04/07/2021,16:00,16191.75,16252.25,16123.75,16216.0,434828,211961
04/08/2021,16:00,16232.0,16401.0,16226.75,16359.0,494768,214214
04/09/2021,16:00,16397.75,16453.0,16259.5,16440.75,494768,213272
04/12/2021,16:00,16429.0,16443.5,16343.25,16420.0,453968,212368
04/13/2021,16:00,16436.25,16605.25,16384.0,16587.0,485938,213439
04/14/2021,16:00,16589.0,16640.25,16384.0,16410.0,662204,211527
04/15/2021,16:00,16438.25,16645.5,16400.5,16625.25,524814,209387
04/16/2021,16:00,16613.25,16670.75,16564.0,16640.75,500612,210247
04/19/2021,16:00,16600.25,16663.5,16432.25,16508.5,613719,215604
04/20/2021,16:00,16511.25,16545.0,16330.5,16405.5,606019,216752
04/21/2021,16:00,16351.25,16537.75,16311.75,16530.5,510093,219735
04/22/2021,16:00,16507.75,16556.0,16313.0,16361.5,623942,218634
04/23/2021,16:00,16368.25,16592.25,16348.25,16538.25,450885,213935
04/26/2021,16:00,16531.0,16650.5,16476.75,16622.75,403664,215714
04/27/2021,16:00,16636.0,16661.25,16523.75,16564.25,412801,216429
04/28/2021,16:00,16566.75,16604.75,16489.25,16503.5,501596,216627
04/29/2021,16:00,16584.75,16675.25,16429.75,16564.75,595555,221411
04/30/2021,16:00,16559.5,16568.0,16431.0,16461.25,555237,225406
05/03/2021,16:00,16491.5,16558.75,16383.25,16401.25,473913,230447
05/04/2021,16:00,16396.25,16403.75,15992.0,16147.25,667316,235377
05/05/2021,16:00,16137.0,16276.75,16074.0,16102.25,520694,235791
05/06/2021,16:00,16095.25,16222.75,16000.0,16209.0,550632,230448
05/07/2021,16:00,16225.75,16429.25,16199.5,16321.0,550632,229326
05/10/2021,16:00,16329.25,16363.25,15916.75,15968.0,603725,231289
05/11/2021,16:00,15927.75,15987.0,15676.5,15957.25,787639,224976
05/12/2021,16:00,15932.5,15963.0,15571.0,15609.75,760916,232987
05/13/2021,16:00,15580.0,15835.0,15526.25,15711.5,727348,232265
05/14/2021,16:00,15706.25,16037.5,15682.25,15998.25,468758,228352
05/17/2021,16:00,15991.5,16059.75,15794.0,15914.75,488299,225784
05/18/2021,16:00,15919.75,16043.5,15789.75,15823.25,442088,224940
05/19/2021,16:00,15793.25,15854.25,15565.5,15844.75,669351,226724
05/20/2021,16:00,15831.75,16134.0,15762.0,16097.75,465782,227578
05/21/2021,16:00,16103.75,16181.25,16007.0,16016.25,457735,229210
05/24/2021,16:00,15994.5,16297.25,15967.75,16246.5,368611,229740
05/25/2021,16:00,16267.75,16350.0,16218.0,16267.5,436157,229796
05/26/2021,16:00,16281.5,16339.75,16267.25,16311.5,343069,231716
05/27/2021,16:00,16313.75,16332.0,16231.5,16276.75,366218,234415
05/28/2021,16:00,16306.0,16374.75,16274.0,16297.75,366218,234415
06/01/2021,16:00,16310.25,16384.25,16203.5,16260.0,448000,234414
06/02/2021,16:00,16264.5,16324.0,16214.5,16285.0,371449,233838
06/03/2021,16:00,16290.75,16319.0,16073.5,16140.5,552987,231611
06/04/2021,16:00,16143.0,16395.0,16079.0,16378.0,446994,228595
06/07/2021,16:00,16384.5,16435.25,16302.75,16415.5,397545,229086
06/08/2021,16:00,16434.25,16528.5,16353.0,16422.75,482546,230029
06/09/2021,16:00,16424.25,16515.5,16414.75,16425.5,375099,230029
06/10/2021,16:00,16431.0,16588.0,16338.0,16572.5,53142,30195
06/11/2021,16:00,16588.75,16612.0,16545.75,16607.5,229413,68049
06/14/2021,16:00,16612.75,16747.75,16578.75,16739.0,376141,135413
06/15/2021,16:00,16732.75,16777.0,16622.5,16643.5,449355,183593
06/16/2021,16:00,16660.75,16717.5,16452.0,16594.5,566333,206070
06/17/2021,16:00,16562.75,16820.75,16463.5,16778.0,657540,219219
06/18/2021,16:00,16801.75,16826.5,16631.75,16656.75,575363,216459
06/21/2021,16:00,16644.5,16765.75,16580.25,16751.75,503663,219282
06/22/2021,16:00,16758.5,16901.0,16688.25,16880.0,420968,223085
06/23/2021,16:00,16895.75,16937.5,16853.5,16884.75,366489,223562
06/24/2021,16:00,16897.0,17043.75,16891.75,16976.0,379758,225266
06/25/2021,16:00,16987.5,17016.0,16935.0,16960.75,379758,226437
06/28/2021,16:00,16971.75,17141.5,16955.0,17134.25,376860,228526
06/29/2021,16:00,17126.25,17206.5,17090.5,17184.75,360169,223282
06/30/2021,16:00,17206.5,17220.25,17140.0,17170.75,384458,224947
07/01/2021,16:00,17180.25,17228.0,17092.75,17170.25,436419,224827
07/02/2021,16:00,17165.5,17350.75,17135.0,17335.5,392168,225363
07/06/2021,16:00,17326.0,17411.75,17247.0,17397.25,557682,226974
07/07/2021,16:00,17386.25,17505.5,17348.0,17424.0,471450,225868
07/08/2021,16:00,17433.75,17443.75,17162.25,17334.0,631207,225118
07/09/2021,16:00,17332.0,17453.75,17262.5,17432.25,424770,229870
07/12/2021,16:00,17445.75,17510.25,17406.75,17491.0,362608,229988
07/13/2021,16:00,17501.75,17616.5,17416.25,17486.75,506392,230643
07/14/2021,16:00,17491.5,17617.75,17463.0,17513.5,499191,228225
07/15/2021,16:00,17516.75,17584.5,17330.0,17409.25,634785,227578
07/16/2021,16:00,17400.25,17491.25,17277.75,17292.25,539012,225979
07/19/2021,16:00,17296.75,17304.25,17066.75,17162.5,720291,230379
07/20/2021,16:00,17215.5,17404.25,17138.5,17344.5,529359,232747
07/21/2021,16:00,17351.5,17461.25,17290.0,17449.5,404345,228941
07/22/2021,16:00,17458.5,17604.5,17448.5,17550.25,425426,229480
07/23/2021,16:00,17601.25,17739.0,17556.0,17719.75,449261,233717
07/26/2021,16:00,17719.75,17755.75,17660.5,17739.5,391517,230158
07/27/2021,16:00,17747.0,17753.25,17396.0,17569.5,671793,232644
07/28/2021,16:00,17497.5,17696.25,17487.75,17633.25,577186,226262
07/29/2021,16:00,17606.5,17705.75,17526.75,17659.5,412593,227394
07/30/2021,16:00,17527.0,17601.75,17433.0,17577.5,505630,223459
08/02/2021,16:00,17594.5,17678.0,17554.0,17574.5,446142,222535
08/03/2021,16:00,17584.0,17671.75,17470.75,17668.0,520377,220922
08/04/2021,16:00,17659.75,17729.75,17618.75,17695.25,445703,221364
08/05/2021,16:00,17703.5,17794.25,17691.0,17789.5,341554,222866
08/06/2021,16:00,17789.5,17791.5,17669.0,17717.25,425074,225201
08/09/2021,16:00,17712.0,17767.25,17625.0,17747.0,361388,226894
08/10/2021,16:00,17750.5,17779.0,17616.25,17666.25,475298,231111
08/11/2021,16:00,17666.75,17740.75,17584.75,17641.25,479700,229795
08/12/2021,16:00,17630.25,17712.25,17563.0,17700.25,384239,228682
08/13/2021,16:00,17701.5,17763.5,17677.0,17747.5,364520,230464
08/16/2021,16:00,17741.0,17760.75,17539.0,17755.75,590789,232064
08/17/2021,16:00,17753.25,17755.5,17518.75,17619.25,687897,231772
08/18/2021,16:00,17592.0,17659.0,17428.25,17471.0,568846,231386
08/19/2021,16:00,17461.75,17620.75,17332.25,17549.75,734184,226242
08/20/2021,16:00,17565.0,17721.75,17472.75,17708.5,504460,227065
08/23/2021,16:00,17711.75,17959.25,17708.25,17926.25,412591,227396
08/24/2021,16:00,17948.75,18005.75,17931.25,17977.25,365577,223959
08/25/2021,16:00,17984.0,18018.75,17954.75,17986.0,405227,224399
08/26/2021,16:00,17989.0,17990.0,17877.0,17896.5,564382,222501
08/27/2021,16:00,17907.75,18065.5,17887.25,18048.25,441045,220164
08/30/2021,16:00,18054.5,18239.5,18041.75,18219.25,417563,225256
08/31/2021,16:00,18227.25,18299.0,18139.5,18204.25,521129,225758
09/01/2021,16:00,18221.25,18320.75,18200.25,18231.0,465488,227647
09/02/2021,16:00,18231.75,18303.75,18173.5,18222.75,462870,226368
09/03/2021,16:00,18222.75,18299.25,18174.0,18273.25,462870,226368
09/07/2021,16:00,18277.75,18330.5,18228.5,18296.5,542055,224327
09/08/2021,16:00,18292.75,18312.75,18145.5,18241.75,555387,224327
09/09/2021,16:00,18230.75,18298.0,18169.0,18181.5,51083,26102
09/10/2021,16:00,18184.25,18290.75,18056.5,18064.75,387522,78770
09/13/2021,16:00,18073.75,18188.25,17973.5,18060.75,565373,141051
09/14/2021,16:00,18074.75,18155.0,17975.25,18010.5,536799,192698
09/15/2021,16:00,18020.75,18145.25,17938.5,18127.25,511438,215063
09/16/2021,16:00,18140.5,18163.25,17989.5,18140.25,641864,224960
09/17/2021,16:00,18128.5,18159.0,17907.0,17956.75,641864,224741
09/20/2021,16:00,17914.75,17969.0,17438.25,17640.25,845911,224793
09/21/2021,16:00,17622.75,17794.0,17594.0,17654.75,659780,221634
09/22/2021,16:00,17623.5,17857.75,17561.25,17794.25,601005,221519
09/23/2021,16:00,17809.0,17977.75,17806.0,17934.25,470511,223190
09/24/2021,16:00,17931.0,17965.0,17807.5,17949.5,470511,222997
09/27/2021,16:00,17949.75,18030.0,17714.75,17825.5,543381,222436
09/28/2021,16:00,17803.0,17823.0,17371.5,17395.5,836785,229696
09/29/2021,16:00,17400.0,17556.75,17341.75,17370.5,649554,223862
09/30/2021,16:00,17400.5,17514.25,17301.0,17313.25,699372,224978
10/01/2021,16:00,17333.0,17448.75,17167.75,17392.5,663413,221556
10/04/2021,16:00,17415.75,17465.75,16998.5,17093.0,802849,228515
10/05/2021,16:00,17124.5,17385.5,17041.25,17286.0,574640,224101
10/06/2021,16:00,17292.75,17400.75,17053.25,17389.75,756883,227256
10/07/2021,16:00,17398.75,17632.0,17397.75,17512.0,492756,225258
10/08/2021,16:00,17522.0,17626.75,17421.5,17439.0,550607,224360
10/11/2021,16:00,17441.0,17528.0,17307.75,17331.25,510490,228110
10/12/2021,16:00,17319.25,17414.0,17216.25,17284.0,599367,229495
10/13/2021,16:00,17224.75,17426.5,17221.75,17395.0,556059,231889
10/14/2021,16:00,17401.0,17702.25,17398.25,17668.0,425055,233360
10/15/2021,16:00,17694.5,17775.75,17651.5,17765.25,442893,232412
10/18/2021,16:00,17775.75,17928.0,17669.5,17921.25,423424,234509
10/19/2021,16:00,17920.5,18059.0,17899.75,18029.25,384792,235870
10/20/2021,16:00,18041.75,18077.25,17949.75,18008.25,451735,237742
10/21/2021,16:00,17988.25,18114.5,17931.75,18109.5,545390,239513
10/22/2021,16:00,18013.75,18094.25,17904.5,17971.75,545390,239116
10/25/2021,16:00,17955.0,18176.75,17926.5,18126.5,456009,240632
10/26/2021,16:00,18173.75,18331.75,18133.75,18175.75,586099,243448
10/27/2021,16:00,18163.0,18348.25,18138.0,18218.0,534474,244740
10/28/2021,16:00,18225.75,18407.75,18222.5,18395.5,498210,247936
10/29/2021,16:00,18310.5,18495.5,18226.25,18469.25,484693,253639
11/01/2021,16:00,18516.0,18545.5,18399.25,18525.0,411507,250351
11/02/2021,16:00,18521.75,18611.0,18480.25,18592.0,418550,253161
11/03/2021,16:00,18588.5,18776.5,18566.0,18760.5,448135,252290
11/04/2021,16:00,18760.25,19006.75,18760.25,18961.5,524361,253486
11/05/2021,16:00,18965.75,19079.25,18922.75,18982.5,525824,253119
11/08/2021,16:00,18923.75,19024.75,18886.75,18958.5,414326,256105
11/09/2021,16:00,18946.25,19022.5,18790.75,18843.5,560749,260201
11/10/2021,16:00,18832.0,18873.75,18527.25,18611.25,658266,260134
11/11/2021,16:00,18619.75,18744.75,18606.75,18653.5,434778,258049
11/12/2021,16:00,18674.5,18844.0,18632.5,18823.5,422493,257606
11/15/2021,16:00,18843.0,18907.25,18713.0,18818.5,483873,259473
11/16/2021,16:00,18829.25,18954.5,18772.75,18931.5,424380,259537
11/17/2021,16:00,18928.5,19027.25,18900.75,18942.25,455992,258978
11/18/2021,16:00,18953.25,19138.75,18934.25,19112.0,602241,255333
11/19/2021,16:00,19134.0,19259.25,19121.0,19205.75,549031,251714
11/22/2021,16:00,19231.0,19398.25,18995.25,19012.75,770668,252898
11/23/2021,16:00,19029.75,19049.5,18749.25,18942.75,901449,252477
11/24/2021,16:00,18931.0,18999.25,18732.75,18996.75,656267,249887
11/26/2021,16:00,18990.75,19066.75,18618.75,18681.75,680753,253059
11/29/2021,16:00,18677.25,19068.5,18668.75,19021.5,597936,247781
11/30/2021,16:00,19049.75,19087.0,18699.5,18781.25,854651,251616
12/01/2021,16:00,18869.5,19058.25,18456.0,18500.5,861888,249837
12/02/2021,16:00,18522.5,18697.0,18393.5,18619.25,898849,250450
12/03/2021,16:00,18650.75,18752.5,18168.75,18348.5,898849,248610
12/06/2021,16:00,18347.0,18528.0,18190.0,18473.5,695515,245775
12/07/2021,16:00,18479.5,19005.25,18455.25,18948.75,594627,239851
12/08/2021,16:00,18991.25,19067.5,18882.25,19023.0,490088,239851
12/09/2021,16:00,19010.25,19049.0,18750.25,18778.25,73916,37826
12/10/2021,16:00,18787.0,18964.25,18762.75,18958.25,415881,76935
12/13/2021,16:00,18950.75,19039.75,18690.5,18708.25,549501,130261
12/14/2021,16:00,18714.75,18759.5,18360.75,18549.0,689272,177721
12/15/2021,16:00,18555.75,18926.75,18367.0,18913.0,735796,192274
12/16/2021,16:00,18914.75,19083.75,18419.75,18493.5,789654,210224
12/17/2021,16:00,18504.75,18583.25,18278.5,18414.75,800579,209493
12/20/2021,16:00,18436.25,18478.5,18118.75,18248.0,676197,209033
12/21/2021,16:00,18301.0,18614.0,18231.75,18606.75,530228,207518
12/22/2021,16:00,18605.75,18809.75,18508.25,18796.5,476670,206517
12/23/2021,16:00,18806.75,18982.75,18772.0,18925.75,349182,205071
12/27/2021,16:00,18931.0,19207.5,18931.0,19186.75,351308,207930
12/28/2021,16:00,19192.5,19286.25,19079.0,19114.75,454633,210355
12/29/2021,16:00,19140.25,19191.0,19014.25,19117.25,354985,209722
12/30/2021,16:00,19111.25,19194.25,19038.0,19057.0,304259,207084
12/31/2021,16:00,19057.75,19090.75,18940.5,18947.5,363720,208139
01/03/2022,16:00,18982.75,19134.75,18918.75,19112.25,513549,209654
01/04/2022,16:00,19124.5,19190.75,18766.25,18902.5,669527,210067
01/05/2022,16:00,18891.75,18895.75,18379.5,18393.25,769790,218827
01/06/2022,16:00,18390.5,18522.5,18225.25,18385.75,802950,220070
01/07/2022,16:00,18428.5,18479.5,18136.75,18207.75,704406,217564
01/10/2022,16:00,18216.75,18295.75,17779.25,18234.75,888780,222293
01/11/2022,16:00,18249.0,18466.25,18101.75,18457.75,709363,218699
01/12/2022,16:00,18452.75,18636.0,18389.25,18514.0,671265,216617
01/13/2022,16:00,18527.75,18606.5,18085.0,18117.0,763018,224990
01/14/2022,16:00,18131.75,18247.75,17939.25,18222.5,795897,231505
01/18/2022,16:00,18243.5,18280.0,17797.5,17832.75,868066,234099
01/19/2022,16:00,17865.5,17998.75,17638.0,17660.25,776612,233211
01/20/2022,16:00,17669.0,17967.0,17273.5,17467.75,1041723,251310
01/21/2022,16:00,17348.75,17485.25,17035.25,17053.25,1041723,243233
01/24/2022,16:00,17036.75,17208.75,16332.75,17127.75,1323080,241055
01/25/2022,16:00,17121.75,17125.75,16516.75,16767.5,957800,241160
01/26/2022,16:00,16572.25,17266.5,16572.25,16785.25,908549,241856
01/27/2022,16:00,16820.75,17036.0,16471.25,16613.5,866647,239747
01/28/2022,16:00,16794.5,17068.75,16457.75,17059.75,878243,243980
01/31/2022,16:00,17080.75,17541.5,16980.0,17531.75,654278,242091
02/01/2022,16:00,17495.5,17763.75,17356.0,17621.5,597305,237104
02/02/2022,16:00,17755.75,17886.75,17451.75,17741.25,645396,236033
02/03/2022,16:00,17479.25,17496.75,17083.0,17119.0,763735,239948
02/04/2022,16:00,17396.75,17452.5,16989.5,17312.25,763735,238945
02/07/2022,16:00,17309.25,17433.0,17138.25,17186.5,562312,236623
02/08/2022,16:00,17226.75,17402.75,17094.25,17361.25,611858,231409
02/09/2022,16:00,17373.0,17694.75,17367.75,17665.0,529886,226624
02/10/2022,16:00,17689.0,17689.0,17248.75,17327.75,834478,230574
02/11/2022,16:00,17325.0,17393.5,16807.75,16867.25,835981,236401
02/14/2022,16:00,16876.75,17020.75,16657.75,16879.75,734224,238555
02/15/2022,16:00,16883.75,17241.5,16850.0,17236.25,558472,233107
02/16/2022,16:00,17214.75,17295.25,17007.75,17226.75,594304,233680
02/17/2022,16:00,17219.0,17246.25,16758.25,16791.5,631084,246962
02/18/2022,16:00,16783.0,16925.75,16533.0,16622.75,760914,252863
02/22/2022,16:00,16579.5,16784.25,16207.0,16489.5,1114720,254617
02/23/2022,16:00,16555.0,16695.5,16098.0,16134.25,713187,260751
02/24/2022,16:00,16111.0,16610.0,15652.5,16593.25,784997,250727
02/25/2022,16:00,16536.25,16823.0,16387.0,16807.25,784997,249210
02/28/2022,16:00,16527.0,16919.0,16309.75,16854.75,753711,248256
03/01/2022,16:00,16846.0,16954.5,16526.75,16632.25,645171,245865
03/02/2022,16:00,16653.0,16916.75,16538.25,16866.0,629022,240270
03/03/2022,16:00,16823.25,17017.75,16581.75,16657.25,596925,243166
03/04/2022,16:00,16696.0,16713.25,16360.5,16466.5,725774,243111
03/07/2022,16:00,16390.25,16506.5,15891.75,15947.5,717846,243560
03/08/2022,16:00,15909.75,16292.75,15730.0,15893.75,841407,239095
03/09/2022,16:00,15819.0,16448.5,15816.5,16361.5,645327,239095
03/10/2022,16:00,16399.25,16402.0,16019.25,16212.0,71849,32621
03/11/2022,16:00,16201.25,16486.75,15906.25,15917.75,389782,73840
03/14/2022,16:00,15963.25,16070.25,15644.25,15672.75,546934,130349
03/15/2022,16:00,15708.25,16115.25,15571.25,16078.25,552399,163922
03/16/2022,16:00,16074.0,16654.5,16046.0,16578.5,651016,181690
03/17/2022,16:00,16619.75,16761.25,16447.75,16736.5,527113,196293
03/18/2022,16:00,16685.5,17071.5,16595.25,17042.25,558776,203497
03/21/2022,16:00,17032.75,17095.5,16812.5,16999.25,589629,204605
03/22/2022,16:00,17018.75,17319.5,16922.25,17282.75,509918,211807
03/23/2022,16:00,17282.75,17311.0,17069.75,17075.75,555130,213226
03/24/2022,16:00,17091.5,17398.5,17062.25,17392.5,512267,216089
03/25/2022,16:00,17393.75,17469.25,17201.25,17384.5,553931,218284
03/28/2022,16:00,17384.75,17625.75,17287.5,17614.0,532125,220777
03/29/2022,16:00,17609.75,17897.5,17585.25,17866.5,552951,222063
03/30/2022,16:00,17850.75,17891.0,17641.0,17700.25,513516,221694
03/31/2022,16:00,17729.25,17809.5,17484.25,17497.5,560785,222361
04/01/2022,16:00,17547.5,17588.75,17353.75,17492.5,539029,227469
04/04/2022,16:00,17474.75,17803.25,17429.75,17793.0,460171,227010
04/05/2022,16:00,17784.25,17826.75,17409.0,17456.75,563198,230897
04/06/2022,16:00,17489.75,17490.0,17023.5,17134.0,783213,235123
04/07/2022,16:00,17125.0,17262.5,16945.75,17164.75,640156,231955
04/08/2022,16:00,17165.0,17271.0,16939.25,16955.75,640156,231625
04/11/2022,16:00,16973.75,17010.75,16613.5,16628.75,577477,232211
04/12/2022,16:00,16635.0,16913.0,16510.0,16573.75,704351,226351
04/13/2022,16:00,16581.5,16895.25,16549.75,16850.25,530164,228789
04/14/2022,16:00,16840.25,16925.0,16505.25,16522.5,548400,232620
04/18/2022,16:00,16520.75,16631.25,16358.25,16536.5,492103,236545
04/19/2022,16:00,16591.5,16870.75,16456.75,16846.0,556357,234995
04/20/2022,16:00,16733.5,16926.75,16585.25,16633.5,604344,228387
04/21/2022,16:00,16698.75,16911.75,16296.25,16357.0,685788,230109
04/22/2022,16:00,16348.75,16409.75,15925.75,15982.25,732255,235392
04/25/2022,16:00,15963.0,16178.5,15812.75,16164.5,749649,237171
04/26/2022,16:00,16152.25,16212.5,15430.25,15644.75,755330,234534
04/27/2022,16:00,15509.75,15884.0,15507.0,15637.75,817196,231686
04/28/2022,16:00,15819.75,16170.75,15661.75,16083.5,723386,229421
04/29/2022,16:00,15848.25,16061.75,15460.5,15480.75,723386,229251
05/02/2022,16:00,15521.0,15713.25,15338.5,15701.75,763818,228671
05/03/2022,16:00,15680.5,15812.5,15597.25,15716.25,662216,223943
05/04/2022,16:00,15749.75,16184.0,15511.75,16160.0,703191,226756
05/05/2022,16:00,16129.0,16176.75,15334.0,15486.75,852234,236808
05/06/2022,16:00,15512.0,15557.5,15147.75,15324.5,852234,236729
05/09/2022,16:00,15233.75,15266.0,14764.0,14822.5,816033,246205
05/10/2022,16:00,14834.75,15175.75,14731.0,14977.75,853859,246739
05/11/2022,16:00,14957.5,15182.0,14567.25,14598.5,865890,257749
05/12/2022,16:00,14633.25,14761.5,14317.75,14576.0,878238,251537
05/13/2022,16:00,14520.25,15060.75,14520.25,15011.5,663517,244237
05/16/2022,16:00,15037.75,15127.5,14819.0,14873.5,623715,243914
05/17/2022,16:00,14864.25,15206.75,14862.75,15189.0,653222,239781
05/18/2022,16:00,15200.75,15222.75,14491.5,14564.25,735386,250542
05/19/2022,16:00,14535.75,14705.5,14332.75,14507.0,806781,255411
05/20/2022,16:00,14526.75,14725.5,14120.0,14469.5,806781,251993
05/23/2022,16:00,14494.75,14704.25,14412.5,14664.0,660213,247973
05/24/2022,16:00,14543.75,14546.75,14205.0,14399.75,717429,251262
05/25/2022,16:00,14436.75,14664.75,14300.75,14571.0,671096,248516
05/26/2022,16:00,14516.25,14971.75,14477.0,14908.0,615992,260624
05/27/2022,16:00,14878.75,15349.0,14850.75,15306.5,615992,260624
05/31/2022,16:00,15334.0,15511.75,15108.75,15275.25,832388,256842
06/01/2022,16:00,15291.25,15452.25,15083.5,15179.75,682211,258867
06/02/2022,16:00,15178.5,15532.5,15071.25,15522.5,620008,260187
06/03/2022,16:00,15524.75,15574.0,15131.75,15179.75,652955,261785
06/06/2022,16:00,15178.5,15438.75,15155.75,15233.75,536936,258730
06/07/2022,16:00,15234.0,15369.0,15041.25,15340.25,577970,258798
06/08/2022,16:00,15309.25,15411.75,15208.0,15244.5,575622,258798
06/09/2022,16:00,15246.75,15353.75,14883.5,14903.25,60982,32566
06/10/2022,16:00,14932.5,14967.25,14447.75,14466.25,381026,66791
06/13/2022,16:00,14409.25,14410.25,13883.75,13926.0,737529,148549
06/14/2022,16:00,13966.0,14133.0,13834.5,13945.0,690212,199723
06/15/2022,16:00,13963.25,14392.75,13957.0,14227.5,745920,215883
06/16/2022,16:00,14244.75,14372.75,13667.0,13755.75,831750,234940
06/17/2022,16:00,13805.25,13994.5,13717.5,13895.25,731831,234830
06/21/2022,16:00,13931.0,14276.75,13872.25,14175.75,657209,235329
06/22/2022,16:00,14178.25,14344.25,13919.0,14164.25,638960,243837
06/23/2022,16:00,14141.25,14365.25,14059.0,14336.0,563303,238350
06/24/2022,16:00,14286.25,14747.0,14283.25,14739.0,563303,238144
06/27/2022,16:00,14736.0,14860.5,14592.75,14639.0,565803,240666
06/28/2022,16:00,14674.75,14772.75,14260.0,14272.75,634694,246490
06/29/2022,16:00,14279.0,14347.5,14163.0,14289.5,590173,249210
06/30/2022,16:00,14290.0,14295.25,13949.5,14128.0,738071,252778
07/01/2022,16:00,14106.0,14228.25,13980.25,14209.75,605401,255573
07/05/2022,16:00,14204.5,14414.25,13987.75,14407.0,790937,257639
07/06/2022,16:00,14418.75,14572.75,14326.25,14478.75,649912,249575
07/07/2022,16:00,14499.75,14767.0,14435.0,14737.0,550463,252108
07/08/2022,16:00,14713.5,14809.5,14551.0,14750.5,640445,249012
07/11/2022,16:00,14742.25,14742.5,14451.5,14482.75,578336,252744
07/12/2022,16:00,14499.0,14624.0,14310.5,14377.5,607949,252046
07/13/2022,16:00,14378.5,14568.5,14077.75,14360.75,732270,252498
07/14/2022,16:00,14328.0,14433.5,14109.75,14396.0,654560,254046
07/15/2022,16:00,14409.0,14620.0,14338.75,14606.0,560980,252582
07/18/2022,16:00,14642.0,14785.0,14455.5,14505.5,553676,249772
07/19/2022,16:00,14508.0,14927.0,14488.0,14872.5,585591,253414
07/20/2022,16:00,14929.0,15116.0,14834.25,15063.75,643607,260145
07/21/2022,16:00,15038.5,15253.75,14972.0,15238.5,634548,260177
07/22/2022,16:00,15157.75,15297.0,14942.25,15022.0,634548,259684
07/25/2022,16:00,15043.0,15097.0,14865.0,14953.0,491612,262496
07/26/2022,16:00,14909.75,14932.5,14670.5,14711.0,536287,263897
07/27/2022,16:00,14790.5,15288.5,14790.25,15217.5,634889,254673
07/28/2022,16:00,15178.5,15546.5,15047.5,15336.0,645261,259146
07/29/2022,16:00,15518.75,15610.5,15342.75,15570.0,592416,257012
08/01/2022,16:00,15579.5,15707.25,15450.25,15561.0,622511,259688
08/02/2022,16:00,15572.75,15695.5,15413.25,15523.0,674564,258549
08/03/2022,16:00,15519.5,15908.75,15465.75,15870.0,690056,258925
08/04/2022,16:00,15845.5,15954.5,15783.25,15925.5,542680,260458
08/05/2022,16:00,15925.75,15983.0,15683.5,15827.25,687792,255058
08/08/2022,16:00,15826.25,16017.75,15719.0,15781.75,597182,254082
08/09/2022,16:00,15804.75,15832.25,15561.75,15630.0,553704,254718
08/10/2022,16:00,15648.5,16006.5,15580.5,15990.5,602069,259759
08/11/2022,16:00,15979.0,16173.5,15883.5,15909.75,614816,258671
08/12/2022,16:00,15942.75,16181.75,15910.5,16176.25,500647,264772
08/15/2022,16:00,16170.0,16304.5,16093.75,16279.75,463768,266214
08/16/2022,16:00,16273.25,16339.25,16121.25,16256.75,555979,263033
08/17/2022,16:00,16256.5,16270.5,16004.75,16091.75,610667,255852
08/18/2022,16:00,16101.5,16174.0,16009.25,16121.75,530513,253708
08/19/2022,16:00,16132.5,16133.0,15827.25,15867.0,618758,248748
08/22/2022,16:00,15825.0,15825.0,15473.0,15508.25,599946,253724
08/23/2022,16:00,15532.25,15617.0,15422.0,15495.0,570278,257169
08/24/2022,16:00,15490.5,15609.75,15424.25,15528.25,503227,257486
08/25/2022,16:00,15542.5,15760.0,15523.5,15754.5,753862,260956
08/26/2022,16:00,15752.25,15818.5,15156.0,15219.0,753862,259722
08/29/2022,16:00,15083.5,15208.75,15000.0,15091.25,693093,260477
08/30/2022,16:00,15102.0,15256.75,14846.0,14957.25,797462,257799
08/31/2022,16:00,14964.5,15111.5,14874.75,14883.75,672068,262936
09/01/2022,16:00,14883.25,14898.0,14616.25,14890.75,820606,267066
09/02/2022,16:00,14896.25,15060.0,14638.75,14702.75,835870,273957
09/06/2022,16:00,14709.0,14843.0,14528.5,14617.5,895450,278928
09/07/2022,16:00,14618.25,14904.75,14520.0,14861.75,670899,278928
09/08/2022,16:00,14868.25,14976.75,14715.0,14920.5,55079,20679
09/09/2022,16:00,14942.5,15214.5,14928.25,15193.5,291945,52719
09/12/2022,16:00,15225.5,15380.0,15171.25,15346.75,485300,140237
09/13/2022,16:00,15377.25,15510.25,14605.5,14639.0,718899,206169
09/14/2022,16:00,14651.25,14776.25,14603.5,14745.5,677897,227353
09/15/2022,16:00,14757.25,14792.0,14460.75,14530.75,750084,253512
09/16/2022,16:00,14474.75,14484.5,14301.75,14456.75,754923,263705
09/19/2022,16:00,14443.25,14589.5,14315.5,14547.25,632663,267865
09/20/2022,16:00,14569.0,14615.75,14351.5,14445.5,704882,270903
09/21/2022,16:00,14469.25,14663.75,14170.75,14233.25,822965,277543
09/22/2022,16:00,14184.5,14319.25,14033.25,14088.75,786180,279916
09/23/2022,16:00,14107.0,14123.5,13752.25,13900.0,799378,279834
09/26/2022,16:00,13885.75,14061.0,13779.75,13839.5,809853,279791
09/27/2022,16:00,13838.75,14091.5,13756.75,13857.0,841073,280667
09/28/2022,16:00,13884.25,14136.75,13664.75,14079.0,897742,272974
09/29/2022,16:00,14067.25,14090.5,13614.75,13751.5,878168,280031
09/30/2022,16:00,13743.25,13880.5,13547.5,13558.75,878168,279090
10/03/2022,16:00,13553.25,13881.5,13414.0,13809.0,757581,275414
10/04/2022,16:00,13837.75,14198.25,13804.75,14164.0,772885,270283
10/05/2022,16:00,14153.5,14234.25,13889.75,14147.0,700889,270934
10/06/2022,16:00,14151.25,14253.0,14028.5,14065.0,773914,273017
10/07/2022,16:00,14017.75,14087.75,13566.5,13624.75,759141,280861
10/10/2022,16:00,13591.0,13659.75,13400.0,13507.75,757732,278252
10/11/2022,16:00,13510.25,13562.75,13290.5,13368.25,833906,277025
10/12/2022,16:00,13398.25,13500.0,13328.75,13363.75,731214,271947
10/13/2022,16:00,13382.25,13666.0,13008.0,13607.0,1050244,275482
10/14/2022,16:00,13588.0,13776.75,13250.0,13267.25,843525,276993
10/17/2022,16:00,13243.25,13669.5,13236.25,13633.5,638720,269866
10/18/2022,16:00,13684.5,13955.0,13604.75,13722.0,832215,269975
10/19/2022,16:00,13843.5,13906.0,13572.25,13676.5,733776,270248
10/20/2022,16:00,13657.25,13852.0,13531.25,13614.0,840952,281528
10/21/2022,16:00,13584.5,13909.5,13458.75,13881.75,840952,280205
10/24/2022,16:00,13917.0,14053.5,13731.0,14002.0,715016,276295
10/25/2022,16:00,13977.0,14257.25,13953.5,14236.75,660210,277064
10/26/2022,16:00,14033.25,14226.75,13938.25,13969.25,784638,275255
10/27/2022,16:00,13941.0,14060.75,13444.75,13758.5,728261,282802
10/28/2022,16:00,13646.0,14149.25,13585.25,14110.25,728261,282359
10/31/2022,16:00,14115.75,14118.25,13890.5,13970.5,607680,278378
11/01/2022,16:00,13978.25,14142.25,13812.0,13855.25,605362,277464
11/02/2022,16:00,13843.5,13983.25,13432.25,13467.75,770983,280417
11/03/2022,16:00,13461.25,13519.25,13231.25,13251.25,881129,283113
11/04/2022,16:00,13235.25,13497.5,13159.25,13413.5,881129,278604
11/07/2022,16:00,13309.75,13561.75,13274.25,13537.5,554692,274970
11/08/2022,16:00,13539.25,13754.5,13452.0,13617.5,728868,267856
11/09/2022,16:00,13612.5,13687.5,13345.5,13354.0,669071,265968
11/10/2022,16:00,13364.25,14200.25,13331.25,14155.5,862147,272783
11/11/2022,16:00,14193.0,14400.0,14092.5,14371.25,682257,267075
11/14/2022,16:00,14314.25,14421.75,14225.25,14258.0,576678,261366
11/15/2022,16:00,14291.75,14642.0,14285.0,14427.5,771822,263100
11/16/2022,16:00,14405.25,14486.25,14229.75,14262.75,577864,258347
11/17/2022,16:00,14301.0,14350.75,14051.5,14233.75,658469,246638
11/18/2022,16:00,14271.0,14366.25,14130.25,14231.25,585873,244460
11/21/2022,16:00,14246.25,14279.25,14076.25,14111.25,477970,244268
11/22/2022,16:00,14111.25,14282.5,14049.75,14277.75,531087,247287
11/23/2022,16:00,14264.75,14416.0,14243.25,14386.0,252366,246650
11/25/2022,16:00,14401.25,14456.25,14289.5,14306.0,252366,246865
11/28/2022,16:00,14254.5,14311.75,14098.5,14139.5,506250,246097
11/29/2022,16:00,14148.25,14227.75,13988.25,14048.0,555859,248271
11/30/2022,16:00,14043.25,14601.75,14021.0,14565.5,769082,250106
12/01/2022,16:00,14602.5,14668.25,14466.5,14586.0,588295,238970
12/02/2022,16:00,14563.0,14591.0,14263.75,14533.5,588295,238491
12/05/2022,16:00,14523.75,14539.0,14268.75,14329.0,537924,237884
12/06/2022,16:00,14335.25,14369.5,14025.25,14089.25,657271,239590
12/07/2022,16:00,14089.25,14119.5,13945.75,14032.75,631005,239590
12/08/2022,16:00,14029.25,14209.75,13957.75,14169.25,64137,27785
12/09/2022,16:00,14165.5,14271.5,14039.5,14093.25,247737,63592
12/12/2022,16:00,14081.75,14244.75,14046.0,14240.0,386240,139002
12/13/2022,16:00,14227.0,14749.25,14207.5,14369.0,759557,195662
12/14/2022,16:00,14365.25,14479.75,14139.25,14279.25,613152,213675
12/15/2022,16:00,14294.5,14308.25,13814.25,13867.25,670390,233830
12/16/2022,16:00,13856.75,13901.75,13685.75,13755.0,665526,234975
12/19/2022,16:00,13739.0,13821.25,13542.0,13603.5,562529,240365
12/20/2022,16:00,13592.75,13657.25,13453.75,13586.0,625090,244094
12/21/2022,16:00,13616.75,13800.0,13591.25,13744.75,631322,245357
12/22/2022,16:00,13767.25,13795.0,13280.75,13464.5,714500,249776
12/23/2022,16:00,13471.25,13553.25,13326.5,13485.5,534525,247651
12/27/2022,16:00,13514.25,13594.0,13306.25,13325.75,499799,249772
12/28/2022,16:00,13326.0,13406.75,13169.0,13183.0,635572,246678
12/29/2022,16:00,13196.0,13481.75,13187.75,13443.0,470004,244136
12/30/2022,16:00,13443.75,13461.75,13265.75,13432.5,462484,240526
01/03/2023,16:00,13532.75,13592.25,13255.0,13355.75,657681,243399
01/04/2023,16:00,13351.5,13478.75,13273.75,13409.5,758003,244287
01/05/2023,16:00,13398.75,13457.0,13215.25,13230.5,736332,250162
01/06/2023,16:00,13249.0,13576.0,13161.25,13523.75,736332,249910
01/09/2023,16:00,13536.75,13795.75,13530.5,13595.75,646318,249274
01/10/2023,16:00,13595.0,13699.0,13504.25,13692.25,559281,252130
01/11/2023,16:00,13692.75,13889.75,13650.0,13886.75,500153,255073
01/12/2023,16:00,13884.75,13990.0,13701.25,13944.5,754571,259854
01/13/2023,16:00,13938.75,14029.75,13799.25,14018.25,482002,268616
01/17/2023,16:00,14023.75,14095.25,13920.5,14034.75,576141,273110
01/18/2023,16:00,14030.0,14169.75,13878.25,13886.0,619614,268851
01/19/2023,16:00,13880.75,13897.25,13718.75,13766.75,594769,265151
01/20/2023,16:00,13811.25,14097.0,13775.5,14087.25,577769,270690
01/23/2023,16:00,14087.0,14393.25,14060.75,14344.25,593978,271557
01/24/2023,16:00,14343.25,14420.75,14246.0,14319.75,511370,270573
01/25/2023,16:00,14380.75,14386.75,14014.75,14283.5,633473,266354
01/26/2023,16:00,14285.0,14523.25,14277.5,14517.0,588072,269038
01/27/2023,16:00,14459.25,14718.75,14426.25,14632.5,588072,268349
01/30/2023,16:00,14622.75,14662.25,14370.25,14378.25,634667,267549
01/31/2023,16:00,14394.25,14566.25,14281.25,14562.25,585202,274578
02/01/2023,16:00,14526.25,14934.75,14465.5,14824.5,668515,274645
02/02/2023,16:00,14930.25,15360.0,14912.0,15257.0,817822,275944
02/03/2023,16:00,15158.5,15288.25,14961.5,15034.25,824209,276950
02/06/2023,16:00,14982.25,15018.75,14866.0,14925.75,535147,273015
02/07/2023,16:00,14923.25,15228.75,14869.5,15187.0,744996,274966
02/08/2023,16:00,15157.25,15218.75,14923.0,14955.5,590355,272424
02/09/2023,16:00,14965.25,15138.75,14776.75,14835.75,612404,271604
02/10/2023,16:00,14859.0,14861.75,14653.5,14756.5,600244,270084
02/13/2023,16:00,14767.75,14977.25,14675.5,14950.75,467840,269137
02/14/2023,16:00,14957.5,15097.25,14800.75,15041.25,719204,271356
02/15/2023,16:00,15031.0,15166.75,14934.5,15140.25,568579,270218
02/16/2023,16:00,15150.25,15203.0,14865.5,14892.75,682325,262733
02/17/2023,16:00,14872.75,14876.5,14676.0,14800.25,629355,263370
02/21/2023,16:00,14790.25,14828.0,14500.5,14507.0,609494,262802
02/22/2023,16:00,14518.25,14600.75,14444.25,14507.75,640711,260321
02/23/2023,16:00,14586.5,14671.25,14438.75,14617.75,640962,258854
02/24/2023,16:00,14600.25,14624.75,14333.25,14407.25,643618,257878
02/27/2023,16:00,14413.25,14599.75,14400.25,14493.5,578952,258574
02/28/2023,16:00,14503.75,14583.0,14436.0,14482.5,646026,262577
03/01/2023,16:00,14451.5,14552.0,14335.0,14372.0,759645,257317
03/02/2023,16:00,14377.25,14506.5,14242.75,14472.25,675472,258805
03/03/2023,16:00,14459.25,14739.25,14422.25,14721.5,675472,258990
03/06/2023,16:00,14716.5,14896.5,14686.5,14733.75,612506,257133
03/07/2023,16:00,14730.5,14791.5,14552.5,14579.25,685006,251319
03/08/2023,16:00,14580.25,14664.75,14518.5,14638.5,633419,251558
03/09/2023,16:00,14641.25,14763.75,14387.75,14417.5,64589,18639
03/10/2023,16:00,14415.25,14519.25,14205.25,14250.5,861224,18639
03/13/2023,16:00,14295.5,14504.25,14087.75,14336.5,788049,120607
03/14/2023,16:00,14361.5,14638.0,14313.75,14618.5,747697,186046
03/15/2023,16:00,14611.25,14689.0,14378.25,14659.25,833272,208125
03/16/2023,16:00,14680.25,15017.25,14595.5,14997.0,736519,226285
03/17/2023,16:00,14989.5,15092.75,14851.0,14926.25,734052,218912
03/20/2023,16:00,14971.5,15031.5,14806.75,14970.0,694471,212143
03/21/2023,16:00,14981.25,15179.75,14958.0,15148.75,565860,213423
03/22/2023,16:00,15154.75,15363.5,14959.5,14988.5,713083,217995
03/23/2023,16:00,14976.5,15312.5,14975.75,15135.5,838385,219783
03/24/2023,16:00,15153.0,15206.25,15009.5,15171.75,676547,223179
03/27/2023,16:00,15197.5,15266.0,15047.0,15070.0,562634,219854
03/28/2023,16:00,15092.0,15115.0,14915.75,15014.0,537965,218259
03/29/2023,16:00,15027.0,15275.5,15023.5,15246.5,566316,224738
03/30/2023,16:00,15244.0,15393.25,15213.0,15363.5,624955,235248
03/31/2023,16:00,15365.75,15593.0,15339.0,15583.25,624955,234916
04/03/2023,16:00,15543.5,15560.25,15435.5,15551.5,542896,227487
04/04/2023,16:00,15540.5,15630.25,15449.75,15500.5,577032,229440
04/05/2023,16:00,15511.5,15528.75,15287.5,15361.25,594608,234018
04/06/2023,16:00,15354.25,15472.5,15234.75,15452.25,598222,232065
04/07/2023,16:00,15444.25,15473.75,15403.5,15452.25,41224,232039
04/10/2023,16:00,15461.25,15484.75,15249.0,15439.5,553003,235432
04/11/2023,16:00,15444.75,15490.25,15335.0,15356.25,549047,233981
04/12/2023,16:00,15355.25,15523.25,15219.25,15233.75,684779,235109
04/13/2023,16:00,15238.5,15509.5,15207.0,15491.25,558233,242088
04/14/2023,16:00,15464.5,15536.5,15339.5,15462.75,627824,229226
04/17/2023,16:00,15494.0,15499.5,15358.25,15468.0,540742,238545
04/18/2023,16:00,15465.5,15580.25,15419.5,15474.5,576668,241674
04/19/2023,16:00,15452.0,15508.25,15346.5,15464.5,529506,246963
04/20/2023,16:00,15443.5,15481.5,15303.25,15355.75,680299,245029
04/21/2023,16:00,15370.5,15403.5,15264.0,15372.0,593982,243942
04/24/2023,16:00,15351.5,15415.5,15248.75,15338.0,582286,239313
04/25/2023,16:00,15331.75,15341.0,15081.5,15091.0,694266,244121
04/26/2023,16:00,15221.5,15293.75,15145.25,15169.25,755124,248302
04/27/2023,16:00,15246.5,15614.5,15217.5,15512.75,671058,259487
04/28/2023,16:00,15496.5,15617.5,15450.5,15601.75,671058,258351
05/01/2023,16:00,15598.5,15651.75,15540.25,15588.25,487908,254439
05/02/2023,16:00,15571.5,15616.25,15391.75,15466.0,664855,243202
05/03/2023,16:00,15443.5,15595.5,15361.5,15382.25,648753,244695
05/04/2023,16:00,15345.5,15454.5,15283.25,15325.25,656440,246302
05/05/2023,16:00,15341.5,15640.5,15337.25,15599.25,573291,261487
05/08/2023,16:00,15597.5,15649.5,15536.0,15633.75,506054,257039
05/09/2023,16:00,15620.0,15628.5,15532.0,15546.25,552248,251155
05/10/2023,16:00,15540.25,15728.25,15484.25,15691.0,839699,255060
05/11/2023,16:00,15691.5,15751.75,15643.0,15728.0,653399,255492
05/12/2023,16:00,15727.5,15775.75,15592.0,15677.75,628035,255068
05/15/2023,16:00,15660.25,15761.5,15631.5,15749.5,495940,263166
05/16/2023,16:00,15742.5,15836.0,15707.75,15764.75,561834,268709
05/17/2023,16:00,15780.0,15950.5,15755.75,15925.0,621137,275665
05/18/2023,16:00,15922.0,16194.5,15909.75,16175.5,659819,269919
05/19/2023,16:00,16190.0,16241.75,16095.75,16139.5,659819,270487
05/22/2023,16:00,16087.0,16228.25,16075.75,16184.0,538203,273234
05/23/2023,16:00,16194.75,16260.75,15991.5,16010.25,658680,270039
05/24/2023,16:00,16010.5,16127.25,15848.0,15931.75,704804,272185
05/25/2023,16:00,16158.5,16312.75,16084.5,16258.0,819148,275368
05/26/2023,16:00,16259.25,16650.5,16206.0,16614.0,729047,284829
05/30/2023,16:00,16719.0,16851.5,16618.25,16678.25,882198,289761
05/31/2023,16:00,16678.75,16710.5,16532.75,16582.0,680429,289677
06/01/2023,16:00,16571.0,16809.75,16529.75,16753.75,623290,286091
06/02/2023,16:00,16775.5,16909.25,16749.75,16856.75,623290,285534
06/05/2023,16:00,16858.5,16976.25,16794.25,16870.25,619089,288843
06/06/2023,16:00,16863.5,16905.25,16786.0,16868.0,572806,289391
06/07/2023,16:00,16876.0,16956.5,16587.0,16613.0,770555,275272
06/08/2023,16:00,16597.5,16808.25,16538.25,16784.5,52336,26350
06/09/2023,16:00,16798.5,16969.0,16741.75,16837.75,569706,26350
06/12/2023,16:00,16836.5,17113.5,16834.0,17088.75,533102,141719
06/13/2023,16:00,17108.5,17253.25,17065.0,17201.0,723269,197728
06/14/2023,16:00,17212.25,17345.5,17078.0,17301.25,732553,228764
06/15/2023,16:00,17324.0,17543.0,17168.0,17476.0,734111,247939
06/16/2023,16:00,17470.0,17577.5,17360.5,17370.0,636907,249893
06/20/2023,16:00,17405.25,17424.5,17228.5,17358.5,652883,245884
06/21/2023,16:00,17349.5,17375.25,17104.25,17146.0,640702,247595
06/22/2023,16:00,17140.75,17340.0,17066.0,17316.75,611017,247184
06/23/2023,16:00,17338.0,17338.0,17087.25,17160.25,620593,249320
06/26/2023,16:00,17159.75,17254.5,16955.5,16958.5,649993,245089
06/27/2023,16:00,16977.0,17241.25,16964.25,17213.5,569198,252344
06/28/2023,16:00,17190.25,17321.0,17123.25,17232.0,662146,248522
06/29/2023,16:00,17263.0,17304.75,17130.5,17202.25,594134,246747
06/30/2023,16:00,17208.0,17478.75,17201.0,17439.0,529455,243954
07/03/2023,16:00,17433.0,17494.0,17410.0,17466.75,265064,243155
07/05/2023,16:00,17459.0,17534.0,17357.25,17462.75,519857,246600
07/06/2023,16:00,17455.75,17468.0,17213.5,17340.0,574681,251345
07/07/2023,16:00,17313.75,17461.75,17274.25,17283.75,555119,246421
07/10/2023,16:00,17300.5,17320.25,17165.25,17289.0,609953,251785
07/11/2023,16:00,17297.75,17380.75,17211.5,17362.0,552637,252782
07/12/2023,16:00,17360.0,17609.75,17356.5,17546.75,649433,249492
07/13/2023,16:00,17559.75,17843.25,17558.5,17813.5,563935,249565
07/14/2023,16:00,17801.0,17959.25,17765.0,17796.25,629943,251724
07/17/2023,16:00,17792.0,17984.75,17763.5,17942.75,522129,256302
07/18/2023,16:00,17934.0,18131.75,17835.0,18076.75,633272,257156
07/19/2023,16:00,18051.25,18164.75,18013.25,18061.25,682279,261813
07/20/2023,16:00,18024.75,18027.75,17649.0,17694.25,810475,262588
07/21/2023,16:00,17692.75,17821.25,17624.25,17642.0,704413,255334
07/24/2023,16:00,17658.0,17720.75,17585.75,17663.25,561877,251038
07/25/2023,16:00,17672.0,17838.25,17651.25,17775.0,554880,253401
07/26/2023,16:00,17832.25,17841.25,17617.0,17712.75,683826,252388
07/27/2023,16:00,17740.75,18006.0,17613.25,17673.0,846437,252998
07/28/2023,16:00,17682.0,17998.0,17648.25,17949.5,689386,255857
07/31/2023,16:00,17952.0,18019.0,17893.25,17959.5,523896,251915
08/01/2023,16:00,17971.25,17991.25,17830.25,17919.25,529660,254328
08/02/2023,16:00,17859.0,17891.75,17516.0,17575.0,773499,260136
08/03/2023,16:00,17557.75,17653.75,17441.5,17540.75,658841,256305
08/04/2023,16:00,17543.0,17712.25,17438.5,17456.0,773229,254434
08/07/2023,16:00,17472.5,17597.5,17436.25,17587.5,578299,260070
08/08/2023,16:00,17597.0,17599.75,17320.0,17456.25,638813,258449
08/09/2023,16:00,17453.75,17534.5,17248.5,17280.25,652732,261700
08/10/2023,16:00,17304.5,17544.25,17238.0,17303.25,807104,256315
08/11/2023,16:00,17321.0,17368.75,17139.25,17197.75,613959,259188
08/14/2023,16:00,17206.0,17384.0,17122.75,17372.25,554628,260354
08/15/2023,16:00,17381.0,17437.0,17176.75,17208.5,593602,257328
08/16/2023,16:00,17212.75,17268.0,17023.5,17044.25,641607,254877
08/17/2023,16:00,17042.25,17120.25,16840.25,16880.0,681399,257893
08/18/2023,16:00,16850.0,16904.75,16711.25,16846.0,731241,258155
08/21/2023,16:00,16864.5,17115.75,16822.5,17087.75,641685,254424
08/22/2023,16:00,17076.5,17220.25,17034.0,17060.5,623728,253040
08/23/2023,16:00,17061.75,17458.75,17059.25,17297.5,606168,256094
08/24/2023,16:00,17435.0,17520.0,16919.0,16964.0,847308,252817
08/25/2023,16:00,16935.0,17150.75,16853.75,17081.25,823889,251049
08/28/2023,16:00,17093.0,17228.5,17075.5,17194.5,586342,252346
08/29/2023,16:00,17200.75,17532.5,17151.75,17517.75,616223,254162
08/30/2023,16:00,17529.5,17624.75,17463.5,17603.25,590194,252117
08/31/2023,16:00,17615.75,17708.75,17562.0,17640.5,584743,254004
09/01/2023,16:00,17636.0,17763.25,17556.0,17618.25,572689,259641
09/05/2023,16:00,17619.0,17688.75,17520.25,17636.5,604891,257496
09/06/2023,16:00,17613.25,17635.0,17412.5,17501.5,596503,250353
09/07/2023,16:00,17487.0,17497.75,17259.5,17384.25,25007,22925
09/08/2023,16:00,17388.25,17492.75,17325.0,17399.5,593361,22925
09/11/2023,16:00,17407.5,17601.75,17398.5,17580.0,606599,141723
09/12/2023,16:00,17568.0,17585.75,17389.5,17405.75,643521,187173
09/13/2023,16:00,17406.5,17525.5,17311.75,17458.0,752742,219209
09/14/2023,16:00,17474.75,17620.25,17436.75,17579.25,648254,238213
09/15/2023,16:00,17582.75,17625.5,17262.5,17298.0,708762,236319
09/18/2023,16:00,17288.0,17366.75,17236.25,17320.25,509746,240125
09/19/2023,16:00,17330.0,17348.0,17154.25,17281.0,552065,234988
09/20/2023,16:00,17281.0,17342.0,17032.75,17057.75,605256,236543
09/21/2023,16:00,17039.0,17054.75,16746.75,16768.5,702742,236715
09/22/2023,16:00,16760.25,16933.25,16742.0,16775.25,624056,227977
09/25/2023,16:00,16786.0,16861.5,16688.0,16841.0,568859,232185
09/26/2023,16:00,16854.75,16854.75,16572.0,16620.75,667617,239394
09/27/2023,16:00,16631.0,16727.25,16491.75,16644.75,716200,241099
09/28/2023,16:00,16678.25,16853.25,16563.75,16765.5,734472,241427
09/29/2023,16:00,16782.25,16966.5,16716.75,16772.25,745541,242719
10/02/2023,16:00,16870.75,16951.75,16731.75,16890.5,762896,245394
10/03/2023,16:00,16895.25,16936.75,16557.25,16620.25,762964,253223
10/04/2023,16:00,16619.5,16861.75,16494.75,16829.5,803257,249240
10/05/2023,16:00,16808.75,16864.5,16622.0,16767.5,676461,249283
10/06/2023,16:00,16759.5,17066.0,16565.75,17017.75,840602,256522
10/09/2023,16:00,16946.0,17118.5,16855.25,17092.75,617072,252363
10/10/2023,16:00,17102.25,17289.25,17077.5,17176.5,648613,254629
10/11/2023,16:00,17188.0,17322.5,17158.75,17285.75,614965,254891
10/12/2023,16:00,17313.25,17374.5,17122.0,17220.75,747494,253806
10/13/2023,16:00,17229.75,17272.5,16968.0,17026.0,777005,255144
10/16/2023,16:00,17025.75,17242.5,16988.75,17195.25,641294,257529
10/17/2023,16:00,17211.5,17215.0,16956.0,17146.5,781599,254607
10/18/2023,16:00,17142.25,17144.0,16885.0,16931.0,853599,254515
10/19/2023,16:00,16950.75,17044.0,16745.25,16795.75,1019700,252311
10/20/2023,16:00,16755.75,16793.25,16550.75,16569.75,846675,256267
10/23/2023,16:00,16585.75,16759.5,16420.0,16617.75,765733,257049
10/24/2023,16:00,16649.75,16854.5,16611.75,16752.25,703058,250690
10/25/2023,16:00,16733.75,16760.75,16349.75,16384.0,820677,260391
10/26/2023,16:00,16330.75,16364.75,16046.0,16099.75,987597,261945
10/27/2023,16:00,16154.0,16313.5,16115.5,16171.0,782097,258151
10/30/2023,16:00,16241.75,16382.25,16208.75,16322.25,704860,254756
10/31/2023,16:00,16316.25,16409.5,16217.0,16396.0,712605,256719
11/01/2023,16:00,16365.75,16667.75,16316.5,16650.25,741817,250973
11/02/2023,16:00,16667.0,16923.0,16665.75,16903.75,652481,251956
11/03/2023,16:00,16833.75,17134.25,16831.25,17084.5,633835,255874
11/06/2023,16:00,17092.75,17163.25,17043.75,17138.25,496129,258320
11/07/2023,16:00,17120.75,17318.0,17081.75,17280.0,585124,264964
11/08/2023,16:00,17278.75,17323.25,17192.5,17292.25,547842,264636
11/09/2023,16:00,17262.0,17359.5,17142.5,17161.75,710427,265724
11/10/2023,16:00,17160.5,17518.5,17113.0,17502.0,679633,269620
11/13/2023,16:00,17492.0,17507.0,17371.0,17452.75,532937,265893
11/14/2023,16:00,17463.75,17824.5,17457.75,17785.5,656099,269116
11/15/2023,16:00,17800.75,17955.25,17738.0,17795.0,685072,273187
11/16/2023,16:00,17752.5,17812.5,17702.5,17803.25,634456,280619
11/17/2023,16:00,17803.5,17845.75,17730.75,17801.5,562424,279841
11/20/2023,16:00,17800.75,18022.5,17743.0,17992.25,559493,282541
11/21/2023,16:00,17993.25,18028.25,17817.75,17896.0,575452,279215
11/22/2023,16:00,17873.0,18079.25,17848.5,17955.0,624552,277989
11/24/2023,16:00,17942.5,17992.25,17887.5,17926.75,296604,277335
11/27/2023,16:00,17913.75,17995.0,17844.5,17914.5,502555,282140
11/28/2023,16:00,17911.0,17977.25,17851.0,17953.75,598224,287005
11/29/2023,16:00,17961.25,18114.25,17919.25,17929.5,634326,280005
11/30/2023,16:00,17946.0,18004.25,17761.75,17891.25,694118,279273
12/01/2023,16:00,17860.75,17955.75,17769.75,17929.5,621710,276667
12/04/2023,16:00,17927.75,17931.75,17627.0,17774.75,721019,263276
12/05/2023,16:00,17769.0,17866.75,17667.0,17814.5,683586,264891
12/06/2023,16:00,17802.75,17943.5,17707.75,17721.0,675482,258881
12/07/2023,16:00,17720.25,17971.75,17696.75,17944.5,32856,26771
12/08/2023,16:00,17923.25,18024.5,17794.0,18004.0,582019,26771
12/11/2023,16:00,17996.5,18155.25,17951.5,18145.25,541149,158122
12/12/2023,16:00,18148.25,18295.25,18091.75,18270.75,614476,228764
12/13/2023,16:00,18291.25,18501.75,18271.25,18472.5,672137,250838
12/14/2023,16:00,18472.75,18580.25,18323.25,18448.25,786948,255734
12/15/2023,16:00,18434.5,18582.5,18427.5,18515.5,668578,265345
12/18/2023,16:00,18515.5,18669.25,18497.5,18635.0,463438,273228
12/19/2023,16:00,18612.25,18724.75,18606.0,18718.25,496518,275985
12/20/2023,16:00,18719.25,18768.75,18453.75,18461.5,654329,271612
12/21/2023,16:00,18485.5,18665.5,18485.5,18651.75,639818,273333
12/22/2023,16:00,18651.25,18736.75,18586.75,18675.25,486853,273649
12/26/2023,16:00,18659.75,18806.5,18659.75,18778.75,292090,277161
12/27/2023,16:00,18785.5,18828.25,18750.75,18808.5,424302,283469
12/28/2023,16:00,18822.25,18860.5,18773.0,18785.75,357702,283479
12/29/2023,16:00,18785.5,18826.25,18633.5,18718.75,470864,283716
01/02/2024,16:00,18714.25,18733.75,18317.75,18415.25,652714,271790
01/03/2024,16:00,18432.0,18432.5,18217.25,18233.25,677219,271926
01/04/2024,16:00,18240.5,18282.5,18131.25,18140.25,559464,272765
01/05/2024,16:00,18150.25,18272.5,18029.5,18155.5,627475,273105
01/08/2024,16:00,18165.25,18506.5,18073.5,18499.0,549900,276675
01/09/2024,16:00,18483.25,18563.75,18353.0,18525.5,605921,276335
01/10/2024,16:00,18524.75,18678.25,18496.75,18640.5,550703,276621
01/11/2024,16:00,18650.25,18752.25,18448.25,18661.5,756441,276276
01/12/2024,16:00,18653.0,18737.75,18561.75,18664.5,593445,276442
01/16/2024,16:00,18657.0,18729.0,18507.0,18661.75,816021,272217
01/17/2024,16:00,18673.25,18677.25,18384.5,18565.0,722784,270711
01/18/2024,16:00,18549.75,18821.0,18529.5,18805.25,852229,277173
01/19/2024,16:00,18811.25,19166.5,18802.5,19133.75,758132,292842
01/22/2024,16:00,19161.25,19280.25,19129.25,19153.75,637245,286920
01/23/2024,16:00,19156.25,19253.5,19104.75,19226.5,508078,287915
01/24/2024,16:00,19249.25,19488.75,19247.5,19316.25,721605,296362
01/25/2024,16:00,19310.0,19447.25,19237.25,19329.75,710822,295086
01/26/2024,16:00,19266.5,19327.25,19161.25,19222.25,631481,293884
01/29/2024,16:00,19197.25,19411.5,19152.75,19401.25,568739,298869
01/30/2024,16:00,19407.0,19431.0,19162.25,19283.75,554146,292578
01/31/2024,16:00,19110.75,19179.25,18916.75,18937.5,816119,286028
02/01/2024,16:00,18968.5,19342.0,18958.0,19132.0,705238,284607
02/02/2024,16:00,19283.25,19470.75,19160.75,19428.0,761167,284315
02/05/2024,16:00,19391.25,19440.75,19249.5,19395.25,621645,284500
02/06/2024,16:00,19393.75,19464.25,19256.0,19355.25,623168,283020
02/07/2024,16:00,19341.0,19570.75,19325.0,19537.0,613340,295397
02/08/2024,16:00,19551.5,19591.75,19487.5,19563.5,471370,297566
02/09/2024,16:00,19549.5,19766.25,19547.5,19734.5,499282,305922
02/12/2024,16:00,19735.25,19816.75,19606.5,19660.25,538132,301270
02/13/2024,16:00,19623.75,19658.5,19237.25,19372.0,858230,293675
02/14/2024,16:00,19398.25,19582.25,19364.5,19576.25,688088,293707
02/15/2024,16:00,19565.25,19663.5,19475.75,19608.0,657768,285857
02/16/2024,16:00,19647.25,19721.25,19410.25,19439.25,744628,285979
02/20/2024,16:00,19424.5,19502.75,19147.75,19302.5,889292,284415
02/21/2024,16:00,19268.25,19418.25,19068.0,19232.0,731450,283359
02/22/2024,16:00,19397.75,19782.25,19371.25,19742.75,759232,293503
02/23/2024,16:00,19718.5,19840.0,19641.25,19686.25,659725,283248
02/26/2024,16:00,19656.75,19754.75,19617.25,19672.25,526169,282525
02/27/2024,16:00,19646.25,19735.5,19604.0,19716.25,567818,284829
02/28/2024,16:00,19712.75,19715.0,19541.5,19604.75,553731,286563
02/29/2024,16:00,19565.25,19804.75,19521.25,19778.0,680147,292831
03/01/2024,16:00,19770.25,20068.0,19724.75,20033.5,639153,303518
03/04/2024,16:00,20031.25,20073.0,19929.5,19957.25,569342,292230
03/05/2024,16:00,19941.25,19947.25,19527.75,19625.5,803857,280487
03/06/2024,16:00,19676.25,19869.5,19637.75,19739.5,806131,285008
03/07/2024,16:00,19736.25,20055.25,19611.0,20011.5,758499,286012
03/08/2024,16:00,19974.25,20131.75,19707.75,19742.0,1035986,16848
03/11/2024,16:00,19746.25,19754.5,19582.75,19661.0,723527,152423
03/12/2024,16:00,19697.75,19935.75,19618.75,19922.0,763543,198138
03/13/2024,16:00,19914.25,19951.5,19726.5,19773.25,754400,225923
03/14/2024,16:00,19786.75,19873.0,19606.0,19716.5,818470,239190
03/15/2024,16:00,19695.75,19767.5,19451.0,19503.5,705711,251258
03/18/2024,16:00,19518.25,19825.75,19507.0,19676.25,656629,251544
03/19/2024,16:00,19666.75,19734.0,19498.0,19714.75,660394,248873
03/20/2024,16:00,19718.75,19989.75,19672.25,19924.5,618809,249571
03/21/2024,16:00,19984.5,20153.75,19971.5,20006.5,606959,250595
03/22/2024,16:00,20025.25,20070.75,19936.75,20019.5,511962,251818
03/25/2024,16:00,20011.75,20046.0,19859.5,19958.25,456250,253765
03/26/2024,16:00,19976.0,20063.75,19884.0,19893.75,516507,252935
03/27/2024,16:00,19922.25,20016.5,19823.25,19948.5,605634,257852
03/28/2024,16:00,19949.75,19983.5,19892.25,19919.75,515193,259272
04/01/2024,16:00,19947.75,20056.75,19859.25,19942.0,572133,259286
04/02/2024,16:00,19942.0,19955.75,19646.25,19774.75,618982,257844
04/03/2024,16:00,19789.75,19896.5,19677.25,19818.0,597987,255895
04/04/2024,16:00,19833.25,20012.75,19500.0,19521.5,777140,259969
04/05/2024,16:00,19531.0,19853.0,19496.25,19745.5,809193,259560
04/08/2024,16:00,19793.0,19820.75,19682.25,19756.25,521042,259560
04/09/2024,16:00,19759.5,19852.0,19605.5,19804.5,696069,258636
04/10/2024,16:00,19825.75,19919.0,19498.25,19641.5,880504,254449
04/11/2024,16:00,19628.75,19963.5,19532.75,19929.75,728802,260470
04/12/2024,16:00,19931.0,19952.5,19565.0,19624.0,787334,251637
04/15/2024,16:00,19595.75,19795.5,19286.25,19321.0,797316,254959
04/16/2024,16:00,19323.75,19432.75,19236.75,19326.0,766364,253457
04/17/2024,16:00,19341.75,19413.25,19060.0,19103.25,844749,254150
04/18/2024,16:00,19114.5,19215.5,18951.0,18992.0,756158,260569
04/19/2024,16:00,18974.5,18998.0,18558.0,18625.5,1023135,264890
04/22/2024,16:00,18673.0,18892.75,18593.25,18794.75,646130,258652
04/23/2024,16:00,18797.0,19110.75,18731.0,19051.5,601826,253170
04/24/2024,16:00,19126.75,19240.25,18926.5,19109.25,667402,251285
04/25/2024,16:00,18894.75,19272.25,18753.0,19012.25,820011,253287
04/26/2024,16:00,19253.0,19346.25,19113.0,19290.5,628227,246067
04/29/2024,16:00,19309.5,19393.75,19236.0,19349.0,528891,247041
04/30/2024,16:00,19363.25,19365.0,18918.25,19016.0,677704,249912
05/01/2024,16:00,18907.25,19238.0,18844.0,18883.0,791170,239698
05/02/2024,16:00,18931.75,19200.0,18831.0,19094.5,635300,235268
05/03/2024,16:00,19189.75,19495.0,19164.25,19445.5,556949,235818
05/06/2024,16:00,19492.25,19646.0,19428.5,19640.25,395489,233911
05/07/2024,16:00,19634.25,19711.0,19595.75,19644.25,469722,231534
05/08/2024,16:00,19638.75,19687.0,19517.25,19605.5,450639,231534
05/09/2024,16:00,19605.25,19685.0,19548.5,19659.25,471196,238710
05/10/2024,16:00,19670.75,19792.75,19633.25,19699.75,473881,238105
05/13/2024,16:00,19682.75,19781.0,19673.5,19740.25,411036,239941
05/14/2024,16:00,19726.75,19877.75,19610.25,19859.75,555369,244799
05/15/2024,16:00,19854.5,20151.75,19837.75,20136.5,605869,250043
05/16/2024,16:00,20139.75,20205.5,20078.0,20094.75,548582,244698
05/17/2024,16:00,20086.75,20131.5,19989.75,20080.0,489227,245702
05/20/2024,16:00,20078.25,20239.25,20077.75,20207.75,470381,244166
05/21/2024,16:00,20190.75,20253.5,20122.75,20244.0,426117,245028
05/22/2024,16:00,20243.25,20335.75,20129.0,20231.5,578439,248717
05/23/2024,16:00,20305.25,20468.0,20066.25,20141.0,851576,244000
05/24/2024,16:00,20128.75,20370.75,20124.75,20320.75,552083,250485
05/28/2024,16:00,20319.5,20425.25,20264.25,20385.25,642954,248748
05/29/2024,16:00,20394.25,20394.5,20184.75,20247.5,573938,251712
05/30/2024,16:00,20197.75,20231.75,19991.0,20051.25,619548,251097
05/31/2024,16:00,20035.5,20113.0,19686.0,20035.75,834003,250256
06/03/2024,16:00,20035.0,20200.25,19880.5,20091.0,669104,244094
06/04/2024,16:00,20107.25,20198.0,19956.0,20145.75,616703,239577
06/05/2024,16:00,20155.75,20535.25,20141.0,20519.0,575227,249038
06/06/2024,16:00,20534.25,20569.25,20462.0,20505.0,524900,243910
06/07/2024,16:00,20508.75,20599.75,20384.75,20482.5,612033,241476
06/10/2024,16:00,20469.75,20574.5,20419.0,20554.5,571666,241692
06/11/2024,16:00,20552.0,20702.25,20439.25,20687.0,564706,242821
06/12/2024,16:00,20692.75,21057.0,20678.25,20941.25,691079,237694
06/13/2024,16:00,21046.75,21135.75,20944.75,21047.25,100790,40497
06/14/2024,16:00,21047.5,21144.25,20946.25,21130.25,575674,40497
06/17/2024,16:00,21139.5,21456.0,21088.75,21377.5,648046,177921
06/18/2024,16:00,21377.75,21455.25,21311.75,21381.0,578901,229432
06/20/2024,16:00,21389.25,21555.75,21143.0,21216.25,897181,242224
06/21/2024,16:00,21228.0,21270.75,21099.0,21167.5,590839,243903
06/24/2024,16:00,21199.5,21215.0,20912.75,20935.5,683900,242911
06/25/2024,16:00,20940.75,21166.0,20910.75,21157.0,574518,245692
06/26/2024,16:00,21157.75,21255.25,21085.75,21197.25,590175,246955
06/27/2024,16:00,21130.75,21301.5,21059.0,21224.25,589649,244055
06/28/2024,16:00,21248.0,21458.0,21091.0,21112.0,750324,238236
07/01/2024,16:00,21154.75,21258.75,20996.5,21236.75,639341,244878
07/02/2024,16:00,21230.5,21444.0,21094.75,21440.0,621477,257852
07/03/2024,16:00,21425.75,21620.0,21389.75,21596.25,395129,257325
07/05/2024,16:00,21604.0,21824.25,21545.75,21805.5,600207,265260
07/08/2024,16:00,21776.25,21872.75,21764.0,21844.5,497107,259894
07/09/2024,16:00,21865.75,21956.5,21800.5,21863.25,569689,263187
07/10/2024,16:00,21870.75,22101.5,21869.25,22084.5,576694,272550
07/11/2024,16:00,22080.25,22168.5,21562.0,21626.5,906128,261752
07/12/2024,16:00,21617.5,21925.75,21519.75,21708.75,724343,257834
07/15/2024,16:00,21764.75,21981.75,21691.0,21768.5,703410,253499
07/16/2024,16:00,21812.75,21869.25,21649.25,21782.75,629745,255384
07/17/2024,16:00,21775.75,21782.5,21150.5,21182.25,854323,254554
07/18/2024,16:00,21209.0,21347.25,20943.5,21084.0,964287,250084
07/19/2024,16:00,21139.75,21164.5,20838.75,20897.75,774109,248446
07/22/2024,16:00,20933.75,21229.5,20903.5,21185.75,657854,248109
07/23/2024,16:00,21166.75,21269.5,21053.0,21109.75,601990,242308
07/24/2024,16:00,21067.75,21067.75,20353.5,20388.0,846812,249244
07/25/2024,16:00,20444.75,20575.25,20068.0,20177.0,992015,246853
07/26/2024,16:00,20187.75,20482.5,20179.75,20359.25,694702,247786
07/29/2024,16:00,20356.5,20562.0,20298.0,20394.0,600017,252332
07/30/2024,16:00,20401.75,20504.5,19909.75,20121.0,731539,252587
07/31/2024,16:00,20050.5,20832.75,20046.5,20690.0,762246,242145
08/01/2024,16:00,20778.0,20901.75,20038.75,20208.0,920616,239415
08/02/2024,16:00,20141.25,20164.5,19570.5,19741.0,842228,244544
08/05/2024,16:00,19574.75,19574.75,18535.75,19198.0,937137,252197
08/06/2024,16:00,19350.5,19668.0,19150.75,19363.75,697089,244412
08/07/2024,16:00,19217.75,19743.25,19021.0,19151.25,725244,241789
08/08/2024,16:00,19057.75,19778.25,18926.5,19710.0,663957,236468
08/09/2024,16:00,19735.0,19859.25,19567.75,19800.75,501761,231730
08/12/2024,16:00,19774.75,19950.0,19699.75,19824.25,469892,234568
08/13/2024,16:00,19833.0,20307.25,19813.25,20289.0,497670,238343
08/14/2024,16:00,20284.0,20388.25,20110.25,20299.75,553997,237431
08/15/2024,16:00,20327.25,20788.0,20285.25,20766.0,522322,235858
08/16/2024,16:00,20755.0,20867.75,20632.25,20790.5,458933,229689
08/19/2024,16:00,20813.75,21056.5,20710.0,21042.5,429305,237060
08/20/2024,16:00,21042.5,21115.75,20927.75,20994.25,485435,237223
08/21/2024,16:00,20987.75,21166.5,20956.25,21094.25,479077,234434
08/22/2024,16:00,21106.0,21210.0,20726.75,20763.0,630179,233130
08/23/2024,16:00,20806.25,21089.0,20776.5,20975.5,581201,235049
08/26/2024,16:00,20972.5,21031.0,20690.25,20776.0,473540,231970
08/27/2024,16:00,20743.5,20879.0,20626.25,20838.5,441146,236758
08/28/2024,16:00,20820.25,20875.75,20412.0,20600.5,537278,236984
08/29/2024,16:00,20401.75,20878.25,20325.0,20578.0,669705,239974
08/30/2024,16:00,20630.5,20817.5,20555.25,20807.75,495609,244223
09/03/2024,16:00,20783.75,20867.75,20095.75,20191.25,698442,244176
09/04/2024,16:00,20177.25,20299.5,20010.5,20147.25,582116,242137
09/05/2024,16:00,20150.5,20335.25,20012.0,20148.25,585125,240024
09/06/2024,16:00,20105.75,20157.0,19524.5,19643.0,726350,241642
09/09/2024,16:00,19584.75,19919.25,19570.75,19877.0,536240,241684
09/10/2024,16:00,19911.75,20063.25,19767.0,20048.75,536220,238950
09/11/2024,16:00,20022.5,20478.25,19731.75,20455.75,729344,234968
09/12/2024,16:00,20426.25,20668.25,20369.75,20632.0,29764,34020
09/13/2024,16:00,20604.25,20762.0,20583.0,20715.0,464291,34020
09/16/2024,16:00,20681.0,20732.0,20477.0,20613.25,376502,128814
09/17/2024,16:00,20603.0,20798.25,20522.5,20623.75,509253,183528
09/18/2024,16:00,20634.75,20848.0,20506.0,20528.5,559587,206680
09/19/2024,16:00,20596.75,21151.0,20584.75,21036.0,615561,226167
09/20/2024,16:00,21014.0,21032.0,20808.0,20976.25,470844,226167
09/23/2024,16:00,20988.0,21112.0,20903.25,21028.0,391451,223337
09/24/2024,16:00,21011.25,21162.75,20901.0,21115.75,450074,225300
09/25/2024,16:00,21131.75,21219.0,21012.25,21140.0,396337,227211
09/26/2024,16:00,21190.0,21486.0,21136.0,21294.25,509755,235306
09/27/2024,16:00,21293.0,21343.75,21121.0,21169.5,429452,235306
09/30/2024,16:00,21146.5,21235.0,21004.0,21209.25,502195,234304
10/01/2024,16:00,21182.25,21279.75,20766.0,20923.0,650093,237484
10/02/2024,16:00,20923.25,21038.25,20781.5,20957.75,471002,233269
10/03/2024,16:00,21003.5,21061.75,20800.0,20938.25,521252,236756
10/04/2024,16:00,20913.5,21211.75,20889.5,21175.25,552274,239890
10/07/2024,16:00,21168.0,21215.25,20896.0,20940.75,443569,244483
10/08/2024,16:00,20973.75,21277.5,20850.5,21246.5,437088,239053
10/09/2024,16:00,21242.25,21430.75,21144.0,21411.5,415101,248977
10/10/2024,16:00,21393.25,21456.25,21249.5,21377.75,450569,250343
10/11/2024,16:00,21383.0,21442.25,21262.75,21398.0,379124,250343
10/14/2024,16:00,21380.5,21628.0,21331.25,21567.25,385275,251279
10/15/2024,16:00,21586.75,21607.25,21202.0,21290.0,509677,253946
10/16/2024,16:00,21282.5,21346.5,21154.25,21297.5,417571,242164
10/17/2024,16:00,21276.0,21542.75,21224.75,21332.75,526214,242164
10/18/2024,16:00,21332.0,21477.75,21268.75,21431.5,379028,248238
10/21/2024,16:00,21444.25,21502.5,21291.75,21467.5,444133,237736
10/22/2024,16:00,21484.5,21550.25,21308.25,21490.0,465187,239078
10/23/2024,16:00,21469.0,21490.5,21027.0,21168.5,606455,244246
10/24/2024,16:00,21242.25,21376.5,21209.75,21328.25,462552,242761
10/25/2024,16:00,21336.5,21655.25,21312.0,21446.75,570332,242761
10/28/2024,16:00,21473.5,21624.5,21434.0,21445.0,427114,247494
10/29/2024,16:00,21461.0,21708.25,21380.25,21644.5,488494,248760
10/30/2024,16:00,21682.0,21736.5,21420.5,21482.75,511999,255497
10/31/2024,16:00,21430.0,21443.75,20956.5,20969.75,686677,255241
11/01/2024,16:00,21019.0,21236.0,20965.0,21101.25,538348,255241
11/04/2024,16:00,21086.0,21196.5,20961.0,21034.0,513359,248874
11/05/2024,16:00,21078.75,21333.5,20989.75,21289.75,442767,252311
11/06/2024,16:00,21308.5,21883.25,21271.5,21842.0,619240,250738
11/07/2024,16:00,21871.5,22201.0,21809.5,22172.75,455880,261072
11/08/2024,16:00,22172.25,22213.0,22069.75,22179.25,401943,271225
11/11/2024,16:00,22197.75,22288.75,22046.25,22165.75,456006,268759
11/12/2024,16:00,22169.0,22199.75,22002.75,22137.5,511372,274753
11/13/2024,16:00,22126.0,22216.5,22004.5,22107.5,533739,281715
11/14/2024,16:00,22115.0,22138.25,21898.5,21959.75,561950,289821
11/15/2024,16:00,21925.5,21929.5,21353.25,21441.75,691851,276208
11/18/2024,16:00,21452.0,21672.25,21424.0,21581.5,525474,268014
11/19/2024,16:00,21581.25,21740.5,21330.5,21715.75,553617,269954
11/20/2024,16:00,21710.25,21791.25,21425.0,21697.0,619493,276945
11/21/2024,16:00,21686.0,21853.75,21462.25,21777.5,698342,271569
11/22/2024,16:00,21742.0,21828.0,21641.25,21797.75,541554,272054
11/25/2024,16:00,21883.0,22029.0,21728.25,21828.25,544568,268390
11/26/2024,16:00,21854.25,21972.75,21703.0,21941.5,496989,268390
11/27/2024,16:00,21938.75,21967.0,21623.0,21761.0,520026,270664
11/29/2024,16:00,21761.0,21965.5,21753.5,21941.5,337798,270664
12/02/2024,16:00,21943.25,22207.75,21888.0,22166.0,469568,273080
12/03/2024,16:00,22168.0,22277.0,22082.25,22229.5,440253,284601
12/04/2024,16:00,22271.0,22496.5,22253.75,22484.5,456368,286104
12/05/2024,16:00,22461.25,22515.25,22385.5,22421.25,414251,297073
12/06/2024,16:00,22398.0,22617.25,22372.75,22604.75,449840,291603
12/09/2024,16:00,22597.0,22654.25,22384.0,22431.75,509945,292609
12/10/2024,16:00,22427.25,22554.75,22300.75,22353.25,530715,282520
12/11/2024,16:00,22384.0,22768.0,22353.75,22741.5,534185,279274
12/12/2024,16:00,22704.75,22720.5,22552.25,22599.25,501393,285400
12/13/2024,16:00,22668.75,22856.0,22614.5,22743.75,623532,19924
12/16/2024,16:00,22723.75,23111.75,22712.25,23069.75,429393,19924
12/17/2024,16:00,23074.0,23087.5,22906.0,22976.25,561896,145248
12/18/2024,16:00,22971.0,23049.5,21972.75,22163.5,723296,196378
12/19/2024,16:00,22161.5,22359.5,22007.5,22040.75,735397,226078
12/20/2024,16:00,22091.0,22474.0,21668.25,22228.25,844404,237017
12/23/2024,16:00,22227.75,22438.5,22138.5,22415.0,502260,237152
12/24/2024,16:00,22405.0,22711.5,22370.75,22690.25,256957,238716
12/26/2024,16:00,22711.25,22773.0,22532.0,22669.75,398732,246175
12/27/2024,16:00,22652.5,22669.75,22160.5,22360.25,555601,242587
12/30/2024,16:00,22372.75,22404.5,21914.75,22078.0,516518,242983
12/31/2024,16:00,22052.0,22186.5,21843.75,21888.25,469492,249246
01/02/2025,16:00,21930.75,22152.25,21645.5,21829.25,659109,251737
01/03/2025,16:00,21848.5,22221.0,21805.75,22178.25,479848,253369
01/06/2025,16:00,22194.0,22558.5,22140.0,22406.25,562642,250409
01/07/2025,16:00,22443.0,22467.75,21941.25,22021.5,632866,242985
01/08/2025,16:00,22042.5,22110.0,21828.0,22022.5,627390,239500
01/10/2025,16:00,21996.5,22034.25,21536.5,21677.75,691846,239270
01/13/2025,16:00,21689.25,21698.75,21355.75,21609.0,607293,241201
01/14/2025,16:00,21681.75,21805.5,21435.25,21581.25,664829,250584
01/15/2025,16:00,21638.75,22114.5,21570.75,22062.0,544143,251578
01/16/2025,16:00,22050.75,22229.0,21834.0,21911.5,586566,252373
01/17/2025,16:00,21889.25,22344.25,21871.0,22256.5,580449,251515
01/21/2025,16:00,22261.75,22445.25,22039.5,22371.25,655072,257608
01/22/2025,16:00,22471.0,22755.25,22430.0,22662.25,487080,251962
01/23/2025,16:00,22643.5,22712.25,22517.25,22700.0,466790,251032
01/24/2025,16:00,22680.25,22740.0,22505.75,22573.0,519381,251816
01/27/2025,16:00,22432.75,22432.75,21425.5,21920.25,1035461,253086
01/28/2025,16:00,22005.0,22287.75,21821.25,22243.5,649573,266978
01/29/2025,16:00,22220.75,22358.75,22028.75,22185.0,625385,265242
01/30/2025,16:00,22209.5,22410.5,22081.25,22286.5,612864,256836
01/31/2025,16:00,22341.75,22627.75,22195.5,22251.0,646331,256995
02/03/2025,16:00,21861.75,22241.5,21604.75,22066.75,721603,254682
02/04/2025,16:00,22253.75,22355.75,21904.25,22332.0,491981,258320
02/05/2025,16:00,22223.75,22456.75,22091.5,22424.75,493328,256282
02/06/2025,16:00,22426.25,22544.0,22367.5,22533.5,436262,257630
02/07/2025,16:00,22479.5,22629.75,22214.5,22252.5,591647,258041
02/10/2025,16:00,22125.0,22555.75,22079.75,22508.25,385381,255767
02/11/2025,16:00,22493.75,22533.25,22331.25,22448.5,418850,261596
02/12/2025,16:00,22456.0,22524.25,22172.5,22466.5,541370,260552
02/13/2025,16:00,22523.0,22785.75,22414.75,22775.0,529604,265149
02/14/2025,16:00,22732.75,22886.75,22704.25,22858.0,433212,284167
02/18/2025,16:00,22899.0,22981.5,22764.5,22894.0,559652,284167
02/19/2025,16:00,22886.25,22961.5,22779.75,22912.25,491630,286417
02/20/2025,16:00,22874.75,22897.25,22612.75,22803.5,555700,294417
02/21/2025,16:00,22797.75,22907.25,22314.5,22341.0,698543,292762
02/24/2025,16:00,22362.5,22474.75,22069.25,22082.0,659075,280381
02/25/2025,16:00,22104.25,22115.5,21651.75,21810.75,793332,282507
02/26/2025,16:00,21892.25,22071.0,21716.75,21848.75,640869,281369
02/27/2025,16:00,21910.75,22048.25,21245.0,21267.5,854180,281980
02/28/2025,16:00,21311.25,21606.0,21122.25,21581.25,835556,281980
03/03/2025,16:00,21667.0,21782.75,20978.5,21130.0,828059,285149
03/04/2025,16:00,21188.75,21394.25,20737.0,21060.75,946935,281541
03/05/2025,16:00,21216.75,21386.75,20876.75,21326.75,774535,280378
03/06/2025,16:00,21267.0,21309.25,20664.75,20751.0,763150,273526
03/07/2025,16:00,20876.25,20948.0,20427.25,20891.5,753816,273526
03/10/2025,16:00,20808.75,20818.25,19934.0,20114.5,798366,287534
03/11/2025,16:00,20101.75,20348.5,19801.0,20060.75,857876,281735
03/12/2025,16:00,20074.5,20450.5,20048.75,20280.25,702688,273316
03/13/2025,16:00,20233.75,20355.75,19831.75,19910.75,37529,33512
03/14/2025,16:00,19974.5,20404.25,19958.5,20373.75,733280,33512
03/17/2025,16:00,20339.75,20622.0,20211.25,20492.5,508948,143986
03/18/2025,16:00,20495.25,20520.75,20058.5,20156.0,569610,193245
03/19/2025,16:00,20159.0,20597.25,20114.25,20405.25,574698,212637
03/20/2025,16:00,20404.0,20559.25,20189.5,20333.5,607253,223484
03/21/2025,16:00,20352.75,20431.75,20056.5,20415.25,605235,225109
03/24/2025,16:00,20504.75,20863.75,20504.75,20828.5,555043,225929
03/25/2025,16:00,20807.25,20979.0,20747.25,20942.75,470886,223350
03/26/2025,16:00,20965.75,20991.0,20499.25,20570.75,620685,226626
03/27/2025,16:00,20500.25,20653.75,20391.5,20444.5,634738,232761
03/28/2025,16:00,20449.5,20466.0,19811.75,19911.25,696397,239474
03/31/2025,16:00,19774.0,19944.0,19431.0,19893.75,842547,244699
04/01/2025,16:00,19865.5,20098.25,19715.5,20058.75,790964,246863
04/02/2025,16:00,20054.75,20498.5,19531.0,20212.25,835319,245628
04/03/2025,16:00,19474.25,19631.25,19068.25,19129.75,893793,258409
04/04/2025,16:00,19114.25,19167.25,17841.75,17993.25,1199851,267523
04/07/2025,16:00,17554.25,18815.75,16914.25,18017.5,1140389,260653
04/08/2025,16:00,18119.25,18811.5,17427.75,17698.0,956641,253487
04/09/2025,16:00,17674.5,19841.0,17189.25,19743.0,1086917,242894
04/10/2025,16:00,19721.0,19837.75,18373.25,18938.75,975104,234140
04/11/2025,16:00,18919.0,19327.75,18521.25,19261.75,667630,232946
04/14/2025,16:00,19679.25,19710.25,19191.75,19389.0,570510,234360
04/15/2025,16:00,19356.75,19599.0,19263.25,19414.5,525790,234262
04/16/2025,16:00,19244.25,19315.5,18570.5,18839.5,683175,240356
04/17/2025,16:00,18845.5,19107.0,18715.75,18835.0,629368,238383
04/21/2025,16:00,18760.5,18837.75,18154.25,18376.5,484750,241194
04/22/2025,16:00,18368.25,18968.25,18318.0,18839.25,619146,240802
04/23/2025,16:00,19100.25,19619.75,19078.0,19258.25,733977,237942
04/24/2025,16:00,19280.75,19872.25,19049.0,19776.25,599457,239463
04/25/2025,16:00,19859.25,20043.25,19670.5,19989.5,587589,243024
04/28/2025,16:00,19978.75,20077.25,19711.5,19982.25,514474,244629
04/29/2025,16:00,19932.5,20142.75,19832.25,20096.25,565539,245180
04/30/2025,16:00,20054.0,20334.25,19558.0,20112.75,713642,250213
05/01/2025,16:00,20288.25,20580.0,20211.5,20325.0,588901,249872
05/02/2025,16:00,20236.75,20731.0,20203.75,20649.5,517806,255908
05/05/2025,16:00,20635.75,20656.0,20420.25,20509.75,418875,255702
05/06/2025,16:00,20468.5,20491.0,20193.25,20330.75,514526,256110
05/07/2025,16:00,20263.25,20588.0,20133.0,20415.25,597360,256891
05/08/2025,16:00,20388.75,20791.5,20365.0,20602.25,567597,260325
05/09/2025,16:00,20611.25,20743.0,20512.25,20591.0,453686,259062
05/12/2025,16:00,20852.75,21450.25,20831.0,21403.0,638564,273975
05/13/2025,16:00,21409.0,21800.75,21272.25,21732.25,526706,280977
05/14/2025,16:00,21704.25,21873.75,21692.5,21846.75,513593,290051
05/15/2025,16:00,21834.0,21984.0,21646.25,21854.5,542990,285456
05/16/2025,16:00,21850.25,21966.25,21774.5,21960.25,419242,282278
05/19/2025,16:00,21765.0,21998.75,21566.75,21981.25,520282,279826
05/20/2025,16:00,21967.25,22016.5,21752.25,21901.5,437865,275488
05/21/2025,16:00,21869.0,22012.75,21527.0,21611.0,605668,277438
05/22/2025,16:00,21599.25,21791.75,21494.25,21632.5,512634,275818
05/23/2025,16:00,21678.0,21690.25,21181.25,21429.25,528055,271395
05/27/2025,16:00,21432.25,21942.75,21408.5,21914.75,531358,270964
05/28/2025,16:00,21934.25,22021.75,21775.5,21834.0,421653,266131
05/29/2025,16:00,21967.25,22313.0,21755.25,21862.75,563888,265316
05/30/2025,16:00,21825.5,21887.75,21525.75,21831.0,551092,264468
06/02/2025,16:00,21758.0,22030.5,21617.25,21988.75,434593,269998
06/03/2025,16:00,22009.25,22214.0,21853.5,22160.25,427859,272184
06/04/2025,16:00,22142.5,22257.25,22095.25,22220.75,403012,270551
06/05/2025,16:00,22199.0,22389.25,21957.75,22036.5,582671,271695
06/06/2025,16:00,21925.25,22327.75,21925.25,22243.75,466591,269585
06/09/2025,16:00,22253.5,22345.0,22170.25,22275.75,354827,267124
06/10/2025,16:00,22278.25,22446.5,22186.25,22416.75,439539,269210
06/11/2025,16:00,22400.0,22560.25,22245.0,22341.75,523556,265333
06/12/2025,16:00,22325.25,22431.5,22167.5,22386.75,24521,24069
06/13/2025,16:00,22363.25,22370.0,21925.25,22098.5,548785,24069
06/16/2025,16:00,22010.25,22459.75,21963.75,22406.0,420107,178496
06/17/2025,16:00,22413.75,22415.0,22147.25,22193.75,476443,212731
06/18/2025,16:00,22165.25,22335.5,22100.0,22183.0,481857,230450
06/20/2025,16:00,22194.5,22368.25,21888.0,22082.5,649884,233887
06/23/2025,16:00,21886.0,22330.75,21804.5,22311.25,549766,240488
06/24/2025,16:00,22316.75,22686.0,22303.5,22650.5,447975,252931
06/25/2025,16:00,22649.75,22786.0,22622.25,22698.75,397611,252625
06/26/2025,16:00,22699.0,22931.75,22675.5,22907.0,422397,259653
06/27/2025,16:00,22914.0,23063.25,22837.75,22989.25,487835,260783
06/30/2025,16:00,22989.25,23172.5,22989.25,23131.0,434250,268632
07/01/2025,16:00,23105.25,23152.5,22832.25,22930.5,495079,264615
07/02/2025,16:00,22932.25,23096.5,22819.75,23080.75,408882,264428
07/03/2025,16:00,23082.75,23340.25,23064.75,23300.25,269075,271727
07/07/2025,16:00,23207.75,23266.25,23017.5,23122.5,537930,268651
07/08/2025,16:00,23075.5,23210.5,23046.25,23134.5,420913,269422
07/09/2025,16:00,23144.25,23349.75,23081.25,23290.5,450523,268814
07/10/2025,16:00,23278.75,23327.75,23139.0,23251.0,391782,266869
07/11/2025,16:00,23249.5,23286.5,23069.25,23196.75,461057,269503
07/14/2025,16:00,23098.5,23304.25,23040.75,23273.25,414465,275415
07/15/2025,16:00,23272.0,23460.5,23233.75,23294.5,524056,270385
07/16/2025,16:00,23256.5,23337.75,23073.25,23314.25,548602,267261
07/17/2025,16:00,23303.25,23517.5,23254.75,23488.75,445290,285293
07/18/2025,16:00,23499.0,23558.5,23407.25,23462.0,450704,273525
07/21/2025,16:00,23470.25,23662.5,23441.5,23579.75,398833,276684
07/22/2025,16:00,23577.25,23604.75,23345.75,23464.0,537829,269559
07/23/2025,16:00,23429.0,23655.75,23384.5,23548.5,512963,270489
07/24/2025,16:00,23640.0,23662.25,23536.0,23615.25,435559,273280
07/25/2025,16:00,23629.25,23713.75,23568.5,23659.0,395469,274739
07/28/2025,16:00,23757.75,23823.0,23674.5,23729.0,424393,279959
07/29/2025,16:00,23742.0,23890.25,23659.0,23689.75,538169,280273
07/30/2025,16:00,23689.75,23926.75,23594.25,23718.25,538732,282962
07/31/2025,16:00,23942.75,24082.75,23528.25,23602.75,739642,279687
08/01/2025,16:00,23546.25,23585.25,23012.75,23121.5,803558,272613
08/04/2025,16:00,23087.75,23590.25,23059.5,23534.25,472671,277317
08/05/2025,16:00,23591.75,23642.0,23322.25,23369.75,542676,275837
08/06/2025,16:00,23329.5,23683.0,23283.25,23660.5,527514,284636
08/07/2025,16:00,23656.25,23908.75,23566.75,23734.0,561716,281810
08/08/2025,16:00,23756.0,24005.5,23740.75,23951.5,454190,290501
08/11/2025,16:00,24001.75,24042.25,23825.25,23875.25,443981,289966
08/12/2025,16:00,23872.75,24191.25,23833.75,24175.75,488577,301497
08/13/2025,16:00,24182.75,24306.25,24123.75,24184.25,453506,296902
08/14/2025,16:00,24165.5,24245.5,24031.0,24168.25,492051,298982
08/15/2025,16:00,24126.5,24200.75,23972.25,24041.75,441888,291042
08/18/2025,16:00,24032.75,24119.5,23956.75,24035.5,399622,292694
08/19/2025,16:00,24038.5,24075.75,23663.75,23707.25,557582,286359
08/20/2025,16:00,23698.75,23723.25,23272.75,23561.75,713574,279725
08/21/2025,16:00,23560.75,23607.0,23356.75,23457.5,525924,279274
08/22/2025,16:00,23463.0,23887.75,23314.5,23807.5,490867,278297
08/25/2025,16:00,23839.75,23854.0,23681.0,23736.0,399485,279948
08/26/2025,16:00,23743.5,23848.75,23609.25,23829.25,443746,279429
08/27/2025,16:00,23841.75,23926.75,23672.5,23866.5,436560,277775
08/28/2025,16:00,23780.0,24041.5,23725.25,24006.75,486265,285969
08/29/2025,16:00,23998.25,23999.75,23635.25,23699.5,539161,279338
09/02/2025,16:00,23716.75,23790.25,23263.0,23512.75,744115,276135
09/03/2025,16:00,23619.75,23763.0,23536.0,23686.5,563651,276730
09/04/2025,16:00,23694.5,23946.5,23647.75,23905.75,484986,282119
09/05/2025,16:00,23937.75,24139.75,23742.75,23921.75,674088,283689
09/08/2025,16:00,23911.25,24125.75,23888.0,24037.5,457632,282843
09/09/2025,16:00,24036.75,24159.0,23963.75,24111.75,473187,285394
09/10/2025,16:00,24136.25,24282.0,24022.75,24115.5,521709,279126
09/11/2025,16:00,24091.5,24283.75,24075.75,24255.5,18358,18808
09/12/2025,16:00,24266.0,24396.75,24206.75,24351.0,418483,18808
09/15/2025,16:00,24353.0,24556.75,24317.75,24550.75,360207,140618
09/16/2025,16:00,24533.75,24647.25,24499.25,24522.25,431717,220473
09/17/2025,16:00,24526.75,24553.0,24242.0,24465.25,610140,249531
09/18/2025,16:00,24498.5,24816.0,24495.25,24705.5,557622,268282
09/19/2025,16:00,24717.75,24888.0,24655.0,24866.25,505600,277785
09/22/2025,16:00,24850.0,25027.25,24748.75,25003.0,481197,277233
09/23/2025,16:00,24995.0,25026.0,24780.5,24827.25,564182,274220
09/24/2025,16:00,24839.5,24913.5,24627.0,24739.25,530441,273811
09/25/2025,16:00,24746.0,24793.5,24422.5,24629.25,710112,275658
09/26/2025,16:00,24642.5,24747.5,24520.0,24726.75,548790,270895
09/29/2025,16:00,24726.5,24975.5,24721.75,24837.75,508361,272432
09/30/2025,16:00,24817.75,24913.75,24722.25,24901.75,513254,277516
10/01/2025,16:00,24843.0,25036.75,24633.25,25017.5,474674,282655
10/02/2025,16:00,25009.25,25180.0,24993.75,25110.0,460294,282153
10/03/2025,16:00,25101.5,25196.5,24923.25,24992.0,490721,278669
10/06/2025,16:00,25000.0,25252.75,24995.0,25184.75,414908,286049
10/07/2025,16:00,25184.5,25275.0,24984.75,25039.25,539431,284644
10/08/2025,16:00,25059.75,25364.75,25026.25,25331.0,451309,289201
10/09/2025,16:00,25351.5,25394.0,25160.75,25289.25,500933,286739
10/10/2025,16:00,25287.75,25388.0,24158.5,24397.0,934374,275946
10/13/2025,16:00,24542.0,24965.0,24542.0,24922.25,660491,277486
10/14/2025,16:00,24913.75,25044.25,24421.0,24762.5,729059,277636
10/15/2025,16:00,24754.0,25115.0,24663.25,24924.5,637036,280935
10/16/2025,16:00,24937.0,25179.5,24643.5,24831.25,738759,281428
10/17/2025,16:00,24793.75,25055.75,24410.0,24986.5,743681,283467
10/20/2025,16:00,25065.75,25354.5,24955.75,25305.25,437206,289249
10/21/2025,16:00,25326.75,25368.0,25203.25,25294.75,441490,288489
10/22/2025,16:00,25283.75,25338.25,24804.75,25039.25,695128,278218
10/23/2025,16:00,25012.25,25296.0,24937.0,25254.0,527352,282230
10/24/2025,16:00,25283.25,25570.75,25276.0,25509.25,467727,290812
10/27/2025,16:00,25723.5,26013.5,25700.0,25963.75,435230,291863
10/28/2025,16:00,26002.5,26231.5,25943.0,26163.5,452121,297578
10/29/2025,16:00,26179.75,26379.75,26049.25,26262.5,557797,297972
10/30/2025,16:00,26154.5,26399.0,25853.0,25882.75,665782,295092
10/31/2025,16:00,26150.5,26274.0,25888.75,26004.0,597984,289867
11/03/2025,16:00,26028.25,26266.0,26012.75,26103.25,468620,291265
11/04/2025,16:00,26104.5,26104.5,25522.75,25575.25,669483,290643
11/05/2025,16:00,25545.0,25880.0,25282.0,25746.25,618171,289779
11/06/2025,16:00,25738.5,25822.25,25197.75,25244.25,754444,296623
11/07/2025,16:00,25314.75,25354.75,24709.25,25166.25,765092,295259
11/10/2025,16:00,25320.75,25760.5,25269.0,25714.5,626203,294218
11/11/2025,16:00,25722.25,25768.75,25478.5,25640.75,537967,293311
11/12/2025,16:00,25668.0,25830.0,25488.75,25623.75,606259,296129
11/13/2025,16:00,25624.0,25721.5,25002.5,25094.75,775125,302392
11/14/2025,16:00,25095.25,25293.25,24626.0,25094.0,848165,302392
