Date,Time,Open,High,Low,Close,Vol,OI
04/02/2002,16:00,11977,11977,11977,11977,0,0
04/03/2002,16:00,11977,11977,11977,11977,0,0
04/04/2002,16:00,11897,11897,11897,11897,0,0
04/05/2002,16:00,11910,12004,11886,11954,2339,207
04/08/2002,16:00,11942,11944,11769,11931,4234,1051
04/09/2002,16:00,11954,11976,11868,11886,4407,1476
04/10/2002,16:00,11893,12063,11879,12051,6189,1805
04/11/2002,16:00,12042,12042,11822,11834,6372,2151
04/12/2002,16:00,11874,11904,11804,11858,5387,2444
04/15/2002,16:00,11860,11894,11732,11757,6740,2714
04/16/2002,16:00,11805,12008,11796,11968,4122,2810
04/17/2002,16:00,11973,12002,11849,11892,5340,3426
04/18/2002,16:00,11902,11936,11704,11839,4857,3322
04/19/2002,16:00,11804,11938,11804,11916,4241,3465
04/22/2002,16:00,11911,11927,11775,11799,3306,3863
04/23/2002,16:00,11812,11841,11729,11759,7043,4537
04/24/2002,16:00,11779,11825,11679,11684,6065,4554
04/25/2002,16:00,11679,11709,11583,11706,8117,5404
04/26/2002,16:00,11700,11741,11524,11529,4615,6014
04/29/2002,16:00,11571,11597,11470,11482,5401,5686
04/30/2002,16:00,11500,11667,11481,11594,6327,5513
05/01/2002,16:00,11627,11745,11484,11734,6247,6007
05/02/2002,16:00,11740,11778,11693,11754,4509,6296
05/03/2002,16:00,11738,11772,11584,11650,5546,6860
05/06/2002,16:00,11668,11682,11445,11454,5290,6294
05/07/2002,16:00,11464,11584,11454,11464,6603,6808
05/08/2002,16:00,11539,11812,11535,11776,8012,7043
05/09/2002,16:00,11791,11798,11672,11697,6699,7375
05/10/2002,16:00,11705,11744,11574,11594,5086,7812
05/13/2002,16:00,11602,11775,11579,11769,5584,7812
05/14/2002,16:00,11774,11961,11753,11955,7445,9003
05/15/2002,16:00,11957,12013,11884,11939,0,0
05/16/2002,16:00,11931,11983,11892,11957,6459,9442
05/17/2002,16:00,11997,12028,11920,12001,3860,9140
05/20/2002,16:00,11999,11999,11874,11904,5071,9568
05/21/2002,16:00,11896,11949,11751,11787,5373,9870
05/22/2002,16:00,11799,11823,11726,11816,6804,9842
05/23/2002,16:00,11791,11892,11750,11884,5867,9320
05/24/2002,16:00,11885,11909,11749,11757,4769,9225
05/28/2002,16:00,11789,11807,11629,11667,7196,9737
05/29/2002,16:00,11659,11662,11579,11589,6608,9990
05/30/2002,16:00,11604,11631,11465,11585,5173,10182
05/31/2002,16:00,11599,11711,11553,11569,5173,10043
06/03/2002,16:00,11563,11654,11342,11347,7626,10147
06/04/2002,16:00,11364,11414,11257,11364,10168,10952
06/05/2002,16:00,11399,11476,11352,11469,6210,10758
06/06/2002,16:00,11464,11485,11174,11294,6595,11227
06/07/2002,16:00,11210,11305,11132,11254,6285,11040
06/10/2002,16:00,11278,11382,11224,11318,7694,10482
06/11/2002,16:00,11306,11428,11169,11189,7581,10583
06/12/2002,16:00,11210,11297,11112,11286,8481,10363
06/13/2002,16:00,11324,11324,11154,11179,7828,1755
06/14/2002,16:00,11185,11188,10907,11149,7776,2959
06/17/2002,16:00,11159,11364,11149,11349,7199,2959
06/18/2002,16:00,11349,11429,11294,11424,6337,2300
06/19/2002,16:00,11389,11405,11201,11229,8008,2713
06/20/2002,16:00,11244,11264,11088,11097,8168,2786
06/21/2002,16:00,11089,11149,10874,10936,13579,3866
06/24/2002,16:00,10939,11051,10739,10979,13579,3866
06/25/2002,16:00,11007,11074,10769,10774,9588,3866
06/26/2002,16:00,10669,10840,10533,10784,8572,3663
06/27/2002,16:00,10809,10947,10694,10935,7884,4254
06/28/2002,16:00,10958,11029,10891,10899,3833,4480
07/01/2002,16:00,10894,10993,10757,10765,5200,4350
07/02/2002,16:00,10745,10810,10627,10679,5132,4467
07/03/2002,16:00,10694,10739,10562,10716,5684,4133
07/05/2002,16:00,10721,11081,10719,11061,2965,4477
07/08/2002,16:00,11062,11062,10906,10947,4999,4935
07/09/2002,16:00,10964,10993,10746,10767,5063,4998
07/10/2002,16:00,10765,10841,10444,10464,6867,5121
07/11/2002,16:00,10472,10527,10266,10466,8689,5499
07/12/2002,16:00,10499,10548,10259,10317,6930,5984
07/15/2002,16:00,10305,10358,9901,10331,11583,7131
07/16/2002,16:00,10331,10333,10064,10142,7363,7157
07/17/2002,16:00,10108,10390,10071,10194,9272,7469
07/18/2002,16:00,10189,10299,10010,10034,7452,6748
07/19/2002,16:00,10020,10025,9617,9667,8843,7078
07/22/2002,16:00,9589,9782,9367,9454,13743,7053
07/23/2002,16:00,9484,9619,9315,9367,10119,6580
07/24/2002,16:00,9354,9899,9129,9874,12974,6909
07/25/2002,16:00,9869,9975,9587,9839,11207,6706
07/26/2002,16:00,9839,9945,9746,9936,6928,6706
07/29/2002,16:00,9959,10380,9946,10334,8746,6659
07/30/2002,16:00,10314,10426,10199,10363,9778,6527
07/31/2002,16:00,10329,10439,10192,10374,10510,7860
08/01/2002,16:00,10356,10375,10121,10147,10082,8433
08/02/2002,16:00,10129,10162,9854,9969,9153,8899
08/05/2002,16:00,9964,9971,9680,9706,10592,8705
08/06/2002,16:00,9691,10082,9649,9954,10584,8445
08/07/2002,16:00,9994,10129,9874,10109,11966,8474
08/08/2002,16:00,10109,10378,10083,10364,11639,8423
08/09/2002,16:00,10344,10460,10231,10394,8097,8748
08/12/2002,16:00,10390,10390,10236,10339,6530,8727
08/13/2002,16:00,10344,10407,10123,10149,6899,8779
08/14/2002,16:00,10151,10420,10019,10389,10920,8156
08/15/2002,16:00,10389,10527,10351,10476,12381,8887
08/16/2002,16:00,10444,10506,10374,10434,6414,8527
08/19/2002,16:00,10499,10666,10369,10636,7477,9309
08/20/2002,16:00,10620,10643,10484,10554,6202,9439
08/21/2002,16:00,10553,10654,10468,10644,10128,9439
08/22/2002,16:00,10656,10750,10596,10709,7896,9704
08/23/2002,16:00,10744,10744,10492,10537,6746,9467
08/26/2002,16:00,10544,10624,10422,10579,8119,9736
08/27/2002,16:00,10569,10693,10448,10504,9385,10683
08/28/2002,16:00,10514,10523,10308,10351,6879,10730
08/29/2002,16:00,10359,10413,10226,10322,7858,10797
08/30/2002,16:00,10319,10453,10263,10302,6415,11254
09/03/2002,16:00,10237,10249,9958,9967,13957,11511
09/04/2002,16:00,9966,10124,9948,10059,10378,12276
09/05/2002,16:00,10047,10055,9878,9982,10561,12447
09/06/2002,16:00,9961,10149,9961,10102,9706,12420
09/09/2002,16:00,10097,10228,9982,10161,10758,13874
09/10/2002,16:00,10167,10297,10165,10289,12006,15044
09/11/2002,16:00,10299,10429,10209,10221,8989,15309
09/12/2002,16:00,10234,10234,10019,10062,8168,1510
09/13/2002,16:00,10046,10058,9915,9994,10758,3532
09/16/2002,16:00,10014,10066,9929,10059,10313,3366
09/17/2002,16:00,10174,10264,9774,9862,15021,5506
09/18/2002,16:00,9834,9929,9716,9779,19406,6406
09/19/2002,16:00,9774,9788,9588,9597,17480,7077
09/20/2002,16:00,9606,9678,9577,9629,11185,5884
09/23/2002,16:00,9599,9654,9444,9549,14919,6133
09/24/2002,16:00,9537,9544,9320,9362,15174,6906
09/25/2002,16:00,9324,9563,9288,9531,16823,7366
09/26/2002,16:00,9516,9678,9504,9636,13772,8035
09/27/2002,16:00,9627,9644,9340,9347,13189,8319
09/30/2002,16:00,9334,9351,9113,9254,19696,8319
10/01/2002,16:00,9247,9669,9214,9656,18422,8853
10/02/2002,16:00,9636,9641,9394,9449,19016,9769
10/03/2002,16:00,9419,9587,9351,9392,17830,9183
10/04/2002,16:00,9417,9497,9131,9234,18696,9741
10/07/2002,16:00,9205,9305,9072,9127,19524,9946
10/08/2002,16:00,9145,9294,8994,9194,27046,11054
10/09/2002,16:00,9196,9209,8937,8964,28684,14269
10/10/2002,16:00,8947,9227,8858,9189,26273,14269
10/11/2002,16:00,9170,9569,9145,9546,21781,12301
10/14/2002,16:00,9509,9582,9418,9542,16256,13420
10/15/2002,16:00,9556,9944,9547,9936,25833,14972
10/16/2002,16:00,9848,9944,9674,9722,22541,16399
10/17/2002,16:00,9837,10044,9824,9939,17626,17524
10/18/2002,16:00,10005,10034,9810,9979,16736,16853
10/21/2002,16:00,9969,10223,9894,10199,18177,17481
10/22/2002,16:00,10161,10162,10040,10129,18561,17235
10/23/2002,16:00,10108,10206,9960,10176,21982,16674
10/24/2002,16:00,10204,10242,9936,9959,19728,16674
10/25/2002,16:00,9951,10126,9921,10124,15899,16690
10/28/2002,16:00,10134,10227,9989,10062,17989,16085
10/29/2002,16:00,10058,10067,9847,10030,22063,16274
10/30/2002,16:00,10036,10130,9972,10094,20707,15537
10/31/2002,16:00,10074,10169,9999,10034,19724,15556
11/01/2002,16:00,10020,10234,9967,10174,15858,15574
11/04/2002,16:00,10259,10404,10216,10226,17020,16146
11/05/2002,16:00,10229,10360,10201,10332,18394,15855
11/06/2002,16:00,10366,10469,10250,10451,20877,16209
11/07/2002,16:00,10413,10413,10210,10258,18414,16774
11/08/2002,16:00,10272,10342,10164,10179,16820,16573
11/11/2002,16:00,10174,10185,10010,10039,10794,16476
11/12/2002,16:00,10032,10180,10031,10081,20434,16833
11/13/2002,16:00,10046,10169,9964,10109,23734,17869
11/14/2002,16:00,10088,10230,10074,10204,21554,17418
11/15/2002,16:00,10194,10263,10130,10250,16711,17707
11/18/2002,16:00,10246,10322,10155,10164,15641,18192
11/19/2002,16:00,10158,10225,10082,10169,19999,17726
11/20/2002,16:00,10183,10378,10118,10356,17961,18564
11/21/2002,16:00,10349,10553,10329,10543,20880,18660
11/22/2002,16:00,10527,10560,10480,10480,495,18660
11/25/2002,16:00,10504,10554,10438,10511,15082,18660
11/26/2002,16:00,10503,10528,10344,10349,21563,18660
11/27/2002,16:00,10373,10623,10349,10611,16290,18660
11/29/2002,16:00,10604,10644,10534,10554,4811,18660
12/02/2002,16:00,10554,10728,10464,10554,20750,18660
12/03/2002,16:00,10569,10578,10402,10449,20807,18660
12/04/2002,16:00,10420,10496,10330,10427,23246,18660
12/05/2002,16:00,10426,10512,10289,10324,22277,18660
12/06/2002,16:00,10324,10366,10170,10341,21810,18660
12/09/2002,16:00,10359,10359,10125,10137,20667,18660
12/10/2002,16:00,10165,10262,10151,10239,20388,18660
12/11/2002,16:00,10234,10311,10169,10254,16717,18660
12/12/2002,16:00,10284,10306,10198,10229,13643,18660
12/13/2002,16:00,10219,10219,10086,10104,15429,18660
12/16/2002,16:00,10112,10329,10087,10321,14397,18660
12/17/2002,16:00,10323,10333,10208,10222,16720,18660
12/18/2002,16:00,10225,10229,10092,10139,15986,18660
12/19/2002,16:00,10130,10199,10011,10059,21832,18660
12/20/2002,16:00,10082,10249,10069,10216,15330,18660
12/23/2002,16:00,10206,10241,10146,10194,9822,18660
12/24/2002,16:00,10194,10208,10124,10134,3663,18660
12/26/2002,16:00,10149,10249,10089,10139,8904,18660
12/27/2002,16:00,10129,10141,9965,9974,11985,18660
12/30/2002,16:00,9965,10053,9939,10011,15439,18660
12/31/2002,16:00,10004,10048,9925,10035,12970,18660
01/02/2003,16:00,10024,10314,10020,10295,22036,18660
01/03/2003,16:00,10290,10325,10239,10308,19570,18660
01/06/2003,16:00,10334,10491,10265,10441,18817,18660
01/07/2003,16:00,10431,10492,10395,10454,23716,18660
01/08/2003,16:00,10434,10449,10265,10287,22104,18660
01/09/2003,16:00,10306,10478,10279,10445,22671,18660
01/10/2003,16:00,10446,10506,10343,10471,26266,18660
01/13/2003,16:00,10465,10568,10433,10481,24558,18660
01/14/2003,16:00,10479,10539,10431,10514,17999,18660
01/15/2003,16:00,10523,10559,10386,10435,21432,18660
01/16/2003,16:00,10426,10494,10359,10404,22764,18660
01/17/2003,16:00,10371,10373,10242,10287,17088,11774
01/21/2003,16:00,10297,10314,10117,10139,26077,13054
01/22/2003,16:00,10139,10177,9990,10004,27207,12877
01/23/2003,16:00,10027,10079,9943,10024,29332,12555
01/24/2003,16:00,10030,10038,9791,9817,29916,12555
01/27/2003,16:00,9820,9845,9639,9687,33020,14391
01/28/2003,16:00,9699,9798,9668,9749,26839,14191
01/29/2003,16:00,9744,9844,9584,9778,30611,15506
01/30/2003,16:00,9784,9830,9568,9604,30195,14340
01/31/2003,16:00,9602,9778,9552,9751,31632,15013
02/03/2003,16:00,9784,9833,9754,9781,21839,16128
02/04/2003,16:00,9786,9786,9609,9724,26434,17243
02/05/2003,16:00,9719,9837,9648,9684,32520,17243
02/06/2003,16:00,9665,9701,9567,9644,35249,16550
02/07/2003,16:00,9653,9725,9513,9557,29581,16419
02/10/2003,16:00,9579,9621,9484,9613,32036,16419
02/11/2003,16:00,9628,9671,9488,9543,31896,18263
02/12/2003,16:00,9532,9549,9433,9439,29194,17190
02/13/2003,16:00,9440,9485,9321,9464,31448,17263
02/14/2003,16:00,9461,9752,9416,9629,35565,17158
02/18/2003,16:00,9653,9770,9608,9751,27627,17113
02/19/2003,16:00,9741,9741,9633,9717,23983,17187
02/20/2003,16:00,9709,9769,9591,9629,28634,18182
02/21/2003,16:00,9629,9743,9548,9704,30866,18182
02/24/2003,16:00,9728,9745,9548,9564,26466,18492
02/25/2003,16:00,9547,9633,9410,9624,33775,18613
02/26/2003,16:00,9634,9644,9492,9514,28708,19636
02/27/2003,16:00,9507,9626,9478,9596,34560,20422
02/28/2003,16:00,9594,9666,9551,9624,27556,20989
03/03/2003,16:00,9642,9684,9519,9547,26365,21196
03/04/2003,16:00,9535,9552,9406,9416,26617,21501
03/05/2003,16:00,9400,9477,9364,9471,32898,21600
03/06/2003,16:00,9475,9477,9334,9379,34246,22422
03/07/2003,16:00,9378,9459,9260,9439,33261,21170
03/10/2003,16:00,9431,9433,9254,9264,27862,21816
03/11/2003,16:00,9258,9344,9220,9224,34915,22770
03/12/2003,16:00,9204,9243,9099,9236,40740,24515
03/13/2003,16:00,9281,9538,9252,9533,31379,6367
03/14/2003,16:00,9549,9640,9504,9581,37533,8586
03/17/2003,16:00,9508,9859,9446,9833,39011,10123
03/18/2003,16:00,9823,9949,9798,9901,34337,11604
03/19/2003,16:00,9866,9987,9847,9971,31024,12128
03/20/2003,16:00,10008,10033,9831,9993,32839,13302
03/21/2003,16:00,9991,10230,9970,10211,34358,14287
03/24/2003,16:00,10122,10135,9885,9921,34321,14090
03/25/2003,16:00,9915,10043,9853,9973,36262,14269
03/26/2003,16:00,9973,10008,9892,9929,35288,14802
03/27/2003,16:00,9917,9917,9816,9901,35976,15770
03/28/2003,16:00,9916,9922,9813,9851,28290,14380
03/31/2003,16:00,9806,9806,9622,9671,35189,15948
04/01/2003,16:00,9681,9805,9680,9771,39388,16067
04/02/2003,16:00,9806,10027,9790,9973,31853,16070
04/03/2003,16:00,9971,10085,9916,9929,33109,14847
04/04/2003,16:00,9929,10031,9922,9981,31130,15908
04/07/2003,16:00,10089,10231,9982,9985,38795,16613
04/08/2003,16:00,9985,10090,9964,10013,31474,17525
04/09/2003,16:00,10009,10120,9895,9911,43703,17035
04/10/2003,16:00,9907,9947,9849,9935,33151,17289
04/11/2003,16:00,9943,10048,9884,9909,38203,20667
04/14/2003,16:00,9932,10111,9888,10073,32409,21409
04/15/2003,16:00,10071,10184,10012,10131,31859,21663
04/16/2003,16:00,10204,10221,9940,9959,37524,22463
04/17/2003,16:00,9968,10056,9943,10041,30799,22037
04/21/2003,16:00,10070,10108,10011,10056,33351,21928
04/22/2003,16:00,10050,10205,9970,10192,49611,22204
04/23/2003,16:00,10201,10240,10157,10222,36094,21975
04/24/2003,16:00,10204,10211,10104,10140,32760,22187
04/25/2003,16:00,10142,10166,9991,10017,36306,23170
04/28/2003,16:00,10014,10212,9985,10173,38302,23924
04/29/2003,16:00,10167,10268,10143,10208,45669,25159
04/30/2003,16:00,10196,10239,10138,10184,44576,26344
05/01/2003,16:00,10180,10187,10047,10161,39503,29099
05/02/2003,16:00,10183,10301,10116,10276,52361,28735
05/05/2003,16:00,10263,10322,10215,10246,48165,30287
05/06/2003,16:00,10231,10353,10225,10301,48710,29039
05/07/2003,16:00,10287,10343,10232,10279,49994,30325
05/08/2003,16:00,10257,10283,10176,10209,48985,30576
05/09/2003,16:00,10225,10324,10205,10309,34065,31281
05/12/2003,16:00,10321,10452,10277,10426,41328,33167
05/13/2003,16:00,10414,10434,10356,10398,41592,11057
05/14/2003,16:00,10393,10447,10325,10379,40966,34533
05/15/2003,16:00,10379,10447,10358,10428,44708,33900
05/16/2003,16:00,10418,10465,10359,10406,43744,11539
05/19/2003,16:00,10360,10366,10197,10221,54433,21596
05/20/2003,16:00,10213,10270,10130,10214,52449,34373
05/21/2003,16:00,10222,10248,10155,10226,47083,34717
05/22/2003,16:00,10221,10350,10212,10308,38186,34879
05/23/2003,16:00,10321,10347,10263,10323,26190,35904
05/27/2003,16:00,10324,10520,10261,10488,40807,36938
05/28/2003,16:00,10485,10576,10485,10503,39658,36179
05/29/2003,16:00,10495,10591,10407,10444,46530,36992
05/30/2003,16:00,10449,10604,10449,10583,39297,36459
06/02/2003,16:00,10621,10727,10606,10634,45928,36459
06/03/2003,16:00,10610,10667,10583,10658,22392,24669
06/04/2003,16:00,10669,10788,10637,10766,53500,37282
06/05/2003,16:00,10758,10801,10693,10771,44234,38032
06/06/2003,16:00,10781,10946,10766,10786,56047,39787
06/09/2003,16:00,10776,10824,10671,10723,46583,27289
06/10/2003,16:00,10721,10805,10714,10798,46079,29395
06/11/2003,16:00,10783,10895,10750,10885,41390,28641
06/12/2003,16:00,10903,10981,10849,10943,46247,9071
06/13/2003,16:00,10951,10961,10805,10861,41592,11057
06/16/2003,16:00,10849,11054,10828,11045,43744,11539
06/17/2003,16:00,11059,11095,11000,11045,45567,14251
06/18/2003,16:00,11057,11066,10960,11023,53540,16635
06/19/2003,16:00,11030,11053,10879,10908,54433,21596
06/20/2003,16:00,10902,11007,10902,10936,45989,20812
06/23/2003,16:00,10893,10916,10766,10811,53691,35829
06/24/2003,16:00,10817,10875,10775,10837,60703,35780
06/25/2003,16:00,10838,10890,10716,10728,56885,35738
06/26/2003,16:00,10728,10829,10718,10802,42594,23482
06/27/2003,16:00,10810,10838,10696,10703,41339,24246
06/30/2003,16:00,10728,10796,10696,10710,45554,37463
07/01/2003,16:00,10703,10783,10600,10773,50717,39202
07/02/2003,16:00,10780,10883,10779,10880,43243,24261
07/03/2003,16:00,10882,10884,10771,10788,22392,0
07/07/2003,16:00,10813,10993,10813,10951,39850,25862
07/08/2003,16:00,10949,10968,10891,10960,40299,25540
07/09/2003,16:00,10950,10959,10833,10894,46583,27289
07/10/2003,16:00,10870,10883,10724,10768,46079,29395
07/11/2003,16:00,10760,10878,10733,10850,41390,28641
07/14/2003,16:00,10864,11010,10855,10898,49657,29803
07/15/2003,16:00,10912,10968,10817,10868,26338,42404
07/16/2003,16:00,10900,10928,10767,10841,47639,31832
07/17/2003,16:00,10804,10846,10736,10786,50183,31527
07/18/2003,16:00,10788,10917,10773,10908,37877,42674
07/21/2003,16:00,10903,10916,10801,10836,57667,41734
07/22/2003,16:00,10841,10911,10766,10888,45935,42442
07/23/2003,16:00,10902,10937,10824,10928,53691,35829
07/24/2003,16:00,10943,11020,10831,10841,60703,35780
07/25/2003,16:00,10831,11034,10810,11007,38998,42475
07/28/2003,16:00,11035,11037,10961,10985,43844,42300
07/29/2003,16:00,10986,11023,10891,10941,57987,37810
07/30/2003,16:00,10947,10989,10894,10931,45554,37463
07/31/2003,16:00,10936,11096,10921,10960,62279,38687
08/01/2003,16:00,10971,11002,10868,10893,50717,39202
08/04/2003,16:00,10873,10945,10779,10907,57663,38913
08/05/2003,16:00,10907,10927,10721,10726,56141,0
08/06/2003,16:00,10729,10869,10728,10785,63136,39891
08/07/2003,16:00,10787,10877,10758,10873,50186,39169
08/08/2003,16:00,10861,10940,10854,10935,38456,40031
08/11/2003,16:00,10932,10985,10874,10957,40978,40948
08/12/2003,16:00,10962,11050,10939,11041,43724,40656
08/13/2003,16:00,11032,11072,10969,11023,49026,42297
08/14/2003,16:00,11015,11073,10922,11036,49008,42766
08/15/2003,16:00,11017,11082,11004,11065,26338,42404
08/18/2003,16:00,11073,11164,11063,11155,37877,42674
08/19/2003,16:00,11161,11189,11088,11175,50681,42347
08/20/2003,16:00,11148,11175,11110,11143,43996,40986
08/21/2003,16:00,11142,11238,11136,11169,57667,41734
08/22/2003,16:00,11166,11251,11086,11096,45935,42442
08/25/2003,16:00,11095,11109,11029,11073,38998,42475
08/26/2003,16:00,11067,11107,10980,11084,53067,42718
08/27/2003,16:00,11095,11099,11054,11076,30865,41612
08/28/2003,16:00,11070,11143,11005,11118,43844,42300
08/29/2003,16:00,11116,11174,11093,11162,28631,42278
09/02/2003,16:00,11185,11285,11130,11274,57152,43727
09/03/2003,16:00,11274,11345,11259,11324,62819,43369
09/04/2003,16:00,11311,11370,11287,11342,48528,43379
09/05/2003,16:00,11338,11346,11208,11258,54442,43310
09/08/2003,16:00,11255,11347,11251,11332,47129,43518
09/09/2003,16:00,11342,11358,11238,11266,44384,42812
09/10/2003,16:00,11262,11269,11147,11187,2408,9173
09/11/2003,16:00,11178,11258,11157,11213,41780,13196
09/12/2003,16:00,11211,11242,11132,11225,46306,15345
09/15/2003,16:00,11231,11245,11191,11204,43483,17196
09/16/2003,16:00,11205,11338,11199,11324,44152,18826
09/17/2003,16:00,11334,11346,11292,11313,43802,19613
09/18/2003,16:00,11307,11417,11290,11413,53027,23893
09/19/2003,16:00,11415,11437,11360,11389,42582,23519
09/22/2003,16:00,11352,11352,11249,11294,49296,24881
09/23/2003,16:00,11301,11335,11258,11315,49005,24756
09/24/2003,16:00,11318,11345,11169,11181,68061,27407
09/25/2003,16:00,11187,11216,11046,11068,61840,27854
09/26/2003,16:00,11077,11115,11044,11068,58266,27287
09/29/2003,16:00,11067,11154,11045,11130,61841,26836
09/30/2003,16:00,11129,11138,10983,11046,75220,29222
10/01/2003,16:00,11054,11227,11046,11224,58652,31161
10/02/2003,16:00,11216,11269,11182,11255,55239,31759
10/03/2003,16:00,11256,11423,11240,11330,67171,32859
10/06/2003,16:00,11320,11382,11317,11359,34965,32832
10/07/2003,16:00,11362,11416,11292,11405,56305,34555
10/08/2003,16:00,11398,11431,11350,11404,50164,35804
10/09/2003,16:00,11410,11527,11390,11450,58376,36722
10/10/2003,16:00,11438,11487,11414,11462,37310,36007
10/13/2003,16:00,11467,11538,11467,11523,25131,35349
10/14/2003,16:00,11541,11587,11488,11570,46440,35642
10/15/2003,16:00,11578,11633,11523,11556,49022,38062
10/16/2003,16:00,11536,11586,11491,11559,59647,38640
10/17/2003,16:00,11548,11582,11464,11486,48711,38311
10/20/2003,16:00,11482,11577,11468,11547,45776,0
10/21/2003,16:00,11571,11571,11486,11503,44256,39399
10/22/2003,16:00,11487,11490,11338,11374,60360,41605
10/23/2003,16:00,11346,11387,11279,11351,59049,41875
10/24/2003,16:00,11307,11366,11257,11360,63910,41651
10/27/2003,16:00,11354,11425,11341,11375,48123,40575
10/28/2003,16:00,11384,11520,11381,11509,52057,40979
10/29/2003,16:00,11489,11548,11461,11539,51528,41463
10/30/2003,16:00,11540,11612,11514,11575,64249,40662
10/31/2003,16:00,11564,11603,11542,11551,39948,40060
11/03/2003,16:00,11551,11658,11544,11601,47250,39818
11/04/2003,16:00,11602,11636,11585,11607,41160,40549
11/05/2003,16:00,11590,11632,11542,11602,47003,42390
11/06/2003,16:00,11605,11641,11526,11631,52603,42997
11/07/2003,16:00,11636,11703,11543,11561,53990,42902
11/10/2003,16:00,11553,11593,11505,11526,42111,41929
11/11/2003,16:00,11518,11535,11487,11507,29546,40370
11/12/2003,16:00,11515,11641,11498,11628,51868,40745
11/13/2003,16:00,11630,11648,11571,11616,47295,39722
11/14/2003,16:00,11609,11681,11515,11541,50322,39300
11/17/2003,16:00,11505,11513,11406,11494,60173,39865
11/18/2003,16:00,11487,11530,11387,11398,63929,40081
11/19/2003,16:00,11388,11495,11388,11474,60850,41059
11/20/2003,16:00,11491,11510,11369,11399,71036,42867
11/21/2003,16:00,11392,11437,11365,11421,53227,40849
11/24/2003,16:00,11420,11535,11411,11523,39119,43162
11/25/2003,16:00,11528,11578,11502,11544,45372,43227
11/26/2003,16:00,11551,11588,11487,11555,36499,43710
11/28/2003,16:00,11568,11587,11530,11575,11038,42687
12/01/2003,16:00,11567,11687,11538,11678,53854,42344
12/02/2003,16:00,11675,11677,11619,11643,43097,41269
12/03/2003,16:00,11642,11727,11633,11658,52797,41995
12/04/2003,16:00,11660,11719,11654,11710,52648,41591
12/05/2003,16:00,11693,11700,11629,11646,55076,42489
12/08/2003,16:00,11636,11755,11616,11750,49458,45152
12/09/2003,16:00,11754,11783,11696,11710,54746,45653
12/10/2003,16:00,11703,11741,11665,11719,4223,8546
12/11/2003,16:00,11729,11810,11716,11799,49998,15441
12/12/2003,16:00,11804,11840,11760,11825,47806,19625
12/15/2003,16:00,11956,11981,11805,11815,62208,21529
12/16/2003,16:00,11799,11924,11798,11913,54157,23840
12/17/2003,16:00,11911,11954,11879,11947,41200,25180
12/18/2003,16:00,11949,12047,11933,12042,51823,27700
12/19/2003,16:00,12035,12094,12020,12052,55308,32452
12/22/2003,16:00,12013,12147,12005,12141,31280,34065
12/23/2003,16:00,12145,12168,12089,12123,30821,32226
12/24/2003,16:00,12105,12124,12087,12096,10710,31253
12/26/2003,16:00,12104,12133,12100,12107,6721,30576
12/29/2003,16:00,12107,12255,12107,12246,26919,31549
12/30/2003,16:00,12241,12251,12197,12215,29459,31738
12/31/2003,16:00,12221,12254,12198,12230,23416,30822
01/02/2004,16:00,12232,12325,12177,12213,51391,32695
01/05/2004,16:00,12239,12340,12233,12335,53840,33854
01/06/2004,16:00,12337,12343,12294,12329,55231,34504
01/07/2004,16:00,12325,12335,12257,12329,66864,35420
01/08/2004,16:00,12332,12413,12325,12377,66980,36985
01/09/2004,16:00,12385,12389,12237,12248,73738,38032
01/12/2004,16:00,12240,12303,12237,12294,63877,38478
01/13/2004,16:00,12296,12305,12156,12229,79131,40270
01/14/2004,16:00,12224,12352,12220,12342,64257,43205
01/15/2004,16:00,12308,12393,12273,12367,91561,43938
01/16/2004,16:00,12378,12409,12333,12390,57158,42838
01/20/2004,16:00,12395,12433,12313,12325,67282,43982
01/21/2004,16:00,12319,12444,12287,12412,81881,45771
01/22/2004,16:00,12418,12453,12393,12424,74774,44642
01/23/2004,16:00,12415,12445,12316,12366,75154,44286
01/26/2004,16:00,12370,12502,12349,12499,70173,46317
01/27/2004,16:00,12490,12499,12397,12403,70653,46748
01/28/2004,16:00,12401,12454,12231,12280,72423,45285
01/29/2004,16:00,12283,12323,12212,12285,90248,48302
01/30/2004,16:00,12287,12300,12175,12283,57906,49030
02/02/2004,16:00,12285,12364,12232,12300,67773,47895
02/03/2004,16:00,12286,12323,12251,12293,64739,46175
02/04/2004,16:00,12261,12321,12232,12255,69809,47853
02/05/2004,16:00,12247,12317,12247,12289,62647,48461
02/06/2004,16:00,12285,12390,12258,12371,61325,51637
02/09/2004,16:00,12375,12418,12357,12387,52417,50950
02/10/2004,16:00,12388,12431,12357,12400,52737,49906
02/11/2004,16:00,12401,12552,12391,12525,79941,51350
02/12/2004,16:00,12523,12538,12491,12503,57259,52362
02/13/2004,16:00,12512,12539,12410,12438,66495,51860
02/17/2004,16:00,12452,12539,12452,12521,51525,51702
02/18/2004,16:00,12522,12543,12459,12490,56846,52095
02/19/2004,16:00,12501,12565,12468,12478,69145,52512
02/20/2004,16:00,12476,12513,12392,12438,81071,52422
02/23/2004,16:00,12445,12466,12365,12420,73240,52671
02/24/2004,16:00,12419,12452,12331,12380,82111,54307
02/25/2004,16:00,12383,12431,12366,12412,60365,53553
02/26/2004,16:00,12418,12425,12348,12388,63851,55839
02/27/2004,16:00,12393,12463,12368,12397,64776,54767
03/01/2004,16:00,12420,12506,12413,12491,60030,57115
03/02/2004,16:00,12491,12495,12380,12403,79094,56105
03/03/2004,16:00,12400,12423,12359,12403,64916,56686
03/04/2004,16:00,12404,12420,12372,12396,44560,58789
03/05/2004,16:00,12395,12464,12320,12416,92793,58229
03/08/2004,16:00,12417,12449,12309,12313,58449,59034
03/09/2004,16:00,12320,12343,12234,12258,81571,61415
03/10/2004,16:00,12263,12294,12071,12075,99670,63075
03/11/2004,16:00,12110,12138,11926,11933,116780,15045
03/12/2004,16:00,11941,12059,11908,12043,85749,18861
03/15/2004,16:00,12038,12038,11905,11935,106002,22604
03/16/2004,16:00,11939,12030,11912,12000,96169,28024
03/17/2004,16:00,11993,12153,11991,12116,70370,31443
03/18/2004,16:00,12118,12151,12026,12123,94129,33962
03/19/2004,16:00,12140,12163,11972,11992,82385,33343
03/22/2004,16:00,11970,11982,11823,11875,105532,36090
03/23/2004,16:00,11866,11942,11844,11865,91888,34235
03/24/2004,16:00,11848,11921,11812,11874,112093,35131
03/25/2004,16:00,11875,12039,11874,12018,104897,35926
03/26/2004,16:00,12021,12085,11989,12017,79749,37594
03/29/2004,16:00,12043,12162,12030,12149,88031,39511
03/30/2004,16:00,12141,12203,12115,12195,76240,41310
03/31/2004,16:00,12188,12225,12127,12188,90101,42240
04/01/2004,16:00,12187,12234,12156,12207,77062,43443
04/02/2004,16:00,12203,12325,12198,12295,96829,45941
04/05/2004,16:00,12292,12379,12271,12368,66056,44689
04/06/2004,16:00,12365,12391,12314,12361,62517,44029
04/07/2004,16:00,12338,12370,12283,12326,83245,39469
04/08/2004,16:00,12353,12398,12210,12267,76152,37510
04/12/2004,16:00,12246,12347,12240,12339,50203,39401
04/13/2004,16:00,12339,12397,12177,12199,100158,42289
04/14/2004,16:00,12187,12236,12132,12218,98651,42744
04/15/2004,16:00,12227,12253,12140,12191,102457,43723
04/16/2004,16:00,12178,12280,12165,12276,75736,43967
04/19/2004,16:00,12267,12273,12213,12250,70245,44655
04/20/2004,16:00,12247,12302,12091,12106,91745,46368
04/21/2004,16:00,12118,12154,12064,12138,113719,45467
04/22/2004,16:00,12140,12317,12093,12270,106691,46371
04/23/2004,16:00,12295,12313,12230,12292,67742,43780
04/26/2004,16:00,12279,12334,12238,12297,74635,43724
04/27/2004,16:00,12300,12361,12275,12305,94629,46003
04/28/2004,16:00,12304,12309,12151,12181,92131,48618
04/29/2004,16:00,12172,12228,12037,12109,129364,52146
04/30/2004,16:00,12095,12156,12030,12041,98771,53038
05/03/2004,16:00,12043,12150,12043,12130,76175,49991
05/04/2004,16:00,12138,12214,12080,12116,84176,50694
05/05/2004,16:00,12115,12172,12086,12143,81111,48524
05/06/2004,16:00,12140,12147,11992,12060,86252,50034
05/07/2004,16:00,12061,12101,11903,11918,104934,51605
05/10/2004,16:00,11917,11928,11751,11790,143152,54278
05/11/2004,16:00,11799,11862,11787,11823,90586,52691
05/12/2004,16:00,11823,11898,11678,11891,143868,56722
05/13/2004,16:00,11886,11905,11796,11821,126322,55952
05/14/2004,16:00,11825,11896,11753,11835,115479,56916
05/17/2004,16:00,11831,11831,11691,11752,107139,55717
05/18/2004,16:00,11746,11817,11746,11795,78054,52165
05/19/2004,16:00,11798,11930,11743,11764,94701,53669
05/20/2004,16:00,11756,11810,11734,11792,82492,55200
05/21/2004,16:00,11784,11873,11775,11805,81804,56488
05/24/2004,16:00,11833,11884,11763,11808,88917,58175
05/25/2004,16:00,11813,11958,11749,11949,97444,58476
05/26/2004,16:00,11938,11965,11910,11958,78079,55603
05/27/2004,16:00,11954,12062,11952,12055,82806,55846
05/28/2004,16:00,12050,12063,12007,12038,39120,55407
06/01/2004,16:00,12040,12048,11966,12038,74927,57017
06/02/2004,16:00,12040,12127,12028,12101,71510,55779
06/03/2004,16:00,12092,12120,12016,12023,74219,54267
06/04/2004,16:00,12033,12136,12029,12088,72434,55505
06/07/2004,16:00,12111,12233,12108,12217,67169,58071
06/08/2004,16:00,12214,12267,12184,12262,70461,58536
06/09/2004,16:00,12265,12265,12195,12205,76505,58284
06/10/2004,16:00,12215,12252,12212,12242,32924,9680
06/11/2004,16:00,12244,12244,12214,12242,583,9738
06/14/2004,16:00,12204,12223,12149,12179,62704,13320
06/15/2004,16:00,12187,12271,12184,12234,82630,18943
06/16/2004,16:00,12229,12267,12196,12219,59999,20991
06/17/2004,16:00,12214,12231,12177,12219,57075,24091
06/18/2004,16:00,12213,12281,12179,12249,59606,29015
06/21/2004,16:00,12274,12296,12200,12206,56194,28620
06/22/2004,16:00,12211,12248,12145,12244,78677,31051
06/23/2004,16:00,12241,12329,12198,12322,75803,34434
06/24/2004,16:00,12314,12330,12272,12290,58715,36118
06/25/2004,16:00,12289,12325,12217,12232,57068,34690
06/28/2004,16:00,12254,12313,12165,12182,82779,36257
06/29/2004,16:00,12171,12269,12171,12251,68283,37564
06/30/2004,16:00,12250,12312,12214,12282,71012,37456
07/01/2004,16:00,12283,12300,12113,12152,106919,40610
07/02/2004,16:00,12156,12172,12099,12126,64249,39957
07/06/2004,16:00,12135,12149,12028,12055,87173,42368
07/07/2004,16:00,12056,12112,12026,12083,77145,45493
07/08/2004,16:00,12029,12107,12006,12027,99324,48104
07/09/2004,16:00,12035,12077,12028,12054,57842,48047
07/12/2004,16:00,12063,12097,11997,12077,80497,49259
07/13/2004,16:00,12079,12096,12020,12079,61760,47232
07/14/2004,16:00,12051,12126,12010,12048,102813,48820
07/15/2004,16:00,12059,12070,11971,11982,96721,49467
07/16/2004,16:00,11982,12074,11969,11989,86927,46182
07/19/2004,16:00,11995,12019,11900,11924,107219,47023
07/20/2004,16:00,11918,12036,11900,12020,87495,44897
07/21/2004,16:00,12026,12078,11854,11865,104560,46740
07/22/2004,16:00,11864,11914,11780,11868,114514,49933
07/23/2004,16:00,11859,11872,11768,11807,90896,47538
07/26/2004,16:00,11815,11843,11752,11801,112347,48695
07/27/2004,16:00,11808,11939,11801,11914,105681,48861
07/28/2004,16:00,11913,11986,11827,11962,128273,50413
07/29/2004,16:00,11960,12004,11922,11973,106085,50646
07/30/2004,16:00,11978,12011,11923,11992,83256,48712
08/02/2004,16:00,11935,12040,11930,12017,91520,48222
08/03/2004,16:00,12004,12013,11935,11942,81732,47345
08/04/2004,16:00,11937,12001,11892,11957,96118,48163
08/05/2004,16:00,11953,11974,11779,11785,106467,48522
08/06/2004,16:00,11787,11822,11627,11652,129075,49246
08/09/2004,16:00,11654,11696,11644,11652,74391,48558
08/10/2004,16:00,11657,11784,11655,11769,83255,47719
08/11/2004,16:00,11745,11800,11686,11783,96625,46976
08/12/2004,16:00,11786,11797,11637,11670,100271,48298
08/13/2004,16:00,11673,11700,11628,11684,79076,47247
08/16/2004,16:00,11672,11815,11642,11791,85356,46597
08/17/2004,16:00,11786,11869,11770,11834,76909,46085
08/18/2004,16:00,11821,11942,11788,11933,100245,45318
08/19/2004,16:00,11930,11941,11841,11895,83960,41936
08/20/2004,16:00,11882,11981,11862,11961,72470,43395
08/23/2004,16:00,11961,11985,11918,11933,77058,42492
08/24/2004,16:00,11937,11997,11913,11959,81289,43405
08/25/2004,16:00,11952,12053,11917,12029,87726,44809
08/26/2004,16:00,12027,12046,12006,12022,49336,41749
08/27/2004,16:00,12019,12063,12016,12052,39244,40549
08/30/2004,16:00,12048,12048,11968,11975,42932,39588
08/31/2004,16:00,11979,12027,11925,12025,72425,41125
09/01/2004,16:00,12022,12059,11955,12023,76917,42006
09/02/2004,16:00,12024,12158,12007,12151,67742,44657
09/03/2004,16:00,12136,12172,12104,12123,57848,44245
09/07/2004,16:00,12153,12215,12136,12194,92663,43530
09/08/2004,16:00,12187,12210,12153,12179,87316,42211
09/09/2004,16:00,12172,12186,12118,12131,71047,12136
09/10/2004,16:00,12131,12170,12085,12154,70759,16568
09/13/2004,16:00,12149,12201,12147,12180,72683,18636
09/14/2004,16:00,12176,12192,12154,12180,61533,22086
09/15/2004,16:00,12175,12179,12077,12082,79166,25597
09/16/2004,16:00,12087,12134,12081,12100,56374,25073
09/17/2004,16:00,12097,12167,12084,12136,62214,27543
09/20/2004,16:00,12130,12139,12033,12051,84986,28927
09/21/2004,16:00,12047,12124,12045,12075,68491,28461
09/22/2004,16:00,12069,12070,11939,11945,89030,31953
09/23/2004,16:00,11944,11960,11872,11876,85892,33715
09/24/2004,16:00,11883,11926,11868,11900,62692,33040
09/27/2004,16:00,11916,11919,11830,11846,74131,35689
09/28/2004,16:00,11846,11945,11822,11918,84053,34855
09/29/2004,16:00,11918,11982,11894,11976,75841,35159
09/30/2004,16:00,11973,11991,11883,11918,83192,39491
10/01/2004,16:00,11917,12054,11890,12045,75633,38704
10/04/2004,16:00,12047,12119,12043,12060,68216,41254
10/05/2004,16:00,12050,12094,12003,12031,70548,41978
10/06/2004,16:00,12036,12095,12007,12090,67230,40913
10/07/2004,16:00,12092,12092,11969,11976,64479,41484
10/08/2004,16:00,11973,12014,11884,11892,88216,43453
10/11/2004,16:00,11913,11947,11894,11939,33705,41151
10/12/2004,16:00,11943,11950,11862,11921,75334,42503
10/13/2004,16:00,11951,11978,11801,11834,103087,47765
10/14/2004,16:00,11825,11857,11722,11741,107766,48552
10/15/2004,16:00,11744,11827,11735,11778,93334,50290
10/18/2004,16:00,11792,11813,11703,11798,87166,49898
10/19/2004,16:00,11812,11865,11730,11740,111889,51024
10/20/2004,16:00,11723,11738,11650,11718,123115,52907
10/21/2004,16:00,11726,11753,11646,11716,118797,57380
10/22/2004,16:00,11713,11732,11594,11602,103180,57022
10/25/2004,16:00,11574,11627,11536,11593,116549,58605
10/26/2004,16:00,11620,11739,11594,11734,106151,59494
10/27/2004,16:00,11731,11861,11686,11840,119647,59701
10/28/2004,16:00,11839,11890,11795,11853,96659,57667
10/29/2004,16:00,11849,11890,11830,11862,80801,57679
11/01/2004,16:00,11855,11922,11851,11895,74225,61005
11/02/2004,16:00,11892,11978,11853,11881,106669,59636
11/03/2004,16:00,11866,12059,11863,11994,130164,60410
11/04/2004,16:00,11990,12165,11971,12154,119811,61449
11/05/2004,16:00,12146,12265,12133,12243,112990,60814
11/08/2004,16:00,12235,12253,12207,12250,79015,59514
11/09/2004,16:00,12246,12281,12219,12240,84742,58753
11/10/2004,16:00,12246,12302,12235,12257,90612,59921
11/11/2004,16:00,12262,12347,12241,12328,65001,60856
11/12/2004,16:00,12328,12396,12313,12385,79067,62341
11/15/2004,16:00,12393,12423,12380,12415,81113,64381
11/16/2004,16:00,12413,12413,12334,12356,76238,62384
11/17/2004,16:00,12368,12468,12361,12427,91915,63272
11/18/2004,16:00,12418,12451,12409,12440,82162,66521
11/19/2004,16:00,12438,12443,12300,12331,92073,65561
11/22/2004,16:00,12310,12371,12253,12354,77619,65080
11/23/2004,16:00,12352,12375,12295,12370,88497,68515
11/24/2004,16:00,12376,12402,12339,12375,60179,67689
11/26/2004,16:00,12405,12414,12354,12363,18712,65095
11/29/2004,16:00,12368,12453,12271,12317,113506,68202
11/30/2004,16:00,12305,12346,12284,12304,99237,64414
12/01/2004,16:00,12314,12453,12295,12439,95573,66913
12/02/2004,16:00,12438,12492,12403,12447,95582,67015
12/03/2004,16:00,12481,12505,12417,12434,107511,66119
12/06/2004,16:00,12424,12442,12386,12396,74271,65554
12/07/2004,16:00,12398,12428,12294,12306,114478,65813
12/08/2004,16:00,12298,12366,12296,12360,98884,62472
12/09/2004,16:00,12330,12420,12270,12399,104425,18173
12/10/2004,16:00,12402,12434,12370,12408,77402,19874
12/13/2004,16:00,12428,12506,12411,12504,76735,23036
12/14/2004,16:00,12502,12553,12478,12534,74198,24246
12/15/2004,16:00,12530,12565,12493,12544,93169,30518
12/16/2004,16:00,12541,12586,12518,12569,98158,31379
12/17/2004,16:00,12562,12585,12490,12524,106745,33258
12/20/2004,16:00,12514,12588,12503,12532,80508,38799
12/21/2004,16:00,12530,12617,12524,12610,73106,40189
12/22/2004,16:00,12608,12686,12599,12669,59294,34599
12/23/2004,16:00,12663,12725,12653,12679,38173,0
12/27/2004,16:00,12686,12725,12637,12647,44439,34395
12/28/2004,16:00,12648,12717,12647,12713,36749,34892
12/29/2004,16:00,12714,12722,12648,12691,40199,36287
12/30/2004,16:00,12690,12704,12642,12645,27484,40029
12/31/2004,16:00,12656,12685,12610,12615,19961,40138
01/03/2005,16:00,12628,12723,12558,12597,113280,41641
01/04/2005,16:00,12595,12624,12455,12495,127401,46380
01/05/2005,16:00,12497,12536,12425,12434,116275,48383
01/06/2005,16:00,12437,12524,12437,12468,107873,55329
01/07/2005,16:00,12466,12511,12420,12446,110499,53818
01/10/2005,16:00,12460,12520,12432,12475,96262,52553
01/11/2005,16:00,12469,12481,12380,12405,101958,55587
01/12/2005,16:00,12431,12474,12348,12452,126812,56245
01/13/2005,16:00,12463,12467,12328,12349,100994,57931
01/14/2005,16:00,12353,12414,12344,12394,66747,56948
01/18/2005,16:00,12407,12482,12351,12467,90499,59108
01/19/2005,16:00,12470,12475,12336,12376,81757,59685
01/20/2005,16:00,12343,12395,12303,12320,114507,59534
01/21/2005,16:00,12328,12359,12230,12240,96710,61228
01/24/2005,16:00,12254,12288,12214,12230,116195,67823
01/25/2005,16:00,12239,12357,12238,12313,93266,66653
01/26/2005,16:00,12326,12378,12320,12335,86900,65952
01/27/2005,16:00,12327,12346,12271,12315,94300,65752
01/28/2005,16:00,12321,12329,12225,12294,93047,66772
01/31/2005,16:00,12328,12354,12299,12332,72675,65478
02/01/2005,16:00,12328,12414,12314,12389,67306,78446
02/02/2005,16:00,12400,12464,12384,12432,73556,68550
02/03/2005,16:00,12424,12444,12391,12433,67597,68945
02/04/2005,16:00,12432,12567,12418,12542,87112,71643
02/07/2005,16:00,12558,12573,12537,12547,58185,70581
02/08/2005,16:00,12545,12589,12539,12569,66810,69424
02/09/2005,16:00,12567,12603,12505,12520,85168,69854
02/10/2005,16:00,12515,12614,12515,12593,83192,69890
02/11/2005,16:00,12602,12681,12553,12653,91588,71171
02/14/2005,16:00,12660,12666,12624,12640,45831,69768
02/15/2005,16:00,12637,12701,12630,12685,74059,71718
02/16/2005,16:00,12688,12707,12632,12684,67527,73121
02/17/2005,16:00,12685,12692,12602,12606,86544,71454
02/18/2005,16:00,12608,12645,12578,12644,68378,69314
02/22/2005,16:00,12634,12636,12457,12465,107032,70796
02/23/2005,16:00,12465,12552,12457,12533,92602,71322
02/24/2005,16:00,12535,12610,12494,12598,97047,68968
02/25/2005,16:00,12598,12697,12583,12689,71752,71258
02/28/2005,16:00,12692,12711,12578,12625,85602,70100
03/01/2005,16:00,12622,12704,12610,12674,83258,70513
03/02/2005,16:00,12657,12723,12626,12659,112206,71979
03/03/2005,16:00,12656,12719,12614,12673,109699,71653
03/04/2005,16:00,12672,12818,12671,12803,91683,76232
03/07/2005,16:00,12817,12830,12773,12785,36151,74466
03/08/2005,16:00,12772,12803,12747,12764,86419,73618
03/09/2005,16:00,12729,12770,12644,12649,124963,68261
03/10/2005,16:00,12628,12723,12622,12692,75083,12685
03/11/2005,16:00,12702,12724,12607,12632,90160,16745
03/14/2005,16:00,12637,12662,12602,12659,75167,21327
03/15/2005,16:00,12662,12689,12591,12598,90214,22577
03/16/2005,16:00,12594,12628,12456,12478,113019,31439
03/17/2005,16:00,12488,12506,12443,12469,83604,32601
03/18/2005,16:00,12479,12498,12398,12454,111770,30163
03/21/2005,16:00,12454,12469,12376,12400,94601,28722
03/22/2005,16:00,12396,12453,12283,12307,116231,30847
03/23/2005,16:00,12298,12338,12270,12289,115131,31043
03/24/2005,16:00,12297,12361,12280,12287,75464,31750
03/28/2005,16:00,12310,12369,12300,12323,74315,28647
03/29/2005,16:00,12324,12361,12231,12256,120138,31671
03/30/2005,16:00,12259,12390,12257,12377,111254,31222
03/31/2005,16:00,12379,12392,12323,12339,81266,32471
04/01/2005,16:00,12346,12405,12214,12250,130364,36833
04/04/2005,16:00,12240,12279,12189,12259,104922,38281
04/05/2005,16:00,12264,12311,12255,12299,87164,40193
04/06/2005,16:00,12305,12363,12305,12341,94834,40367
04/07/2005,16:00,12341,12397,12310,12389,95939,41718
04/08/2005,16:00,12390,12394,12271,12294,84133,47175
04/11/2005,16:00,12282,12316,12273,12282,76573,47814
04/12/2005,16:00,12279,12363,12182,12335,137604,45836
04/13/2005,16:00,12336,12352,12206,12228,116298,51203
04/14/2005,16:00,12230,12248,12034,12072,153664,56696
04/15/2005,16:00,12053,12092,11887,11902,176699,49879
04/18/2005,16:00,11882,11934,11839,11892,155509,58572
04/19/2005,16:00,11912,11991,11893,11956,107560,59728
04/20/2005,16:00,11989,12008,11818,11839,153335,61008
04/21/2005,16:00,11844,12061,11832,12045,128268,59727
04/22/2005,16:00,12028,12044,11889,12007,120904,57002
04/25/2005,16:00,12005,12090,11997,12075,90471,59116
04/26/2005,16:00,12070,12088,11968,11980,110142,59848
04/27/2005,16:00,11974,12042,11898,12013,132577,60680
04/28/2005,16:00,12013,12025,11860,11883,132266,62537
04/29/2005,16:00,11881,12021,11866,12016,144268,61349
05/02/2005,16:00,12012,12083,12003,12074,93560,60136
05/03/2005,16:00,12072,12128,12025,12102,125043,62821
05/04/2005,16:00,12105,12212,12085,12191,113526,60721
05/05/2005,16:00,12186,12224,12114,12165,121900,61941
05/06/2005,16:00,12163,12231,12143,12156,98929,64241
05/09/2005,16:00,12162,12204,12134,12193,82065,64376
05/10/2005,16:00,12186,12190,12061,12093,116857,66589
05/11/2005,16:00,12085,12142,12000,12120,133933,67276
05/12/2005,16:00,12120,12142,11999,12007,138435,67052
05/13/2005,16:00,12019,12057,11893,11977,142612,66842
05/16/2005,16:00,11969,12078,11963,12071,91248,64319
05/17/2005,16:00,12071,12162,12032,12156,103677,65654
05/18/2005,16:00,12153,12311,12134,12290,113343,66024
05/19/2005,16:00,12285,12326,12263,12315,98253,66326
05/20/2005,16:00,12313,12324,12249,12302,75353,64112
05/23/2005,16:00,12298,12388,12294,12359,82748,64372
05/24/2005,16:00,12354,12355,12299,12320,86777,63700
05/25/2005,16:00,12312,12314,12250,12292,75858,62052
05/26/2005,16:00,12297,12369,12294,12359,55643,67577
05/27/2005,16:00,12355,12378,12340,12370,31986,67729
05/31/2005,16:00,12372,12375,12285,12299,77270,68545
06/01/2005,16:00,12302,12413,12290,12356,109788,70494
06/02/2005,16:00,12369,12388,12332,12378,66517,69163
06/03/2005,16:00,12376,12390,12266,12300,89015,69725
06/06/2005,16:00,12295,12303,12251,12289,59114,69625
06/07/2005,16:00,12289,12400,12287,12313,113046,73076
06/08/2005,16:00,12315,12364,12280,12307,90700,71840
06/09/2005,16:00,12272,12347,12259,12321,89710,15533
06/10/2005,16:00,12318,12361,12268,12336,72113,17066
06/13/2005,16:00,12335,12416,12298,12356,102536,22576
06/14/2005,16:00,12357,12415,12340,12377,85929,28811
06/15/2005,16:00,12375,12413,12316,12390,103191,29934
06/16/2005,16:00,12390,12420,12362,12394,82891,32347
06/17/2005,16:00,12392,12483,12392,12435,90380,36103
06/20/2005,16:00,12425,12459,12383,12422,69163,35756
06/21/2005,16:00,12425,12453,12398,12433,78100,36052
06/22/2005,16:00,12429,12471,12392,12422,73935,35132
06/23/2005,16:00,12423,12429,12083,12225,127972,37827
06/24/2005,16:00,12231,12248,12095,12114,108752,36148
06/27/2005,16:00,12106,12146,12063,12112,94347,35801
06/28/2005,16:00,12114,12221,12113,12218,77852,36153
06/29/2005,16:00,12215,12244,12165,12172,75632,38902
06/30/2005,16:00,12176,12220,12072,12091,106376,41714
07/01/2005,16:00,12091,12154,12091,12122,69758,41846
07/05/2005,16:00,12121,12198,12089,12176,86587,43964
07/06/2005,16:00,12173,12193,12070,12077,94720,45016
07/07/2005,16:00,12074,12130,11850,12122,149084,47170
07/08/2005,16:00,12141,12272,12110,12261,113900,49231
07/11/2005,16:00,12262,12345,12262,12330,85375,50317
07/12/2005,16:00,12327,12354,12290,12317,94094,49155
07/13/2005,16:00,12318,12375,12310,12366,86273,49176
07/14/2005,16:00,12373,12461,12364,12444,114862,50487
07/15/2005,16:00,12437,12462,12403,12445,63852,48381
07/18/2005,16:00,12439,12442,12378,12406,73353,48114
07/19/2005,16:00,12420,12472,12406,12452,77743,49859
07/20/2005,16:00,12422,12497,12382,12472,108445,51744
07/21/2005,16:00,12470,12549,12408,12427,135314,54282
07/22/2005,16:00,12416,12467,12388,12455,73198,53100
07/25/2005,16:00,12458,12490,12391,12418,75389,53073
07/26/2005,16:00,12417,12431,12368,12387,83651,52813
07/27/2005,16:00,12385,12447,12377,12438,71713,52397
07/28/2005,16:00,12440,12515,12431,12506,76713,54206
07/29/2005,16:00,12513,12524,12440,12466,74123,55012
08/01/2005,16:00,12463,12482,12409,12422,65581,55386
08/02/2005,16:00,12426,12497,12423,12472,76166,54473
08/03/2005,16:00,12467,12506,12433,12497,61110,52586
08/04/2005,16:00,12501,12501,12395,12404,72739,53072
08/05/2005,16:00,12409,12425,12344,12358,73090,54741
08/08/2005,16:00,12357,12397,12315,12347,69740,57170
08/09/2005,16:00,12340,12434,12336,12421,78194,59012
08/10/2005,16:00,12419,12525,12365,12413,123614,59898
08/11/2005,16:00,12411,12487,12393,12474,107529,61868
08/12/2005,16:00,12472,12482,12365,12387,94188,60189
08/15/2005,16:00,12385,12457,12355,12448,77446,62102
08/16/2005,16:00,12449,12457,12305,12322,98160,63885
08/17/2005,16:00,12332,12393,12295,12351,97279,62538
08/18/2005,16:00,12356,12396,12309,12357,89561,62116
08/19/2005,16:00,12361,12431,12359,12381,73416,64675
08/22/2005,16:00,12378,12446,12321,12378,103437,64813
08/23/2005,16:00,12382,12390,12296,12339,83686,64740
08/24/2005,16:00,12338,12357,12212,12226,120426,63938
08/25/2005,16:00,12227,12262,12222,12249,68719,65154
08/26/2005,16:00,12247,12262,12180,12196,94981,68527
08/29/2005,16:00,12134,12283,12116,12267,110219,67642
08/30/2005,16:00,12266,12267,12143,12204,132368,68658
08/31/2005,16:00,12188,12298,12149,12291,141397,66420
09/01/2005,16:00,12286,12317,12216,12251,117150,66036
09/02/2005,16:00,12249,12289,12223,12251,88708,64669
09/06/2005,16:00,12282,12385,12275,12377,90249,70970
09/07/2005,16:00,12380,12428,12360,12412,76340,68964
09/08/2005,16:00,12399,12419,12354,12383,74379,14943
09/09/2005,16:00,12390,12484,12382,12467,79361,24151
09/12/2005,16:00,12487,12489,12450,12467,64175,30250
09/13/2005,16:00,12454,12469,12387,12405,102230,35289
09/14/2005,16:00,12406,12427,12324,12342,94505,37658
09/15/2005,16:00,12343,12372,12307,12344,102084,45037
09/16/2005,16:00,12346,12438,12337,12420,91983,49103
09/19/2005,16:00,12406,12417,12307,12353,81094,48579
09/20/2005,16:00,12350,12394,12253,12270,106190,49549
09/21/2005,16:00,12265,12287,12152,12166,124950,49128
09/22/2005,16:00,12153,12231,12131,12198,135930,50457
09/23/2005,16:00,12186,12237,12153,12199,93479,48445
09/26/2005,16:00,12240,12291,12188,12234,103636,48621
09/27/2005,16:00,12234,12277,12194,12242,102202,48620
09/28/2005,16:00,12235,12290,12199,12256,102460,51317
09/29/2005,16:00,12258,12340,12193,12324,144528,51569
09/30/2005,16:00,12328,12377,12302,12359,81009,51263
10/03/2005,16:00,12365,12386,12296,12314,95023,52415
10/04/2005,16:00,12311,12346,12194,12200,111322,53259
10/05/2005,16:00,12197,12213,12089,12095,159908,53865
10/06/2005,16:00,12095,12144,11990,12071,186535,57358
10/07/2005,16:00,12079,12123,12053,12070,112079,57523
10/10/2005,16:00,12076,12109,12000,12005,97588,59902
10/11/2005,16:00,12007,12089,12002,12023,134872,60377
10/12/2005,16:00,12008,12079,11953,11965,184108,61743
10/13/2005,16:00,11976,12012,11925,11963,155242,64534
10/14/2005,16:00,11967,12062,11964,12049,130344,67232
10/17/2005,16:00,12055,12128,12023,12117,104865,69399
10/18/2005,16:00,12122,12146,12032,12053,112861,69652
10/19/2005,16:00,12040,12199,11992,12194,176609,69521
10/20/2005,16:00,12191,12203,12008,12035,186398,70268
10/21/2005,16:00,12024,12092,11958,11987,158066,65780
10/24/2005,16:00,11994,12154,11986,12145,140761,66679
10/25/2005,16:00,12143,12175,12078,12141,123911,66848
10/26/2005,16:00,12143,12195,12098,12121,144186,67115
10/27/2005,16:00,12114,12124,11982,11999,125787,69594
10/28/2005,16:00,11985,12163,11977,12152,137349,70986
10/31/2005,16:00,12154,12245,12148,12157,114782,71587
11/01/2005,16:00,12167,12213,12161,12178,96733,71155
11/02/2005,16:00,12177,12250,12135,12233,104328,70614
11/03/2005,16:00,12234,12321,12218,12285,112749,69701
11/04/2005,16:00,12285,12310,12233,12281,85499,69445
11/07/2005,16:00,12283,12346,12264,12322,85286,71023
11/08/2005,16:00,12321,12334,12285,12317,70857,70185
11/09/2005,16:00,12315,12365,12280,12311,92356,70113
11/10/2005,16:00,12314,12423,12285,12407,121085,75737
11/11/2005,16:00,12415,12466,12401,12457,44484,77790
11/14/2005,16:00,12454,12477,12440,12473,63435,78640
11/15/2005,16:00,12461,12509,12428,12466,101785,77568
11/16/2005,16:00,12460,12484,12420,12453,91393,75486
11/17/2005,16:00,12449,12494,12431,12486,87677,76206
11/18/2005,16:00,12487,12543,12462,12529,95208,75728
11/21/2005,16:00,12532,12604,12516,12589,86373,78821
11/22/2005,16:00,12589,12643,12554,12631,85445,79896
11/23/2005,16:00,12626,12714,12610,12689,75177,82513
11/25/2005,16:00,12681,12719,12671,12704,20283,82507
11/28/2005,16:00,12696,12734,12642,12670,90895,85559
11/29/2005,16:00,12673,12723,12650,12656,96303,86541
11/30/2005,16:00,12663,12689,12566,12580,121899,88333
12/01/2005,16:00,12591,12700,12590,12666,83981,90885
12/02/2005,16:00,12668,12689,12622,12636,80942,92350
12/05/2005,16:00,12633,12648,12570,12600,81543,91901
12/06/2005,16:00,12599,12684,12594,12623,94600,92918
12/07/2005,16:00,12625,12637,12518,12560,119920,91986
12/08/2005,16:00,12563,12605,12485,12512,105497,15566
12/09/2005,16:00,12503,12561,12482,12527,85764,22008
12/12/2005,16:00,12524,12576,12489,12521,87076,31709
12/13/2005,16:00,12520,12626,12504,12586,108127,45192
12/14/2005,16:00,12594,12673,12554,12645,106630,50113
12/15/2005,16:00,12646,12701,12614,12623,92895,50280
12/16/2005,16:00,12625,12688,12607,12616,74223,50675
12/19/2005,16:00,12619,12667,12567,12582,79077,52932
12/20/2005,16:00,12584,12608,12532,12552,76689,54413
12/21/2005,16:00,12548,12641,12548,12578,86043,55491
12/22/2005,16:00,12578,12634,12565,12627,56292,57165
12/23/2005,16:00,12630,12650,12614,12627,30337,57320
12/27/2005,16:00,12645,12680,12512,12526,76789,59989
12/28/2005,16:00,12520,12564,12514,12532,55224,59574
12/29/2005,16:00,12531,12561,12498,12514,44817,58826
12/30/2005,16:00,12522,12527,12422,12438,49114,59217
01/03/2006,16:00,12474,12601,12414,12576,136634,64936
01/04/2006,16:00,12577,12628,12544,12618,102874,65581
01/05/2006,16:00,12611,12642,12574,12628,103998,65904
01/06/2006,16:00,12627,12708,12613,12692,103528,68779
01/09/2006,16:00,12688,12761,12679,12739,95558,72417
01/10/2006,16:00,12726,12752,12684,12746,96178,76044
01/11/2006,16:00,12743,12780,12721,12769,88345,78085
01/12/2006,16:00,12763,12769,12680,12706,85865,76166
01/13/2006,16:00,12706,12721,12647,12689,82223,72421
01/17/2006,16:00,12694,12699,12572,12628,93537,74887
01/18/2006,16:00,12573,12612,12519,12585,120798,74260
01/19/2006,16:00,12594,12641,12575,12592,98772,73199
01/20/2006,16:00,12598,12602,12367,12378,185361,75024
01/23/2006,16:00,12377,12456,12366,12413,116571,78571
01/24/2006,16:00,12406,12469,12405,12426,115317,80350
01/25/2006,16:00,12433,12477,12383,12442,150247,82888
01/26/2006,16:00,12452,12543,12449,12526,119317,81985
01/27/2006,16:00,12541,12650,12517,12637,117068,82452
01/30/2006,16:00,12635,12643,12597,12612,58944,81163
01/31/2006,16:00,12605,12637,12537,12554,100682,83260
02/01/2006,16:00,12546,12681,12527,12679,123362,88439
02/02/2006,16:00,12672,12672,12532,12553,127392,86936
02/03/2006,16:00,12550,12590,12484,12495,110422,86663
02/06/2006,16:00,12496,12535,12476,12515,64529,87091
02/07/2006,16:00,12517,12530,12441,12461,108174,89243
02/08/2006,16:00,12470,12578,12440,12567,93770,90129
02/09/2006,16:00,12564,12664,12555,12590,110568,91009
02/10/2006,16:00,12599,12657,12524,12621,123412,90407
02/13/2006,16:00,12615,12651,12559,12610,85364,87686
02/14/2006,16:00,12612,12758,12600,12739,132726,91954
02/15/2006,16:00,12736,12778,12697,12765,116807,90948
02/16/2006,16:00,12769,12827,12753,12823,88165,90380
02/17/2006,16:00,12821,12838,12782,12816,60058,89329
02/21/2006,16:00,12813,12858,12753,12772,102601,91831
02/22/2006,16:00,12776,12863,12758,12822,84652,91451
02/23/2006,16:00,12822,12844,12756,12785,93536,91013
02/24/2006,16:00,12796,12809,12716,12782,86661,88835
02/27/2006,16:00,12796,12839,12779,12789,61462,89371
02/28/2006,16:00,12792,12794,12680,12696,108964,87165
03/01/2006,16:00,12701,12773,12701,12750,72344,87490
03/02/2006,16:00,12741,12756,12685,12739,96603,86166
03/03/2006,16:00,12739,12806,12655,12705,129179,90170
03/06/2006,16:00,12704,12733,12622,12657,102918,89545
03/07/2006,16:00,12650,12686,12620,12678,99636,87915
03/08/2006,16:00,12673,12724,12616,12698,12141,7429
03/09/2006,16:00,12704,12746,12657,12664,79583,17010
03/10/2006,16:00,12657,12795,12657,12773,132889,32645
03/13/2006,16:00,12778,12820,12756,12790,80411,41785
03/14/2006,16:00,12790,12867,12763,12852,91582,52385
03/15/2006,16:00,12851,12928,12838,12918,86612,57881
03/16/2006,16:00,12909,12982,12899,12965,100720,62345
03/17/2006,16:00,12956,12991,12940,12982,71289,64493
03/20/2006,16:00,12978,13011,12957,12978,75139,66390
03/21/2006,16:00,12973,13034,12916,12938,124452,69085
03/22/2006,16:00,12935,13021,12924,13008,98995,71809
03/23/2006,16:00,13014,13019,12925,12978,96432,68660
03/24/2006,16:00,12969,13008,12931,12972,91645,67351
03/27/2006,16:00,12971,12987,12917,12945,62638,67550
03/28/2006,16:00,12937,12968,12825,12841,114892,65340
03/29/2006,16:00,12834,12929,12832,12888,111003,66550
03/30/2006,16:00,12886,12941,12793,12825,123840,67645
03/31/2006,16:00,12826,12871,12783,12816,86165,67346
04/03/2006,16:00,12817,12927,12813,12818,102811,70775
04/04/2006,16:00,12825,12907,12800,12887,103442,72267
04/05/2006,16:00,12890,12929,12838,12914,101157,72912
04/06/2006,16:00,12907,12928,12844,12900,94135,72502
04/07/2006,16:00,12900,12949,12784,12805,145475,74891
04/10/2006,16:00,12802,12863,12785,12829,88453,72278
04/11/2006,16:00,12841,12859,12719,12765,120423,71470
04/12/2006,16:00,12768,12814,12756,12799,80665,70904
04/13/2006,16:00,12805,12850,12770,12800,81382,72378
04/17/2006,16:00,12800,12827,12698,12750,102637,76437
04/18/2006,16:00,12750,12946,12746,12929,160713,76457
04/19/2006,16:00,12940,12985,12895,12944,115338,78802
04/20/2006,16:00,12940,13047,12931,13007,121202,77833
04/21/2006,16:00,13013,13069,12980,13014,101033,77869
04/24/2006,16:00,13012,13019,12963,13010,75872,77281
04/25/2006,16:00,13010,13032,12916,12954,110544,76846
04/26/2006,16:00,12956,13034,12946,13003,102069,78289
04/27/2006,16:00,13007,13073,12930,13043,164449,82077
04/28/2006,16:00,13030,13071,12998,13048,75480,77200
05/01/2006,16:00,13058,13081,12976,12988,103282,81465
05/02/2006,16:00,12998,13080,12996,13075,82099,81106
05/03/2006,16:00,13073,13078,13009,13055,82987,79386
05/04/2006,16:00,13052,13113,13041,13087,69631,82277
05/05/2006,16:00,13086,13235,13084,13217,96197,82277
05/08/2006,16:00,13217,13252,13213,13227,52617,82277
05/09/2006,16:00,13227,13292,13213,13286,50494,82277
05/10/2006,16:00,13284,13323,13249,13300,88584,82277
05/11/2006,16:00,13290,13316,13128,13165,126731,89084
05/12/2006,16:00,13167,13173,13022,13029,140028,90331
05/15/2006,16:00,13010,13080,12953,13070,133937,96383
05/16/2006,16:00,13069,13109,13032,13062,104584,90604
05/17/2006,16:00,13064,13103,12819,12825,195005,83333
05/18/2006,16:00,12834,12896,12757,12770,135804,81057
05/19/2006,16:00,12776,12829,12717,12801,187065,84304
05/22/2006,16:00,12816,12825,12680,12753,160585,85465
05/23/2006,16:00,12758,12847,12651,12691,127241,86691
05/24/2006,16:00,12654,12805,12643,12760,218398,88862
05/25/2006,16:00,12766,12864,12733,12852,107602,88619
05/26/2006,16:00,12850,12932,12846,12923,75309,88963
05/30/2006,16:00,12905,12915,12721,12725,115947,87315
05/31/2006,16:00,12725,12818,12691,12809,112765,88177
06/01/2006,16:00,12814,12903,12759,12877,88192,89163
06/02/2006,16:00,12876,12943,12820,12874,107900,88606
06/05/2006,16:00,12867,12869,12673,12704,108778,86785
06/06/2006,16:00,12713,12741,12552,12634,171655,88450
06/07/2006,16:00,12641,12701,12537,12549,126317,87699
06/08/2006,16:00,12551,12588,12372,12526,179726,16573
06/09/2006,16:00,12534,12597,12488,12504,113501,23406
06/12/2006,16:00,12496,12555,12400,12414,139779,40831
06/13/2006,16:00,12417,12488,12309,12315,221541,59754
06/14/2006,16:00,12314,12456,12278,12442,180272,70253
06/15/2006,16:00,12459,12659,12449,12647,153880,77053
06/16/2006,16:00,12640,12669,12600,12626,99952,82923
06/19/2006,16:00,12626,12675,12523,12546,121992,87577
06/20/2006,16:00,12558,12652,12540,12613,110595,84520
06/21/2006,16:00,12610,12748,12587,12693,114720,85683
06/22/2006,16:00,12697,12730,12600,12639,102418,85635
06/23/2006,16:00,12642,12691,12585,12612,105214,84858
06/26/2006,16:00,12612,12670,12585,12665,69357,85059
06/27/2006,16:00,12664,12676,12529,12546,107807,84131
06/28/2006,16:00,12552,12598,12508,12596,78966,81644
06/29/2006,16:00,12596,12804,12589,12798,131244,86923
06/30/2006,16:00,12793,12848,12769,12785,68306,85939
07/03/2006,16:00,12796,12833,12786,12827,21497,86807
07/05/2006,16:00,12806,12823,12719,12752,73468,88092
07/06/2006,16:00,12750,12861,12743,12827,83488,88605
07/07/2006,16:00,12826,12877,12666,12697,119867,89348
07/10/2006,16:00,12703,12778,12686,12714,93912,87279
07/11/2006,16:00,12701,12751,12626,12747,113043,87780
07/12/2006,16:00,12751,12762,12587,12621,123198,87075
07/13/2006,16:00,12623,12638,12412,12424,169220,90598
07/14/2006,16:00,12398,12453,12289,12321,151185,92347
07/17/2006,16:00,12320,12388,12260,12335,122845,93218
07/18/2006,16:00,12335,12411,12268,12404,165477,94585
07/19/2006,16:00,12398,12625,12364,12586,175664,92928
07/20/2006,16:00,12592,12622,12501,12516,125574,90457
07/21/2006,16:00,12537,12564,12416,12444,136054,89029
07/24/2006,16:00,12443,12648,12430,12640,117064,91601
07/25/2006,16:00,12643,12714,12576,12665,141718,94968
07/26/2006,16:00,12660,12734,12623,12676,117502,96386
07/27/2006,16:00,12672,12763,12660,12707,124594,95288
07/28/2006,16:00,12700,12817,12692,12792,103978,95191
07/31/2006,16:00,12784,12789,12745,12768,69014,93829
08/01/2006,16:00,12768,12775,12650,12702,92247,94905
08/02/2006,16:00,12705,12794,12695,12773,86985,98320
08/03/2006,16:00,12771,12839,12698,12830,92477,100845
08/04/2006,16:00,12827,12913,12749,12816,82637,97277
08/07/2006,16:00,12812,12822,12754,12805,69337,98007
08/08/2006,16:00,12803,12845,12702,12745,112954,96559
08/09/2006,16:00,12763,12815,12632,12654,112317,97820
08/10/2006,16:00,12658,12713,12584,12688,118780,98214
08/11/2006,16:00,12682,12698,12610,12658,74662,96541
08/14/2006,16:00,12696,12772,12643,12671,89616,99867
08/15/2006,16:00,12673,12803,12671,12786,91646,99545
08/16/2006,16:00,12782,12907,12775,12890,84816,102026
08/17/2006,16:00,12888,12937,12869,12894,78770,102220
08/18/2006,16:00,12898,12956,12880,12947,75604,103476
08/21/2006,16:00,12942,12947,12882,12924,60956,103425
08/22/2006,16:00,12919,12948,12860,12896,83880,104020
08/23/2006,16:00,12897,12930,12820,12872,90709,104359
08/24/2006,16:00,12862,12899,12829,12839,70271,103519
08/25/2006,16:00,12845,12878,12814,12846,58172,102778
08/28/2006,16:00,12850,12948,12824,12901,71667,104299
08/29/2006,16:00,12901,12935,12849,12910,92137,101657
08/30/2006,16:00,12908,12956,12902,12928,68806,102668
08/31/2006,16:00,12930,12961,12909,12929,52536,102280
09/01/2006,16:00,12935,13027,12930,13010,69913,105530
09/05/2006,16:00,13037,13039,12984,13016,74920,105765
09/06/2006,16:00,13012,13012,12938,12953,83015,104457
09/07/2006,16:00,12950,12953,12861,12890,69885,94616
09/08/2006,16:00,12898,12944,12885,12922,70367,38997
09/11/2006,16:00,12923,12961,12866,12934,103841,54319
09/12/2006,16:00,12933,13052,12908,13036,122479,75219
09/13/2006,16:00,13037,13114,13012,13079,105919,90101
09/14/2006,16:00,13076,13092,13036,13078,89746,93848
09/15/2006,16:00,13077,13154,13065,13111,90658,94854
09/18/2006,16:00,13101,13132,13065,13100,84531,97682
09/19/2006,16:00,13091,13113,13015,13076,112138,97207
09/20/2006,16:00,13082,13164,13073,13148,94369,99201
09/21/2006,16:00,13149,13180,13034,13074,121898,99174
09/22/2006,16:00,13071,13086,13004,13044,80030,99240
09/25/2006,16:00,13049,13149,13013,13099,122106,105407
09/26/2006,16:00,13096,13203,13077,13199,112735,107987
09/27/2006,16:00,13190,13242,13174,13225,109480,109830
09/28/2006,16:00,13221,13248,13178,13220,87665,112077
09/29/2006,16:00,13222,13259,13188,13200,75832,113247
10/02/2006,16:00,13193,13245,13172,13186,80899,114757
10/03/2006,16:00,13186,13274,13164,13241,87993,118342
10/04/2006,16:00,13237,13366,13217,13357,127219,123449
10/05/2006,16:00,13357,13389,13338,13377,87491,125674
10/06/2006,16:00,13377,13387,13317,13369,98752,126617
10/09/2006,16:00,13366,13393,13328,13380,52130,127571
10/10/2006,16:00,13375,13392,13342,13370,82043,129435
10/11/2006,16:00,13354,13387,13300,13370,106193,129035
10/12/2006,16:00,13369,13467,13367,13457,80103,131272
10/13/2006,16:00,13457,13474,13412,13471,67366,132115
10/16/2006,16:00,13467,13501,13447,13483,57399,130677
10/17/2006,16:00,13477,13482,13388,13465,101687,129717
10/18/2006,16:00,13479,13550,13448,13491,139151,131830
10/19/2006,16:00,13481,13530,13465,13510,100569,132177
10/20/2006,16:00,13510,13528,13450,13499,80144,133056
10/23/2006,16:00,13509,13622,13477,13594,122710,137259
10/24/2006,16:00,13581,13632,13578,13627,90549,136282
10/25/2006,16:00,13621,13646,13569,13640,114294,133827
10/26/2006,16:00,13638,13672,13583,13640,101425,134367
10/27/2006,16:00,13640,13641,13561,13588,107960,131417
10/30/2006,16:00,13583,13604,13532,13573,93723,131569
10/31/2006,16:00,13571,13597,13504,13570,133934,131302
11/01/2006,16:00,13567,13608,13485,13514,144990,130331
11/02/2006,16:00,13514,13539,13459,13487,105017,127673
11/03/2006,16:00,13488,13549,13442,13459,121674,126075
11/06/2006,16:00,13464,13599,13455,13584,105302,131283
11/07/2006,16:00,13583,13672,13572,13639,120727,130679
11/08/2006,16:00,13633,13671,13574,13659,141008,128725
11/09/2006,16:00,13663,13669,13566,13592,124981,125600
11/10/2006,16:00,13592,13606,13550,13584,86602,125452
11/13/2006,16:00,13589,13655,13568,13610,90784,126770
11/14/2006,16:00,13612,13717,13568,13705,143032,129905
11/15/2006,16:00,13708,13778,13691,13739,107250,128349
11/16/2006,16:00,13728,13809,13725,13801,108489,129078
11/17/2006,16:00,13789,13827,13761,13819,86101,130453
11/20/2006,16:00,13819,13836,13782,13803,100902,130617
11/21/2006,16:00,13798,13818,13773,13798,69652,128426
11/22/2006,16:00,13799,13835,13776,13805,58606,125117
11/24/2006,16:00,13798,13798,13731,13752,35172,123968
11/27/2006,16:00,13741,13774,13585,13588,143204,121265
11/28/2006,16:00,13588,13624,13545,13604,140071,119982
11/29/2006,16:00,13616,13713,13613,13704,126911,118031
11/30/2006,16:00,13707,13749,13632,13698,160216,117172
12/01/2006,16:00,13694,13724,13557,13675,174965,120048
12/04/2006,16:00,13663,13780,13657,13748,120020,120048
12/05/2006,16:00,13750,13803,13739,13799,114428,120048
12/06/2006,16:00,13798,13804,13759,13777,9793,6456
12/07/2006,16:00,13768,13829,13725,13737,88864,17692
12/08/2006,16:00,13737,13796,13699,13759,123284,25447
12/11/2006,16:00,13761,13812,13759,13793,79778,42956
12/12/2006,16:00,13793,13798,13708,13775,128885,63884
12/13/2006,16:00,13770,13825,13756,13786,121316,88977
12/14/2006,16:00,13782,13890,13768,13872,135280,103391
12/15/2006,16:00,13878,13940,13866,13898,83926,103126
12/18/2006,16:00,13899,13942,13880,13899,81610,102354
12/19/2006,16:00,13902,13940,13845,13914,102497,105078
12/20/2006,16:00,13918,13943,13897,13907,62354,105113
12/21/2006,16:00,13913,13938,13837,13864,86465,103608
12/22/2006,16:00,13870,13885,13774,13781,70156,99086
12/26/2006,16:00,13790,13864,13778,13857,33604,99630
12/27/2006,16:00,13858,13958,13854,13950,55540,102094
12/28/2006,16:00,13948,13971,13914,13937,58876,102273
12/29/2006,16:00,13937,13963,13888,13902,40896,102697
01/02/2007,16:00,13903,13982,13902,13902,2350,102903
01/03/2007,16:00,13970,14015,13834,13893,144144,105768
01/04/2007,16:00,13904,13939,13831,13912,120680,105571
01/05/2007,16:00,13917,13920,13792,13813,126571,106556
01/08/2007,16:00,13823,13877,13768,13855,121633,106819
01/09/2007,16:00,13862,13898,13799,13846,128989,107673
01/10/2007,16:00,13852,13908,13780,13871,116053,108453
01/11/2007,16:00,13885,13965,13844,13929,95980,111132
01/12/2007,16:00,13930,13994,13908,13989,62695,111169
01/16/2007,16:00,14003,14017,13955,13991,86983,113099
01/17/2007,16:00,13984,14031,13964,14002,113493,112015
01/18/2007,16:00,13991,14028,13945,13966,127866,115003
01/19/2007,16:00,13951,13998,13939,13973,96213,114871
01/22/2007,16:00,13976,13990,13858,13897,126151,118484
01/23/2007,16:00,13901,13963,13874,13955,105106,118812
01/24/2007,16:00,13959,14037,13949,14024,102992,120429
01/25/2007,16:00,14032,14033,13890,13904,120825,118766
01/26/2007,16:00,13907,13938,13827,13886,133697,121727
01/29/2007,16:00,13884,13940,13859,13888,102666,120223
01/30/2007,16:00,13890,13935,13874,13923,92871,120104
01/31/2007,16:00,13928,14052,13877,14023,133230,125821
02/01/2007,16:00,14020,14089,14018,14074,99375,125596
02/02/2007,16:00,14077,14099,14031,14052,74283,124086
02/05/2007,16:00,14040,14073,14023,14066,65820,124751
02/06/2007,16:00,14060,14079,14024,14060,72827,123558
02/07/2007,16:00,14063,14097,14022,14073,94045,123699
02/08/2007,16:00,14069,14070,13965,14035,116091,125244
02/09/2007,16:00,14033,14066,13934,13977,121535,127004
02/12/2007,16:00,13967,13995,13924,13947,82312,126701
02/13/2007,16:00,13949,14052,13949,14049,96083,127673
02/14/2007,16:00,14048,14148,14045,14128,88620,131701
02/15/2007,16:00,14127,14166,14123,14150,80585,134247
02/16/2007,16:00,14142,14156,14127,14150,55326,135268
02/20/2007,16:00,14153,14179,14085,14159,91004,139672
02/21/2007,16:00,14158,14165,14086,14121,99489,136143
02/22/2007,16:00,14118,14145,14029,14067,117462,133719
02/23/2007,16:00,14064,14071,14013,14027,87613,135005
02/26/2007,16:00,14033,14082,13992,14017,103506,134660
02/27/2007,16:00,14020,14025,13465,13543,320713,143918
02/28/2007,16:00,13538,13720,13526,13637,245661,139319
03/01/2007,16:00,13629,13676,13429,13615,268622,142105
03/02/2007,16:00,13626,13657,13464,13471,185717,137489
03/05/2007,16:00,13438,13559,13333,13399,227269,133795
03/06/2007,16:00,13425,13592,13425,13578,158383,134227
03/07/2007,16:00,13581,13621,13541,13564,128422,134628
03/08/2007,16:00,13557,13668,13557,13643,83099,15669
03/09/2007,16:00,13649,13707,13589,13651,131312,19462
03/12/2007,16:00,13656,13710,13606,13678,120811,39960
03/13/2007,16:00,13671,13681,13439,13456,213804,52157
03/14/2007,16:00,13453,13523,13302,13516,298982,60305
03/15/2007,16:00,13529,13552,13465,13523,153705,69971
03/16/2007,16:00,13507,13551,13443,13478,123462,71221
03/19/2007,16:00,13463,13601,13457,13596,110471,69371
03/20/2007,16:00,13594,13654,13570,13652,101317,71119
03/21/2007,16:00,13648,13837,13617,13790,155672,71991
03/22/2007,16:00,13786,13841,13763,13812,137264,71138
03/23/2007,16:00,13808,13866,13800,13834,95143,71719
03/26/2007,16:00,13828,13845,13718,13800,138429,70489
03/27/2007,16:00,13795,13802,13722,13751,111606,68531
03/28/2007,16:00,13722,13729,13596,13655,165430,69225
03/29/2007,16:00,13661,13733,13608,13683,157513,67670
03/30/2007,16:00,13689,13759,13582,13707,164297,67812
04/02/2007,16:00,13705,13732,13658,13716,116572,71095
04/03/2007,16:00,13719,13894,13714,13847,122496,76637
04/04/2007,16:00,13844,13877,13822,13862,77961,75016
04/05/2007,16:00,13861,13910,13838,13889,59733,73359
04/09/2007,16:00,13926,13935,13892,13906,58639,74096
04/10/2007,16:00,13906,13926,13885,13899,70939,74025
04/11/2007,16:00,13901,13917,13782,13821,143884,75914
04/12/2007,16:00,13821,13886,13754,13871,124997,75604
04/13/2007,16:00,13873,13952,13854,13940,109718,77662
04/16/2007,16:00,13950,14056,13943,14036,94817,79665
04/17/2007,16:00,14031,14114,14003,14093,128878,85487
04/18/2007,16:00,14076,14156,14049,14125,126502,87957
04/19/2007,16:00,14118,14146,14033,14138,132715,92269
04/20/2007,16:00,14143,14298,14134,14286,126259,102273
04/23/2007,16:00,14287,14307,14232,14241,95435,101582
04/24/2007,16:00,14251,14304,14215,14274,134108,102339
04/25/2007,16:00,14280,14420,14257,14387,149103,107444
04/26/2007,16:00,14392,14440,14379,14436,111092,109045
04/27/2007,16:00,14429,14455,14380,14442,119591,112046
04/30/2007,16:00,14437,14468,14369,14383,116643,113490
05/01/2007,16:00,14380,14447,14345,14445,150755,117926
05/02/2007,16:00,14445,14557,14441,14515,116514,119881
05/03/2007,16:00,14514,14557,14497,14545,115323,120608
05/04/2007,16:00,14542,14617,14528,14586,120681,122511
05/07/2007,16:00,14580,14617,14572,14607,69162,124389
05/08/2007,16:00,14602,14623,14537,14613,102340,126581
05/09/2007,16:00,14608,14674,14585,14651,117308,127436
05/10/2007,16:00,14643,14647,14513,14536,155410,124809
05/11/2007,16:00,14533,14652,14502,14646,123838,125146
05/14/2007,16:00,14648,14688,14599,14655,127911,126933
05/15/2007,16:00,14645,14784,14614,14705,233797,134839
05/16/2007,16:00,14699,14799,14669,14797,159517,135289
05/17/2007,16:00,14789,14821,14753,14773,125865,132190
05/18/2007,16:00,14773,14869,14762,14866,117407,134555
05/21/2007,16:00,14863,14889,14822,14838,110894,133988
05/22/2007,16:00,14829,14885,14821,14826,109781,133830
05/23/2007,16:00,14827,14902,14798,14825,139603,132817
05/24/2007,16:00,14823,14920,14716,14747,232986,132240
05/25/2007,16:00,14745,14806,14739,14794,100832,133326
05/29/2007,16:00,14801,14862,14755,14825,129611,131948
05/30/2007,16:00,14820,14930,14737,14923,172862,136158
05/31/2007,16:00,14924,14962,14898,14917,114399,132069
06/01/2007,16:00,14920,14975,14905,14956,111901,129144
06/04/2007,16:00,14937,14969,14901,14945,89027,128867
06/05/2007,16:00,14939,14956,14828,14882,154949,128067
06/06/2007,16:00,14884,14897,14711,14728,162241,125257
06/07/2007,16:00,14728,14783,14514,14528,114378,116967
06/08/2007,16:00,14525,14711,14463,14693,166033,31278
06/11/2007,16:00,14690,14752,14651,14704,133008,46689
06/12/2007,16:00,14697,14721,14543,14569,198077,57887
06/13/2007,16:00,14550,14763,14543,14753,165606,64144
06/14/2007,16:00,14748,14855,14743,14836,142971,68883
06/15/2007,16:00,14836,14961,14830,14901,112021,72108
06/18/2007,16:00,14899,14948,14860,14878,90041,72952
06/19/2007,16:00,14872,14920,14841,14903,111650,76224
06/20/2007,16:00,14897,14960,14740,14756,183492,78709
06/21/2007,16:00,14760,14826,14655,14808,215822,80450
06/22/2007,16:00,14795,14812,14619,14654,196743,80844
06/25/2007,16:00,14647,14742,14549,14627,194972,85080
06/26/2007,16:00,14630,14706,14541,14544,218339,87999
06/27/2007,16:00,14551,14680,14499,14668,179437,82705
06/28/2007,16:00,14668,14741,14640,14665,140516,80913
06/29/2007,16:00,14669,14765,14550,14665,180432,82356
07/02/2007,16:00,14669,14785,14658,14775,107816,80763
07/03/2007,16:00,14783,14830,14777,14813,52140,80065
07/05/2007,16:00,14822,14846,14748,14798,94744,79394
07/06/2007,16:00,14804,14873,14776,14856,102344,80939
07/09/2007,16:00,14856,14908,14852,14888,103409,82256
07/10/2007,16:00,14887,14896,14722,14733,169390,82627
07/11/2007,16:00,14733,14840,14688,14825,166365,83993
07/12/2007,16:00,14837,15098,14820,15068,157637,89513
07/13/2007,16:00,15073,15160,15055,15121,104652,90145
07/16/2007,16:00,15121,15214,15097,15177,119948,94755
07/17/2007,16:00,15181,15245,15150,15198,132204,98782
07/18/2007,16:00,15146,15193,15048,15151,202879,92112
07/19/2007,16:00,15174,15237,15164,15209,126070,90734
07/20/2007,16:00,15186,15225,15019,15086,196251,92753
07/23/2007,16:00,15092,15193,15078,15159,116845,92933
07/24/2007,16:00,15148,15176,14916,14961,201447,89465
07/25/2007,16:00,14962,15034,14879,14989,232308,89122
07/26/2007,16:00,15000,15021,14532,14682,345288,89315
07/27/2007,16:00,14698,14743,14421,14432,277963,97350
07/30/2007,16:00,14435,14596,14401,14559,219367,92496
07/31/2007,16:00,14561,14694,14375,14423,250975,91523
08/01/2007,16:00,14391,14588,14259,14552,344494,98906
08/02/2007,16:00,14573,14702,14510,14675,228628,95230
08/03/2007,16:00,14674,14691,14357,14414,267711,97657
08/06/2007,16:00,14391,14661,14351,14619,273405,103386
08/07/2007,16:00,14618,14798,14534,14696,275076,103436
08/08/2007,16:00,14710,14888,14680,14853,253110,99410
08/09/2007,16:00,14853,14858,14465,14475,348652,99903
08/10/2007,16:00,14457,14514,14255,14385,365541,101837
08/13/2007,16:00,14423,14531,14398,14403,195177,100090
08/14/2007,16:00,14398,14461,14208,14237,245430,100601
08/15/2007,16:00,14215,14307,14028,14069,293306,102959
08/16/2007,16:00,14046,14124,13703,14092,409969,110441
08/17/2007,16:00,14099,14398,13895,14253,284709,104407
08/20/2007,16:00,14217,14368,14171,14297,189031,97754
08/21/2007,16:00,14270,14372,14226,14265,182553,94894
08/22/2007,16:00,14264,14433,14264,14423,147460,96399
08/23/2007,16:00,14450,14527,14350,14409,131125,95148
08/24/2007,16:00,14396,14566,14364,14555,116257,94566
08/27/2007,16:00,14549,14567,14484,14500,112736,91799
08/28/2007,16:00,14499,14501,14217,14243,166064,96025
08/29/2007,16:00,14239,14473,14212,14459,161960,94557
08/30/2007,16:00,14466,14488,14353,14427,188756,95812
08/31/2007,16:00,14438,14602,14424,14512,159208,99706
09/04/2007,16:00,14511,14663,14459,14604,137730,97858
09/05/2007,16:00,14593,14599,14415,14491,174005,96129
09/06/2007,16:00,14480,14565,14441,14526,143458,97451
09/07/2007,16:00,14516,14520,14245,14314,206605,95433
09/10/2007,16:00,14297,14370,14183,14306,194134,92950
09/11/2007,16:00,14301,14487,14290,14469,163574,90574
09/12/2007,16:00,14455,14522,14420,14478,148249,91572
09/13/2007,16:00,14472,14630,14450,14585,91601,18394
09/14/2007,16:00,14554,14618,14483,14600,128894,27618
09/17/2007,16:00,14590,14605,14514,14552,130055,42820
09/18/2007,16:00,14552,14896,14521,14884,193840,57910
09/19/2007,16:00,14895,15011,14879,14947,137246,63626
09/20/2007,16:00,14937,14967,14886,14904,148459,73303
09/21/2007,16:00,14898,15018,14894,14950,96902,73467
09/24/2007,16:00,14945,15012,14890,14911,131784,74981
09/25/2007,16:00,14886,14934,14831,14917,141581,77604
09/26/2007,16:00,14919,15048,14919,15007,151662,75534
09/27/2007,16:00,15013,15085,15001,15054,124648,78628
09/28/2007,16:00,15041,15057,14981,15043,126582,82131
10/01/2007,16:00,15030,15247,15012,15206,164099,88574
10/02/2007,16:00,15201,15240,15141,15155,124265,87096
10/03/2007,16:00,15155,15165,15073,15101,131584,90300
10/04/2007,16:00,15106,15139,15075,15090,87204,90779
10/05/2007,16:00,15078,15253,15074,15205,137314,93418
10/08/2007,16:00,15196,15213,15135,15161,68308,91719
10/09/2007,16:00,15168,15297,15144,15286,126670,95249
10/10/2007,16:00,15277,15283,15125,15191,147329,92762
10/11/2007,16:00,15193,15316,15064,15135,223193,94180
10/12/2007,16:00,15125,15242,15087,15228,141927,95040
10/15/2007,16:00,15232,15254,15016,15115,177237,97375
10/16/2007,16:00,15113,15134,14986,15021,175258,97378
10/17/2007,16:00,15061,15127,14880,15016,215865,102130
10/18/2007,16:00,15012,15033,14927,14989,142182,104934
10/19/2007,16:00,15006,15006,14570,14609,274198,110352
10/22/2007,16:00,14581,14686,14461,14659,239618,107537
10/23/2007,16:00,14688,14776,14633,14756,181589,107492
10/24/2007,16:00,14724,14782,14554,14755,272458,108889
10/25/2007,16:00,14778,14825,14631,14788,225195,108628
10/26/2007,16:00,14797,14923,14759,14897,151787,108238
10/29/2007,16:00,14904,14981,14904,14956,104263,108052
10/30/2007,16:00,14949,14949,14857,14871,103311,107554
10/31/2007,16:00,14861,15043,14841,14985,189499,108041
11/01/2007,16:00,14989,14998,14620,14657,229033,110404
11/02/2007,16:00,14654,14734,14516,14691,271643,110534
11/05/2007,16:00,14638,14689,14516,14604,218660,106575
11/06/2007,16:00,14608,14739,14581,14726,173923,104984
11/07/2007,16:00,14711,14711,14346,14404,273390,109000
11/08/2007,16:00,14342,14479,14145,14311,351038,107196
11/09/2007,16:00,14327,14360,14062,14096,292700,109773
11/12/2007,16:00,14097,14227,14025,14039,225590,106005
11/13/2007,16:00,14035,14401,14034,14379,193962,102643
11/14/2007,16:00,14372,14472,14278,14324,205643,102475
11/15/2007,16:00,14324,14362,14134,14209,253218,100873
11/16/2007,16:00,14200,14292,14129,14239,245033,101079
11/19/2007,16:00,14263,14277,14013,14042,220530,102391
11/20/2007,16:00,14066,14182,13912,14109,294469,106204
11/21/2007,16:00,14081,14090,13858,13865,221158,102410
11/23/2007,16:00,13936,14049,13880,14035,67298,99039
11/26/2007,16:00,14054,14131,13791,13821,216599,97977
11/27/2007,16:00,13816,14067,13808,14004,268857,101290
11/28/2007,16:00,14009,14399,13955,14356,221731,107947
11/29/2007,16:00,14340,14420,14290,14382,199846,106186
11/30/2007,16:00,14390,14542,14355,14471,190983,104931
12/03/2007,16:00,14459,14481,14367,14398,135612,101525
12/04/2007,16:00,14393,14403,14304,14311,130834,99335
12/05/2007,16:00,14317,14532,14316,14505,164753,100122
12/06/2007,16:00,14550,14702,14473,14666,150535,100960
12/07/2007,16:00,14654,14739,14616,14699,116293,99494
12/10/2007,16:00,14698,14819,14654,14800,104257,99034
12/11/2007,16:00,14806,14848,14476,14499,213712,93861
12/12/2007,16:00,14520,14804,14379,14549,243546,93594
12/13/2007,16:00,14540,14586,14410,14563,121289,14234
12/14/2007,16:00,14564,14612,14387,14405,135209,23330
12/17/2007,16:00,14396,14401,14213,14234,167100,38459
12/18/2007,16:00,14262,14340,14146,14293,193764,50962
12/19/2007,16:00,14309,14350,14194,14263,161355,61211
12/20/2007,16:00,14267,14329,14198,14315,135237,64739
12/21/2007,16:00,14313,14533,14302,14515,97174,66627
12/24/2007,16:00,14505,14619,14496,14592,26137,66209
12/26/2007,16:00,14596,14616,14545,14608,36056,67480
12/27/2007,16:00,14599,14617,14391,14424,105274,67681
12/28/2007,16:00,14441,14512,14335,14392,85912,67841
12/31/2007,16:00,14388,14419,14266,14293,52819,68238
01/02/2008,16:00,14299,14341,14015,14101,166143,72783
01/03/2008,16:00,14113,14159,14043,14108,126546,71993
01/04/2008,16:00,14102,14146,13807,13852,182015,75673
01/07/2008,16:00,13853,13921,13747,13843,205987,74925
01/08/2008,16:00,13835,13923,13580,13616,243424,76560
01/09/2008,16:00,13607,13759,13515,13710,260541,76080
01/10/2008,16:00,13740,13949,13642,13809,271660,76504
01/11/2008,16:00,13800,13804,13555,13626,214656,76504
01/14/2008,16:00,13633,13799,13555,13763,128261,78875
01/15/2008,16:00,13763,13772,13489,13529,203937,78273
01/16/2008,16:00,13485,13608,13384,13455,261504,81373
01/17/2008,16:00,13451,13550,13119,13181,278649,88090
01/18/2008,16:00,13186,13349,13016,13071,287144,91476
01/22/2008,16:00,13071,13108,12421,12916,360593,94704
01/23/2008,16:00,12932,13265,12599,13237,326465,96896
01/24/2008,16:00,13236,13371,13149,13330,206704,91831
01/25/2008,16:00,13347,13455,13155,13201,203428,88409
01/28/2008,16:00,13206,13364,13048,13342,183840,87639
01/29/2008,16:00,13327,13469,13304,13436,138064,87918
01/30/2008,16:00,13436,13643,13321,13359,212282,89510
01/31/2008,16:00,13355,13663,13204,13579,248966,91023
02/01/2008,16:00,13581,13746,13554,13721,174653,88953
02/04/2008,16:00,13721,13743,13568,13577,115562,86959
02/05/2008,16:00,13580,13588,13226,13285,205151,85808
02/06/2008,16:00,13283,13357,13144,13200,168889,85856
02/07/2008,16:00,13202,13303,13065,13243,231687,88116
02/08/2008,16:00,13238,13265,13068,13142,148086,89231
02/11/2008,16:00,13126,13220,13036,13195,165462,91637
02/12/2008,16:00,13200,13436,13159,13350,195471,92824
02/13/2008,16:00,13345,13544,13296,13486,172086,90153
02/14/2008,16:00,13491,13551,13329,13359,171401,89709
02/15/2008,16:00,13355,13412,13242,13313,135500,90669
02/19/2008,16:00,13312,13484,13271,13355,177170,92019
02/20/2008,16:00,13352,13433,13193,13394,214605,92386
02/21/2008,16:00,13393,13473,13219,13286,192848,96087
02/22/2008,16:00,13282,13381,13126,13359,203909,95279
02/25/2008,16:00,13359,13560,13310,13522,212902,95249
02/26/2008,16:00,13525,13706,13475,13660,196936,97102
02/27/2008,16:00,13656,13727,13573,13657,168468,98573
02/28/2008,16:00,13655,13662,13506,13542,153249,95208
02/29/2008,16:00,13540,13548,13193,13272,194711,99968
03/03/2008,16:00,13244,13250,13127,13217,176886,103330
03/04/2008,16:00,13225,13256,12997,13187,244269,98200
03/05/2008,16:00,13188,13320,13114,13241,217997,103486
03/06/2008,16:00,13240,13300,12988,13035,209087,96970
03/07/2008,16:00,13034,13092,12785,12856,260089,97596
03/10/2008,16:00,12855,12908,12700,12744,210982,96720
03/11/2008,16:00,12747,13157,12718,13155,241922,97914
03/12/2008,16:00,13150,13275,13067,13089,195881,93859
03/13/2008,16:00,13090,13190,12847,13111,192457,22874
03/14/2008,16:00,13103,13260,12774,12944,300370,36541
03/17/2008,16:00,12936,13100,12631,12957,320186,57285
03/18/2008,16:00,12957,13369,12948,13365,216700,63594
03/19/2008,16:00,13350,13424,13037,13079,247470,72101
03/20/2008,16:00,13077,13339,13006,13288,182539,69883
03/24/2008,16:00,13290,13580,13277,13500,134989,70659
03/25/2008,16:00,13499,13566,13405,13475,155382,68166
03/26/2008,16:00,13474,13476,13332,13343,142755,68415
03/27/2008,16:00,13338,13443,13247,13281,183106,70512
03/28/2008,16:00,13283,13360,13151,13196,137878,72087
03/31/2008,16:00,13189,13285,13118,13217,142795,75135
04/01/2008,16:00,13211,13615,13155,13587,184028,79983
04/02/2008,16:00,13585,13653,13511,13579,165630,79442
04/03/2008,16:00,13579,13632,13488,13597,142305,81167
04/04/2008,16:00,13598,13724,13484,13570,168477,81858
04/07/2008,16:00,13569,13691,13540,13562,130948,80807
04/08/2008,16:00,13564,13577,13487,13570,117680,80152
04/09/2008,16:00,13569,13612,13423,13532,147363,84467
04/10/2008,16:00,13525,13608,13457,13560,141240,84738
04/11/2008,16:00,13556,13599,13256,13299,152474,90057
04/14/2008,16:00,13294,13323,13222,13276,121731,88370
04/15/2008,16:00,13274,13342,13224,13314,130639,91137
04/16/2008,16:00,13347,13624,13322,13614,151550,92778
04/17/2008,16:00,13616,13629,13522,13618,137857,91030
04/18/2008,16:00,13620,13857,13601,13770,138229,92492
04/21/2008,16:00,13778,13822,13712,13768,97311,92614
04/22/2008,16:00,13763,13797,13613,13696,138782,92343
04/23/2008,16:00,13699,13794,13645,13708,141420,92272
04/24/2008,16:00,13710,13901,13633,13791,186017,97885
04/25/2008,16:00,13801,13874,13698,13835,149565,97196
04/28/2008,16:00,13840,13892,13805,13839,97007,98576
04/29/2008,16:00,13839,13845,13756,13786,112014,98617
04/30/2008,16:00,13768,13968,13744,13767,180173,100397
05/01/2008,16:00,13766,13977,13741,13961,154452,105318
05/02/2008,16:00,13953,14093,13926,14020,172966,99253
05/05/2008,16:00,14003,14020,13886,13927,106581,98063
05/06/2008,16:00,13930,13997,13811,13988,148183,100586
05/07/2008,16:00,13989,14009,13747,13796,158681,99738
05/08/2008,16:00,13788,13860,13745,13784,149516,97602
05/09/2008,16:00,13777,13780,13665,13704,129858,98971
05/12/2008,16:00,13700,13857,13690,13824,123605,99473
05/13/2008,16:00,13819,13875,13735,13786,131238,102254
05/14/2008,16:00,13785,13954,13742,13839,149877,105852
05/15/2008,16:00,13836,13962,13818,13956,140233,104500
05/16/2008,16:00,13955,13993,13852,13943,140721,103253
05/19/2008,16:00,13946,14100,13922,14005,158435,106751
05/20/2008,16:00,14001,14007,13735,13810,184955,107102
05/21/2008,16:00,13805,13840,13531,13579,205165,108294
05/22/2008,16:00,13586,13633,13552,13576,146081,109076
05/23/2008,16:00,13576,13586,13420,13431,38615,105601
05/27/2008,16:00,13440,13532,13398,13513,138034,106770
05/28/2008,16:00,13513,13574,13452,13559,145747,109610
05/29/2008,16:00,13548,13686,13509,13584,152201,110841
05/30/2008,16:00,13583,13647,13545,13597,104224,109574
06/02/2008,16:00,13587,13592,13381,13466,153244,111534
06/03/2008,16:00,13462,13511,13299,13364,191360,112387
06/04/2008,16:00,13360,13462,13303,13364,201647,111580
06/05/2008,16:00,13354,13580,13340,13578,188112,110699
06/06/2008,16:00,13580,13620,13147,13174,262726,111350
06/09/2008,16:00,13169,13294,13157,13255,204112,107415
06/10/2008,16:00,13246,13332,13132,13236,188858,105583
06/11/2008,16:00,13237,13293,13046,13059,210976,100975
06/12/2008,16:00,13057,13233,13041,13115,130619,26415
06/13/2008,16:00,13112,13281,13073,13259,154833,44606
06/16/2008,16:00,13257,13292,13170,13219,132975,61676
06/17/2008,16:00,13217,13310,13105,13130,165972,76937
06/18/2008,16:00,13133,13154,12950,12985,207653,87765
06/19/2008,16:00,12980,13072,12934,13001,195257,89587
06/20/2008,16:00,13001,13011,12773,12801,199160,90968
06/23/2008,16:00,12808,12869,12766,12788,132271,91388
06/24/2008,16:00,12786,12859,12677,12770,185083,94084
06/25/2008,16:00,12763,12854,12758,12830,191287,95230
06/26/2008,16:00,12727,12759,12402,12419,256099,96558
06/27/2008,16:00,12422,12469,12241,12314,216427,96915
06/30/2008,16:00,12322,12383,12231,12296,184154,94544
07/01/2008,16:00,12312,12354,12124,12336,317850,96172
07/02/2008,16:00,12335,12395,12149,12168,218435,97435
07/03/2008,16:00,12169,12280,12095,12245,170223,99791
07/04/2008,16:00,12247,12260,12192,12245,3528,99791
07/07/2008,16:00,12198,12341,12061,12162,255697,100521
07/08/2008,16:00,12166,12340,12039,12332,255264,101151
07/09/2008,16:00,12328,12368,12087,12106,214547,103332
07/10/2008,16:00,12110,12217,12030,12174,281984,103838
07/11/2008,16:00,12182,12237,11919,12053,306282,106032
07/14/2008,16:00,12047,12200,11945,11992,240231,107779
07/15/2008,16:00,11992,12069,11769,11875,327942,113750
07/16/2008,16:00,11878,12189,11808,12163,243946,115714
07/17/2008,16:00,12152,12400,12135,12358,272262,115844
07/18/2008,16:00,12333,12467,12261,12458,171112,115245
07/21/2008,16:00,12443,12521,12365,12422,146793,117122
07/22/2008,16:00,12384,12560,12294,12521,181783,111391
07/23/2008,16:00,12523,12639,12499,12570,194513,109329
07/24/2008,16:00,12567,12587,12287,12308,177336,109561
07/25/2008,16:00,12307,12384,12262,12273,164276,110837
07/28/2008,16:00,12289,12304,12063,12093,160912,111444
07/29/2008,16:00,12086,12336,12058,12330,183376,111690
07/30/2008,16:00,12332,12541,12316,12537,219961,113299
07/31/2008,16:00,12537,12558,12298,12316,213191,114429
08/01/2008,16:00,12311,12395,12200,12263,208379,111593
08/04/2008,16:00,12267,12319,12154,12228,167369,111912
08/05/2008,16:00,12231,12556,12216,12542,205838,113207
08/06/2008,16:00,12536,12629,12464,12588,185946,114959
08/07/2008,16:00,12585,12586,12358,12396,199899,114320
08/08/2008,16:00,12397,12705,12336,12644,232676,120432
08/11/2008,16:00,12643,12810,12612,12726,204240,116342
08/12/2008,16:00,12717,12741,12543,12602,201006,114152
08/13/2008,16:00,12600,12618,12400,12479,238278,111235
08/14/2008,16:00,12481,12669,12401,12575,241363,111253
08/15/2008,16:00,12577,12664,12552,12620,188806,114887
08/18/2008,16:00,12618,12670,12383,12456,207511,119758
08/19/2008,16:00,12458,12466,12269,12313,189808,118232
08/20/2008,16:00,12309,12409,12243,12363,204656,115995
08/21/2008,16:00,12363,12432,12261,12365,177149,116210
08/22/2008,16:00,12362,12593,12331,12574,175352,114803
08/25/2008,16:00,12574,12584,12313,12341,197177,115302
08/26/2008,16:00,12343,12393,12297,12369,157593,113222
08/27/2008,16:00,12369,12509,12323,12454,168640,110090
08/28/2008,16:00,12453,12668,12400,12652,175863,112542
08/29/2008,16:00,12651,12655,12484,12498,146389,108862
09/02/2008,16:00,12504,12750,12423,12471,244074,111132
09/03/2008,16:00,12471,12520,12377,12498,208357,110218
09/04/2008,16:00,12501,12511,12139,12157,259982,116693
09/05/2008,16:00,12158,12204,11997,12184,256680,110782
09/08/2008,16:00,12297,12536,12271,12462,291507,109897
09/09/2008,16:00,12459,12540,12182,12204,280639,108233
09/10/2008,16:00,12198,12340,12146,12248,252681,105629
09/11/2008,16:00,12238,12423,12057,12411,169011,26319
09/12/2008,16:00,12419,12450,12237,12415,232608,36558
09/15/2008,16:00,12233,12249,11899,11913,359710,53846
09/16/2008,16:00,11905,12052,11689,12009,414788,69692
09/17/2008,16:00,12014,12107,11554,11628,390399,80885
09/18/2008,16:00,11637,12053,11432,11949,459682,81750
09/19/2008,16:00,11951,12575,11925,12323,284875,87872
09/22/2008,16:00,12290,12356,11961,12027,211362,87467
09/23/2008,16:00,12027,12109,11795,11818,237879,87847
09/24/2008,16:00,11824,12004,11714,11824,207304,86908
09/25/2008,16:00,11818,12095,11764,11982,234337,88973
09/26/2008,16:00,11972,12141,11764,12111,193261,86152
09/29/2008,16:00,12145,12163,11372,11438,347094,92116
09/30/2008,16:00,11419,11852,11388,11825,203608,91382
10/01/2008,16:00,11790,11867,11615,11851,208618,89670
10/02/2008,16:00,11844,11904,11432,11521,216407,94853
10/03/2008,16:00,11523,11791,11295,11328,279607,95545
10/06/2008,16:00,11302,11302,10511,10928,353993,96354
10/07/2008,16:00,10930,11110,10421,10502,319190,96805
10/08/2008,16:00,10493,10769,10105,10165,425057,102556
10/09/2008,16:00,10153,10432,9503,9562,341994,99829
10/10/2008,16:00,9558,9873,8842,9334,507094,104070
10/13/2008,16:00,9453,10482,9453,10472,275477,103215
10/14/2008,16:00,10432,10862,10049,10326,367541,51191
10/15/2008,16:00,10338,10369,9418,9468,306168,98654
10/16/2008,16:00,9475,9970,9154,9930,461879,103443
10/17/2008,16:00,9940,10248,9618,9735,312142,97954
10/20/2008,16:00,9765,10288,9664,10281,236491,96172
10/21/2008,16:00,10276,10291,9951,9999,235142,94742
10/22/2008,16:00,10004,10078,9272,9521,269164,96785
10/23/2008,16:00,9534,9748,9177,9738,378311,98782
10/24/2008,16:00,9730,9742,8944,9225,321988,100325
10/27/2008,16:00,9218,9544,8913,8975,295869,107130
10/28/2008,16:00,8987,10074,8921,10053,335774,107279
10/29/2008,16:00,10047,10313,9808,9818,324007,109814
10/30/2008,16:00,9840,10210,9837,10190,292272,108783
10/31/2008,16:00,10180,10392,9999,10262,255900,107249
11/03/2008,16:00,10259,10385,10189,10296,142558,105561
11/04/2008,16:00,10295,10590,10254,10551,174669,106088
11/05/2008,16:00,10544,10599,10045,10139,219842,106565
11/06/2008,16:00,10133,10145,9575,9664,271605,108810
11/07/2008,16:00,9642,9966,9623,9960,228776,104701
11/10/2008,16:00,9986,10174,9697,9851,201444,105468
11/11/2008,16:00,9835,9897,9498,9601,238577,107485
11/12/2008,16:00,9606,9742,9209,9244,225993,109218
11/13/2008,16:00,9244,9842,8909,9794,392273,111038
11/14/2008,16:00,9784,9878,9321,9335,308215,110880
11/17/2008,16:00,9354,9522,9195,9223,280169,111694
11/18/2008,16:00,9222,9493,9048,9458,335735,110629
11/19/2008,16:00,9444,9461,8934,8991,324038,115689
11/20/2008,16:00,8989,9138,8432,8451,441818,115967
11/21/2008,16:00,8485,9039,8400,9000,405390,117551
11/24/2008,16:00,9039,9551,8870,9349,307827,105799
11/25/2008,16:00,9338,9561,9231,9409,315335,102091
11/26/2008,16:00,9409,9680,9218,9662,235052,104356
11/28/2008,16:00,9655,9792,9566,9785,68703,99591
12/01/2008,16:00,9785,9797,9091,9103,225291,102870
12/02/2008,16:00,9124,9407,9093,9396,270948,100520
12/03/2008,16:00,9389,9589,9194,9543,321787,100789
12/04/2008,16:00,9544,9598,9219,9366,303500,100184
12/05/2008,16:00,9371,9648,9080,9576,326260,98044
12/08/2008,16:00,9571,9989,9535,9839,274017,98030
12/09/2008,16:00,9851,9899,9608,9684,279022,94246
12/10/2008,16:00,9683,9845,9604,9679,255284,91562
12/11/2008,16:00,9706,9779,9478,9557,121721,12069
12/12/2008,16:00,9546,9667,9178,9651,245189,22417
12/15/2008,16:00,9637,9722,9428,9568,176815,30928
12/16/2008,16:00,9571,9925,9534,9878,191081,42504
12/17/2008,16:00,9884,9927,9672,9766,186682,42504
12/18/2008,16:00,9781,9856,9478,9665,177862,50645
12/19/2008,16:00,9647,9751,9465,9520,172162,50630
12/22/2008,16:00,9538,9606,9321,9526,133939,48987
12/23/2008,16:00,9522,9565,9341,9375,114980,49190
12/24/2008,16:00,9374,9449,9349,9410,27871,48743
12/25/2008,16:00,9410,9410,9410,9410,0,49190
12/26/2008,16:00,9413,9486,9407,9459,19706,49590
12/29/2008,16:00,9466,9503,9295,9475,64376,52607
12/30/2008,16:00,9472,9634,9428,9627,86000,52892
12/31/2008,16:00,9627,9784,9610,9714,66711,54009
01/02/2009,16:00,9767,10006,9702,9945,88889,56262
01/05/2009,16:00,9927,9977,9828,9905,138299,57900
01/06/2009,16:00,9905,10035,9876,9937,163446,59370
01/07/2009,16:00,9932,9946,9659,9731,161150,60043
01/08/2009,16:00,9732,9745,9591,9683,159156,60385
01/09/2009,16:00,9691,9736,9498,9510,156723,60879
01/12/2009,16:00,9527,9535,9357,9431,133550,61330
01/13/2009,16:00,9431,9474,9314,9395,179861,60925
01/14/2009,16:00,9398,9451,9074,9146,202766,65558
01/15/2009,16:00,9150,9229,8932,9149,262159,66787
01/16/2009,16:00,9160,9312,9046,9230,210714,68231
01/20/2009,16:00,9157,9379,8858,8932,234352,69610
01/21/2009,16:00,8936,9183,8875,9165,207318,69799
01/22/2009,16:00,9167,9217,8894,9079,242316,69534
01/23/2009,16:00,9070,9095,8839,8960,237731,67892
01/26/2009,16:00,8999,9169,8859,9024,209673,69264
01/27/2009,16:00,9047,9163,9018,9080,187270,69739
01/28/2009,16:00,9087,9346,9066,9309,175478,69941
01/29/2009,16:00,9306,9309,9067,9099,163671,70102
01/30/2009,16:00,9105,9150,8896,8942,192790,70102
02/02/2009,16:00,8973,8973,8799,8874,165134,73808
02/03/2009,16:00,8874,9050,8827,8973,178574,76783
02/04/2009,16:00,8968,9110,8870,8912,197927,78887
02/05/2009,16:00,8906,9056,8786,8981,247523,79159
02/06/2009,16:00,8987,9267,8952,9241,205659,73465
02/09/2009,16:00,9262,9267,9117,9205,138477,70631
02/10/2009,16:00,9199,9212,8797,8865,274274,74658
02/11/2009,16:00,8863,8939,8805,8883,175321,73534
02/12/2009,16:00,8882,8931,8649,8924,253065,75992
02/13/2009,16:00,8914,8952,8755,8766,196222,75930
02/17/2009,16:00,8691,8759,8487,8494,241723,78621
02/18/2009,16:00,8507,8585,8430,8470,232469,76772
02/19/2009,16:00,8473,8603,8411,8449,193941,79323
02/20/2009,16:00,8441,8452,8215,8339,274345,75346
02/23/2009,16:00,8347,8484,8073,8103,235000,75277
02/24/2009,16:00,8107,8353,8088,8291,228892,72617
02/25/2009,16:00,8292,8378,8126,8215,272594,72286
02/26/2009,16:00,8211,8380,8145,8165,208827,71539
02/27/2009,16:00,8164,8192,7999,8039,240794,69692
03/02/2009,16:00,8035,8037,7727,7777,251088,71224
03/03/2009,16:00,7771,7864,7649,7656,235446,71224
03/04/2009,16:00,7660,7959,7591,7817,234313,70731
03/05/2009,16:00,7823,7848,7521,7618,250150,71620
03/06/2009,16:00,7614,7733,7447,7661,270589,69229
03/09/2009,16:00,7668,7700,7495,7515,226019,71619
03/10/2009,16:00,7510,7915,7493,7874,240334,70769
03/11/2009,16:00,7866,8002,7834,7901,222273,67027
03/12/2009,16:00,7892,8159,7806,8143,123678,17269
03/13/2009,16:00,8140,8224,8080,8206,184359,25166
03/16/2009,16:00,8182,8365,8142,8210,196954,33469
03/17/2009,16:00,8201,8391,8146,8381,178793,38953
03/18/2009,16:00,8381,8547,8231,8470,258503,43198
03/19/2009,16:00,8470,8546,8339,8379,205650,47497
03/20/2009,16:00,8372,8429,8226,8242,161296,47529
03/23/2009,16:00,8255,8774,8252,8739,194407,50361
03/24/2009,16:00,8737,8770,8614,8647,183040,47230
03/25/2009,16:00,8648,8836,8519,8707,237944,50519
03/26/2009,16:00,8702,8907,8697,8876,229949,48645
03/27/2009,16:00,8873,8895,8704,8789,169459,49103
03/30/2009,16:00,8759,8783,8408,8507,180074,50440
03/31/2009,16:00,8508,8698,8504,8589,186606,50703
04/01/2009,16:00,8589,8760,8453,8745,204331,48248
04/02/2009,16:00,8741,9050,8728,8985,209363,49986
04/03/2009,16:00,8982,9062,8867,9010,163191,50918
04/06/2009,16:00,9006,9087,8831,8943,143565,51689
04/07/2009,16:00,8945,8970,8738,8789,150712,51319
04/08/2009,16:00,8798,8865,8680,8820,153781,47855
04/09/2009,16:00,8817,9064,8814,9044,156916,49302
04/13/2009,16:00,9019,9090,8938,9022,123069,49525
04/14/2009,16:00,9015,9065,8872,8911,184230,49934
04/15/2009,16:00,8899,9022,8841,9007,167429,48462
04/16/2009,16:00,9008,9146,8936,9090,188667,51521
04/17/2009,16:00,9086,9164,9033,9111,143262,51982
04/20/2009,16:00,9096,9100,8812,8847,150956,55863
04/21/2009,16:00,8828,8960,8753,8950,189939,53431
04/22/2009,16:00,8951,9025,8828,8843,208723,55134
04/23/2009,16:00,8830,9002,8779,8942,196049,54804
04/24/2009,16:00,8946,9109,8881,9083,169045,55375
04/27/2009,16:00,9064,9101,8926,9029,168139,55851
04/28/2009,16:00,9016,9070,8888,8994,162740,56982
04/29/2009,16:00,8985,9233,8971,9152,171544,58337
04/30/2009,16:00,9141,9304,9110,9153,188313,55231
05/01/2009,16:00,9153,9219,9074,9208,121207,53579
05/04/2009,16:00,9200,9410,9200,9386,151874,54873
05/05/2009,16:00,9390,9437,9338,9409,125587,53449
05/06/2009,16:00,9405,9506,9314,9498,186363,54956
05/07/2009,16:00,9499,9597,9342,9414,191026,54583
05/08/2009,16:00,9412,9579,9392,9543,170638,52649
05/11/2009,16:00,9523,9535,9396,9429,134384,52649
05/12/2009,16:00,9430,9508,9354,9463,177864,53692
05/13/2009,16:00,9463,9494,9258,9321,171991,55033
05/14/2009,16:00,9315,9376,9263,9314,141541,53147
05/15/2009,16:00,9320,9401,9233,9294,166069,54005
05/18/2009,16:00,9292,9516,9203,9497,139451,56380
05/19/2009,16:00,9502,9577,9468,9476,131754,52365
05/20/2009,16:00,9468,9603,9414,9422,178657,51133
05/21/2009,16:00,9423,9430,9234,9322,163485,52411
05/22/2009,16:00,9322,9381,9269,9287,112949,50791
05/26/2009,16:00,9325,9512,9221,9488,178786,56668
05/27/2009,16:00,9471,9531,9300,9324,168653,52400
05/28/2009,16:00,9318,9451,9257,9411,199270,53036
05/29/2009,16:00,9409,9583,9379,9515,146422,51311
06/01/2009,16:00,9515,9771,9499,9715,143941,53616
06/02/2009,16:00,9711,9808,9675,9741,133096,51510
06/03/2009,16:00,9747,9778,9610,9696,125618,52237
06/04/2009,16:00,9688,9772,9653,9757,110604,52018
06/05/2009,16:00,9761,9927,9718,9789,161873,50861
06/08/2009,16:00,9777,9848,9654,9786,128930,51574
06/09/2009,16:00,9785,9830,9744,9769,115403,51379
06/10/2009,16:00,9769,9891,9664,9781,159265,50724
06/11/2009,16:00,9779,9909,9756,9780,81497,14690
06/12/2009,16:00,9777,9838,9731,9819,103122,24670
06/15/2009,16:00,9799,9801,9602,9645,130103,30202
06/16/2009,16:00,9645,9684,9525,9540,125638,36973
06/17/2009,16:00,9540,9589,9487,9518,146883,41301
06/18/2009,16:00,9518,9623,9500,9574,127188,48197
06/19/2009,16:00,9576,9647,9518,9557,109665,47369
06/22/2009,16:00,9542,9590,9356,9364,138109,49556
06/23/2009,16:00,9364,9407,9309,9338,136598,49272
06/24/2009,16:00,9339,9451,9282,9337,135229,50263
06/25/2009,16:00,9335,9513,9275,9495,169849,53146
06/26/2009,16:00,9494,9513,9423,9454,111240,52049
06/29/2009,16:00,9452,9557,9401,9539,96800,50435
06/30/2009,16:00,9539,9586,9415,9475,134283,45581
07/01/2009,16:00,9475,9608,9461,9529,115465,49616
07/02/2009,16:00,9527,9531,9313,9322,134523,51973
07/06/2009,16:00,9311,9364,9223,9358,131777,48829
07/07/2009,16:00,9359,9377,9167,9212,144379,56133
07/08/2009,16:00,9212,9247,9116,9197,164710,57110
07/09/2009,16:00,9200,9271,9173,9215,116077,58742
07/10/2009,16:00,9215,9215,9122,9166,112293,58097
07/13/2009,16:00,9167,9361,9099,9340,122887,59126
07/14/2009,16:00,9337,9415,9312,9385,126141,59361
07/15/2009,16:00,9408,9657,9408,9624,130184,62321
07/16/2009,16:00,9617,9772,9584,9750,123736,59748
07/17/2009,16:00,9747,9789,9692,9778,102843,59245
07/20/2009,16:00,9775,9891,9748,9886,124418,59264
07/21/2009,16:00,9881,9971,9843,9967,133986,61840
07/22/2009,16:00,9955,9988,9891,9914,139473,63140
07/23/2009,16:00,9918,10136,9909,10072,141006,62261
07/24/2009,16:00,10053,10146,10028,10139,101823,61952
07/27/2009,16:00,10132,10195,10071,10151,117995,63578
07/28/2009,16:00,10146,10169,10043,10131,127945,64770
07/29/2009,16:00,10128,10134,10036,10128,130774,66394
07/30/2009,16:00,10125,10284,10119,10171,150350,67566
07/31/2009,16:00,10172,10280,10152,10207,135643,65331
08/03/2009,16:00,10181,10336,10180,10329,130261,65095
08/04/2009,16:00,10327,10370,10262,10368,127187,64871
08/05/2009,16:00,10366,10383,10245,10326,140238,64347
08/06/2009,16:00,10328,10411,10252,10310,129409,63055
08/07/2009,16:00,10305,10485,10272,10406,126368,67506
08/10/2009,16:00,10402,10421,10334,10401,88423,68069
08/11/2009,16:00,10398,10429,10263,10297,115849,64669
08/12/2009,16:00,10297,10485,10241,10400,142977,73978
08/13/2009,16:00,10402,10513,10351,10469,141655,69577
08/14/2009,16:00,10467,10488,10283,10402,130010,68550
08/17/2009,16:00,10386,10387,10172,10201,146224,68602
08/18/2009,16:00,10199,10294,10187,10288,129223,68087
08/19/2009,16:00,10288,10380,10188,10357,144978,71857
08/20/2009,16:00,10358,10429,10325,10401,110512,69644
08/21/2009,16:00,10399,10589,10330,10570,128796,69919
08/24/2009,16:00,10568,10657,10555,10574,132686,68254
08/25/2009,16:00,10571,10698,10522,10604,161675,66610
08/26/2009,16:00,10602,10653,10554,10607,139458,67626
08/27/2009,16:00,10603,10679,10524,10648,161849,68943
08/28/2009,16:00,10650,10719,10566,10617,136892,66651
08/31/2009,16:00,10604,10639,10507,10567,124591,66935
09/01/2009,16:00,10567,10635,10365,10384,248173,77019
09/02/2009,16:00,10383,10422,10339,10358,149510,71985
09/03/2009,16:00,10354,10434,10328,10411,113513,69482
09/04/2009,16:00,10411,10523,10396,10498,129722,70939
09/08/2009,16:00,10558,10609,10482,10577,131740,73773
09/09/2009,16:00,10573,10658,10525,10619,162669,76217
09/10/2009,16:00,10619,10712,10583,10684,74846,21122
09/11/2009,16:00,10687,10728,10649,10671,112693,30525
09/14/2009,16:00,10663,10709,10573,10690,132960,38302
09/15/2009,16:00,10689,10794,10658,10743,172147,51579
09/16/2009,16:00,10744,10881,10734,10865,146781,59144
09/17/2009,16:00,10863,10937,10829,10877,157110,62374
09/18/2009,16:00,10876,10926,10823,10873,127555,61342
09/21/2009,16:00,10856,10884,10802,10858,119240,62378
09/22/2009,16:00,10858,10932,10850,10911,106605,63964
09/23/2009,16:00,10908,10997,10819,10857,151358,64440
09/24/2009,16:00,10853,10897,10740,10775,172622,67751
09/25/2009,16:00,10775,10817,10716,10759,145125,68285
09/28/2009,16:00,10762,10904,10711,10868,118407,70389
09/29/2009,16:00,10871,10915,10810,10813,129533,71133
09/30/2009,16:00,10813,10875,10684,10793,221193,72859
10/01/2009,16:00,10793,10824,10578,10611,188086,70761
10/02/2009,16:00,10602,10610,10476,10575,180127,67657
10/05/2009,16:00,10572,10708,10556,10686,125371,67295
10/06/2009,16:00,10686,10857,10669,10794,149343,67986
10/07/2009,16:00,10790,10842,10761,10813,117436,69036
10/08/2009,16:00,10815,10923,10810,10887,129696,68900
10/09/2009,16:00,10883,10954,10846,10947,92484,67148
10/12/2009,16:00,10949,11016,10933,10959,84381,64220
10/13/2009,16:00,10959,10988,10899,10949,114151,63264
10/14/2009,16:00,10971,11113,10971,11092,125209,62400
10/15/2009,16:00,11092,11147,11046,11104,115714,61957
10/16/2009,16:00,11110,11144,11024,11064,150071,59590
10/19/2009,16:00,11064,11204,11014,11151,129499,60340
10/20/2009,16:00,11153,11210,11076,11140,158293,60360
10/21/2009,16:00,11138,11208,10969,11041,173006,61977
10/22/2009,16:00,11029,11196,11001,11178,179443,65613
10/23/2009,16:00,11181,11208,11022,11071,193028,61764
10/26/2009,16:00,11071,11165,10933,10981,194145,62552
10/27/2009,16:00,10978,11039,10927,10975,191647,64172
10/28/2009,16:00,10980,10999,10845,10851,187938,64910
10/29/2009,16:00,10853,11062,10842,11043,165755,63722
10/30/2009,16:00,11043,11050,10772,10804,287054,64621
11/02/2009,16:00,10798,10952,10736,10875,219769,63865
11/03/2009,16:00,10880,10915,10767,10857,173566,61973
11/04/2009,16:00,10856,11027,10852,10925,195523,64438
11/05/2009,16:00,10925,11110,10862,11094,158709,64837
11/06/2009,16:00,11093,11147,11014,11118,151789,65448
11/09/2009,16:00,11119,11336,11109,11332,119644,66844
11/10/2009,16:00,11332,11367,11293,11357,123406,66445
11/11/2009,16:00,11360,11449,11351,11399,131313,65685
11/12/2009,16:00,11398,11429,11277,11329,144443,64469
11/13/2009,16:00,11326,11411,11298,11382,116549,64959
11/16/2009,16:00,11383,11544,11380,11508,130932,68632
11/17/2009,16:00,11504,11550,11469,11538,107448,69045
11/18/2009,16:00,11535,11567,11478,11544,96278,68332
11/19/2009,16:00,11544,11552,11373,11467,133529,65921
11/20/2009,16:00,11466,11472,11376,11443,102314,67450
11/23/2009,16:00,11444,11626,11434,11562,113135,65120
11/24/2009,16:00,11562,11581,11470,11545,124573,64758
11/25/2009,16:00,11549,11609,11538,11582,90612,65674
11/27/2009,16:00,11406,11607,11256,11432,140037,66609
11/30/2009,16:00,11449,11507,11391,11474,145722,66461
12/01/2009,16:00,11474,11634,11456,11601,124596,67611
12/02/2009,16:00,11600,11645,11552,11579,105251,65556
12/03/2009,16:00,11580,11640,11478,11492,131396,63651
12/04/2009,16:00,11487,11649,11440,11540,207479,65295
12/07/2009,16:00,11540,11575,11465,11531,107836,65312
12/08/2009,16:00,11531,11561,11380,11411,150310,65272
12/09/2009,16:00,11414,11478,11368,11470,137677,63599
12/10/2009,16:00,11469,11586,11443,11544,66163,23652
12/11/2009,16:00,11546,11627,11541,11625,94322,29508
12/14/2009,16:00,11623,11712,11597,11639,91943,35345
12/15/2009,16:00,11636,11654,11567,11600,103253,48091
12/16/2009,16:00,11601,11663,11568,11592,96684,53174
12/17/2009,16:00,11588,11598,11448,11474,114726,60121
12/18/2009,16:00,11470,11550,11403,11473,108377,60121
12/21/2009,16:00,11473,11600,11463,11544,83639,60121
12/22/2009,16:00,11545,11622,11535,11610,63758,61946
12/23/2009,16:00,11605,11652,11577,11606,48436,62793
12/24/2009,16:00,11602,11674,11599,11668,20864,63456
12/28/2009,16:00,11668,11696,11631,11689,34475,63064
12/29/2009,16:00,11684,11728,11679,11689,41696,63818
12/30/2009,16:00,11687,11696,11626,11692,44971,64919
12/31/2009,16:00,11687,11716,11562,11567,39645,64648
01/04/2010,16:00,11586,11750,11586,11721,93770,69420
01/05/2010,16:00,11722,11740,11657,11717,93287,65749
01/06/2010,16:00,11716,11746,11681,11718,97172,63888
01/07/2010,16:00,11720,11762,11653,11747,112280,67401
01/08/2010,16:00,11750,11781,11698,11768,79925,66105
01/11/2010,16:00,11768,11825,11739,11806,93891,63318
01/12/2010,16:00,11794,11805,11716,11790,126885,62710
01/13/2010,16:00,11791,11858,11763,11830,113576,63479
01/14/2010,16:00,11828,11874,11806,11865,80520,64500
01/15/2010,16:00,11875,11881,11710,11765,140591,66826
01/19/2010,16:00,11803,11889,11721,11872,118550,69441
01/20/2010,16:00,11867,11878,11669,11759,157058,66866
01/21/2010,16:00,11758,11793,11529,11540,208152,71144
01/22/2010,16:00,11538,11577,11313,11353,213602,68581
01/25/2010,16:00,11368,11451,11326,11342,139820,64757
01/26/2010,16:00,11351,11438,11256,11340,164295,65764
01/27/2010,16:00,11342,11407,11257,11397,189543,68810
01/28/2010,16:00,11390,11466,11207,11264,195686,63266
01/29/2010,16:00,11272,11394,11196,11219,189885,66205
02/01/2010,16:00,11219,11347,11207,11339,121767,63440
02/02/2010,16:00,11339,11468,11305,11426,137521,61803
02/03/2010,16:00,11428,11463,11389,11443,112524,59178
02/04/2010,16:00,11442,11457,11157,11181,201473,61474
02/05/2010,16:00,11180,11206,10993,11143,242968,61975
02/08/2010,16:00,11143,11197,11067,11097,136084,62745
02/09/2010,16:00,11096,11306,11080,11206,184076,60741
02/10/2010,16:00,11209,11259,11130,11187,132693,60903
02/11/2010,16:00,11189,11331,11142,11312,138599,63572
02/12/2010,16:00,11311,11342,11153,11319,157876,64548
02/16/2010,16:00,11292,11454,11269,11443,106060,64512
02/17/2010,16:00,11439,11502,11434,11498,103760,67168
02/18/2010,16:00,11500,11587,11447,11577,102175,68885
02/19/2010,16:00,11580,11623,11479,11580,121653,70362
02/22/2010,16:00,11580,11636,11554,11576,79563,71909
02/23/2010,16:00,11568,11616,11453,11501,126264,71060
02/24/2010,16:00,11500,11581,11471,11557,109736,75556
02/25/2010,16:00,11557,11557,11374,11518,147608,75282
02/26/2010,16:00,11517,11556,11460,11513,98493,72725
03/01/2010,16:00,11526,11605,11526,11587,90632,74944
03/02/2010,16:00,11584,11649,11573,11601,89843,74724
03/03/2010,16:00,11597,11660,11566,11589,105116,75986
03/04/2010,16:00,11586,11642,11553,11633,93330,76624
03/05/2010,16:00,11632,11763,11629,11747,118673,82662
03/08/2010,16:00,11747,11781,11734,11740,78556,82708
03/09/2010,16:00,11740,11808,11702,11766,107360,83191
03/10/2010,16:00,11762,11799,11722,11767,111083,82019
03/11/2010,16:00,11770,11812,11706,11810,62908,15777
03/12/2010,16:00,11806,11856,11794,11835,95422,29269
03/15/2010,16:00,11834,11844,11770,11838,98936,43975
03/16/2010,16:00,11837,11894,11821,11886,113839,57678
03/17/2010,16:00,11885,11968,11878,11925,105888,67448
03/18/2010,16:00,11925,11984,11905,11979,106096,77007
03/19/2010,16:00,11979,12019,11894,11949,127256,73863
03/22/2010,16:00,11924,12011,11879,11989,117736,76296
03/23/2010,16:00,11987,12093,11979,12090,113084,78339
03/24/2010,16:00,12089,12091,12024,12049,124163,76924
03/25/2010,16:00,12046,12156,12034,12053,138933,80784
03/26/2010,16:00,12051,12109,12015,12060,128354,79635
03/29/2010,16:00,12067,12119,12062,12091,83141,81135
03/30/2010,16:00,12087,12141,12067,12116,96893,80771
03/31/2010,16:00,12114,12116,12033,12059,116772,80481
04/01/2010,16:00,12079,12161,12068,12122,3973,85241
04/02/2010,16:00,12123,12160,12097,12122,3973,85241
04/05/2010,16:00,12160,12190,12128,12171,65916,82503
04/06/2010,16:00,12172,12189,12129,12175,78087,82246
04/07/2010,16:00,12172,12174,12053,12111,149803,80623
04/08/2010,16:00,12107,12160,12053,12146,110072,84088
04/09/2010,16:00,12143,12218,12137,12215,92829,86308
04/12/2010,16:00,12232,12265,12200,12214,90277,83350
04/13/2010,16:00,12213,12247,12154,12225,109391,84086
04/14/2010,16:00,12241,12334,12237,12327,106614,90231
04/15/2010,16:00,12325,12365,12290,12358,98048,90790
04/16/2010,16:00,12357,12362,12180,12246,232893,85549
04/19/2010,16:00,12246,12309,12177,12306,157161,88655
04/20/2010,16:00,12302,12354,12284,12336,106327,85467
04/21/2010,16:00,12333,12361,12279,12321,123967,83900
04/22/2010,16:00,12311,12362,12226,12330,151218,85597
04/23/2010,16:00,12326,12415,12299,12404,119246,87311
04/26/2010,16:00,12404,12468,12390,12413,93104,85032
04/27/2010,16:00,12411,12430,12183,12217,211012,86560
04/28/2010,16:00,12213,12295,12178,12277,170930,86729
04/29/2010,16:00,12275,12411,12258,12397,128671,89149
04/30/2010,16:00,12394,12420,12214,12222,163516,85621
05/03/2010,16:00,12234,12393,12225,12364,115450,89714
05/04/2010,16:00,12365,12377,12080,12154,209462,83177
05/05/2010,16:00,12153,12174,12033,12096,187645,83747
05/06/2010,16:00,12095,12127,11102,11719,326371,84341
05/07/2010,16:00,11725,11842,11464,11597,322300,77816
05/10/2010,16:00,11727,12056,11713,12003,230983,74570
05/11/2010,16:00,11999,12102,11884,11971,169518,74156
05/12/2010,16:00,11967,12144,11877,12138,142717,76383
05/13/2010,16:00,12136,12179,12006,12035,141346,74683
05/14/2010,16:00,12029,12057,11771,11871,208712,75912
05/17/2010,16:00,11862,11903,11673,11861,198406,73812
05/18/2010,16:00,11866,11960,11723,11752,201071,73408
05/19/2010,16:00,11749,11769,11569,11667,211611,73950
05/20/2010,16:00,11667,11718,11296,11318,294103,76764
05/21/2010,16:00,11314,11444,11148,11422,239798,73745
05/24/2010,16:00,11430,11444,11296,11305,142519,73679
05/25/2010,16:00,11295,11302,11019,11287,199829,74626
05/26/2010,16:00,11282,11422,11178,11183,5814,73679
05/27/2010,16:00,11178,11514,11090,11497,156254,74593
05/28/2010,16:00,11496,11539,11345,11388,147205,73558
06/01/2010,16:00,11388,11473,11234,11281,163785,74463
06/02/2010,16:00,11281,11508,11263,11494,129149,74391
06/03/2010,16:00,11491,11569,11426,11520,124377,74068
06/04/2010,16:00,11520,11549,11142,11208,192536,74605
06/07/2010,16:00,11208,11237,11050,11056,160858,74419
06/08/2010,16:00,10935,11209,10935,11176,215444,72856
06/09/2010,16:00,11179,11320,11119,11165,181974,72576
06/10/2010,16:00,11167,11440,11136,11408,71640,18108
06/11/2010,16:00,11408,11477,11333,11459,127181,27434
06/14/2010,16:00,11459,11591,11446,11462,136726,39445
06/15/2010,16:00,11457,11671,11453,11653,152375,55397
06/16/2010,16:00,11655,11691,11583,11665,147867,61562
06/17/2010,16:00,11670,11728,11579,11697,168086,71816
06/18/2010,16:00,11694,11744,11668,11694,115214,75297
06/21/2010,16:00,11747,11857,11655,11717,141783,75975
06/22/2010,16:00,11713,11770,11544,11554,159221,74972
06/23/2010,16:00,11556,11630,11487,11560,155006,79729
06/24/2010,16:00,11560,11589,11389,11420,170376,81348
06/25/2010,16:00,11417,11462,11341,11425,156873,82350
06/28/2010,16:00,11425,11465,11364,11409,118032,83551
06/29/2010,16:00,11401,11439,11070,11118,201186,82723
06/30/2010,16:00,11122,11190,11012,11037,166321,83247
07/01/2010,16:00,11037,11059,10882,10983,220123,82486
07/02/2010,16:00,10981,11074,10873,10917,152916,81760
07/06/2010,16:00,10896,11117,10827,11003,159114,81365
07/07/2010,16:00,10999,11304,10934,11301,164837,81347
07/08/2010,16:00,11294,11422,11272,11413,143415,77163
07/09/2010,16:00,11411,11470,11372,11453,108015,76627
07/12/2010,16:00,11453,11507,11398,11502,103397,77192
07/13/2010,16:00,11499,11675,11472,11609,132004,77915
07/14/2010,16:00,11653,11683,11569,11627,133968,77495
07/15/2010,16:00,11624,11688,11504,11613,164561,79609
07/16/2010,16:00,11616,11642,11347,11380,168022,78534
07/19/2010,16:00,11367,11455,11340,11381,129194,79875
07/20/2010,16:00,11374,11507,11267,11499,161057,82205
07/21/2010,16:00,11497,11552,11334,11379,171959,79512
07/22/2010,16:00,11379,11635,11356,11588,154260,81193
07/23/2010,16:00,11580,11714,11556,11707,150705,84485
07/26/2010,16:00,11707,11798,11677,11778,116873,86144
07/27/2010,16:00,11781,11852,11756,11815,127446,86754
07/28/2010,16:00,11809,11848,11733,11769,115991,87118
07/29/2010,16:00,11772,11859,11657,11730,159472,88385
07/30/2010,16:00,11726,11781,11607,11738,151104,92284
08/02/2010,16:00,11780,11964,11769,11938,106176,89189
08/03/2010,16:00,11936,11950,11871,11915,101252,89209
08/04/2010,16:00,11912,11981,11872,11956,105667,90058
08/05/2010,16:00,11960,11985,11890,11956,83313,91939
08/06/2010,16:00,11955,12006,11794,11934,139396,92726
08/09/2010,16:00,11934,12003,11911,11987,70004,93290
08/10/2010,16:00,11982,11986,11832,11939,127782,92204
08/11/2010,16:00,11938,11945,11655,11658,148797,91810
08/12/2010,16:00,11658,11688,11544,11592,133247,93925
08/13/2010,16:00,11592,11678,11543,11587,105146,93859
08/16/2010,16:00,11593,11633,11502,11594,108316,93721
08/17/2010,16:00,11597,11777,11575,11679,117443,96505
08/18/2010,16:00,11682,11776,11630,11673,132935,93947
08/19/2010,16:00,11680,11746,11517,11556,149666,91383
08/20/2010,16:00,11553,11593,11448,11523,121377,91091
08/23/2010,16:00,11523,11607,11464,11478,114381,89586
08/24/2010,16:00,11471,11482,11291,11344,161421,88781
08/25/2010,16:00,11343,11399,11235,11368,146529,89346
08/26/2010,16:00,11369,11427,11268,11288,146083,86036
08/27/2010,16:00,11278,11467,11241,11462,158453,88906
08/30/2010,16:00,11462,11533,11296,11300,114020,88080
08/31/2010,16:00,11304,11387,11229,11327,162619,85654
09/01/2010,16:00,11327,11601,11327,11593,154684,85884
09/02/2010,16:00,11591,11640,11552,11630,112005,84332
09/03/2010,16:00,11631,11766,11606,11757,128020,85183
09/07/2010,16:00,11770,11792,11642,11659,116342,81960
09/08/2010,16:00,11655,11742,11618,11713,116402,80238
09/09/2010,16:00,11709,11806,11692,11725,40160,13037
09/10/2010,16:00,11725,11785,11710,11780,78703,26080
09/13/2010,16:00,11837,11889,11807,11859,125035,45431
09/14/2010,16:00,11856,11910,11819,11850,167783,62348
09/15/2010,16:00,11850,11907,11792,11896,127855,64412
09/16/2010,16:00,11897,11944,11839,11937,134041,71839
09/17/2010,16:00,11939,12015,11884,11925,140157,75959
09/20/2010,16:00,11918,12091,11900,12058,113589,79008
09/21/2010,16:00,12059,12152,12024,12081,140828,78434
09/22/2010,16:00,12083,12126,12027,12060,133377,78937
09/23/2010,16:00,12060,12099,11960,11993,154195,84311
09/24/2010,16:00,11993,12188,11978,12171,124723,90220
09/27/2010,16:00,12183,12238,12128,12137,101800,85025
09/28/2010,16:00,12137,12209,12051,12175,156699,88614
09/29/2010,16:00,12178,12217,12122,12167,129748,89605
09/30/2010,16:00,12165,12274,12067,12110,186161,85241
10/01/2010,16:00,12110,12194,12100,12155,142330,87912
10/04/2010,16:00,12155,12179,12025,12094,128962,87556
10/05/2010,16:00,12088,12289,12077,12251,154769,97748
10/06/2010,16:00,12252,12303,12245,12293,125528,90903
10/07/2010,16:00,12292,12361,12222,12299,133681,87930
10/08/2010,16:00,12300,12361,12197,12334,129720,89636
10/11/2010,16:00,12338,12371,12308,12350,67778,89380
10/12/2010,16:00,12347,12384,12240,12344,132661,90757
10/13/2010,16:00,12347,12487,12339,12431,118055,93514
10/14/2010,16:00,12432,12486,12352,12439,134975,89688
10/15/2010,16:00,12445,12491,12340,12411,145339,89993
10/18/2010,16:00,12398,12490,12325,12432,101320,90413
10/19/2010,16:00,12431,12449,12248,12330,200575,89958
10/20/2010,16:00,12326,12489,12290,12450,147845,99188
10/21/2010,16:00,12448,12551,12401,12470,151316,94359
10/22/2010,16:00,12472,12510,12447,12477,72759,94003
10/25/2010,16:00,12477,12587,12473,12502,110830,93998
10/26/2010,16:00,12498,12522,12424,12511,100721,95800
10/27/2010,16:00,12514,12537,12357,12459,138869,95315
10/28/2010,16:00,12457,12524,12389,12436,125275,94663
10/29/2010,16:00,12441,12470,12383,12463,103634,96571
11/01/2010,16:00,12453,12583,12396,12477,145917,95631
11/02/2010,16:00,12477,12559,12461,12539,87127,96532
11/03/2010,16:00,12539,12574,12434,12564,149668,97136
11/04/2010,16:00,12567,12782,12551,12774,127295,104191
11/05/2010,16:00,12767,12818,12733,12763,127295,103272
11/08/2010,16:00,12757,12773,12708,12749,78360,104132
11/09/2010,16:00,12744,12787,12654,12700,119411,101337
11/10/2010,16:00,12697,12723,12608,12689,135188,102827
11/11/2010,16:00,12696,12696,12583,12629,110670,103228
11/12/2010,16:00,12630,12638,12493,12539,154602,106394
11/15/2010,16:00,12538,12633,12510,12560,113384,103832
11/16/2010,16:00,12555,12557,12334,12371,169486,95190
11/17/2010,16:00,12374,12415,12354,12382,98209,96648
11/18/2010,16:00,12379,12567,12378,12563,108413,99214
11/19/2010,16:00,12560,12579,12482,12566,87769,97368
11/22/2010,16:00,12616,12631,12418,12552,115366,99458
11/23/2010,16:00,12550,12550,12355,12401,137506,100854
11/24/2010,16:00,12399,12562,12372,12542,104539,99473
11/26/2010,16:00,12570,12576,12416,12417,60610,95378
11/29/2010,16:00,12417,12502,12303,12426,138527,95697
11/30/2010,16:00,12422,12442,12319,12383,141113,96665
12/01/2010,16:00,12383,12655,12358,12620,149634,102719
12/02/2010,16:00,12620,12753,12598,12750,113143,103633
12/03/2010,16:00,12751,12786,12673,12751,89653,102399
12/06/2010,16:00,12751,12777,12702,12740,84399,96987
12/07/2010,16:00,12742,12835,12717,12742,118329,92364
12/08/2010,16:00,12738,12772,12672,12755,110089,85713
12/09/2010,16:00,12753,12826,12714,12746,50819,22850
12/10/2010,16:00,12745,12796,12737,12793,61194,28625
12/13/2010,16:00,12788,12867,12765,12815,99088,45306
12/14/2010,16:00,12813,12903,12798,12870,104040,57332
12/15/2010,16:00,12870,12909,12816,12864,111751,68460
12/16/2010,16:00,12860,12903,12800,12880,100475,71184
12/17/2010,16:00,12883,12896,12837,12879,61409,69499
12/20/2010,16:00,12892,12921,12827,12853,75106,71130
12/21/2010,16:00,12851,12936,12851,12920,52404,73700
12/22/2010,16:00,12917,12956,12907,12944,39840,73748
12/23/2010,16:00,12942,12972,12928,12971,33695,73489
12/27/2010,16:00,12948,12955,12902,12952,32652,72847
12/28/2010,16:00,12951,12986,12919,12958,32529,73031
12/29/2010,16:00,12955,13013,12950,12981,30402,73447
12/30/2010,16:00,12979,12995,12940,12971,38494,73734
12/31/2010,16:00,12967,13007,12916,12962,30888,76653
01/03/2011,16:00,12962,13100,12962,13034,74573,80851
01/04/2011,16:00,13033,13087,13025,13068,95069,79920
01/05/2011,16:00,13070,13132,12992,13113,100760,83217
01/06/2011,16:00,13111,13157,13063,13095,91622,80424
01/07/2011,16:00,13087,13124,12994,13068,116349,80081
01/10/2011,16:00,13063,13077,12969,13036,101671,79998
01/11/2011,16:00,13034,13101,13024,13065,100051,85080
01/12/2011,16:00,13063,13179,13054,13157,87477,91434
01/13/2011,16:00,13154,13165,13095,13132,88159,86823
01/14/2011,16:00,13139,13189,13076,13174,89003,89888
01/18/2011,16:00,13161,13266,13137,13260,93321,90663
01/19/2011,16:00,13262,13285,13198,13235,104655,88864
01/20/2011,16:00,13235,13250,13143,13223,130472,88594
01/21/2011,16:00,13225,13306,13194,13271,94837,88465
01/24/2011,16:00,13263,13390,13255,13379,107323,93414
01/25/2011,16:00,13376,13400,13300,13371,133455,99402
01/26/2011,16:00,13369,13421,13360,13385,99816,95668
01/27/2011,16:00,13385,13420,13361,13393,91171,97291
01/28/2011,16:00,13383,13414,13202,13224,172262,97242
01/31/2011,16:00,13224,13300,13139,13289,113876,100627
02/01/2011,16:00,13289,13450,13281,13422,116264,99698
02/02/2011,16:00,13417,13459,13395,13434,73240,97120
02/03/2011,16:00,13432,13483,13382,13458,98505,95353
02/04/2011,16:00,13456,13502,13429,13494,80162,93736
02/07/2011,16:00,13495,13590,13484,13557,78404,90335
02/08/2011,16:00,13551,13647,13549,13645,82193,89513
02/09/2011,16:00,13638,13667,13602,13656,108339,90493
02/10/2011,16:00,13649,13664,13570,13643,115950,94681
02/11/2011,16:00,13638,13702,13579,13690,90551,96329
02/14/2011,16:00,13690,13717,13657,13673,79568,93703
02/15/2011,16:00,13675,13686,13616,13651,105995,93070
02/16/2011,16:00,13652,13732,13643,13701,122021,94315
02/17/2011,16:00,13699,13759,13673,13737,103622,92713
02/18/2011,16:00,13737,13828,13721,13824,78622,91904
02/22/2011,16:00,13820,13825,13606,13632,191515,91482
02/23/2011,16:00,13629,13685,13494,13543,158122,98614
02/24/2011,16:00,13545,13583,13413,13486,154384,95891
02/25/2011,16:00,13482,13589,13461,13559,89786,91703
02/28/2011,16:00,13561,13684,13516,13663,90372,94096
03/01/2011,16:00,13663,13741,13467,13471,136198,91307
03/02/2011,16:00,13471,13554,13426,13495,127201,89933
03/03/2011,16:00,13495,13721,13488,13688,112325,94756
03/04/2011,16:00,13690,13737,13515,13603,152536,84281
03/07/2011,16:00,13613,13681,13476,13527,138821,83574
03/08/2011,16:00,13527,13694,13511,13648,133651,87284
03/09/2011,16:00,13651,13703,13601,13623,143580,73594
03/10/2011,16:00,13632,13641,13414,13433,55445,27480
03/11/2011,16:00,13433,13539,13340,13516,114531,39750
03/14/2011,16:00,13497,13507,13347,13439,142257,51105
03/15/2011,16:00,13438,13450,13120,13302,200560,62263
03/16/2011,16:00,13292,13362,13005,13091,254001,76370
03/17/2011,16:00,13095,13250,12964,13224,151654,80628
03/18/2011,16:00,13216,13378,13169,13312,117477,82638
03/21/2011,16:00,13321,13528,13315,13476,113436,87483
03/22/2011,16:00,13477,13507,13444,13468,81663,89901
03/23/2011,16:00,13463,13568,13420,13534,115366,97179
03/24/2011,16:00,13535,13641,13516,13629,107690,98688
03/25/2011,16:00,13623,13709,13620,13683,94254,105669
03/28/2011,16:00,13683,13721,13624,13627,71107,106886
03/29/2011,16:00,13630,13748,13621,13738,91646,117443
03/30/2011,16:00,13734,13834,13725,13799,65397,112910
03/31/2011,16:00,13801,13833,13765,13765,74358,116351
04/01/2011,16:00,13765,13871,13765,13831,83890,116236
04/04/2011,16:00,13822,13859,13799,13850,59990,115887
04/05/2011,16:00,13853,13890,13801,13840,81198,117471
04/06/2011,16:00,13838,13918,13834,13870,86708,119410
04/07/2011,16:00,13873,13901,13786,13864,109012,119098
04/08/2011,16:00,13863,13919,13779,13839,95335,119724
04/11/2011,16:00,13852,13904,13810,13834,88781,122701
04/12/2011,16:00,13834,13842,13690,13706,98554,118429
04/13/2011,16:00,13705,13800,13681,13712,112586,122494
04/14/2011,16:00,13714,13764,13621,13741,115990,125774
04/15/2011,16:00,13747,13827,13699,13816,87644,122189
04/18/2011,16:00,13812,13815,13549,13653,146758,108709
04/19/2011,16:00,13653,13754,13603,13739,94611,105977
04/20/2011,16:00,13717,13946,13717,13909,109648,111434
04/21/2011,16:00,13913,13981,13902,13947,67200,112026
04/25/2011,16:00,13945,13982,13903,13940,41009,111017
04/26/2011,16:00,13939,14073,13910,14031,88870,114694
04/27/2011,16:00,14037,14171,14027,14154,85098,118038
04/28/2011,16:00,14156,14237,14122,14221,97692,118840
04/29/2011,16:00,14221,14309,14201,14269,78409,121360
05/02/2011,16:00,14300,14386,14245,14277,103909,122365
05/03/2011,16:00,14278,14303,14210,14262,103843,130825
05/04/2011,16:00,14263,14290,14134,14185,143808,127184
05/05/2011,16:00,14185,14233,13980,14083,159663,126247
05/06/2011,16:00,14070,14227,14060,14082,166175,125538
05/09/2011,16:00,14099,14190,14085,14144,105033,122666
05/10/2011,16:00,14143,14249,14114,14213,83459,120804
05/11/2011,16:00,14217,14253,14055,14110,124193,111889
05/12/2011,16:00,14110,14200,14017,14185,134107,115929
05/13/2011,16:00,14186,14226,14020,14069,126384,108698
05/16/2011,16:00,14048,14123,14002,14022,112415,109831
05/17/2011,16:00,14020,14075,13863,13950,154936,105932
05/18/2011,16:00,13954,14066,13935,14045,87861,105342
05/19/2011,16:00,14046,14129,14018,14104,101769,104928
05/20/2011,16:00,14102,14116,13972,13979,121204,105670
05/23/2011,16:00,13961,13968,13824,13875,116413,105631
05/24/2011,16:00,13864,13924,13832,13840,100985,105948
05/25/2011,16:00,13837,13933,13740,13864,118960,104633
05/26/2011,16:00,13872,13937,13813,13922,121304,104014
05/27/2011,16:00,13919,13987,13895,13941,78552,104203
05/31/2011,16:00,13953,14088,13933,14071,106814,106914
06/01/2011,16:00,14071,14104,13776,13787,153839,104992
06/02/2011,16:00,13793,13826,13691,13751,134562,99251
06/03/2011,16:00,13749,13761,13595,13638,124048,99080
06/06/2011,16:00,13646,13655,13570,13600,101824,99770
06/07/2011,16:00,13599,13678,13560,13585,109590,97916
06/08/2011,16:00,13583,13606,13518,13543,124115,92224
06/09/2011,16:00,13561,13689,13529,13625,39159,20807
06/10/2011,16:00,13627,13639,13435,13454,94561,29010
06/13/2011,16:00,13464,13523,13429,13466,120331,39073
06/14/2011,16:00,13474,13631,13459,13599,127213,56037
06/15/2011,16:00,13593,13594,13372,13412,188290,65367
06/16/2011,16:00,13422,13502,13348,13480,167367,77162
06/17/2011,16:00,13476,13587,13439,13519,131672,77859
06/20/2011,16:00,13505,13613,13432,13594,99165,80494
06/21/2011,16:00,13589,13731,13581,13669,113211,82236
06/22/2011,16:00,13673,13720,13602,13604,102304,79403
06/23/2011,16:00,13610,13613,13384,13557,181429,76258
06/24/2011,16:00,13559,13639,13434,13462,130086,75843
06/27/2011,16:00,13463,13612,13399,13571,104596,75585
06/28/2011,16:00,13576,13725,13535,13722,104735,78862
06/29/2011,16:00,13716,13804,13688,13799,124529,80557
06/30/2011,16:00,13793,13944,13779,13926,107760,88188
07/01/2011,16:00,13926,14115,13911,14095,121985,97282
07/05/2011,16:00,14115,14140,14057,14114,100180,99165
07/06/2011,16:00,14109,14167,14059,14150,97687,102687
07/07/2011,16:00,14153,14279,14153,14262,90617,103356
07/08/2011,16:00,14258,14303,14091,14196,122904,107135
07/11/2011,16:00,14179,14179,13995,14070,126772,112720
07/12/2011,16:00,14066,14097,13900,13994,148502,117229
07/13/2011,16:00,13994,14136,13966,14006,120254,118288
07/14/2011,16:00,14011,14109,13917,13963,144650,119215
07/15/2011,16:00,13970,14040,13910,14033,125423,124969
07/18/2011,16:00,14034,14034,13820,13909,128610,119098
07/19/2011,16:00,13935,14133,13915,14088,115653,120355
07/20/2011,16:00,14088,14159,14076,14088,89020,113639
07/21/2011,16:00,14093,14281,14045,14271,133036,118874
07/22/2011,16:00,14267,14330,14173,14202,95451,116787
07/25/2011,16:00,14117,14185,14014,14131,94227,117531
07/26/2011,16:00,14130,14184,14004,14013,107046,112846
07/27/2011,16:00,14018,14039,13813,13825,139319,112588
07/28/2011,16:00,13830,13914,13753,13774,115636,110278
07/29/2011,16:00,13782,13792,13610,13669,148538,115055
08/01/2011,16:00,13821,13861,13522,13621,159305,108406
08/02/2011,16:00,13623,13671,13364,13385,156865,109835
08/03/2011,16:00,13390,13465,13229,13399,200905,101998
08/04/2011,16:00,13397,13479,12892,12952,269118,101227
08/05/2011,16:00,12954,13127,12669,12983,330435,92371
08/08/2011,16:00,12740,12902,12286,12307,360230,96845
08/09/2011,16:00,12326,12815,11982,12775,339510,97911
08/10/2011,16:00,12775,12844,12227,12306,317148,93355
08/11/2011,16:00,12305,12824,12160,12665,241447,90003
08/12/2011,16:00,12663,12890,12473,12831,153442,86673
08/15/2011,16:00,12849,13028,12824,12984,110971,81920
08/16/2011,16:00,12984,13031,12837,12968,142354,79941
08/17/2011,16:00,12966,13089,12881,12962,117318,77644
08/18/2011,16:00,12959,12962,12437,12598,222033,76215
08/19/2011,16:00,12605,12646,12359,12401,165735,75958
08/22/2011,16:00,12384,12615,12294,12428,127065,75704
08/23/2011,16:00,12429,12731,12389,12722,144469,75433
08/24/2011,16:00,12723,12889,12579,12849,133456,76396
08/25/2011,16:00,12849,12961,12664,12712,148025,74355
08/26/2011,16:00,12712,12891,12490,12860,152729,74499
08/29/2011,16:00,12847,13108,12827,13098,86289,77281
08/30/2011,16:00,13093,13199,12996,13073,125901,76119
08/31/2011,16:00,13073,13281,13050,13184,133279,74986
09/01/2011,16:00,13184,13286,13041,13046,114686,73913
09/02/2011,16:00,13049,13099,12780,12789,119450,72299
09/06/2011,16:00,12569,12778,12499,12709,159174,72067
09/07/2011,16:00,12707,13000,12703,12996,103903,71858
09/08/2011,16:00,13003,13053,12858,12876,36142,13196
09/09/2011,16:00,12881,12953,12506,12602,118033,19701
09/12/2011,16:00,12499,12651,12348,12642,138203,35702
09/13/2011,16:00,12636,12719,12488,12674,151994,48739
09/14/2011,16:00,12681,12967,12521,12827,162733,61298
09/15/2011,16:00,12834,13034,12777,13028,128765,66899
09/16/2011,16:00,13016,13113,12952,13099,115896,68839
09/19/2011,16:00,13004,13024,12829,12976,123756,67230
09/20/2011,16:00,12971,13128,12873,12988,124364,65370
09/21/2011,16:00,12993,13059,12655,12660,159905,64271
09/22/2011,16:00,12653,12690,12165,12303,243854,68374
09/23/2011,16:00,12303,12428,12122,12350,167285,68975
09/26/2011,16:00,12293,12633,12204,12625,151762,71469
09/27/2011,16:00,12622,12942,12598,12773,152969,68197
09/28/2011,16:00,12773,12895,12572,12629,155589,73711
09/29/2011,16:00,12623,12852,12543,12752,155434,78142
09/30/2011,16:00,12760,12779,12453,12494,145939,77661
10/03/2011,16:00,12477,12560,12170,12182,181540,79664
10/04/2011,16:00,12188,12402,11981,12336,216264,75809
10/05/2011,16:00,12344,12535,12272,12491,159598,73454
10/06/2011,16:00,12489,12718,12440,12699,145808,73008
10/07/2011,16:00,12696,12831,12636,12719,153365,76821
10/10/2011,16:00,12733,13028,12733,13021,96497,78492
10/11/2011,16:00,13017,13036,12945,12983,103949,78546
10/12/2011,16:00,12970,13213,12910,13069,116010,77871
10/13/2011,16:00,13075,13129,12965,13045,125916,76045
10/14/2011,16:00,13047,13242,13012,13219,100472,75838
10/17/2011,16:00,13212,13311,12948,12954,116582,72685
10/18/2011,16:00,12948,13243,12872,13179,155436,75773
10/19/2011,16:00,13178,13225,13058,13097,138389,75743
10/20/2011,16:00,13098,13178,12983,13125,147709,76980
10/21/2011,16:00,13115,13416,13110,13410,114108,78257
10/24/2011,16:00,13370,13535,13340,13478,102758,77836
10/25/2011,16:00,13477,13535,13276,13315,147788,78342
10/26/2011,16:00,13321,13486,13285,13455,141154,79628
10/27/2011,16:00,13459,13881,13459,13821,138909,79649
10/28/2011,16:00,13823,13847,13745,13821,82969,80788
10/31/2011,16:00,13805,13813,13536,13550,104723,82585
11/01/2011,16:00,13550,13570,13223,13335,185319,83720
11/02/2011,16:00,13328,13471,13270,13421,119672,82317
11/03/2011,16:00,13419,13662,13245,13629,137718,83585
11/04/2011,16:00,13634,13661,13443,13594,114787,84035
11/07/2011,16:00,13611,13676,13439,13660,108110,84055
11/08/2011,16:00,13658,13797,13593,13776,121519,85164
11/09/2011,16:00,13773,13781,13341,13385,173635,83783
11/10/2011,16:00,13387,13577,13314,13508,149818,83503
11/11/2011,16:00,13508,13795,13476,13765,104052,89026
11/14/2011,16:00,13782,13856,13638,13713,109923,91183
11/15/2011,16:00,13707,13782,13569,13691,119079,90804
11/16/2011,16:00,13694,13736,13495,13498,151392,88224
11/17/2011,16:00,13502,13584,13296,13392,175347,87695
11/18/2011,16:00,13394,13512,13349,13420,114426,87562
11/21/2011,16:00,13374,13378,13073,13178,153397,88452
11/22/2011,16:00,13181,13236,13058,13100,124353,87017
11/23/2011,16:00,13103,13120,12868,12887,126739,87066
11/25/2011,16:00,12887,13002,12781,12840,67934,86111
11/28/2011,16:00,13009,13195,12964,13151,127043,82488
11/29/2011,16:00,13150,13268,13107,13218,125534,82515
11/30/2011,16:00,13208,13689,13104,13687,157013,90745
12/01/2011,16:00,13670,13722,13614,13656,101458,89684
12/02/2011,16:00,13654,13831,13645,13653,105275,90442
12/05/2011,16:00,13688,13836,13670,13719,122508,92145
12/06/2011,16:00,13709,13859,13652,13765,116937,92973
12/07/2011,16:00,13768,13904,13707,13867,9176,10248
12/08/2011,16:00,13866,13949,13613,13667,51706,22342
12/09/2011,16:00,13657,13873,13613,13866,131226,38080
12/12/2011,16:00,13852,13876,13587,13666,134117,59905
12/13/2011,16:00,13664,13798,13552,13618,150326,76146
12/14/2011,16:00,13612,13668,13439,13485,148958,84166
12/15/2011,16:00,13483,13620,13417,13545,106121,87496
12/16/2011,16:00,13543,13632,13469,13501,108448,86686
12/19/2011,16:00,13516,13580,13384,13426,94467,88174
12/20/2011,16:00,13428,13770,13416,13754,109071,90966
12/21/2011,16:00,13750,13881,13651,13747,115838,90571
12/22/2011,16:00,13751,13842,13717,13826,69749,89323
12/23/2011,16:00,13833,13953,13824,13940,43867,88337
12/27/2011,16:00,13958,13983,13910,13942,35166,89472
12/28/2011,16:00,13940,13977,13791,13804,64680,86396
12/29/2011,16:00,13803,13952,13801,13940,60957,90503
12/30/2011,16:00,13931,13973,13857,13873,45348,89784
01/03/2012,16:00,14075,14138,14045,14061,91126,95860
01/04/2012,16:00,14059,14089,13996,14079,77339,98476
01/05/2012,16:00,14083,14096,13942,14054,108630,99666
01/06/2012,16:00,14056,14131,13995,14032,96123,99306
01/09/2012,16:00,14035,14075,13975,14060,88483,101217
01/10/2012,16:00,14058,14186,14050,14113,90605,100426
01/11/2012,16:00,14109,14132,14061,14111,89757,100758
01/12/2012,16:00,14113,14188,14046,14136,95097,101625
01/13/2012,16:00,14136,14163,13971,14113,113712,100050
01/17/2012,16:00,14073,14237,14050,14143,100802,101677
01/18/2012,16:00,14139,14252,14120,14227,99402,104839
01/19/2012,16:00,14229,14312,14209,14310,84063,104416
01/20/2012,16:00,14317,14391,14276,14377,74606,105568
01/23/2012,16:00,14356,14432,14334,14373,82622,103866
01/24/2012,16:00,14373,14376,14284,14349,79411,103356
01/25/2012,16:00,14350,14448,14245,14411,110233,103105
01/26/2012,16:00,14417,14509,14362,14407,97486,103514
01/27/2012,16:00,14403,14443,14299,14337,97066,103163
01/30/2012,16:00,14348,14362,14199,14325,99401,107828
01/31/2012,16:00,14332,14406,14234,14300,97231,103594
02/01/2012,16:00,14300,14458,14273,14376,100929,109912
02/02/2012,16:00,14379,14424,14345,14389,80637,108708
02/03/2012,16:00,14390,14556,14368,14516,86879,112232
02/06/2012,16:00,14503,14517,14445,14499,71110,109074
02/07/2012,16:00,14499,14574,14452,14554,82689,109689
02/08/2012,16:00,14548,14593,14499,14566,78245,108459
02/09/2012,16:00,14563,14617,14512,14565,104105,108173
02/10/2012,16:00,14564,14565,14427,14490,93783,106001
02/13/2012,16:00,14544,14589,14506,14558,88088,109343
02/14/2012,16:00,14557,14580,14474,14563,105543,107837
02/15/2012,16:00,14562,14654,14452,14486,146648,107434
02/16/2012,16:00,14482,14616,14423,14593,136399,111906
02/17/2012,16:00,14593,14668,14583,14652,80405,109403
02/21/2012,16:00,14716,14747,14624,14668,115310,106117
02/22/2012,16:00,14664,14700,14614,14639,95441,106222
02/23/2012,16:00,14642,14703,14582,14697,128864,110431
02/24/2012,16:00,14699,14738,14651,14684,82410,108991
02/27/2012,16:00,14682,14732,14584,14692,129226,112372
02/28/2012,16:00,14695,14746,14661,14720,105024,111599
02/29/2012,16:00,14718,14765,14630,14660,144503,109076
03/01/2012,16:00,14660,14748,14613,14696,127381,112335
03/02/2012,16:00,14697,14717,14635,14691,88584,110331
03/05/2012,16:00,14683,14698,14590,14684,108909,110595
03/06/2012,16:00,14680,14696,14444,14467,160569,106354
03/07/2012,16:00,14464,14572,14464,14564,119855,96497
03/08/2012,16:00,14560,14671,14545,14636,43658,32651
03/09/2012,16:00,14635,14697,14587,14655,81417,46278
03/12/2012,16:00,14651,14696,14605,14689,106623,74363
03/13/2012,16:00,14689,14907,14684,14901,143300,95238
03/14/2012,16:00,14902,14946,14871,14922,115047,100178
03/15/2012,16:00,14917,14980,14890,14964,110976,108333
03/16/2012,16:00,14961,15016,14949,14955,73406,108280
03/19/2012,16:00,14955,15000,14915,14959,97568,108878
03/20/2012,16:00,14958,14968,14844,14900,105425,106240
03/21/2012,16:00,14901,14952,14834,14858,100580,105364
03/22/2012,16:00,14862,14883,14740,14793,117678,109337
03/23/2012,16:00,14794,14833,14724,14824,85775,109579
03/26/2012,16:00,14822,14996,14813,14992,97619,111372
03/27/2012,16:00,14989,15037,14914,14916,87238,106553
03/28/2012,16:00,14916,14969,14795,14845,117871,103672
03/29/2012,16:00,14843,14879,14757,14870,108216,105459
03/30/2012,16:00,14868,14950,14859,14934,88397,105576
04/02/2012,16:00,14963,15021,14874,14981,111056,106892
04/03/2012,16:00,14979,14992,14855,14924,110393,104743
04/04/2012,16:00,14925,14927,14743,14797,116969,101785
04/05/2012,16:00,14793,14830,14721,14770,93919,100787
04/06/2012,16:00,14770,14804,14623,14770,8894,101322
04/09/2012,16:00,14652,14708,14617,14642,75104,100970
04/10/2012,16:00,14642,14691,14440,14472,164144,99542
04/11/2012,16:00,14478,14577,14478,14536,113727,100601
04/12/2012,16:00,14536,14747,14529,14742,121453,102406
04/13/2012,16:00,14741,14763,14567,14580,132092,101176
04/16/2012,16:00,14582,14717,14540,14642,150551,101001
04/17/2012,16:00,14642,14862,14608,14816,121341,103267
04/18/2012,16:00,14818,14841,14744,14749,120684,98487
04/19/2012,16:00,14756,14849,14629,14694,171257,95994
04/20/2012,16:00,14701,14819,14668,14780,110589,98576
04/23/2012,16:00,14759,14770,14578,14663,124249,97089
04/24/2012,16:00,14662,14787,14662,14751,110151,100476
04/25/2012,16:00,14760,14848,14748,14832,123032,103148
04/26/2012,16:00,14833,14964,14790,14952,117170,109617
04/27/2012,16:00,14952,15003,14880,14956,112035,108693
04/30/2012,16:00,14969,14990,14911,14947,89738,109647
05/01/2012,16:00,14947,15076,14897,15010,82605,112235
05/02/2012,16:00,15011,15044,14927,14996,109262,110749
05/03/2012,16:00,14993,15040,14910,14935,121905,108947
05/04/2012,16:00,14936,14960,14744,14749,139189,103873
05/07/2012,16:00,14662,14784,14571,14751,112564,105108
05/08/2012,16:00,14747,14767,14547,14659,172626,103416
05/09/2012,16:00,14667,14676,14492,14587,208761,103846
05/10/2012,16:00,14587,14684,14533,14626,150739,102562
05/11/2012,16:00,14625,14675,14515,14580,130526,101967
05/14/2012,16:00,14544,14590,14419,14447,160946,100768
05/15/2012,16:00,14454,14551,14365,14397,190657,98891
05/16/2012,16:00,14399,14496,14337,14366,179350,97016
05/17/2012,16:00,14367,14436,14201,14205,193045,98208
05/18/2012,16:00,14214,14272,14110,14127,184650,94963
05/21/2012,16:00,14127,14285,14097,14282,131255,97254
05/22/2012,16:00,14281,14345,14215,14269,155360,99269
05/23/2012,16:00,14272,14278,14078,14258,190766,98676
05/24/2012,16:00,14256,14335,14181,14328,174744,101289
05/25/2012,16:00,14330,14378,14193,14221,135469,102219
05/29/2012,16:00,14258,14391,14236,14375,167970,99431
05/30/2012,16:00,14375,14380,14168,14173,192577,104721
05/31/2012,16:00,14174,14271,14099,14175,199425,99952
06/01/2012,16:00,14162,14172,13887,13895,248257,96534
06/04/2012,16:00,13896,13924,13777,13855,150519,92991
06/05/2012,16:00,13856,13926,13826,13918,135764,94670
06/06/2012,16:00,13919,14214,13903,14211,166240,91175
06/07/2012,16:00,14211,14340,14200,14271,27373,26052
06/08/2012,16:00,14268,14373,14175,14368,102648,37351
06/11/2012,16:00,14470,14580,14173,14175,180261,52726
06/12/2012,16:00,14182,14383,14153,14379,188262,66422
06/13/2012,16:00,14376,14396,14246,14294,151760,68663
06/14/2012,16:00,14297,14496,14271,14471,172935,75546
06/15/2012,16:00,14473,14588,14457,14575,102545,75119
06/18/2012,16:00,14643,14668,14486,14551,133894,77216
06/19/2012,16:00,14550,14694,14522,14627,108774,77405
06/20/2012,16:00,14623,14673,14536,14628,169232,85671
06/21/2012,16:00,14626,14656,14357,14367,172172,86003
06/22/2012,16:00,14363,14471,14361,14433,118558,91426
06/25/2012,16:00,14431,14431,14252,14296,120328,90605
06/26/2012,16:00,14298,14372,14245,14351,116669,90547
06/27/2012,16:00,14348,14442,14322,14418,103948,99314
06/28/2012,16:00,14420,14435,14241,14391,175593,90764
06/29/2012,16:00,14395,14699,14344,14673,143928,92720
07/02/2012,16:00,14692,14715,14589,14641,117485,91148
07/03/2012,16:00,14645,14742,14615,14732,62503,90934
07/05/2012,16:00,14731,14782,14648,14697,122418,91436
07/06/2012,16:00,14695,14716,14505,14592,142800,86783
07/09/2012,16:00,14573,14585,14487,14550,99347,87426
07/10/2012,16:00,14551,14632,14408,14450,151052,86473
07/11/2012,16:00,14448,14516,14334,14401,136182,85041
07/12/2012,16:00,14403,14429,14290,14367,125958,80517
07/13/2012,16:00,14365,14588,14365,14577,116885,83657
07/16/2012,16:00,14579,14583,14489,14513,90015,82260
07/17/2012,16:00,14515,14631,14443,14602,128911,83090
07/18/2012,16:00,14604,14732,14551,14725,107062,89220
07/19/2012,16:00,14727,14801,14700,14745,113531,89853
07/20/2012,16:00,14747,14749,14616,14638,119046,86520
07/23/2012,16:00,14621,14621,14386,14510,145126,85857
07/24/2012,16:00,14511,14535,14327,14389,141548,79017
07/25/2012,16:00,14389,14540,14337,14502,132355,79120
07/26/2012,16:00,14501,14741,14449,14690,157812,87719
07/27/2012,16:00,14689,14926,14676,14898,151369,93770
07/30/2012,16:00,14883,14937,14848,14866,104687,95381
07/31/2012,16:00,14864,14921,14798,14814,104423,97984
08/01/2012,16:00,14805,14888,14760,14788,109956,99899
08/02/2012,16:00,14782,14895,14586,14696,161519,93283
08/03/2012,16:00,14694,14945,14678,14920,109320,97910
08/06/2012,16:00,14929,14998,14899,14932,72418,101801
08/07/2012,16:00,14930,15025,14913,14984,75638,104524
08/08/2012,16:00,14982,15021,14911,14985,82212,106209
08/09/2012,16:00,14988,15050,14947,15003,83054,105328
08/10/2012,16:00,14999,15040,14916,15037,88439,106776
08/13/2012,16:00,15025,15048,14938,15002,89320,104914
08/14/2012,16:00,14997,15056,14969,14998,89230,104038
08/15/2012,16:00,14995,15035,14964,15000,80307,108357
08/16/2012,16:00,15002,15111,14985,15090,96188,112267
08/17/2012,16:00,15093,15121,15078,15112,63238,112107
08/20/2012,16:00,15114,15133,15069,15094,68977,112428
08/21/2012,16:00,15095,15173,15027,15064,103835,113045
08/22/2012,16:00,15064,15071,14964,15021,129720,110107
08/23/2012,16:00,15019,15080,14889,14904,113820,109777
08/24/2012,16:00,14903,15027,14876,15021,106092,117004
08/27/2012,16:00,15024,15051,14966,14972,74989,114674
08/28/2012,16:00,14969,15000,14928,14951,90855,117447
08/29/2012,16:00,14949,14996,14930,14949,82619,118489
08/30/2012,16:00,14947,14953,14831,14847,103447,113839
08/31/2012,16:00,14849,15009,14836,14944,158861,117454
09/03/2012,16:00,14927,14972,14881,14966,158861,117454
09/04/2012,16:00,14968,14986,14830,14915,134241,111502
09/05/2012,16:00,14916,14951,14847,14915,104430,110744
09/06/2012,16:00,14916,15153,14909,15140,139593,120085
09/07/2012,16:00,15141,15189,15128,15161,101796,116989
09/10/2012,16:00,15150,15183,15096,15102,72331,116675
09/11/2012,16:00,15097,15214,15060,15158,90819,118862
09/12/2012,16:00,15159,15241,15149,15226,106387,106919
09/13/2012,16:00,15215,15438,15190,15387,34364,27826
09/14/2012,16:00,15386,15518,15379,15460,134176,57499
09/17/2012,16:00,15452,15461,15397,15412,95250,81939
09/18/2012,16:00,15416,15453,15370,15441,105219,104262
09/19/2012,16:00,15444,15499,15428,15439,104698,109924
09/20/2012,16:00,15440,15470,15368,15457,114476,119262
09/21/2012,16:00,15460,15530,15431,15442,93398,117143
09/24/2012,16:00,15432,15472,15380,15431,93917,120304
09/25/2012,16:00,15433,15490,15328,15347,127444,120672
09/26/2012,16:00,15347,15368,15274,15287,121899,126874
09/27/2012,16:00,15289,15395,15285,15356,123345,130967
09/28/2012,16:00,15354,15375,15235,15297,146311,127421
10/01/2012,16:00,15291,15468,15255,15379,147569,129366
10/02/2012,16:00,15376,15441,15289,15353,135663,123869
10/03/2012,16:00,15351,15405,15302,15368,119271,123365
10/04/2012,16:00,15366,15467,15364,15440,112527,123199
10/05/2012,16:00,15440,15541,15431,15478,110153,123888
10/08/2012,16:00,15492,15492,15417,15443,68415,121524
10/09/2012,16:00,15443,15487,15345,15354,137525,115392
10/10/2012,16:00,15362,15370,15202,15210,132756,115581
10/11/2012,16:00,15208,15303,15169,15207,112961,115134
10/12/2012,16:00,15207,15276,15169,15187,104932,115212
10/15/2012,16:00,15197,15311,15150,15301,107657,116403
10/16/2012,16:00,15298,15429,15289,15395,114773,120655
10/17/2012,16:00,15390,15440,15374,15431,110838,121396
10/18/2012,16:00,15427,15472,15393,15429,119365,120843
10/19/2012,16:00,15425,15441,15188,15194,162751,110798
10/22/2012,16:00,15193,15250,15116,15234,123349,108792
10/23/2012,16:00,15235,15258,14963,14983,179734,110107
10/24/2012,16:00,14980,15038,14941,14963,124742,108941
10/25/2012,16:00,14968,15061,14916,14998,124932,108319
10/26/2012,16:00,15008,15029,14879,14996,128805,107856
10/29/2012,16:00,14990,14996,14896,14996,15323,107792
10/30/2012,16:00,14915,15008,14868,14996,16858,107456
10/31/2012,16:00,15019,15066,14929,14972,111943,106045
11/01/2012,16:00,14933,15154,14911,15107,121161,104617
11/02/2012,16:00,15107,15168,14930,14933,120034,105233
11/05/2012,16:00,14931,15020,14915,14995,83754,102374
11/06/2012,16:00,14987,15171,14976,15143,106876,101944
11/07/2012,16:00,15140,15193,14769,14805,242828,107305
11/08/2012,16:00,14814,14873,14702,14717,168036,105459
11/09/2012,16:00,14719,14784,14612,14706,168559,102277
11/12/2012,16:00,14706,14758,14674,14722,75110,101101
11/13/2012,16:00,14719,14797,14626,14659,138310,101005
11/14/2012,16:00,14673,14745,14451,14486,167420,101319
11/15/2012,16:00,14485,14523,14406,14464,152927,100484
11/16/2012,16:00,14462,14515,14376,14512,167779,94345
11/19/2012,16:00,14521,14706,14515,14680,126099,95051
11/20/2012,16:00,14675,14719,14608,14701,122895,95921
11/21/2012,16:00,14699,14755,14638,14742,82562,96069
11/23/2012,16:00,14776,14924,14743,14903,61917,94842
11/26/2012,16:00,14891,14893,14812,14878,90154,95474
11/27/2012,16:00,14882,14913,14787,14804,125648,95845
11/28/2012,16:00,14809,14909,14682,14899,171456,92127
11/29/2012,16:00,14903,14991,14881,14963,136755,93114
11/30/2012,16:00,14929,14998,14915,14950,112994,89500
12/03/2012,16:00,14945,15022,14872,14892,121995,91217
12/04/2012,16:00,14882,14950,14856,14875,116192,93873
12/05/2012,16:00,14861,15018,14847,14966,173092,94626
12/06/2012,16:00,14957,15015,14939,15005,106044,91375
12/07/2012,16:00,15012,15096,14979,15085,141385,92332
12/10/2012,16:00,15089,15136,15045,15129,89273,91799
12/11/2012,16:00,15111,15246,15094,15220,115980,93532
12/12/2012,16:00,15217,15268,15163,15172,141546,92483
12/13/2012,16:00,15166,15212,15091,15103,35466,28987
12/14/2012,16:00,15100,15163,15063,15096,100301,43143
12/17/2012,16:00,15141,15202,15088,15193,127818,61859
12/18/2012,16:00,15198,15316,15179,15285,143962,75024
12/19/2012,16:00,15285,15327,15190,15228,130264,90483
12/20/2012,16:00,15193,15279,15169,15276,125615,97222
12/21/2012,16:00,15270,15276,14972,15145,139153,96228
12/24/2012,16:00,15141,15145,15069,15074,22366,96020
12/26/2012,16:00,15103,15120,15020,15057,37860,96771
12/27/2012,16:00,15059,15088,14903,15012,126509,95381
12/28/2012,16:00,15031,15061,14775,14786,94521,96220
12/31/2012,16:00,14810,15087,14751,15036,129952,93507
01/02/2013,16:00,15186,15353,15175,15340,151501,97651
01/03/2013,16:00,15333,15369,15296,15328,116327,96945
01/04/2013,16:00,15331,15386,15305,15355,100235,98042
01/07/2013,16:00,15370,15375,15281,15316,86399,94109
01/08/2013,16:00,15321,15333,15241,15276,103867,93251
01/09/2013,16:00,15275,15365,15273,15334,84372,95305
01/10/2013,16:00,15334,15439,15325,15415,112191,97075
01/11/2013,16:00,15434,15445,15386,15442,81514,98062
01/14/2013,16:00,15441,15466,15405,15442,89707,100942
01/15/2013,16:00,15447,15491,15387,15472,101346,102156
01/16/2013,16:00,15485,15489,15397,15446,87864,101168
01/17/2013,16:00,15443,15584,15403,15551,121261,106248
01/18/2013,16:00,15549,15595,15523,15585,89755,108010
01/22/2013,16:00,15612,15727,15540,15705,117582,110133
01/23/2013,16:00,15715,15742,15682,15728,85885,112004
01/24/2013,16:00,15711,15827,15710,15790,126006,111953
01/25/2013,16:00,15761,15849,15753,15821,100001,111643
01/28/2013,16:00,15825,15868,15812,15841,83452,112799
01/29/2013,16:00,15834,15927,15808,15917,90592,115079
01/30/2013,16:00,15915,15928,15831,15847,110101,114923
01/31/2013,16:00,15839,15895,15806,15806,102363,114670
02/01/2013,16:00,15842,15971,15837,15939,120751,118291
02/04/2013,16:00,15950,15958,15815,15854,114174,113060
02/05/2013,16:00,15847,15967,15843,15919,113758,115715
02/06/2013,16:00,15944,15964,15861,15937,115320,115813
02/07/2013,16:00,15941,15967,15811,15907,140869,113315
02/08/2013,16:00,15907,15984,15892,15935,101050,119462
02/11/2013,16:00,15947,15972,15900,15933,84679,118601
02/12/2013,16:00,15931,16001,15897,15982,85827,121219
02/13/2013,16:00,15993,16015,15927,15967,87775,116646
02/14/2013,16:00,15964,15976,15891,15959,97049,118436
02/15/2013,16:00,15961,15986,15888,15957,108785,118491
02/19/2013,16:00,15963,16032,15942,16016,102016,121072
02/20/2013,16:00,16016,16044,15892,15898,134966,119458
02/21/2013,16:00,15904,15919,15820,15881,182609,120330
02/22/2013,16:00,15885,16004,15885,15990,136269,124276
02/25/2013,16:00,15994,16073,15755,15797,222411,116501
02/26/2013,16:00,15783,15909,15779,15868,233528,119082
02/27/2013,16:00,15879,16100,15855,16069,183260,130111
02/28/2013,16:00,16071,16142,16021,16047,151404,128858
03/01/2013,16:00,16052,16102,15928,16083,197210,127128
03/04/2013,16:00,16067,16142,16012,16125,141005,128866
03/05/2013,16:00,16136,16279,16122,16242,150612,128288
03/06/2013,16:00,16256,16318,16243,16274,130149,124113
03/07/2013,16:00,16283,16348,16270,16324,22686,35002
03/08/2013,16:00,16327,16418,16305,16381,136461,60399
03/11/2013,16:00,16381,16453,16360,16449,106699,73780
03/12/2013,16:00,16447,16477,16409,16454,113589,88677
03/13/2013,16:00,16454,16476,16415,16466,109373,95275
03/14/2013,16:00,16471,16536,16456,16520,108806,101724
03/15/2013,16:00,16511,16548,16465,16501,97955,102185
03/18/2013,16:00,16436,16516,16337,16458,167584,107379
03/19/2013,16:00,16457,16511,16376,16456,210333,107308
03/20/2013,16:00,16433,16544,16415,16476,134708,107205
03/21/2013,16:00,16480,16509,16377,16415,165101,107591
03/22/2013,16:00,16415,16539,16393,16527,138866,113707
03/25/2013,16:00,16519,16585,16388,16454,207407,108693
03/26/2013,16:00,16467,16555,16453,16546,111768,111664
03/27/2013,16:00,16549,16563,16432,16513,130736,110655
03/28/2013,16:00,16513,16579,16464,16565,121051,110655
03/29/2013,16:00,16565,16565,16565,16565,121051,112155
04/01/2013,16:00,16576,16601,16521,16557,86213,110953
04/02/2013,16:00,16569,16678,16555,16652,129304,113334
04/03/2013,16:00,16660,16674,16522,16555,177030,111663
04/04/2013,16:00,16557,16625,16534,16599,175242,111453
04/05/2013,16:00,16598,16602,16429,16552,184154,109311
04/08/2013,16:00,16547,16656,16500,16631,118391,108046
04/09/2013,16:00,16647,16719,16600,16678,131463,110860
04/10/2013,16:00,16678,16831,16661,16801,135206,113416
04/11/2013,16:00,16815,16891,16789,16864,130447,113704
04/12/2013,16:00,16867,16879,16794,16852,141370,115759
04/15/2013,16:00,16855,16865,16536,16580,258391,116702
04/16/2013,16:00,16573,16766,16572,16753,187105,114593
04/17/2013,16:00,16749,16759,16562,16620,238623,110395
04/18/2013,16:00,16613,16683,16471,16478,211144,107891
04/19/2013,16:00,16492,16573,16475,16538,153797,112437
04/22/2013,16:00,16543,16618,16462,16567,166375,114499
04/23/2013,16:00,16580,16729,16512,16712,182635,118580
04/24/2013,16:00,16713,16761,16676,16683,128020,118109
04/25/2013,16:00,16678,16779,16663,16721,137560,120204
04/26/2013,16:00,16728,16752,16665,16717,121928,118059
04/29/2013,16:00,16716,16854,16699,16816,105831,120794
04/30/2013,16:00,16822,16854,16741,16841,116165,120643
05/01/2013,16:00,16851,16861,16694,16704,112691,115306
05/02/2013,16:00,16716,16844,16712,16828,136614,122841
05/03/2013,16:00,16826,17021,16810,16966,138865,124383
05/06/2013,16:00,16966,16995,16949,16974,73286,119480
05/07/2013,16:00,16969,17065,16944,17051,105798,119452
05/08/2013,16:00,17051,17135,17028,17130,98396,119399
05/09/2013,16:00,17124,17174,17077,17112,137079,118925
05/10/2013,16:00,17122,17180,17066,17136,136164,119568
05/13/2013,16:00,17107,17138,17080,17125,93983,119181
05/14/2013,16:00,17126,17253,17081,17243,121583,118668
05/15/2013,16:00,17246,17346,17212,17303,139188,117745
05/16/2013,16:00,17307,17346,17260,17280,134738,117747
05/17/2013,16:00,17285,17402,17281,17383,116568,117064
05/20/2013,16:00,17369,17435,17358,17387,105444,114646
05/21/2013,16:00,17383,17482,17366,17423,123536,113900
05/22/2013,16:00,17426,17591,17309,17388,285817,114425
05/23/2013,16:00,17401,17413,17211,17357,260247,117918
05/24/2013,16:00,17366,17402,17249,17375,162120,115881
05/28/2013,16:00,17395,17576,17338,17441,179762,114197
05/29/2013,16:00,17437,17458,17277,17358,192421,111894
05/30/2013,16:00,17360,17457,17307,17387,144225,115254
05/31/2013,16:00,17391,17450,17166,17168,210225,114300
06/03/2013,16:00,17186,17310,17167,17285,251551,120202
06/04/2013,16:00,17288,17366,17156,17247,205077,113527
06/05/2013,16:00,17237,17257,17001,17027,253308,107583
06/06/2013,16:00,17030,17117,16903,17104,240668,105573
06/07/2013,16:00,17099,17317,17064,17276,228396,106918
06/10/2013,16:00,17262,17361,17246,17296,152115,101740
06/11/2013,16:00,17293,17315,17142,17206,209152,104043
06/12/2013,16:00,17208,17309,17040,17046,213355,93695
06/13/2013,16:00,17041,17273,16941,17253,30990,27000
06/14/2013,16:00,17249,17274,17108,17124,141102,42689
06/17/2013,16:00,17128,17332,17122,17257,172733,63047
06/18/2013,16:00,17258,17410,17243,17380,145862,94643
06/19/2013,16:00,17383,17414,17161,17183,191134,97494
06/20/2013,16:00,17171,17182,16791,16837,295158,95225
06/21/2013,16:00,16840,16937,16745,16847,262577,92374
06/24/2013,16:00,16851,16867,16610,16724,295051,90907
06/25/2013,16:00,16731,16874,16663,16826,187959,90394
06/26/2013,16:00,16820,17001,16757,16960,149393,91642
06/27/2013,16:00,16967,17139,16956,17072,143042,95165
06/28/2013,16:00,17073,17138,16937,16960,179853,94642
07/01/2013,16:00,16969,17148,16927,17018,140989,98206
07/02/2013,16:00,17022,17116,16931,16997,156302,93904
07/03/2013,16:00,16996,17093,16887,17052,109629,99153
07/05/2013,16:00,17056,17248,17031,17212,167661,101200
07/08/2013,16:00,17216,17336,17199,17296,111435,103749
07/09/2013,16:00,17301,17394,17298,17358,99480,105456
07/10/2013,16:00,17368,17454,17328,17379,138627,108130
07/11/2013,16:00,17435,17555,17435,17529,105725,110938
07/12/2013,16:00,17521,17569,17483,17505,96848,113786
07/15/2013,16:00,17503,17580,17497,17552,63039,114944
07/16/2013,16:00,17552,17569,17488,17527,80527,116891
07/17/2013,16:00,17524,17595,17481,17576,128740,116949
07/18/2013,16:00,17570,17669,17536,17617,103102,120288
07/19/2013,16:00,17601,17647,17565,17642,88567,119628
07/22/2013,16:00,17643,17677,17594,17627,69810,118787
07/23/2013,16:00,17631,17683,17622,17649,80289,119840
07/24/2013,16:00,17651,17700,17574,17636,124470,118567
07/25/2013,16:00,17634,17640,17534,17620,121975,122442
07/26/2013,16:00,17630,17658,17479,17634,122848,122245
07/29/2013,16:00,17629,17641,17558,17619,94946,121689
07/30/2013,16:00,17617,17673,17555,17629,118301,122205
07/31/2013,16:00,17618,17716,17567,17569,168437,126466
08/01/2013,16:00,17613,17731,17608,17686,114613,132622
08/02/2013,16:00,17703,17736,17632,17726,95402,127396
08/05/2013,16:00,17721,17733,17660,17690,67119,123957
08/06/2013,16:00,17680,17700,17550,17610,115796,122409
08/07/2013,16:00,17596,17602,17511,17578,106888,124687
08/08/2013,16:00,17584,17659,17507,17588,138442,127377
08/09/2013,16:00,17590,17608,17441,17511,142970,123672
08/12/2013,16:00,17509,17540,17426,17523,108258,125414
08/13/2013,16:00,17534,17610,17442,17547,145396,126921
08/14/2013,16:00,17552,17562,17417,17440,145184,121175
08/15/2013,16:00,17422,17436,17192,17206,187540,118626
08/16/2013,16:00,17196,17249,17164,17174,146206,112222
08/19/2013,16:00,17176,17214,17113,17138,112971,111786
08/20/2013,16:00,17133,17183,17095,17121,117490,108310
08/21/2013,16:00,17122,17134,16962,16983,188837,107790
08/22/2013,16:00,16966,17101,16938,17075,129891,106969
08/23/2013,16:00,17079,17142,17040,17126,117298,102654
08/26/2013,16:00,17121,17169,17056,17067,100672,104376
08/27/2013,16:00,17074,17079,16880,16894,176682,102339
08/28/2013,16:00,16892,16985,16876,16942,114210,102226
08/29/2013,16:00,16931,17037,16918,16970,116306,102478
08/30/2013,16:00,16983,17030,16881,16931,129793,98864
09/03/2013,16:00,17044,17063,16897,16963,168753,96542
09/04/2013,16:00,16954,17086,16918,17060,114036,96001
09/05/2013,16:00,17071,17108,17031,17053,87526,92029
09/06/2013,16:00,17046,17138,16912,17045,198204,88100
09/09/2013,16:00,17044,17219,17028,17172,116465,92505
09/10/2013,16:00,17189,17325,17176,17309,146440,92362
09/11/2013,16:00,17319,17481,17298,17466,124986,96343
09/12/2013,16:00,17468,17486,17423,17454,35010,34316
09/13/2013,16:00,17458,17535,17420,17519,87728,53710
09/16/2013,16:00,17578,17719,17578,17639,145496,72060
09/17/2013,16:00,17624,17698,17614,17673,98897,97184
09/18/2013,16:00,17681,17853,17612,17802,170670,107343
09/19/2013,16:00,17810,17866,17765,17781,123610,115377
09/20/2013,16:00,17778,17792,17604,17611,110893,120512
09/23/2013,16:00,17638,17663,17513,17534,141507,134649
09/24/2013,16:00,17540,17578,17469,17494,128966,135932
09/25/2013,16:00,17490,17514,17391,17418,158669,132320
09/26/2013,16:00,17421,17527,17416,17469,128399,130046
09/27/2013,16:00,17504,17507,17342,17403,132108,124273
09/30/2013,16:00,17325,17327,17209,17254,162619,121755
10/01/2013,16:00,17295,17348,17241,17328,154554,118424
10/02/2013,16:00,17344,17345,17176,17233,155067,117003
10/03/2013,16:00,17235,17239,17078,17114,228916,110490
10/04/2013,16:00,17101,17217,17099,17206,127743,104513
10/07/2013,16:00,17148,17159,17049,17059,142566,103108
10/08/2013,16:00,17056,17084,16885,16922,218468,100309
10/09/2013,16:00,16894,16990,16856,16936,236854,98218
10/10/2013,16:00,16931,17261,16928,17241,190957,95497
10/11/2013,16:00,17233,17401,17157,17383,144838,97782
10/14/2013,16:00,17286,17451,17245,17433,137864,99045
10/15/2013,16:00,17444,17473,17290,17303,207713,100049
10/16/2013,16:00,17318,17519,17294,17457,165933,99731
10/17/2013,16:00,17447,17521,17345,17504,131636,100647
10/18/2013,16:00,17505,17561,17468,17524,126574,99042
10/21/2013,16:00,17535,17575,17505,17530,86511,99883
10/22/2013,16:00,17529,17667,17512,17606,164322,104814
10/23/2013,16:00,17613,17613,17511,17559,135650,104083
10/24/2013,16:00,17571,17683,17555,17662,120030,107298
10/25/2013,16:00,17670,17722,17624,17705,99720,110312
10/28/2013,16:00,17701,17782,17676,17726,95128,113376
10/29/2013,16:00,17726,17834,17691,17824,101867,116796
10/30/2013,16:00,17831,17884,17716,17761,163277,117079
10/31/2013,16:00,17749,17800,17691,17722,143545,123528
11/01/2013,16:00,17732,17797,17689,17750,127925,127293
11/04/2013,16:00,17748,17818,17731,17783,94882,125011
11/05/2013,16:00,17782,17797,17664,17758,140629,125397
11/06/2013,16:00,17761,17906,17754,17891,133805,128649
11/07/2013,16:00,17886,17987,17747,17775,209613,126124
11/08/2013,16:00,17752,17927,17703,17908,171251,129469
11/11/2013,16:00,17916,17951,17885,17931,80938,128464
11/12/2013,16:00,17936,17960,17865,17918,116723,128369
11/13/2013,16:00,17910,18019,17821,17987,141159,132131
11/14/2013,16:00,17991,18059,17971,18047,125836,131854
11/15/2013,16:00,18047,18138,18033,18121,98255,130180
11/18/2013,16:00,18121,18202,18103,18146,125387,127984
11/19/2013,16:00,18158,18201,18117,18142,139072,129535
11/20/2013,16:00,18140,18197,18042,18086,189282,130475
11/21/2013,16:00,18088,18194,18056,18183,120600,135672
11/22/2013,16:00,18180,18251,18156,18235,107021,134217
11/25/2013,16:00,18246,18308,18236,18270,121230,135442
11/26/2013,16:00,18258,18306,18253,18268,99326,134474
11/27/2013,16:00,18268,18304,18251,18282,79001,134936
11/29/2013,16:00,18323,18370,18269,18274,69967,133757
12/02/2013,16:00,18304,18322,18180,18206,118915,136958
12/03/2013,16:00,18196,18212,18055,18099,147126,140937
12/04/2013,16:00,18104,18162,17993,18094,183565,142306
12/05/2013,16:00,18100,18107,18010,18025,138375,140855
12/06/2013,16:00,18027,18283,18027,18221,152074,140151
12/09/2013,16:00,18227,18262,18211,18234,86156,134212
12/10/2013,16:00,18235,18255,18170,18186,100669,131935
12/11/2013,16:00,18197,18228,18028,18044,155001,114467
12/12/2013,16:00,18047,18063,17906,17946,34906,35058
12/13/2013,16:00,17938,18001,17923,17965,103478,58873
12/16/2013,16:00,17972,18143,17872,18087,133599,84892
12/17/2013,16:00,18081,18132,18040,18074,113059,100471
12/18/2013,16:00,18066,18392,18013,18373,196955,114241
12/19/2013,16:00,18374,18403,18301,18379,125165,120347
12/20/2013,16:00,18380,18489,18376,18445,87204,119401
12/23/2013,16:00,18472,18521,18469,18502,53229,119307
12/24/2013,16:00,18507,18569,18487,18567,19940,119418
12/26/2013,16:00,18570,18692,18570,18686,37801,117848
12/27/2013,16:00,18690,18730,18654,18685,53726,117891
12/30/2013,16:00,18681,18714,18670,18703,39274,118835
12/31/2013,16:00,18709,18804,18700,18758,38314,119514
01/02/2014,16:00,18737,18759,18617,18652,97793,123551
01/03/2014,16:00,18655,18718,18600,18671,93297,123510
01/06/2014,16:00,18663,18736,18600,18629,115127,123349
01/07/2014,16:00,18619,18760,18619,18718,110394,127339
01/08/2014,16:00,18723,18747,18620,18671,120757,123088
01/09/2014,16:00,18671,18734,18577,18655,132741,123216
01/10/2014,16:00,18656,18724,18581,18645,138308,124796
01/13/2014,16:00,18651,18657,18443,18478,139484,129095
01/14/2014,16:00,18475,18576,18446,18563,135764,132143
01/15/2014,16:00,18566,18708,18554,18672,114957,137214
01/16/2014,16:00,18677,18690,18576,18588,96503,131127
01/17/2014,16:00,18607,18699,18585,18661,114276,132398
01/21/2014,16:00,18659,18753,18517,18619,158162,132384
01/22/2014,16:00,18592,18646,18538,18581,106549,133051
01/23/2014,16:00,18580,18618,18342,18415,174732,133983
01/24/2014,16:00,18415,18445,18059,18080,233435,132029
01/27/2014,16:00,18065,18151,17986,18051,257321,127192
01/28/2014,16:00,18047,18207,18025,18140,157572,123709
01/29/2014,16:00,18202,18247,17907,17962,284151,120622
01/30/2014,16:00,17953,18110,17930,17997,178290,121704
01/31/2014,16:00,18005,18017,17814,17894,220501,118598
02/03/2014,16:00,17908,17961,17544,17556,271065,125332
02/04/2014,16:00,17587,17681,17546,17602,211683,117452
02/05/2014,16:00,17606,17679,17540,17631,200222,114528
02/06/2014,16:00,17647,17841,17641,17813,179057,105963
02/07/2014,16:00,17827,18013,17735,18003,206297,103472
02/10/2014,16:00,18012,18022,17939,18003,106803,104793
02/11/2014,16:00,18005,18236,18000,18193,147448,106293
02/12/2014,16:00,18189,18272,18161,18207,123103,106024
02/13/2014,16:00,18207,18276,18086,18243,144230,107421
02/14/2014,16:00,18244,18412,18175,18391,121846,108808
02/18/2014,16:00,18384,18453,18341,18371,130079,110881
02/19/2014,16:00,18371,18465,18268,18280,187532,112601
02/20/2014,16:00,18285,18401,18211,18364,165696,115196
02/21/2014,16:00,18368,18435,18336,18357,135684,114399
02/24/2014,16:00,18363,18545,18303,18450,133871,118318
02/25/2014,16:00,18444,18499,18386,18451,144454,119888
02/26/2014,16:00,18460,18508,18399,18442,147754,121513
02/27/2014,16:00,18456,18552,18366,18536,161929,125192
02/28/2014,16:00,18546,18652,18474,18571,194037,124925
03/03/2014,16:00,18489,18492,18322,18412,251619,125160
03/04/2014,16:00,18419,18673,18416,18645,185836,128660
03/05/2014,16:00,18643,18669,18594,18619,129277,124339
03/06/2014,16:00,18630,18703,18608,18679,120220,125031
03/07/2014,16:00,18683,18772,18653,18712,175284,125006
03/10/2014,16:00,18701,18723,18590,18677,123912,123431
03/11/2014,16:00,18672,18722,18584,18600,149372,117472
03/12/2014,16:00,18600,18630,18520,18603,173315,109376
03/13/2014,16:00,18608,18674,18348,18379,48940,51694
03/14/2014,16:00,18382,18431,18309,18324,168669,70378
03/17/2014,16:00,18323,18539,18243,18498,167480,85514
03/18/2014,16:00,18504,18635,18462,18594,180523,106765
03/19/2014,16:00,18596,18626,18381,18471,193215,117767
03/20/2014,16:00,18468,18612,18409,18597,168700,129933
03/21/2014,16:00,18590,18710,18540,18553,185327,126698
03/24/2014,16:00,18546,18635,18466,18534,183020,123866
03/25/2014,16:00,18541,18663,18524,18630,180942,127461
03/26/2014,16:00,18627,18724,18502,18511,193911,123373
03/27/2014,16:00,18535,18561,18444,18514,190508,119862
03/28/2014,16:00,18529,18673,18513,18572,155051,124319
03/31/2014,16:00,18608,18736,18608,18705,136908,128232
04/01/2014,16:00,18709,18820,18691,18781,108897,128003
04/02/2014,16:00,18784,18842,18763,18819,115123,128693
04/03/2014,16:00,18822,18863,18783,18833,116779,126424
04/04/2014,16:00,18839,18906,18644,18688,245035,122775
04/07/2014,16:00,18686,18695,18499,18510,202695,119953
04/08/2014,16:00,18519,18558,18439,18512,169951,116506
04/09/2014,16:00,18510,18703,18506,18692,152558,117227
04/10/2014,16:00,18698,18716,18410,18442,210431,114715
04/11/2014,16:00,18461,18479,18271,18313,231781,112577
04/14/2014,16:00,18279,18445,18213,18428,190502,110064
04/15/2014,16:00,18432,18589,18320,18537,277403,107079
04/16/2014,16:00,18577,18698,18554,18663,163730,110565
04/17/2014,16:00,18641,18718,18611,18675,125082,112763
04/21/2014,16:00,18678,18724,18666,18703,49857,113473
04/22/2014,16:00,18696,18830,18674,18790,112791,119848
04/23/2014,16:00,18787,18837,18743,18792,99054,122345
04/24/2014,16:00,18827,18845,18716,18763,157844,124660
04/25/2014,16:00,18735,18746,18596,18656,153927,122009
04/28/2014,16:00,18662,18768,18574,18729,209156,122010
04/29/2014,16:00,18730,18825,18722,18799,124193,121623
04/30/2014,16:00,18792,18858,18764,18843,134484,123691
05/01/2014,16:00,18847,18869,18788,18820,81624,122834
05/02/2014,16:00,18824,18882,18750,18779,163094,122878
05/05/2014,16:00,18781,18815,18639,18776,126416,124698
05/06/2014,16:00,18794,18821,18665,18692,129235,118564
05/07/2014,16:00,18692,18812,18637,18800,210445,127653
05/08/2014,16:00,18804,18904,18774,18842,190821,128883
05/09/2014,16:00,18828,18874,18783,18859,141287,130680
05/12/2014,16:00,18863,19002,18862,18987,112535,135434
05/13/2014,16:00,18997,19026,18984,19007,95136,135899
05/14/2014,16:00,19012,19026,18889,18919,114270,129785
05/15/2014,16:00,18926,18951,18698,18753,211379,124976
05/16/2014,16:00,18752,18803,18709,18797,130925,120922
05/19/2014,16:00,18798,18829,18719,18813,101151,121345
05/20/2014,16:00,18812,18837,18642,18669,151409,121522
05/21/2014,16:00,18674,18853,18658,18831,143972,125962
05/22/2014,16:00,18822,18892,18799,18860,98768,125729
05/23/2014,16:00,18857,18925,18854,18918,73944,129914
05/27/2014,16:00,18966,18998,18921,18986,93974,128820
05/28/2014,16:00,18988,19023,18933,18960,93983,127541
05/29/2014,16:00,18962,19019,18940,19013,78751,128731
05/30/2014,16:00,19008,19040,18967,19036,92528,130087
06/02/2014,16:00,19036,19076,19001,19054,91660,129334
06/03/2014,16:00,19054,19059,19010,19045,82001,125898
06/04/2014,16:00,19047,19065,18994,19050,83973,125721
06/05/2014,16:00,19053,19169,19028,19150,157899,128787
06/06/2014,16:00,19154,19272,19148,19264,104401,126185
06/09/2014,16:00,19272,19294,19240,19268,78005,122584
06/10/2014,16:00,19262,19285,19221,19274,81782,121370
06/11/2014,16:00,19276,19277,19147,19187,108354,114555
06/12/2014,16:00,19181,19212,19035,19080,31549,28671
06/13/2014,16:00,19085,19121,19042,19099,100759,48080
06/16/2014,16:00,19101,19134,19026,19104,122329,70157
06/17/2014,16:00,19102,19162,19056,19131,144366,104068
06/18/2014,16:00,19133,19234,19052,19220,147246,117891
06/19/2014,16:00,19216,19247,19180,19235,113707,119536
06/20/2014,16:00,19228,19297,19217,19260,88929,119704
06/23/2014,16:00,19257,19313,19210,19242,95627,116945
06/24/2014,16:00,19231,19287,19119,19154,142745,116112
06/25/2014,16:00,19145,19205,19101,19173,129816,118816
06/26/2014,16:00,19173,19202,19061,19164,150592,117312
06/27/2014,16:00,19170,19184,19089,19159,109965,118257
06/30/2014,16:00,19155,19189,19119,19142,101190,118978
07/01/2014,16:00,19159,19321,19151,19278,127883,130022
07/02/2014,16:00,19282,19313,19275,19301,74313,128879
07/03/2014,16:00,19297,19396,19288,19378,71926,129361
07/07/2014,16:00,19381,19396,19310,19348,96811,125324
07/08/2014,16:00,19346,19354,19198,19262,148160,116841
07/09/2014,16:00,19262,19329,19240,19315,115989,119312
07/10/2014,16:00,19316,19322,19124,19244,171720,117296
07/11/2014,16:00,19238,19295,19188,19283,104397,119167
07/14/2014,16:00,19280,19419,19279,19380,92371,126005
07/15/2014,16:00,19383,19447,19334,19390,155706,124213
07/16/2014,16:00,19405,19471,19393,19459,112017,129140
07/17/2014,16:00,19443,19487,19290,19343,225013,125089
07/18/2014,16:00,19291,19452,19237,19434,155631,126432
07/21/2014,16:00,19423,19431,19310,19385,129463,122574
07/22/2014,16:00,19381,19471,19378,19435,118907,127084
07/23/2014,16:00,19421,19469,19394,19427,113533,124365
07/24/2014,16:00,19433,19465,19367,19400,119190,125820
07/25/2014,16:00,19379,19407,19248,19293,153127,121354
07/28/2014,16:00,19295,19340,19210,19318,131718,122236
07/29/2014,16:00,19316,19395,19242,19247,152804,126507
07/30/2014,16:00,19250,19328,19153,19223,197892,123093
07/31/2014,16:00,19224,19224,18890,18896,264173,120294
08/01/2014,16:00,18911,18951,18772,18818,264173,120306
08/04/2014,16:00,18831,18930,18780,18888,137613,116371
08/05/2014,16:00,18890,18902,18701,18768,208315,116381
08/06/2014,16:00,18771,18844,18674,18797,162864,112741
08/07/2014,16:00,18795,18861,18682,18723,189173,111817
08/08/2014,16:00,18724,18904,18610,18881,190966,109528
08/11/2014,16:00,18881,18983,18876,18917,123128,112419
08/12/2014,16:00,18927,18962,18867,18921,116945,109570
08/13/2014,16:00,18939,19036,18921,19021,104074,109800
08/14/2014,16:00,19028,19094,18999,19084,88746,109797
08/15/2014,16:00,19089,19144,18939,19033,192441,109729
08/18/2014,16:00,19068,19217,19059,19195,97398,107741
08/19/2014,16:00,19205,19301,19205,19283,80509,110100
08/20/2014,16:00,19287,19372,19257,19352,100390,112860
08/21/2014,16:00,19350,19452,19341,19418,84581,116269
08/22/2014,16:00,19420,19448,19364,19395,110044,116958
08/25/2014,16:00,19406,19505,19402,19458,76350,117075
08/26/2014,16:00,19453,19534,19439,19499,82766,119232
08/27/2014,16:00,19509,19521,19474,19495,71942,119781
08/28/2014,16:00,19498,19506,19409,19479,102069,124601
08/29/2014,16:00,19498,19536,19424,19487,93034,124614
09/02/2014,16:00,19486,19532,19403,19455,117442,125462
09/03/2014,16:00,19455,19556,19449,19475,116573,125184
09/04/2014,16:00,19472,19556,19419,19481,135777,123005
09/05/2014,16:00,19489,19535,19399,19519,158724,124430
09/08/2014,16:00,19522,19532,19472,19502,109031,119982
09/09/2014,16:00,19502,19524,19387,19436,161367,120798
09/10/2014,16:00,19433,19479,19369,19460,137893,119846
09/11/2014,16:00,19458,19467,19375,19445,39893,36157
09/12/2014,16:00,19456,19470,19336,19391,141344,62205
09/15/2014,16:00,19361,19453,19324,19428,152152,84591
09/16/2014,16:00,19440,19566,19375,19539,176890,110602
09/17/2014,16:00,19544,19619,19490,19554,188944,119744
09/18/2014,16:00,19574,19692,19555,19663,123091,129082
09/19/2014,16:00,19685,19764,19655,19697,137462,128310
09/22/2014,16:00,19685,19695,19554,19584,147834,132348
09/23/2014,16:00,19569,19596,19413,19448,150323,135355
09/24/2014,16:00,19421,19634,19421,19624,141362,136496
09/25/2014,16:00,19615,19634,19348,19385,212814,134649
09/26/2014,16:00,19387,19554,19365,19515,151568,136992
09/29/2014,16:00,19524,19524,19333,19465,178934,136144
09/30/2014,16:00,19465,19548,19415,19450,161891,138250
10/01/2014,16:00,19422,19469,19175,19225,227999,135611
10/02/2014,16:00,19219,19260,19074,19209,227010,130985
10/03/2014,16:00,19208,19432,19190,19406,143525,129377
10/06/2014,16:00,19408,19505,19329,19388,165288,132012
10/07/2014,16:00,19366,19389,19104,19136,206162,132095
10/08/2014,16:00,19108,19413,19067,19388,249765,128254
10/09/2014,16:00,19388,19434,19022,19095,342630,125029
10/10/2014,16:00,19026,19167,18912,18922,309178,122421
10/13/2014,16:00,18905,19011,18701,18717,306767,122017
10/14/2014,16:00,18712,18870,18680,18740,304542,118213
10/15/2014,16:00,18772,18814,18254,18492,536220,116612
10/16/2014,16:00,18492,18621,18270,18500,430281,112750
10/17/2014,16:00,18518,18832,18505,18794,266749,108841
10/20/2014,16:00,18819,18904,18648,18816,180953,108645
10/21/2014,16:00,18844,19045,18694,19032,181758,110277
10/22/2014,16:00,19031,19083,18868,18910,192923,108242
10/23/2014,16:00,18911,19178,18888,19098,200392,110125
10/24/2014,16:00,19104,19232,18999,19221,160537,110265
10/27/2014,16:00,19231,19282,19137,19241,132768,110920
10/28/2014,16:00,19251,19425,19239,19421,131306,112817
10/29/2014,16:00,19398,19477,19305,19409,175425,115609
10/30/2014,16:00,19397,19637,19316,19599,198344,121859
10/31/2014,16:00,19599,19840,19590,19796,172671,124512
11/03/2014,16:00,19797,19827,19752,19770,108738,127296
11/04/2014,16:00,19773,19814,19693,19790,141531,132585
11/05/2014,16:00,19796,19911,19774,19898,138569,132939
11/06/2014,16:00,19900,19998,19852,19989,136570,132964
11/07/2014,16:00,19986,20033,19922,19986,115197,132533
11/10/2014,16:00,19984,20054,19957,20038,79540,134915
11/11/2014,16:00,20031,20089,20016,20053,70593,135051
11/12/2014,16:00,20045,20069,19968,20062,103752,139210
11/13/2014,16:00,20050,20146,20028,20081,135944,141094
11/14/2014,16:00,20077,20124,20062,20089,92898,142102
11/17/2014,16:00,20092,20126,19996,20102,98261,142963
11/18/2014,16:00,20105,20185,20085,20137,94815,142734
11/19/2014,16:00,20136,20167,20076,20142,106840,141407
11/20/2014,16:00,20137,20186,20043,20179,102216,146341
11/21/2014,16:00,20180,20355,20163,20265,129823,144275
11/24/2014,16:00,20265,20317,20250,20277,71611,141400
11/25/2014,16:00,20277,20319,20248,20293,79840,141436
11/26/2014,16:00,20292,20332,20258,20295,61867,140139
11/28/2014,16:00,20303,20362,20244,20297,82524,140445
12/01/2014,16:00,20269,20294,20186,20240,139627,143401
12/02/2014,16:00,20240,20371,20240,20347,112138,147250
12/03/2014,16:00,20354,20402,20325,20382,84779,143730
12/04/2014,16:00,20378,20414,20286,20375,133921,138619
12/05/2014,16:00,20371,20465,20367,20438,100804,135955
12/08/2014,16:00,20438,20448,20278,20336,134648,135116
12/09/2014,16:00,20339,20358,20108,20265,186001,133935
12/10/2014,16:00,20264,20292,19985,20027,202703,131778
12/11/2014,16:00,20025,20256,20007,20063,58563,33868
12/12/2014,16:00,20046,20061,19741,19745,202476,59692
12/15/2014,16:00,19741,19898,19605,19679,261002,77435
12/16/2014,16:00,19705,19921,19528,19561,333975,96531
12/17/2014,16:00,19578,19881,19570,19846,297392,101582
12/18/2014,16:00,19839,20298,19822,20280,218745,111299
12/19/2014,16:00,20271,20399,20240,20315,166032,108078
12/22/2014,16:00,20295,20482,20295,20451,94360,107239
12/23/2014,16:00,20457,20573,20447,20530,70412,106512
12/24/2014,16:00,20528,20585,20519,20542,20264,106624
12/26/2014,16:00,20573,20605,20542,20566,23865,108538
12/29/2014,16:00,20578,20590,20495,20536,56821,110269
12/30/2014,16:00,20559,20560,20443,20495,62519,113632
12/31/2014,16:00,20485,20538,20293,20306,69573,115776
01/02/2015,16:00,20335,20438,20209,20277,124972,118271
01/05/2015,16:00,20280,20300,19946,20004,181349,114761
01/06/2015,16:00,20024,20056,19730,19844,257163,112371
01/07/2015,16:00,19860,20078,19854,20061,183550,109518
01/08/2015,16:00,20069,20400,20068,20374,151625,112008
01/09/2015,16:00,20365,20418,20166,20203,196348,107342
01/12/2015,16:00,20201,20307,20045,20125,178160,107408
01/13/2015,16:00,20140,20408,19970,20089,274261,110471
01/14/2015,16:00,20096,20122,19737,19919,328082,105408
01/15/2015,16:00,19950,20087,19744,19837,298348,104308
01/16/2015,16:00,19774,20012,19679,19986,219257,102778
01/20/2015,16:00,19950,20090,19825,20015,231453,100231
01/21/2015,16:00,19972,20089,19879,20045,179017,101287
01/22/2015,16:00,20047,20330,19964,20291,187466,103421
01/23/2015,16:00,20293,20349,20129,20142,133884,102353
01/26/2015,16:00,20072,20185,19986,20168,124612,102696
01/27/2015,16:00,20169,20183,19769,19932,212587,105575
01/28/2015,16:00,19954,20042,19647,19654,209232,107517
01/29/2015,16:00,19681,19992,19616,19986,232611,103039
01/30/2015,16:00,19975,19978,19636,19651,241912,102902
02/02/2015,16:00,19662,19869,19516,19853,229318,101976
02/03/2015,16:00,19836,20154,19768,20126,184061,104634
02/04/2015,16:00,20136,20266,20061,20122,176016,103474
02/05/2015,16:00,20078,20375,20046,20338,132143,107117
02/06/2015,16:00,20349,20447,20258,20336,147162,105858
02/09/2015,16:00,20324,20324,20178,20235,120433,104725
02/10/2015,16:00,20246,20385,20212,20347,116414,105726
02/11/2015,16:00,20356,20503,20273,20385,124951,108283
02/12/2015,16:00,20444,20500,20332,20486,117444,110343
02/13/2015,16:00,20483,20563,20467,20536,95889,113134
02/17/2015,16:00,20526,20578,20445,20555,125742,115755
02/18/2015,16:00,20563,20582,20507,20547,89556,114672
02/19/2015,16:00,20540,20592,20450,20513,104132,115427
02/20/2015,16:00,20521,20675,20407,20658,159649,117259
02/23/2015,16:00,20666,20667,20588,20639,70983,115666
02/24/2015,16:00,20636,20761,20630,20740,93424,115767
02/25/2015,16:00,20744,20773,20713,20748,75917,116832
02/26/2015,16:00,20744,20782,20697,20757,96883,114311
02/27/2015,16:00,20757,20757,20671,20681,82630,115596
03/02/2015,16:00,20698,20824,20677,20802,97423,120920
03/03/2015,16:00,20802,20809,20674,20740,98213,116007
03/04/2015,16:00,20740,20740,20567,20640,118085,114248
03/05/2015,16:00,20643,20702,20625,20674,89647,115446
03/06/2015,16:00,20674,20709,20365,20415,185298,109899
03/09/2015,16:00,20429,20574,20371,20524,99504,110886
03/10/2015,16:00,20526,20529,20210,20220,170578,107808
03/11/2015,16:00,20235,20288,20172,20192,133731,98581
03/12/2015,16:00,20220,20454,20191,20422,37957,32608
03/13/2015,16:00,20422,20458,20177,20283,124275,42944
03/16/2015,16:00,20284,20543,20241,20485,110608,61592
03/17/2015,16:00,20472,20507,20331,20407,119086,71945
03/18/2015,16:00,20400,20647,20239,20619,186641,95951
03/19/2015,16:00,20622,20676,20477,20515,128869,100442
03/20/2015,16:00,20509,20747,20504,20663,116676,104962
03/23/2015,16:00,20662,20756,20611,20646,73526,106026
03/24/2015,16:00,20645,20708,20557,20579,108919,106591
03/25/2015,16:00,20577,20597,20258,20279,162709,105947
03/26/2015,16:00,20296,20309,20095,20233,179585,101142
03/27/2015,16:00,20242,20308,20165,20256,113479,97718
03/30/2015,16:00,20254,20553,20215,20490,136330,103048
03/31/2015,16:00,20489,20510,20296,20333,140325,97216
04/01/2015,16:00,20314,20358,20105,20245,217492,94450
04/02/2015,16:00,20269,20361,20182,20306,108614,92946
04/03/2015,16:00,20311,20332,20125,20141,15395,0
04/06/2015,16:00,20141,20488,20137,20435,102819,98168
04/07/2015,16:00,20423,20531,20404,20415,110106,97209
04/08/2015,16:00,20418,20528,20367,20459,136180,97632
04/09/2015,16:00,20473,20534,20368,20517,130620,100733
04/10/2015,16:00,20514,20618,20490,20603,90401,105157
04/13/2015,16:00,20599,20659,20521,20540,106878,103946
04/14/2015,16:00,20548,20627,20452,20594,145024,108547
04/15/2015,16:00,20603,20713,20565,20652,111457,111222
04/16/2015,16:00,20671,20723,20578,20671,127422,110658
04/17/2015,16:00,20669,20674,20296,20400,211029,100560
04/20/2015,16:00,20433,20646,20420,20573,132108,102605
04/21/2015,16:00,20554,20702,20478,20513,130186,99968
04/22/2015,16:00,20523,20606,20404,20575,146386,102295
04/23/2015,16:00,20568,20692,20454,20611,170009,110372
04/24/2015,16:00,20609,20667,20562,20647,97748,110260
04/27/2015,16:00,20659,20741,20578,20620,126183,109205
04/28/2015,16:00,20623,20694,20469,20688,163876,114045
04/29/2015,16:00,20679,20697,20505,20584,202232,113737
04/30/2015,16:00,20583,20609,20321,20389,205510,108660
05/01/2015,16:00,20410,20583,20403,20564,110840,108310
05/04/2015,16:00,20568,20687,20539,20625,97945,107962
05/05/2015,16:00,20630,20653,20455,20494,162515,105935
05/06/2015,16:00,20505,20604,20298,20408,209550,102357
05/07/2015,16:00,20410,20549,20259,20519,176646,100234
05/08/2015,16:00,20525,20785,20513,20751,155957,112394
05/11/2015,16:00,20759,20782,20655,20671,112003,109313
05/12/2015,16:00,20670,20701,20501,20659,179144,105878
05/13/2015,16:00,20672,20749,20626,20645,132059,106441
05/14/2015,16:00,20661,20843,20617,20832,121456,118053
05/15/2015,16:00,20832,20880,20807,20859,88186,119351
05/18/2015,16:00,20866,20921,20816,20889,90043,121707
05/19/2015,16:00,20899,20964,20857,20914,96874,120962
05/20/2015,16:00,20910,20954,20871,20886,111068,120921
05/21/2015,16:00,20875,20923,20827,20888,75211,122919
05/22/2015,16:00,20892,20925,20821,20854,80181,120865
05/26/2015,16:00,20860,20884,20594,20683,177518,112975
05/27/2015,16:00,20684,20797,20656,20771,117045,114171
05/28/2015,16:00,20765,20778,20682,20764,106388,111677
05/29/2015,16:00,20764,20776,20581,20639,154965,110375
06/01/2015,16:00,20650,20735,20597,20653,136304,110801
06/02/2015,16:00,20672,20715,20535,20631,168133,112390
06/03/2015,16:00,20634,20793,20627,20726,145880,112198
06/04/2015,16:00,20732,20732,20492,20555,222296,112050
06/05/2015,16:00,20554,20583,20438,20472,179950,110616
06/08/2015,16:00,20470,20490,20380,20398,149125,107429
06/09/2015,16:00,20407,20439,20323,20397,155045,105515
06/10/2015,16:00,20406,20668,20396,20648,163695,101490
06/11/2015,16:00,20626,20740,20623,20672,28372,26050
06/12/2015,16:00,20681,20681,20480,20529,119066,47586
06/15/2015,16:00,20464,20496,20318,20422,136806,59564
06/16/2015,16:00,20419,20548,20313,20536,119889,74355
06/17/2015,16:00,20545,20624,20461,20536,134212,80124
06/18/2015,16:00,20542,20808,20487,20754,166272,108605
06/19/2015,16:00,20757,20786,20617,20621,100120,107264
06/22/2015,16:00,20677,20812,20676,20735,104874,106986
06/23/2015,16:00,20754,20818,20734,20777,77646,106493
06/24/2015,16:00,20784,20790,20588,20593,123673,100482
06/25/2015,16:00,20606,20707,20507,20522,125947,96740
06/26/2015,16:00,20543,20634,20497,20583,124413,96654
06/29/2015,16:00,20399,20467,20202,20230,225524,96297
06/30/2015,16:00,20254,20356,20185,20233,238371,89548
07/01/2015,16:00,20250,20424,20242,20381,153556,87574
07/02/2015,16:00,20387,20447,20303,20359,106283,86886
07/06/2015,16:00,20351,20369,20064,20337,189947,87113
07/07/2015,16:00,20369,20436,20081,20390,249616,87202
07/08/2015,16:00,20387,20388,20114,20152,253841,88660
07/09/2015,16:00,20153,20388,20136,20162,200488,90322
07/10/2015,16:00,20189,20422,20189,20379,158842,89190
07/13/2015,16:00,20275,20613,20246,20610,147320,93175
07/14/2015,16:00,20602,20696,20575,20671,86991,94763
07/15/2015,16:00,20671,20717,20633,20702,96843,95479
07/16/2015,16:00,20699,20785,20688,20730,93486,95561
07/17/2015,16:00,20715,20734,20662,20707,73288,94532
07/20/2015,16:00,20703,20768,20691,20713,81454,95237
07/21/2015,16:00,20695,20730,20496,20576,122821,94602
07/22/2015,16:00,20526,20547,20438,20495,103142,94327
07/23/2015,16:00,20510,20543,20337,20386,127882,94682
07/24/2015,16:00,20401,20421,20183,20233,123764,95314
07/27/2015,16:00,20237,20257,20029,20106,165139,95332
07/28/2015,16:00,20106,20281,20081,20256,164190,92224
07/29/2015,16:00,20264,20407,20234,20392,128149,89783
07/30/2015,16:00,20376,20410,20265,20396,115910,90944
07/31/2015,16:00,20385,20431,20302,20324,119936,93713
08/03/2015,16:00,20330,20368,20125,20221,142066,94066
08/04/2015,16:00,20222,20267,20134,20164,125478,95952
08/05/2015,16:00,20106,20305,20106,20185,129595,94475
08/06/2015,16:00,20189,20223,20015,20085,131650,96540
08/07/2015,16:00,20080,20109,19931,20031,156569,97879
08/10/2015,16:00,20020,20283,20010,20263,128190,94609
08/11/2015,16:00,20258,20260,20007,20065,161616,94305
08/12/2015,16:00,20074,20106,19789,20077,214480,92385
08/13/2015,16:00,20067,20146,20001,20079,148301,90938
08/14/2015,16:00,20066,20159,20031,20149,97286,90608
08/17/2015,16:00,20149,20223,20007,20214,118291,92249
08/18/2015,16:00,20205,20245,20145,20192,107544,92707
08/19/2015,16:00,20189,20221,19958,19995,223522,93963
08/20/2015,16:00,20000,20030,19618,19627,240919,96820
08/21/2015,16:00,19627,19650,19139,19177,392751,95791
08/24/2015,16:00,19115,19122,17995,18419,556006,92104
08/25/2015,16:00,18442,19051,18323,18429,425744,90686
08/26/2015,16:00,18481,19007,18251,18959,432478,87156
08/27/2015,16:00,18984,19371,18928,19360,319709,84802
08/28/2015,16:00,19356,19394,19175,19369,202342,82728
08/31/2015,16:00,19345,19345,19128,19218,186864,82872
09/01/2015,16:00,19197,19203,18669,18797,297120,82394
09/02/2015,16:00,18783,19057,18730,19040,228501,79529
09/03/2015,16:00,19041,19246,19008,19058,217955,79772
09/04/2015,16:00,19058,19077,18719,18829,232179,77616
09/08/2015,16:00,18800,19201,18721,19162,215425,77552
09/09/2015,16:00,19175,19398,18919,18980,217783,74519
09/10/2015,16:00,18996,19161,18856,19006,47182,20678
09/11/2015,16:00,19010,19154,18914,19138,113804,33639
09/14/2015,16:00,19150,19233,19026,19080,129390,40661
09/15/2015,16:00,19073,19342,19006,19321,149660,52101
09/16/2015,16:00,19318,19473,19267,19465,132834,55509
09/17/2015,16:00,19462,19638,19318,19359,225050,58147
09/18/2015,16:00,19356,19405,19036,19119,227179,59818
09/21/2015,16:00,19116,19277,19028,19257,171597,60368
09/22/2015,16:00,19266,19271,18916,19030,200144,58698
09/23/2015,16:00,19022,19123,18866,18988,172149,59688
09/24/2015,16:00,19012,19044,18711,18900,243203,60652
09/25/2015,16:00,18895,19173,18880,19004,231288,61705
09/28/2015,16:00,18963,19090,18676,18710,237709,63203
09/29/2015,16:00,18735,18815,18600,18750,259916,63905
09/30/2015,16:00,18749,18996,18729,18973,202065,66021
10/01/2015,16:00,18928,19146,18769,18991,220890,66539
10/02/2015,16:00,18992,19186,18709,19178,287405,66379
10/05/2015,16:00,19155,19495,19129,19460,152349,70084
10/06/2015,16:00,19454,19561,19377,19473,160899,69025
10/07/2015,16:00,19417,19668,19402,19615,201370,69832
10/08/2015,16:00,19611,19784,19481,19767,188228,72154
10/09/2015,16:00,19749,19827,19711,19792,119038,73438
10/12/2015,16:00,19773,19900,19744,19841,67274,74003
10/13/2015,16:00,19852,19877,19721,19774,128107,74652
10/14/2015,16:00,19752,19818,19594,19623,163381,72709
10/15/2015,16:00,19627,19873,19626,19870,152438,75182
10/16/2015,16:00,19863,19927,19813,19916,108094,74305
10/19/2015,16:00,19907,19949,19833,19918,109422,75156
10/20/2015,16:00,19901,19969,19847,19908,101476,74877
10/21/2015,16:00,19895,20024,19842,19857,145717,74139
10/22/2015,16:00,19857,20236,19843,20209,177471,78410
10/23/2015,16:00,20227,20398,20203,20347,160217,79489
10/26/2015,16:00,20347,20380,20286,20332,95416,77659
10/27/2015,16:00,20342,20356,20260,20314,101071,76091
10/28/2015,16:00,20314,20509,20272,20503,155703,80815
10/29/2015,16:00,20479,20508,20404,20485,105568,84324
10/30/2015,16:00,20491,20570,20363,20395,121465,88002
11/02/2015,16:00,20399,20565,20328,20536,102672,90677
11/03/2015,16:00,20524,20698,20490,20642,104770,93254
11/04/2015,16:00,20637,20707,20557,20588,137072,92916
11/05/2015,16:00,20600,20667,20511,20603,126619,94112
11/06/2015,16:00,20610,20656,20505,20644,173163,97200
11/09/2015,16:00,20627,20672,20411,20476,146385,97516
11/10/2015,16:00,20479,20525,20409,20517,127743,101264
11/11/2015,16:00,20510,20600,20444,20456,111144,100335
11/12/2015,16:00,20452,20516,20192,20199,172359,99622
11/13/2015,16:00,20206,20246,19954,20007,179695,100169
11/16/2015,16:00,19909,20248,19853,20222,171733,99603
11/17/2015,16:00,20223,20357,20201,20257,161563,96436
11/18/2015,16:00,20268,20515,20213,20490,153348,99490
11/19/2015,16:00,20488,20570,20446,20508,119473,97921
11/20/2015,16:00,20521,20685,20500,20602,103435,98281
11/23/2015,16:00,20602,20643,20517,20563,89886,98513
11/24/2015,16:00,20556,20631,20424,20566,132919,99104
11/25/2015,16:00,20565,20634,20544,20603,67392,98732
11/27/2015,16:00,20612,20676,20523,20602,75998,99669
11/30/2015,16:00,20602,20648,20501,20515,104830,100169
12/01/2015,16:00,20559,20680,20553,20663,124139,102585
12/02/2015,16:00,20666,20706,20496,20559,132073,100096
12/03/2015,16:00,20570,20671,20210,20287,244078,98516
12/04/2015,16:00,20304,20656,20246,20620,198761,99974
12/07/2015,16:00,20650,20670,20427,20557,148528,96269
12/08/2015,16:00,20552,20563,20276,20335,179094,90506
12/09/2015,16:00,20343,20563,20192,20257,242271,90506
12/10/2015,16:00,20287,20499,20257,20368,48271,31927
12/11/2015,16:00,20385,20423,20017,20061,174443,45005
12/14/2015,16:00,20050,20198,19935,20136,263763,59261
12/15/2015,16:00,20167,20432,20141,20352,162469,73186
12/16/2015,16:00,20354,20587,20287,20536,191105,80323
12/17/2015,16:00,20509,20617,20223,20238,197411,86033
12/18/2015,16:00,20232,20274,19890,19899,221125,84312
12/21/2015,16:00,19925,20099,19905,20060,127075,78911
12/22/2015,16:00,20081,20268,19992,20239,116004,77960
12/23/2015,16:00,20236,20399,20209,20354,96588,79492
12/24/2015,16:00,20360,20397,20319,20331,32084,78736
12/28/2015,16:00,20335,20360,20223,20320,67110,78778
12/29/2015,16:00,20331,20542,20311,20520,81380,82131
12/30/2015,16:00,20518,20538,20377,20391,66026,82020
12/31/2015,16:00,20401,20418,20180,20223,80554,79801
01/04/2016,16:00,20229,20281,19742,19967,220242,76575
01/05/2016,16:00,19968,20035,19822,19963,190444,74645
01/06/2016,16:00,19956,19978,19605,19720,232499,75207
01/07/2016,16:00,19740,19763,19249,19301,311903,71856
01/08/2016,16:00,19328,19548,19091,19117,301344,70124
01/11/2016,16:00,19142,19254,18967,19169,277519,68114
01/12/2016,16:00,19162,19384,19050,19245,260381,65846
01/13/2016,16:00,19232,19415,18907,18938,305051,64377
01/14/2016,16:00,18950,19273,18862,19163,304868,63345
01/15/2016,16:00,19150,19213,18630,18794,357593,60836
01/19/2016,16:00,18757,19070,18676,18795,348986,60531
01/20/2016,16:00,18770,18821,18247,18599,373958,59116
01/21/2016,16:00,18588,18839,18444,18669,355674,60221
01/22/2016,16:00,18637,18934,18609,18886,205208,58834
01/25/2016,16:00,18890,18921,18672,18693,179722,59595
01/26/2016,16:00,18692,18983,18522,18948,193761,60348
01/27/2016,16:00,18881,19033,18671,18733,261837,60849
01/28/2016,16:00,18743,18937,18650,18854,268654,59187
01/29/2016,16:00,18839,19258,18819,19238,217260,62224
02/01/2016,16:00,19249,19308,19091,19222,178466,61534
02/02/2016,16:00,19199,19208,18902,18973,205812,58985
02/03/2016,16:00,18957,19183,18757,19145,357093,56674
02/04/2016,16:00,19140,19290,19009,19210,269221,60527
02/05/2016,16:00,19191,19265,18929,19013,256009,63570
02/08/2016,16:00,19029,19079,18611,18870,295375,64616
02/09/2016,16:00,18847,18954,18655,18841,296252,63402
02/10/2016,16:00,18834,19036,18709,18748,273574,63880
02/11/2016,16:00,18712,18745,18334,18494,349218,66596
02/12/2016,16:00,18507,18811,18474,18795,216007,60727
02/16/2016,16:00,18836,19085,18836,19013,221658,61881
02/17/2016,16:00,19012,19336,18957,19295,169513,62549
02/18/2016,16:00,19330,19397,19237,19273,158898,61451
02/19/2016,16:00,19275,19324,19127,19240,142405,60621
02/22/2016,16:00,19225,19516,19198,19421,112400,61859
02/23/2016,16:00,19406,19456,19254,19278,129459,56511
02/24/2016,16:00,19260,19387,19013,19355,199855,59520
02/25/2016,16:00,19379,19559,19278,19554,151778,59800
02/26/2016,16:00,19540,19702,19470,19483,157727,58489
02/29/2016,16:00,19482,19589,19359,19379,161118,57192
03/01/2016,16:00,19376,19738,19314,19731,173083,60510
03/02/2016,16:00,19722,19789,19626,19750,165079,57611
03/03/2016,16:00,19740,19818,19680,19801,122928,60106
03/04/2016,16:00,19808,19925,19760,19849,166564,59675
03/07/2016,16:00,19854,19962,19780,19930,130845,61797
03/08/2016,16:00,19935,19945,19789,19854,148139,61214
03/09/2016,16:00,19866,19960,19822,19890,138640,61214
03/10/2016,16:00,19989,20053,19698,19876,32937,17120
03/11/2016,16:00,19885,20106,19866,20067,120835,34399
03/14/2016,16:00,20068,20159,20032,20104,89902,45221
03/15/2016,16:00,20104,20136,19999,20124,103915,54221
03/16/2016,16:00,20129,20263,20070,20212,147997,62967
03/17/2016,16:00,20210,20404,20123,20361,163702,75517
03/18/2016,16:00,20366,20498,20337,20468,128256,82887
03/21/2016,16:00,20466,20528,20417,20504,102160,86044
03/22/2016,16:00,20508,20530,20407,20480,128386,90949
03/23/2016,16:00,20472,20495,20363,20402,144382,94332
03/24/2016,16:00,20399,20439,20275,20415,134496,99118
03/28/2016,16:00,20440,20502,20368,20424,82564,98379
03/29/2016,16:00,20418,20529,20309,20514,133947,101692
03/30/2016,16:00,20519,20670,20512,20598,121178,103321
03/31/2016,16:00,20601,20635,20540,20571,120671,105939
04/01/2016,16:00,20589,20689,20444,20682,163740,109284
04/04/2016,16:00,20678,20729,20591,20618,124133,109168
04/05/2016,16:00,20598,20605,20464,20503,148233,112438
04/06/2016,16:00,20531,20615,20428,20604,168209,115790
04/07/2016,16:00,20603,20621,20372,20434,169327,113335
04/08/2016,16:00,20436,20585,20398,20461,157032,111621
04/11/2016,16:00,20463,20623,20388,20449,165005,111364
04/12/2016,16:00,20433,20632,20413,20613,174972,115513
04/13/2016,16:00,20613,20807,20605,20804,154946,115489
04/14/2016,16:00,20806,20856,20750,20818,129177,113821
04/15/2016,16:00,20825,20845,20756,20790,95930,114716
04/18/2016,16:00,20710,20911,20668,20904,128805,116885
04/19/2016,16:00,20857,20994,20853,20937,146276,118171
04/20/2016,16:00,20935,21059,20868,21013,140858,120378
04/21/2016,16:00,21012,21056,20842,20875,151053,121786
04/22/2016,16:00,20854,20927,20803,20893,140151,121251
04/25/2016,16:00,20939,20943,20749,20878,123634,120529
04/26/2016,16:00,20883,20946,20828,20895,120626,120318
04/27/2016,16:00,20856,20982,20815,20939,160324,123125
04/28/2016,16:00,20952,20963,20692,20737,192719,123563
04/29/2016,16:00,20742,20765,20544,20669,207630,123339
05/02/2016,16:00,20713,20808,20643,20775,129889,125710
05/03/2016,16:00,20782,20790,20561,20649,165942,123073
05/04/2016,16:00,20654,20676,20502,20557,162200,123492
05/05/2016,16:00,20553,20658,20512,20550,130181,123800
05/06/2016,16:00,20545,20661,20451,20647,161221,122785
05/09/2016,16:00,20649,20703,20571,20622,120192,118891
05/10/2016,16:00,20622,20840,20581,20829,142357,128438
05/11/2016,16:00,20804,20826,20632,20635,138964,119758
05/12/2016,16:00,20640,20730,20549,20644,163400,117741
05/13/2016,16:00,20645,20665,20435,20471,183037,113374
05/16/2016,16:00,20444,20681,20397,20640,135180,117398
05/17/2016,16:00,20635,20696,20399,20465,185539,109696
05/18/2016,16:00,20473,20584,20359,20455,232529,109533
05/19/2016,16:00,20467,20478,20273,20391,189903,107374
05/20/2016,16:00,20391,20523,20379,20458,128694,109850
05/23/2016,16:00,20480,20509,20407,20446,113793,109451
05/24/2016,16:00,20445,20694,20412,20663,136098,115250
05/25/2016,16:00,20672,20845,20656,20793,124625,116800
05/26/2016,16:00,20804,20840,20753,20793,106963,116785
05/27/2016,16:00,20801,20839,20778,20825,84723,119419
05/31/2016,16:00,20871,20884,20684,20750,138981,118427
06/01/2016,16:00,20749,20788,20624,20755,119690,118715
06/02/2016,16:00,20751,20809,20668,20801,113523,119886
06/03/2016,16:00,20797,20825,20653,20776,153492,120781
06/06/2016,16:00,20784,20915,20755,20891,119862,124515
06/07/2016,16:00,20891,20969,20879,20909,94989,123300
06/08/2016,16:00,20911,20988,20879,20971,101974,123300
06/09/2016,16:00,21064,21064,20886,20955,26815,21960
06/10/2016,16:00,20964,20964,20786,20849,174686,60804
06/13/2016,16:00,20796,20876,20695,20712,204479,94700
06/14/2016,16:00,20693,20740,20573,20645,209569,105495
06/15/2016,16:00,20633,20763,20604,20625,186258,116523
06/16/2016,16:00,20625,20734,20447,20716,218679,116552
06/17/2016,16:00,20708,20759,20578,20632,168089,113008
06/20/2016,16:00,20712,20927,20712,20785,145413,115333
06/21/2016,16:00,20825,20867,20775,20810,125876,112183
06/22/2016,16:00,20802,20898,20746,20761,129606,110287
06/23/2016,16:00,20812,21042,20812,20988,145954,113048
06/24/2016,16:00,21059,21098,20255,20320,440328,108537
06/27/2016,16:00,20258,20349,20034,20058,296661,104361
06/28/2016,16:00,20052,20380,20052,20374,191253,93963
06/29/2016,16:00,20375,20767,20328,20697,170563,96797
06/30/2016,16:00,20743,20901,20630,20892,173079,101038
07/01/2016,16:00,20862,20976,20835,20939,115502,103682
07/05/2016,16:00,20953,20997,20762,20835,150836,98927
07/06/2016,16:00,20845,20911,20691,20907,179302,102333
07/07/2016,16:00,20898,20968,20799,20891,134784,101537
07/08/2016,16:00,20892,21152,20855,21111,166591,106321
07/11/2016,16:00,21117,21270,21106,21220,133935,107865
07/12/2016,16:00,21224,21360,21207,21337,131748,111550
07/13/2016,16:00,21341,21378,21295,21361,124219,114768
07/14/2016,16:00,21361,21548,21339,21500,148861,118868
07/15/2016,16:00,21494,21561,21418,21490,129046,120973
07/18/2016,16:00,21498,21566,21483,21524,108256,124217
07/19/2016,16:00,21534,21567,21474,21553,105405,125839
07/20/2016,16:00,21570,21638,21529,21604,107705,126146
07/21/2016,16:00,21603,21621,21467,21509,109859,126372
07/22/2016,16:00,21513,21568,21490,21551,94200,129706
07/25/2016,16:00,21561,21600,21451,21493,104711,129196
07/26/2016,16:00,21498,21520,21384,21471,137652,134421
07/27/2016,16:00,21500,21544,21426,21463,145046,134532
07/28/2016,16:00,21483,21527,21366,21449,131774,136405
07/29/2016,16:00,21451,21477,21369,21435,138941,139349
08/01/2016,16:00,21482,21522,21352,21399,129503,139319
08/02/2016,16:00,21416,21448,21243,21321,158889,138900
08/03/2016,16:00,21321,21354,21261,21342,107918,142021
08/04/2016,16:00,21347,21409,21324,21346,103806,141977
08/05/2016,16:00,21348,21547,21346,21527,122773,147046
08/08/2016,16:00,21531,21581,21509,21533,84638,141371
08/09/2016,16:00,21539,21595,21515,21539,87302,141090
08/10/2016,16:00,21543,21586,21490,21525,96005,140313
08/11/2016,16:00,21523,21667,21506,21638,111156,146000
08/12/2016,16:00,21638,21658,21559,21596,90678,142417
08/15/2016,16:00,21606,21696,21598,21655,80678,144755
08/16/2016,16:00,21661,21662,21580,21597,103472,143926
08/17/2016,16:00,21606,21632,21516,21614,127972,145645
08/18/2016,16:00,21625,21648,21578,21638,92435,144695
08/19/2016,16:00,21639,21649,21542,21613,112215,144737
08/22/2016,16:00,21617,21634,21515,21592,141866,144901
08/23/2016,16:00,21592,21688,21579,21601,110672,144741
08/24/2016,16:00,21610,21617,21500,21545,111882,143334
08/25/2016,16:00,21543,21558,21479,21521,116870,145296
08/26/2016,16:00,21524,21627,21384,21453,193964,145150
08/29/2016,16:00,21453,21576,21425,21562,105443,150324
08/30/2016,16:00,21566,21588,21474,21517,114677,143821
08/31/2016,16:00,21526,21527,21397,21468,132594,142628
09/01/2016,16:00,21466,21535,21359,21468,169678,143576
09/02/2016,16:00,21468,21612,21451,21553,158496,146184
09/06/2016,16:00,21557,21618,21510,21596,124962,145529
09/07/2016,16:00,21608,21613,21542,21587,104149,145529
09/08/2016,16:00,21594,21622,21511,21535,24759,17841
09/09/2016,16:00,21505,21537,21097,21121,231998,60729
09/12/2016,16:00,21100,21432,20976,21400,312986,90836
09/13/2016,16:00,21376,21389,21102,21163,285892,104656
09/14/2016,16:00,21178,21239,21060,21074,206688,112256
09/15/2016,16:00,21088,21322,21036,21269,219404,117904
09/16/2016,16:00,21254,21265,21136,21207,149887,116099
09/19/2016,16:00,21212,21325,21158,21206,122943,113711
09/20/2016,16:00,21210,21299,21185,21201,111843,115762
09/21/2016,16:00,21191,21379,21165,21372,189572,118897
09/22/2016,16:00,21369,21520,21347,21453,128681,120490
09/23/2016,16:00,21451,21463,21319,21344,104660,116810
09/26/2016,16:00,21326,21357,21147,21168,128492,118448
09/27/2016,16:00,21165,21306,21113,21293,153632,120821
09/28/2016,16:00,21281,21414,21244,21392,155607,124676
09/29/2016,16:00,21386,21433,21153,21251,194374,121484
09/30/2016,16:00,21228,21437,21143,21373,166300,129270
10/03/2016,16:00,21357,21407,21262,21310,121065,123493
10/04/2016,16:00,21318,21383,21176,21246,207369,121522
10/05/2016,16:00,21239,21388,21208,21354,137416,127558
10/06/2016,16:00,21346,21377,21230,21353,130210,124843
10/07/2016,16:00,21346,21405,21215,21311,191030,123719
10/10/2016,16:00,21336,21474,21325,21413,106058,129679
10/11/2016,16:00,21418,21430,21122,21224,190865,120921
10/12/2016,16:00,21210,21275,21145,21207,146994,118147
10/13/2016,16:00,21173,21204,21022,21175,185060,117229
10/14/2016,16:00,21171,21331,21142,21213,170631,116636
10/17/2016,16:00,21204,21236,21127,21167,137630,117107
10/18/2016,16:00,21144,21297,21130,21218,120223,116924
10/19/2016,16:00,21214,21323,21185,21279,108311,120062
10/20/2016,16:00,21281,21332,21201,21262,156282,117379
10/21/2016,16:00,21249,21269,21119,21220,144869,116012
10/24/2016,16:00,21234,21351,21215,21288,111904,117243
10/25/2016,16:00,21292,21327,21221,21251,125524,114561
10/26/2016,16:00,21227,21310,21129,21282,186078,117445
10/27/2016,16:00,21281,21337,21219,21236,181633,115237
10/28/2016,16:00,21250,21327,21164,21252,278900,117765
10/31/2016,16:00,21219,21301,21186,21216,133450,117864
11/01/2016,16:00,21234,21280,21010,21093,228082,115631
11/02/2016,16:00,21089,21114,20979,21035,200698,115079
11/03/2016,16:00,21016,21089,20975,21006,155396,113548
11/04/2016,16:00,20998,21055,20953,20959,196117,111603
11/07/2016,16:00,21154,21363,21137,21346,172027,116681
11/08/2016,16:00,21342,21499,21283,21439,162218,115308
11/09/2016,16:00,21458,21744,20572,21686,651872,120344
11/10/2016,16:00,21687,21975,21646,21940,339145,122462
11/11/2016,16:00,21919,21987,21836,21941,205161,121152
11/14/2016,16:00,21960,22072,21916,21976,212519,119735
11/15/2016,16:00,21975,22039,21910,22034,146311,119971
11/16/2016,16:00,22028,22068,21947,21987,129349,121733
11/17/2016,16:00,21987,22030,21966,22023,119808,127982
11/18/2016,16:00,22024,22043,21977,22007,113076,129933
11/21/2016,16:00,22006,22083,21988,22064,112690,130964
11/22/2016,16:00,22073,22166,22066,22149,115567,129594
11/23/2016,16:00,22154,22214,22129,22208,120477,135871
11/25/2016,16:00,22219,22302,22186,22298,84532,137206
11/28/2016,16:00,22279,22280,22196,22234,128399,137538
11/29/2016,16:00,22241,22286,22213,22269,119176,139730
11/30/2016,16:00,22273,22369,22254,22286,162273,138727
12/01/2016,16:00,22297,22359,22267,22351,186012,140237
12/02/2016,16:00,22343,22347,22287,22312,136560,138726
12/05/2016,16:00,22264,22430,22237,22364,141710,136883
12/06/2016,16:00,22368,22399,22330,22386,103826,133610
12/07/2016,16:00,22392,22712,22372,22671,164116,133610
12/08/2016,16:00,22740,22823,22649,22782,39771,33346
12/09/2016,16:00,22779,22941,22774,22929,120230,58892
12/12/2016,16:00,22926,23027,22904,22941,150068,88191
12/13/2016,16:00,22949,23118,22932,23076,152246,114948
12/14/2016,16:00,23075,23129,22908,22983,221584,117904
12/15/2016,16:00,22981,23113,22960,23021,202529,124221
12/16/2016,16:00,23033,23081,22981,23012,129984,127044
12/19/2016,16:00,23018,23078,23010,23055,87037,128586
12/20/2016,16:00,23056,23151,23051,23117,81800,127247
12/21/2016,16:00,23134,23148,23090,23109,64397,127746
12/22/2016,16:00,23093,23117,23048,23091,71706,129315
12/23/2016,16:00,23085,23108,23063,23092,42113,129121
12/27/2016,16:00,23081,23140,23078,23094,45577,129209
12/28/2016,16:00,23099,23138,22987,22993,88829,132797
12/29/2016,16:00,22997,23035,22947,22977,86353,134898
12/30/2016,16:00,22988,23035,22879,22938,109475,137319
01/03/2017,16:00,22975,23097,22921,23016,151885,138474
01/04/2017,16:00,23016,23099,23005,23074,104361,136304
01/05/2017,16:00,23083,23090,22951,23039,108860,132870
01/06/2017,16:00,23039,23143,22978,23115,121917,131800
01/09/2017,16:00,23105,23140,23034,23046,85834,128899
01/10/2017,16:00,23044,23103,22983,23006,110885,129957
01/11/2017,16:00,23016,23122,22975,23095,185272,129724
01/12/2017,16:00,23098,23100,22910,23021,151822,129161
01/13/2017,16:00,23031,23096,22990,23050,99768,129599
01/17/2017,16:00,23046,23048,22916,22961,140716,129873
01/18/2017,16:00,22964,23009,22887,22953,121032,131009
01/19/2017,16:00,22946,22976,22825,22912,119383,132394
01/20/2017,16:00,22870,22997,22870,22963,150968,132345
01/23/2017,16:00,22964,22989,22884,22953,129845,131593
01/24/2017,16:00,22943,23100,22936,23062,121989,134136
01/25/2017,16:00,23069,23234,23065,23221,123956,132632
01/26/2017,16:00,23221,23287,23209,23269,109273,130995
01/27/2017,16:00,23269,23291,23223,23230,77803,130246
01/30/2017,16:00,23187,23211,23018,23106,148335,127406
01/31/2017,16:00,23101,23109,22931,23010,149470,127262
02/01/2017,16:00,23032,23114,22992,23034,133901,127501
02/02/2017,16:00,23044,23069,22953,23039,130390,127452
02/03/2017,16:00,23036,23225,23001,23204,132981,132670
02/06/2017,16:00,23210,23239,23150,23190,108426,128789
02/07/2017,16:00,23184,23304,23175,23236,111316,127341
02/08/2017,16:00,23224,23270,23184,23220,107592,126519
02/09/2017,16:00,23228,23376,23200,23354,113826,129412
02/10/2017,16:00,23351,23466,23345,23441,99922,128614
02/13/2017,16:00,23451,23614,23444,23601,106394,127639
02/14/2017,16:00,23600,23714,23564,23700,120445,125901
02/15/2017,16:00,23700,23850,23686,23841,133210,125235
02/16/2017,16:00,23835,23844,23754,23812,137885,126295
02/17/2017,16:00,23812,23823,23724,23806,122287,128598
02/21/2017,16:00,23801,23953,23786,23906,147852,125601
02/22/2017,16:00,23911,23987,23885,23967,120216,129620
02/23/2017,16:00,23980,24035,23942,24015,138561,132032
02/24/2017,16:00,24002,24017,23913,24005,138230,136129
02/27/2017,16:00,23995,24052,23966,24031,122654,133947
02/28/2017,16:00,24026,24052,23987,24025,113242,137229
03/01/2017,16:00,24054,24380,24028,24309,204334,140191
03/02/2017,16:00,24292,24348,24190,24224,151866,141381
03/03/2017,16:00,24202,24255,24144,24199,135151,142197
03/06/2017,16:00,24193,24198,24112,24175,117681,143685
03/07/2017,16:00,24143,24183,24111,24131,113939,143955
03/08/2017,16:00,24128,24175,24055,24086,151316,143955
03/09/2017,16:00,24076,24124,24005,24091,40951,31881
03/10/2017,16:00,24095,24205,24049,24111,180278,69890
03/13/2017,16:00,24115,24145,24069,24106,121530,95322
03/14/2017,16:00,24100,24103,24008,24066,165058,119152
03/15/2017,16:00,24083,24194,24068,24161,165569,135349
03/16/2017,16:00,24148,24244,24106,24145,151026,131208
03/17/2017,16:00,24145,24192,24120,24126,105018,129416
03/20/2017,16:00,24114,24164,24087,24131,104838,130997
03/21/2017,16:00,24118,24180,23866,23890,266691,133110
03/22/2017,16:00,23863,23896,23788,23859,208619,133614
03/23/2017,16:00,23852,23965,23824,23851,187184,133302
03/24/2017,16:00,23863,23937,23739,23838,180188,135662
03/27/2017,16:00,23790,23791,23619,23760,175580,137962
03/28/2017,16:00,23788,23941,23722,23888,158903,133906
03/29/2017,16:00,23898,23926,23826,23864,103586,128995
03/30/2017,16:00,23860,23957,23833,23923,104368,127013
03/31/2017,16:00,23929,23934,23859,23867,105486,128016
04/03/2017,16:00,23862,23911,23714,23853,151669,128356
04/04/2017,16:00,23843,23916,23775,23897,112384,129319
04/05/2017,16:00,23921,24091,23820,23840,184153,128110
04/06/2017,16:00,23834,23953,23775,23868,159505,128997
04/07/2017,16:00,23883,23932,23725,23862,166432,130128
04/10/2017,16:00,23872,23954,23814,23861,139608,129324
04/11/2017,16:00,23869,23886,23711,23856,191207,128814
04/12/2017,16:00,23859,23902,23753,23779,157299,131203
04/13/2017,16:00,23761,23812,23651,23677,161544,131388
04/17/2017,16:00,23643,23844,23636,23832,98949,136478
04/18/2017,16:00,23825,23847,23657,23696,163328,130702
04/19/2017,16:00,23687,23749,23574,23598,134881,127846
04/20/2017,16:00,23598,23830,23591,23791,149080,127906
04/21/2017,16:00,23793,23816,23706,23766,117723,123679
04/24/2017,16:00,23862,23995,23862,23959,135562,126897
04/25/2017,16:00,23959,24230,23949,24208,126509,133006
04/26/2017,16:00,24194,24273,24163,24168,164795,132459
04/27/2017,16:00,24163,24212,24134,24161,116450,131070
04/28/2017,16:00,24159,24192,24122,24137,89493,131491
05/01/2017,16:00,24157,24186,24092,24136,86530,127409
05/02/2017,16:00,24134,24157,24099,24128,75155,125903
05/03/2017,16:00,24119,24170,24068,24142,97914,125946
05/04/2017,16:00,24135,24209,24038,24134,132693,122245
05/05/2017,16:00,24139,24235,24076,24217,95622,121284
05/08/2017,16:00,24264,24273,24165,24204,83336,121805
05/09/2017,16:00,24206,24250,24138,24170,88501,120801
05/10/2017,16:00,24154,24198,24104,24156,95700,120934
05/11/2017,16:00,24150,24161,24023,24133,125739,123036
05/12/2017,16:00,24136,24141,24089,24111,83758,120981
05/15/2017,16:00,24119,24225,24109,24193,90412,122593
05/16/2017,16:00,24203,24258,24157,24198,101235,120945
05/17/2017,16:00,24199,24199,23844,23868,246950,121794
05/18/2017,16:00,23829,24003,23737,23907,284802,119164
05/19/2017,16:00,23903,24100,23885,24050,154499,119134
05/22/2017,16:00,24051,24156,24029,24141,99247,119638
05/23/2017,16:00,24151,24204,24100,24178,101974,119653
05/24/2017,16:00,24170,24261,24157,24248,95790,120490
05/25/2017,16:00,24254,24358,24250,24326,113070,119082
05/26/2017,16:00,24318,24339,24283,24329,78293,119048
05/30/2017,16:00,24333,24354,24261,24278,101700,118919
05/31/2017,16:00,24283,24323,24192,24265,128420,118867
06/01/2017,16:00,24294,24403,24249,24395,120297,121998
06/02/2017,16:00,24399,24490,24388,24466,127109,122197
06/05/2017,16:00,24448,24483,24427,24439,72057,121367
06/06/2017,16:00,24440,24448,24377,24419,114810,120564
06/07/2017,16:00,24408,24451,24371,24426,121185,120564
06/08/2017,16:00,24430,24531,24399,24443,48429,27164
06/09/2017,16:00,24418,24567,24390,24516,197719,55927
06/12/2017,16:00,24521,24535,24448,24493,183267,78649
06/13/2017,16:00,24488,24598,24485,24589,141476,102619
06/14/2017,16:00,24591,24655,24555,24636,170404,109282
06/15/2017,16:00,24631,24639,24527,24629,187622,122849
06/16/2017,16:00,24623,24675,24573,24642,116376,122402
06/19/2017,16:00,24676,24789,24658,24770,107501,121886
06/20/2017,16:00,24780,24803,24725,24746,114957,122067
06/21/2017,16:00,24731,24759,24650,24687,144469,123249
06/22/2017,16:00,24671,24717,24651,24657,100300,127327
06/23/2017,16:00,24659,24685,24591,24648,106186,129317
06/26/2017,16:00,24629,24763,24617,24677,117059,128774
06/27/2017,16:00,24674,24698,24574,24600,165483,131120
06/28/2017,16:00,24577,24746,24562,24711,157387,133698
06/29/2017,16:00,24736,24760,24447,24564,239968,130368
06/30/2017,16:00,24573,24675,24541,24609,147374,129624
07/03/2017,16:00,24615,24817,24615,24745,93477,134615
07/05/2017,16:00,24729,24782,24657,24731,159867,131069
07/06/2017,16:00,24729,24750,24566,24589,143721,129530
07/07/2017,16:00,24588,24686,24573,24679,106494,131011
07/10/2017,16:00,24668,24710,24624,24668,88382,129350
07/11/2017,16:00,24661,24698,24535,24676,131431,129281
07/12/2017,16:00,24690,24840,24668,24792,120415,133379
07/13/2017,16:00,24792,24828,24768,24818,76753,132587
07/14/2017,16:00,24824,24937,24779,24904,101194,132621
07/17/2017,16:00,24905,24930,24870,24890,77044,131047
07/18/2017,16:00,24892,24918,24725,24829,115609,128996
07/19/2017,16:00,24827,24914,24812,24905,75838,130945
07/20/2017,16:00,24890,24933,24834,24890,99138,130648
07/21/2017,16:00,24888,24899,24760,24827,98870,129695
07/24/2017,16:00,24824,24838,24753,24808,77342,128790
07/25/2017,16:00,24804,24949,24791,24869,115421,130062
07/26/2017,16:00,24872,24996,24856,24955,103284,128386
07/27/2017,16:00,24945,25059,24941,25052,145893,132062
07/28/2017,16:00,25049,25093,24993,25084,106336,135330
07/31/2017,16:00,25084,25185,25058,25151,94740,137159
08/01/2017,16:00,25166,25270,25159,25213,104872,136692
08/02/2017,16:00,25241,25334,25221,25266,98542,139492
08/03/2017,16:00,25281,25298,25237,25283,85530,141812
08/04/2017,16:00,25290,25355,25265,25326,99367,140690
08/07/2017,16:00,25331,25390,25328,25371,58492,140556
08/08/2017,16:00,25375,25441,25318,25339,108182,142247
08/09/2017,16:00,25332,25340,25270,25327,142068,149886
08/10/2017,16:00,25338,25343,25108,25145,209507,152161
08/11/2017,16:00,25127,25193,25099,25157,147335,156571
08/14/2017,16:00,25160,25297,25160,25261,104805,151316
08/15/2017,16:00,25266,25343,25251,25286,100758,151201
08/16/2017,16:00,25297,25376,25278,25320,108643,151480
08/17/2017,16:00,25324,25328,24999,25042,193644,152465
08/18/2017,16:00,25025,25082,24931,24988,181899,153165
08/21/2017,16:00,24998,25029,24888,25001,128742,153655
08/22/2017,16:00,25008,25206,25003,25195,121880,151471
08/23/2017,16:00,25195,25209,25088,25104,129593,147134
08/24/2017,16:00,25102,25172,25054,25095,131401,148329
08/25/2017,16:00,25107,25202,25066,25118,116022,147916
08/28/2017,16:00,25111,25168,25059,25100,89951,148117
08/29/2017,16:00,25060,25188,24953,25183,159945,154077
08/30/2017,16:00,25181,25268,25141,25180,115725,149478
08/31/2017,16:00,25195,25294,25183,25259,114407,150918
09/01/2017,16:00,25285,25346,25275,25289,87130,150731
09/05/2017,16:00,25194,25257,25012,25073,211617,147245
09/06/2017,16:00,25090,25153,25049,25121,134473,147245
09/07/2017,16:00,25146,25163,25057,25116,39095,31064
09/08/2017,16:00,25115,25156,25025,25124,133204,72959
09/11/2017,16:00,25181,25384,25163,25363,127443,110200
09/12/2017,16:00,25379,25446,25368,25436,117504,124919
09/13/2017,16:00,25450,25465,25400,25458,108235,141097
09/14/2017,16:00,25464,25524,25421,25518,110839,150684
09/15/2017,16:00,25521,25581,25474,25565,102050,153550
09/18/2017,16:00,25573,25660,25569,25645,106599,151889
09/19/2017,16:00,25645,25689,25642,25682,84470,153797
09/20/2017,16:00,25690,25735,25620,25722,118814,155845
09/21/2017,16:00,25718,25733,25663,25679,96180,156109
09/22/2017,16:00,25672,25680,25604,25645,112069,158743
09/25/2017,16:00,25646,25689,25520,25622,144993,162338
09/26/2017,16:00,25629,25670,25581,25605,102488,157643
09/27/2017,16:00,25596,25672,25554,25644,115420,156565
09/28/2017,16:00,25634,25691,25583,25666,94355,156955
09/29/2017,16:00,25665,25697,25627,25692,82473,156203
10/02/2017,16:00,25701,25866,25693,25853,104284,156118
10/03/2017,16:00,25858,25968,25846,25954,75523,153477
10/04/2017,16:00,25957,25977,25926,25953,73327,153328
10/05/2017,16:00,25943,26090,25942,26086,71116,153246
10/06/2017,16:00,26076,26085,26026,26040,77797,154394
10/09/2017,16:00,26022,26097,26022,26057,62206,154602
10/10/2017,16:00,26053,26145,26052,26130,86327,154342
10/11/2017,16:00,26126,26165,26104,26162,68158,154379
10/12/2017,16:00,26159,26181,26116,26144,70452,155488
10/13/2017,16:00,26132,26198,26125,26176,74008,157342
10/16/2017,16:00,26171,26252,26167,26244,75403,158601
10/17/2017,16:00,26241,26319,26232,26297,77237,156448
10/18/2017,16:00,26310,26470,26307,26460,85637,157109
10/19/2017,16:00,26459,26470,26297,26460,138863,158021
10/20/2017,16:00,26461,26629,26452,26623,121588,156147
10/23/2017,16:00,26618,26666,26560,26574,103260,156450
10/24/2017,16:00,26566,26782,26566,26749,132148,160585
10/25/2017,16:00,26735,26762,26549,26647,189234,159919
10/26/2017,16:00,26657,26750,26635,26695,125498,160013
10/27/2017,16:00,26702,26754,26643,26718,126170,157515
10/30/2017,16:00,26707,26732,26620,26637,117371,158763
10/31/2017,16:00,26636,26698,26615,26671,85154,158279
11/01/2017,16:00,26680,26810,26666,26718,135446,156890
11/02/2017,16:00,26705,26818,26635,26790,135674,158883
11/03/2017,16:00,26801,26840,26762,26795,97920,155788
11/06/2017,16:00,26790,26853,26753,26833,90269,156347
11/07/2017,16:00,26847,26903,26760,26834,116835,154485
11/08/2017,16:00,26807,26853,26780,26837,97478,154638
11/09/2017,16:00,26837,26881,26606,26762,113940,154332
11/10/2017,16:00,26749,26793,26684,26728,113940,154141
11/13/2017,16:00,26743,26775,26634,26752,110344,156503
11/14/2017,16:00,26744,26770,26577,26721,143451,156513
11/15/2017,16:00,26712,26712,26551,26608,166036,158696
11/16/2017,16:00,26606,26810,26590,26770,136359,157902
11/17/2017,16:00,26762,26786,26651,26662,125397,152299
11/20/2017,16:00,26664,26773,26587,26741,110122,153597
11/21/2017,16:00,26744,26932,26721,26889,113831,152920
11/22/2017,16:00,26896,26945,26822,26831,93770,149115
11/24/2017,16:00,26831,26915,26778,26863,74052,146712
11/27/2017,16:00,26861,26962,26821,26908,101427,146960
11/28/2017,16:00,26909,27173,26868,27157,143563,149050
11/29/2017,16:00,27150,27292,27136,27264,158617,149997
11/30/2017,16:00,27264,27674,27238,27620,346046,149954
12/01/2017,16:00,27581,27671,27270,27584,346046,149346
12/04/2017,16:00,27692,27882,27611,27651,196164,148718
12/05/2017,16:00,27640,27734,27500,27521,159349,151470
12/06/2017,16:00,27523,27577,27429,27503,131082,151470
12/07/2017,16:00,27500,27607,27419,27579,29478,21297
12/08/2017,16:00,27588,27684,27565,27669,127659,66731
12/11/2017,16:00,27683,27788,27670,27752,107631,96482
12/12/2017,16:00,27793,27908,27749,27876,122118,118752
12/13/2017,16:00,27876,28019,27818,27979,147617,132143
12/14/2017,16:00,27983,28036,27865,27890,117089,144817
12/15/2017,16:00,27870,28041,27869,28010,117089,144684
12/18/2017,16:00,28036,28229,28026,28156,114155,144137
12/19/2017,16:00,28158,28226,28063,28108,114531,144578
12/20/2017,16:00,28105,28213,28039,28072,117525,144422
12/21/2017,16:00,28069,28193,28047,28111,89253,144300
12/22/2017,16:00,28126,28176,28062,28099,70790,143774
12/26/2017,16:00,28112,28131,28040,28125,43677,144393
12/27/2017,16:00,28125,28154,28095,28121,65184,146049
12/28/2017,16:00,28124,28173,28117,28130,59438,145760
12/29/2017,16:00,28141,28219,28000,28068,74016,145727
01/02/2018,16:00,28068,28190,28049,28101,105418,148530
01/03/2018,16:00,28129,28241,28101,28211,93398,150515
01/04/2018,16:00,28217,28415,28211,28386,115656,150856
01/05/2018,16:00,28400,28615,28392,28602,106856,150072
01/08/2018,16:00,28605,28692,28543,28583,108698,150732
01/09/2018,16:00,28579,28748,28571,28706,125138,150396
01/10/2018,16:00,28686,28717,28555,28684,143641,150291
01/11/2018,16:00,28684,28894,28663,28888,115640,150335
01/12/2018,16:00,28872,29146,28864,29134,152582,151452
01/16/2018,16:00,29146,29394,29015,29152,309926,156823
01/17/2018,16:00,29161,29453,29108,29431,188028,155793
01/18/2018,16:00,29417,29482,29245,29274,190652,156185
01/19/2018,16:00,29277,29419,29209,29379,166335,153962
01/22/2018,16:00,29314,29558,29277,29528,140635,153108
01/23/2018,16:00,29534,29648,29468,29534,183153,156240
01/24/2018,16:00,29518,29720,29420,29603,239662,159911
01/25/2018,16:00,29598,29770,29543,29709,222390,155445
01/26/2018,16:00,29714,29941,29714,29937,145941,154810
01/29/2018,16:00,29917,30017,29749,29763,212388,157622
01/30/2018,16:00,29750,29810,29338,29388,306912,154962
01/31/2018,16:00,29378,29643,29359,29469,243904,153288
02/01/2018,16:00,29489,29613,29255,29505,353706,152321
02/02/2018,16:00,29505,29548,28743,28761,353706,151772
02/05/2018,16:00,28764,28810,27024,27271,596827,144726
02/06/2018,16:00,27420,28223,26421,28133,655987,131453
02/07/2018,16:00,28075,28572,27836,28068,429666,127485
02/08/2018,16:00,28049,28261,27133,27303,522982,125760
02/09/2018,16:00,27302,27683,26658,27500,522982,124980
02/12/2018,16:00,27584,28067,27551,27916,300836,123063
02/13/2018,16:00,27906,28007,27704,27959,257768,124973
02/14/2018,16:00,27963,28230,27613,28196,335702,124532
02/15/2018,16:00,28192,28583,28125,28567,283559,122039
02/16/2018,16:00,28563,28757,28446,28569,260426,121678
02/20/2018,16:00,28561,28674,28199,28281,286769,116491
02/21/2018,16:00,28284,28590,28057,28115,254310,115895
02/22/2018,16:00,28116,28470,27909,28346,276484,116277
02/23/2018,16:00,28352,28658,28329,28647,203948,116277
02/26/2018,16:00,28661,29107,28633,29091,192591,113457
02/27/2018,16:00,29095,29146,28721,28762,310010,116354
02/28/2018,16:00,28744,28910,28351,28371,271877,111656
03/01/2018,16:00,28423,28518,27764,27953,397219,117076
03/02/2018,16:00,27949,28003,27537,27868,397219,115615
03/05/2018,16:00,27816,28288,27644,28197,309960,111013
03/06/2018,16:00,28218,28380,28028,28185,262663,111841
03/07/2018,16:00,27992,28178,27743,28128,313894,111841
03/08/2018,16:00,28089,28290,28041,28226,25548,18356
03/09/2018,16:00,28224,28678,28178,28665,157741,46258
03/12/2018,16:00,28669,28840,28485,28543,198055,69639
03/13/2018,16:00,28535,28712,28271,28355,263454,88076
03/14/2018,16:00,28321,28479,27993,28093,275678,97578
03/15/2018,16:00,28110,28380,27998,28229,173972,107024
03/16/2018,16:00,28249,28355,28153,28270,173972,106972
03/19/2018,16:00,28281,28289,27766,27996,272836,106977
03/20/2018,16:00,27976,28118,27913,28070,190952,106080
03/21/2018,16:00,28074,28303,27965,28032,225022,106660
03/22/2018,16:00,28037,28108,27237,27268,408367,107565
03/23/2018,16:00,27304,27408,26801,26917,483124,106316
03/26/2018,16:00,26914,27528,26856,27496,321554,102806
03/27/2018,16:00,27506,27740,26996,27164,380198,103075
03/28/2018,16:00,27159,27380,27012,27165,492033,103579
03/29/2018,16:00,27194,27593,27102,27452,300100,99263
04/02/2018,16:00,27402,27452,26611,26857,358651,101366
04/03/2018,16:00,26914,27315,26850,27289,359073,96215
04/04/2018,16:00,27286,27587,26666,27570,382535,98597
04/05/2018,16:00,27555,27901,27539,27773,426617,97460
04/06/2018,16:00,27788,27811,27005,27231,426617,97245
04/09/2018,16:00,27253,27651,27216,27317,271313,94866
04/10/2018,16:00,27309,27787,27252,27656,358832,94445
04/11/2018,16:00,27665,27672,27367,27472,242696,94876
04/12/2018,16:00,27481,27866,27446,27764,231525,95229
04/13/2018,16:00,27758,27932,27511,27641,276551,95484
04/16/2018,16:00,27749,27949,27686,27868,199910,98459
04/17/2018,16:00,27865,28132,27855,28012,176912,98857
04/18/2018,16:00,28004,28114,27978,28038,150510,95659
04/19/2018,16:00,28047,28086,27819,27942,201071,96584
04/20/2018,16:00,27938,27970,27643,27738,201071,96488
04/23/2018,16:00,27847,27859,27595,27719,174321,98520
04/24/2018,16:00,27736,27905,27091,27289,342249,104390
04/25/2018,16:00,27303,27413,27087,27383,284650,103636
04/26/2018,16:00,27421,27668,27318,27621,204755,100873
04/27/2018,16:00,27616,27622,27452,27588,173850,100453
04/30/2018,16:00,27584,27763,27404,27436,186410,100654
05/01/2018,16:00,27411,27493,27058,27376,215013,101223
05/02/2018,16:00,27397,27441,27102,27130,211176,102474
05/03/2018,16:00,27125,27245,26772,27215,233196,99730
05/04/2018,16:00,27209,27585,27026,27533,233196,99662
05/07/2018,16:00,27531,27730,27509,27606,172201,100237
05/08/2018,16:00,27589,27660,27440,27612,219324,100349
05/09/2018,16:00,27598,27847,27572,27807,191821,99486
05/10/2018,16:00,27814,28071,27777,27997,155974,99011
05/11/2018,16:00,27982,28152,27980,28128,146145,98738
05/14/2018,16:00,28116,28276,28116,28191,134517,98479
05/15/2018,16:00,28173,28200,27908,27965,204096,99229
05/16/2018,16:00,27981,28083,27919,28045,137023,97417
05/17/2018,16:00,28046,28141,27936,28009,165080,97972
05/18/2018,16:00,28009,28108,27960,28026,154189,97269
05/21/2018,16:00,28159,28385,28159,28307,162324,99830
05/22/2018,16:00,28302,28371,28110,28150,143053,99806
05/23/2018,16:00,28141,28184,27932,28164,219951,98881
05/24/2018,16:00,28154,28173,27889,28108,179845,98650
05/25/2018,16:00,28109,28211,27979,28035,179845,98645
05/29/2018,16:00,28075,28093,27532,27682,351107,101876
05/30/2018,16:00,27703,28020,27630,27974,220229,98935
05/31/2018,16:00,27941,28010,27647,27722,249110,97870
06/01/2018,16:00,27745,27984,27724,27934,180922,96547
06/04/2018,16:00,27924,28168,27876,28101,138703,96119
06/05/2018,16:00,28113,28165,28014,28127,140335,93574
06/06/2018,16:00,28133,28466,28117,28445,181481,93574
06/07/2018,16:00,28437,28630,28426,28573,21424,14844
06/08/2018,16:00,28567,28633,28382,28610,154649,34933
06/11/2018,16:00,28589,28707,28546,28637,145524,55318
06/12/2018,16:00,28630,28693,28547,28604,140449,69146
06/13/2018,16:00,28629,28669,28493,28497,145830,77968
06/14/2018,16:00,28496,28642,28438,28499,178514,83894
06/15/2018,16:00,28507,28508,28197,28398,240917,86546
06/18/2018,16:00,28363,28437,28128,28305,163171,84489
06/19/2018,16:00,28290,28306,27858,28004,268359,86132
06/20/2018,16:00,28004,28147,27921,27959,181063,86037
06/21/2018,16:00,27962,28084,27692,27761,237197,86838
06/22/2018,16:00,27746,27953,27734,27888,156310,85338
06/25/2018,16:00,27888,27904,27366,27568,310488,87817
06/26/2018,16:00,27572,27664,27505,27592,197417,86243
06/27/2018,16:00,27568,27853,27368,27424,311825,88372
06/28/2018,16:00,27427,27584,27267,27509,263092,86700
06/29/2018,16:00,27536,27785,27496,27554,207549,84518
07/02/2018,16:00,27563,27613,27315,27575,199515,84600
07/03/2018,16:00,27587,27734,27417,27452,134117,83338
07/05/2018,16:00,27449,27646,27403,27632,203143,82096
07/06/2018,16:00,27608,27796,27530,27745,168009,82768
07/09/2018,16:00,27746,28080,27742,28063,142170,83282
07/10/2018,16:00,28069,28226,28034,28216,160488,84162
07/11/2018,16:00,28041,28094,27900,27978,220425,81870
07/12/2018,16:00,27999,28216,27969,28183,168031,83127
07/13/2018,16:00,28196,28317,28158,28293,140813,84409
07/16/2018,16:00,28314,28379,28251,28330,108198,85615
07/17/2018,16:00,28345,28430,28260,28395,139246,85814
07/18/2018,16:00,28407,28486,28370,28450,108762,85785
07/19/2018,16:00,28453,28498,28323,28348,141010,85577
07/20/2018,16:00,28346,28399,28201,28319,141062,90100
07/23/2018,16:00,28377,28377,28241,28322,114420,88855
07/24/2018,16:00,28316,28557,28311,28503,183688,89150
07/25/2018,16:00,28505,28740,28377,28692,183826,91037
07/26/2018,16:00,28726,28857,28681,28814,194279,94320
07/27/2018,16:00,28794,28861,28637,28703,194279,95193
07/30/2018,16:00,28711,28764,28553,28574,152238,94557
07/31/2018,16:00,28593,28775,28561,28684,148713,92570
08/01/2018,16:00,28761,28761,28536,28578,142699,93279
08/02/2018,16:00,28602,28621,28376,28594,115235,97048
08/03/2018,16:00,28616,28726,28549,28699,115235,97006
08/06/2018,16:00,28713,28797,28635,28757,96912,96502
08/07/2018,16:00,28763,28950,28749,28889,108087,99427
08/08/2018,16:00,28903,28921,28790,28825,97164,97460
08/09/2018,16:00,28794,28892,28748,28782,96582,96592
08/10/2018,16:00,28767,28779,28504,28620,174863,95012
08/13/2018,16:00,28622,28660,28430,28504,166859,96849
08/14/2018,16:00,28513,28623,28481,28583,122398,97055
08/15/2018,16:00,28607,28607,28244,28476,222573,94340
08/16/2018,16:00,28498,28897,28436,28881,170510,101625
08/17/2018,16:00,28867,29020,28795,28963,148777,100283
08/20/2018,16:00,28992,29080,28952,29047,102528,100311
08/21/2018,16:00,29043,29174,29010,29096,106828,101335
08/22/2018,16:00,29022,29125,28966,29006,120095,101366
08/23/2018,16:00,29020,29056,28896,28960,127109,101114
08/24/2018,16:00,28971,29117,28942,29081,111236,101592
08/27/2018,16:00,29098,29378,29094,29366,108051,103486
08/28/2018,16:00,29368,29445,29333,29374,110164,103928
08/29/2018,16:00,29381,29474,29339,29436,104664,103830
08/30/2018,16:00,29444,29457,29235,29299,141399,104905
08/31/2018,16:00,29263,29338,29185,29277,133440,104757
09/04/2018,16:00,29310,29369,29106,29274,180653,104845
09/05/2018,16:00,29289,29315,29130,29262,173923,105352
09/06/2018,16:00,29279,29389,29183,29314,206054,105943
09/07/2018,16:00,29292,29327,29122,29248,206054,105217
09/10/2018,16:00,29229,29350,29163,29194,145079,105026
09/11/2018,16:00,29186,29327,29053,29291,153176,104921
09/12/2018,16:00,29297,29453,29229,29303,197540,104921
09/13/2018,16:00,29282,29491,29269,29451,28550,16464
09/14/2018,16:00,29458,29528,29371,29452,130785,46028
09/17/2018,16:00,29456,29489,29334,29369,146163,74854
09/18/2018,16:00,29369,29624,29258,29568,163216,90047
09/19/2018,16:00,29589,29771,29532,29729,163811,103988
09/20/2018,16:00,29753,30012,29724,29994,163186,109312
09/21/2018,16:00,29981,30087,29979,30021,145752,109503
09/24/2018,16:00,29976,30006,29844,29877,148656,109381
09/25/2018,16:00,29888,29971,29768,29787,136466,107300
09/26/2018,16:00,29791,29894,29636,29686,152942,106032
09/27/2018,16:00,29684,29843,29624,29740,177168,108010
09/28/2018,16:00,29765,29801,29614,29743,177168,107872
10/01/2018,16:00,29791,30021,29783,29945,164208,110688
10/02/2018,16:00,29942,30104,29819,30074,164667,114049
10/03/2018,16:00,30080,30233,30043,30139,166493,112991
10/04/2018,16:00,30099,30099,29750,29919,266898,107242
10/05/2018,16:00,29938,30003,29578,29759,273829,104320
10/08/2018,16:00,29787,29816,29493,29811,222641,105402
10/09/2018,16:00,29798,29829,29604,29748,235037,104039
10/10/2018,16:00,29736,29789,28698,28786,413483,102542
10/11/2018,16:00,28723,28947,28160,28452,696205,94815
10/12/2018,16:00,28476,28812,28257,28583,438111,88156
10/15/2018,16:00,28611,28738,28378,28468,294513,87093
10/16/2018,16:00,28433,29072,28433,29049,250411,91476
10/17/2018,16:00,28992,29112,28728,29003,270453,88857
10/18/2018,16:00,28971,28993,28484,28648,314790,88552
10/19/2018,16:00,28650,28863,28605,28695,267838,87816
10/22/2018,16:00,28636,28833,28487,28561,229965,87287
10/23/2018,16:00,28564,28577,28017,28511,344634,88400
10/24/2018,16:00,28507,28605,27778,27883,348985,89484
10/25/2018,16:00,27991,28346,27838,28144,321207,87353
10/26/2018,16:00,28071,28152,27682,28013,430291,85098
10/29/2018,16:00,27982,28274,27353,27698,371503,85622
10/30/2018,16:00,27635,28167,27597,28126,345523,85955
10/31/2018,16:00,28149,28570,28090,28344,246406,85295
11/01/2018,16:00,28314,28629,28313,28592,214660,82520
11/02/2018,16:00,28475,28951,28302,28508,304443,77503
11/05/2018,16:00,28487,28732,28398,28708,175812,80560
11/06/2018,16:00,28709,28927,28632,28908,152627,81715
11/07/2018,16:00,28888,29465,28801,29449,245257,84685
11/08/2018,16:00,29448,29535,29336,29467,208227,82635
11/09/2018,16:00,29450,29503,29141,29240,208227,82444
11/12/2018,16:00,29242,29363,28601,28648,247423,85456
11/13/2018,16:00,28677,28833,28448,28597,276955,83216
11/14/2018,16:00,28635,28756,28189,28311,294560,82162
11/15/2018,16:00,28340,28616,28049,28572,350722,78461
11/16/2018,16:00,28578,28772,28363,28718,238921,79160
11/19/2018,16:00,28652,28759,28157,28296,248295,75483
11/20/2018,16:00,28293,28309,27622,27704,338527,75731
11/21/2018,16:00,27701,27926,27649,27732,170950,75770
11/23/2018,16:00,27605,27694,27513,27527,170950,75646
11/26/2018,16:00,27542,27931,27537,27866,189542,75850
11/27/2018,16:00,27771,28048,27671,28009,231349,75598
11/28/2018,16:00,28041,28637,27994,28611,248227,74885
11/29/2018,16:00,28592,28750,28473,28658,167055,75310
11/30/2018,16:00,28645,28869,28490,28806,167055,75261
12/03/2018,16:00,29080,29355,28952,29113,246839,73839
12/04/2018,16:00,29107,29107,28266,28313,333857,73837
12/06/2018,16:00,28290,28457,27523,28174,396882,72094
12/07/2018,16:00,28191,28381,27564,27699,396882,71880
12/10/2018,16:00,27580,27784,27161,27757,431767,70368
12/11/2018,16:00,27742,28090,27498,27689,347238,69264
12/12/2018,16:00,27619,28111,27603,27833,281702,69264
12/13/2018,16:00,27837,28022,27752,27840,32589,9101
12/14/2018,16:00,27858,27879,27309,27380,194508,30154
12/17/2018,16:00,27270,27493,26728,26937,269206,43066
12/18/2018,16:00,26955,27201,26785,26861,301191,61205
12/19/2018,16:00,26801,27332,26422,26565,330149,72299
12/20/2018,16:00,26565,26688,25891,26249,465503,77545
12/21/2018,16:00,26292,26501,25621,25659,425491,79469
12/24/2018,16:00,25631,25824,24933,24952,247770,83550
12/26/2018,16:00,24982,26221,24704,26150,359441,79042
12/27/2018,16:00,26127,26452,25494,26405,317883,73485
12/28/2018,16:00,26370,26624,26209,26287,317883,73152
12/31/2018,16:00,26386,26604,26342,26520,173053,73562
01/02/2019,16:00,26572,26669,26038,26577,315923,74414
01/03/2019,16:00,26317,26375,25867,25911,346019,74008
01/04/2019,16:00,25960,26756,25815,26647,320826,72535
01/07/2019,16:00,26722,26920,26531,26764,238574,72721
01/08/2019,16:00,26782,27100,26749,26995,246033,73861
01/09/2019,16:00,26976,27218,26964,27082,235891,75057
01/10/2019,16:00,27080,27251,26892,27205,228649,75616
01/11/2019,16:00,27210,27246,27017,27202,173649,75275
01/14/2019,16:00,27171,27189,26948,27119,163417,74811
01/15/2019,16:00,27119,27325,27077,27236,224202,74113
01/16/2019,16:00,27233,27511,27211,27403,184061,76795
01/17/2019,16:00,27412,27701,27262,27573,201765,76652
01/18/2019,16:00,27588,27997,27550,27939,215532,77847
01/22/2019,16:00,27942,27954,27468,27642,280459,75721
01/23/2019,16:00,27642,27925,27528,27803,250043,78021
01/24/2019,16:00,27764,27860,27638,27710,195062,79820
01/25/2019,16:00,27728,28082,27710,27948,195062,79797
01/28/2019,16:00,27917,27964,27536,27725,210986,77762
01/29/2019,16:00,27710,27890,27602,27805,180579,76953
01/30/2019,16:00,27887,28320,27792,28220,242154,78836
01/31/2019,16:00,28183,28298,28048,28228,230827,80684
02/01/2019,16:00,28267,28395,28185,28248,200835,80420
02/04/2019,16:00,28191,28450,28176,28440,140106,83513
02/05/2019,16:00,28422,28626,28393,28576,159440,84217
02/06/2019,16:00,28577,28639,28509,28579,157030,82937
02/07/2019,16:00,28563,28583,28217,28383,274561,80615
02/08/2019,16:00,28370,28376,28114,28333,223285,78931
02/11/2019,16:00,28341,28478,28233,28269,183968,79017
02/12/2019,16:00,28264,28691,28254,28658,172650,82128
02/13/2019,16:00,28648,28858,28637,28740,170326,79890
02/14/2019,16:00,28748,28874,28556,28679,216960,81047
02/15/2019,16:00,28659,29159,28527,29140,216960,81047
02/19/2019,16:00,29149,29209,29041,29135,206825,80437
02/20/2019,16:00,29130,29237,29077,29216,187898,81505
02/21/2019,16:00,29216,29334,29005,29085,207240,80609
02/22/2019,16:00,29087,29296,29057,29254,179512,82686
02/25/2019,16:00,29326,29490,29292,29351,175462,82942
02/26/2019,16:00,29348,29402,29206,29289,194075,83507
02/27/2019,16:00,29261,29308,29124,29260,174322,85892
02/28/2019,16:00,29280,29280,29130,29165,178642,85251
03/01/2019,16:00,29170,29395,29146,29283,178642,85054
03/04/2019,16:00,29359,29423,28857,29066,293705,85716
03/05/2019,16:00,29054,29142,28973,29079,172953,85261
03/06/2019,16:00,29042,29084,28877,28918,198149,85261
03/07/2019,16:00,28901,28958,28588,28720,25738,12622
03/08/2019,16:00,28713,28772,28463,28745,186109,34646
03/11/2019,16:00,28693,28945,28468,28907,197751,50213
03/12/2019,16:00,28921,29011,28764,28806,191462,64290
03/13/2019,16:00,28828,29030,28712,28986,203484,72859
03/14/2019,16:00,29010,29046,28870,28960,159714,75986
03/15/2019,16:00,28961,29178,28895,29116,213647,78913
03/18/2019,16:00,29079,29193,29027,29182,138471,79789
03/19/2019,16:00,29184,29362,29064,29123,201555,79369
03/20/2019,16:00,29130,29184,28913,28946,235252,79361
03/21/2019,16:00,28919,29261,28825,29228,227962,79696
03/22/2019,16:00,29199,29253,28746,28787,291875,75654
03/25/2019,16:00,28790,28864,28594,28794,248236,76804
03/26/2019,16:00,28813,29039,28778,28893,199333,77843
03/27/2019,16:00,28893,28998,28658,28877,242937,79086
03/28/2019,16:00,28839,28979,28743,28954,191218,81142
03/29/2019,16:00,28947,29181,28940,29150,191218,81215
04/01/2019,16:00,29193,29505,29193,29475,158713,84077
04/02/2019,16:00,29452,29497,29343,29370,155142,79280
04/03/2019,16:00,29363,29519,29350,29457,175360,76345
04/04/2019,16:00,29509,29627,29413,29605,173294,79353
04/05/2019,16:00,29605,29726,29579,29611,157732,78861
04/08/2019,16:00,29606,29629,29465,29551,133521,79277
04/09/2019,16:00,29562,29566,29321,29375,156731,78612
04/10/2019,16:00,29361,29450,29324,29383,132461,80912
04/11/2019,16:00,29406,29446,29277,29350,173271,81514
04/12/2019,16:00,29370,29658,29358,29625,173271,81373
04/15/2019,16:00,29623,29693,29534,29590,135953,79475
04/16/2019,16:00,29607,29771,29594,29664,189117,81367
04/17/2019,16:00,29647,29735,29600,29645,182978,81496
04/18/2019,16:00,29652,29816,29528,29783,181027,82660
04/22/2019,16:00,29782,29846,29665,29730,122912,79306
04/23/2019,16:00,29738,29906,29679,29856,165638,80387
04/24/2019,16:00,29868,29911,29735,29758,139857,79682
04/25/2019,16:00,29753,29794,29509,29657,189570,78182
04/26/2019,16:00,29632,29747,29563,29734,168330,77573
04/29/2019,16:00,29717,29801,29701,29765,117095,79837
04/30/2019,16:00,29779,29870,29615,29801,186152,81535
05/01/2019,16:00,29863,29908,29550,29607,178492,79028
05/02/2019,16:00,29556,29678,29365,29482,169687,79405
05/03/2019,16:00,29490,29735,29462,29716,169687,79381
05/06/2019,16:00,29501,29664,29149,29622,282576,82603
05/07/2019,16:00,29431,29611,28968,29190,378147,82241
05/08/2019,16:00,29164,29296,29016,29231,306195,83653
05/09/2019,16:00,29200,29211,28717,29033,368236,83676
05/10/2019,16:00,29013,29233,28681,29181,368236,82721
05/13/2019,16:00,28981,29035,28432,28498,357279,82561
05/14/2019,16:00,28495,28894,28434,28787,250534,80008
05/15/2019,16:00,28786,28931,28543,28891,255281,77982
05/16/2019,16:00,28887,29172,28771,29084,280261,75729
05/17/2019,16:00,29096,29166,28845,28997,280261,75647
05/20/2019,16:00,28993,29118,28771,28913,246483,76419
05/21/2019,16:00,28936,29112,28928,29092,208634,76295
05/22/2019,16:00,29077,29121,28950,28988,196584,75101
05/23/2019,16:00,28996,28996,28537,28680,300183,77252
05/24/2019,16:00,28711,28881,28674,28837,201024,77968
05/28/2019,16:00,28826,28934,28547,28586,262852,78302
05/29/2019,16:00,28572,28594,28154,28326,300809,77574
05/30/2019,16:00,28323,28435,28274,28407,276429,76353
05/31/2019,16:00,28395,28408,28006,28037,276429,76206
06/03/2019,16:00,27960,28155,27827,28086,322942,75474
06/04/2019,16:00,28134,28581,28042,28563,251904,76805
06/05/2019,16:00,28566,28790,28561,28775,219206,73913
06/06/2019,16:00,28747,29024,28654,28962,202029,74447
06/07/2019,16:00,28905,29302,28900,29224,202194,76407
06/10/2019,16:00,29367,29506,29265,29303,183856,74564
06/11/2019,16:00,29317,29478,29226,29282,181046,71698
06/12/2019,16:00,29281,29315,29178,29229,152297,71698
06/13/2019,16:00,29247,29372,29113,29337,18937,7714
06/14/2019,16:00,29355,29398,29224,29344,128234,24938
06/17/2019,16:00,29345,29434,29280,29354,125744,41768
06/18/2019,16:00,29374,29766,29290,29720,203538,55823
06/19/2019,16:00,29696,29804,29647,29752,192171,63041
06/20/2019,16:00,29737,30028,29730,29990,213105,67691
06/21/2019,16:00,29973,30138,29887,29913,203126,72940
06/24/2019,16:00,29890,30031,29878,29978,136483,78096
06/25/2019,16:00,29974,30043,29755,29778,216578,82397
06/26/2019,16:00,29783,29919,29725,29766,180306,82523
06/27/2019,16:00,29737,29881,29661,29762,172212,85766
06/28/2019,16:00,29779,29888,29737,29809,161238,85049
07/01/2019,16:00,30032,30112,29825,29916,202630,82634
07/02/2019,16:00,29911,30021,29837,30013,163500,84783
07/03/2019,16:00,30014,30198,29966,30186,199744,83207
07/05/2019,16:00,30189,30225,29944,30101,199744,82795
07/08/2019,16:00,30106,30140,29958,30009,147096,80768
07/09/2019,16:00,30010,30023,29873,29995,150793,81009
07/10/2019,16:00,29998,30199,29904,30076,209429,81850
07/11/2019,16:00,30075,30308,30067,30293,146908,93414
07/12/2019,16:00,30288,30546,30286,30525,146908,93345
07/15/2019,16:00,30519,30613,30479,30558,129820,94025
07/16/2019,16:00,30562,30612,30496,30544,134696,97414
07/17/2019,16:00,30534,30593,30400,30447,135792,97722
07/18/2019,16:00,30380,30520,30273,30417,194392,94846
07/19/2019,16:00,30521,30558,30287,30346,194392,94683
07/22/2019,16:00,30322,30432,30294,30392,144409,94333
07/23/2019,16:00,30390,30574,30375,30540,137719,93278
07/24/2019,16:00,30522,30562,30391,30453,155965,94252
07/25/2019,16:00,30466,30565,30256,30312,196815,95680
07/26/2019,16:00,30300,30409,30293,30365,120612,96654
07/29/2019,16:00,30359,30471,30328,30414,111350,99267
07/30/2019,16:00,30434,30468,30258,30380,148117,100713
07/31/2019,16:00,30424,30474,29909,30071,239800,99926
08/01/2019,16:00,29966,30363,29728,29759,359330,103327
08/02/2019,16:00,29733,29879,29429,29665,359330,102906
08/05/2019,16:00,29647,29676,28691,28766,399217,101119
08/06/2019,16:00,28674,29214,28248,29140,356709,97652
08/07/2019,16:00,29113,29251,28608,29156,352239,97483
08/08/2019,16:00,29151,29589,29062,29581,228936,94238
08/09/2019,16:00,29502,29610,29290,29484,260221,93940
08/12/2019,16:00,29479,29569,29019,29083,215254,93455
08/13/2019,16:00,29088,29624,28966,29530,291674,90387
08/14/2019,16:00,29518,29568,28626,28671,340944,85258
08/15/2019,16:00,28589,28923,28442,28791,326623,84258
08/16/2019,16:00,28801,29145,28792,29123,196934,84549
08/19/2019,16:00,29128,29453,29128,29334,152096,80854
08/20/2019,16:00,29318,29414,29101,29147,157400,81233
08/21/2019,16:00,29099,29481,29088,29442,139879,84859
08/22/2019,16:00,29460,29591,29302,29441,175622,85459
08/23/2019,16:00,29441,29563,28708,28886,339653,81641
08/26/2019,16:00,28678,29202,28482,29159,279427,83078
08/27/2019,16:00,29140,29285,28927,28960,236943,79298
08/28/2019,16:00,28972,29260,28836,29253,210924,84237
08/29/2019,16:00,29208,29623,29146,29594,187180,86332
08/30/2019,16:00,29582,29775,29515,29622,192172,84596
09/03/2019,16:00,29459,29588,29193,29338,286417,79563
09/04/2019,16:00,29318,29604,29299,29588,176054,81159
09/05/2019,16:00,29588,30060,29571,29917,143551,84741
09/06/2019,16:00,29904,30085,29902,30024,143551,84630
09/09/2019,16:00,30023,30129,29987,30056,136590,84433
09/10/2019,16:00,30069,30135,29933,30110,171654,84454
09/11/2019,16:00,30117,30385,30065,30360,158586,84454
09/12/2019,16:00,30375,30534,30330,30417,22440,13951
09/13/2019,16:00,30421,30545,30413,30447,117553,42008
09/16/2019,16:00,30353,30407,30242,30313,143151,68943
09/17/2019,16:00,30345,30368,30215,30343,129300,83752
09/18/2019,16:00,30348,30415,30133,30376,144191,90978
09/19/2019,16:00,30403,30495,30224,30311,143859,94766
09/20/2019,16:00,30315,30409,30108,30127,158528,98538
09/23/2019,16:00,30156,30278,30036,30196,147365,101159
09/24/2019,16:00,30239,30345,29919,30051,240008,100067
09/25/2019,16:00,30066,30248,29948,30191,199414,104644
09/26/2019,16:00,30195,30275,30015,30125,225720,107861
09/27/2019,16:00,30129,30225,29922,30029,225720,106597
09/30/2019,16:00,30131,30204,30037,30134,131797,108070
10/01/2019,16:00,30194,30273,29748,29754,204735,103285
10/02/2019,16:00,29786,29850,29164,29218,240232,105225
10/03/2019,16:00,29236,29419,28936,29413,190606,98022
10/04/2019,16:00,29393,29782,29293,29758,190606,97985
10/07/2019,16:00,29605,29848,29572,29672,155862,96298
10/08/2019,16:00,29651,29782,29325,29371,234008,95914
10/09/2019,16:00,29372,29633,29319,29538,165144,94141
10/10/2019,16:00,29555,29832,29216,29717,237623,98543
10/11/2019,16:00,29777,30208,29729,30008,237623,98512
10/14/2019,16:00,29994,30127,29870,29979,123162,98813
10/15/2019,16:00,29984,30312,29983,30235,153083,101485
10/16/2019,16:00,30233,30250,30123,30173,137346,101758
10/17/2019,16:00,30166,30321,30109,30226,144360,102001
10/18/2019,16:00,30228,30256,29959,29987,149070,102902
10/21/2019,16:00,29958,30070,29934,30030,112065,102873
10/22/2019,16:00,30031,30137,29948,29996,143610,102680
10/23/2019,16:00,29985,30085,29821,30035,147111,103965
10/24/2019,16:00,30052,30105,29888,30013,152055,103914
10/25/2019,16:00,30009,30200,29943,30137,129494,106366
10/28/2019,16:00,30164,30353,30159,30286,137575,106839
10/29/2019,16:00,30295,30344,30200,30275,125026,110289
10/30/2019,16:00,30286,30463,30173,30365,146042,111725
10/31/2019,16:00,30405,30413,30080,30215,156759,111639
11/01/2019,16:00,30225,30511,30192,30492,156759,111301
11/04/2019,16:00,30511,30683,30507,30613,135057,110788
11/05/2019,16:00,30635,30726,30599,30654,126855,110829
11/06/2019,16:00,30653,30703,30570,30663,129297,112102
11/07/2019,16:00,30687,30972,30623,30900,159355,113870
11/08/2019,16:00,30905,30950,30774,30864,125901,110690
11/11/2019,16:00,30878,30906,30703,30891,123436,110746
11/12/2019,16:00,30891,30965,30830,30896,134410,109293
11/13/2019,16:00,30894,31004,30757,30994,160990,112072
11/14/2019,16:00,31005,31039,30866,30979,143715,109956
11/15/2019,16:00,30983,31204,30969,31186,136561,110335
11/18/2019,16:00,31193,31292,31159,31241,127718,108264
11/19/2019,16:00,31246,31361,31084,31128,151389,105121
11/20/2019,16:00,31117,31117,30876,31033,189292,103207
11/21/2019,16:00,30959,31079,30887,30981,163143,102956
11/22/2019,16:00,30987,31117,30955,31095,128358,104918
11/25/2019,16:00,31160,31278,31137,31272,96942,105419
11/26/2019,16:00,31258,31382,31232,31363,118715,101738
11/27/2019,16:00,31355,31406,31291,31381,99873,101031
11/29/2019,16:00,31383,31391,31275,31306,100093,100804
12/02/2019,16:00,31315,31430,31005,31022,226061,98724
12/03/2019,16:00,31021,31080,30545,30720,260953,95166
12/04/2019,16:00,30711,30960,30630,30876,182074,93782
12/05/2019,16:00,30877,31006,30791,30911,150639,97661
12/06/2019,16:00,30921,31272,30908,31247,150639,97462
12/09/2019,16:00,31253,31280,31111,31135,109241,96687
12/10/2019,16:00,31134,31192,30959,31154,164907,97873
12/11/2019,16:00,31157,31214,31037,31157,138872,97873
12/12/2019,16:00,31165,31463,31091,31368,210338,47795
12/13/2019,16:00,31409,31545,31279,31403,210338,47776
12/16/2019,16:00,31426,31588,31392,31501,145650,65674
12/17/2019,16:00,31501,31583,31419,31522,149803,81583
12/18/2019,16:00,31505,31573,31483,31519,117720,91580
12/19/2019,16:00,31528,31661,31492,31639,139569,102223
12/20/2019,16:00,31653,31764,31615,31720,146964,102796
12/23/2019,16:00,31729,31821,31713,31788,93613,103392
12/24/2019,16:00,31798,31826,31737,31746,44128,103041
12/26/2019,16:00,31756,31862,31748,31857,121521,104495
12/27/2019,16:00,31841,31959,31834,31848,121521,104495
12/30/2019,16:00,31856,31898,31641,31678,165288,105599
12/31/2019,16:00,31665,31791,31579,31746,127526,107174
01/02/2020,16:00,31791,32109,31776,32079,183583,105801
01/03/2020,16:00,32082,32131,31669,31840,245778,100249
01/06/2020,16:00,31732,31938,31589,31880,218793,100422
01/07/2020,16:00,31874,31977,31684,31764,198208,98035
01/08/2020,16:00,31740,32071,31322,32008,337249,100377
01/09/2020,16:00,32010,32191,31983,32167,181585,101082
01/10/2020,16:00,32168,32260,31989,32015,183361,101173
01/13/2020,16:00,32013,32145,32013,32109,141633,99008
01/14/2020,16:00,32112,32253,31975,32172,232554,101856
01/15/2020,16:00,32172,32328,32076,32267,224025,103636
01/16/2020,16:00,32272,32501,32270,32478,152873,106866
01/17/2020,16:00,32483,32600,32480,32517,170084,107076
01/21/2020,16:00,32518,32556,32346,32417,238628,103611
01/22/2020,16:00,32415,32547,32331,32378,192697,101240
01/23/2020,16:00,32350,32388,32162,32365,301305,101516
01/24/2020,16:00,32367,32479,32034,32171,301305,100970
01/27/2020,16:00,31958,31970,31643,31719,363768,104174
01/28/2020,16:00,31717,32018,31709,31948,261243,104651
01/29/2020,16:00,31974,32126,31888,31948,235907,106598
01/30/2020,16:00,31956,32081,31670,32029,347453,105269
01/31/2020,16:00,32076,32119,31343,31434,369128,101229
02/03/2020,16:00,31397,31811,31374,31599,269200,99566
02/04/2020,16:00,31604,32085,31525,32027,222741,102294
02/05/2020,16:00,32014,32513,31930,32479,276317,107297
02/06/2020,16:00,32486,32713,32424,32566,238290,104629
02/07/2020,16:00,32595,32605,32244,32282,228295,101025
02/10/2020,16:00,32259,32488,32088,32483,198764,100830
02/11/2020,16:00,32475,32633,32400,32467,198861,102045
02/12/2020,16:00,32499,32776,32447,32761,172696,104925
02/13/2020,16:00,32767,32781,32483,32670,174890,104452
02/14/2020,16:00,32684,32757,32505,32633,174890,104452
02/18/2020,16:00,32646,32646,32338,32449,268667,103041
02/19/2020,16:00,32478,32635,32470,32575,153041,103579
02/20/2020,16:00,32604,32672,32169,32409,288117,104315
02/21/2020,16:00,32392,32414,32109,32219,322584,105392
02/24/2020,16:00,31983,31992,31125,31206,503595,101973
02/25/2020,16:00,31165,31472,30214,30355,571418,100571
02/26/2020,16:00,30362,30757,29930,30152,588272,98791
02/27/2020,16:00,30058,30215,28738,28790,735823,93136
02/28/2020,16:00,28760,29010,27913,28602,735823,91590
03/02/2020,16:00,28434,29949,28089,29706,637915,94888
03/03/2020,16:00,29800,30297,28917,29118,607045,88134
03/04/2020,16:00,29047,30313,28926,30203,381744,90334
03/05/2020,16:00,30159,30211,29153,29298,581213,84692
03/06/2020,16:00,29381,29520,28431,29027,581213,84205
03/09/2020,16:00,28594,28594,26787,27115,335681,82379
03/10/2020,16:00,26965,28258,26662,28087,523496,79965
03/11/2020,16:00,28076,28128,26538,26813,493500,79965
03/12/2020,16:00,26787,27081,24078,24316,230212,31200
03/13/2020,16:00,24050,26394,23602,26211,230212,31188
03/16/2020,16:00,26077,26080,23347,23633,137995,39352
03/17/2020,16:00,23624,24620,23108,24232,255851,49735
03/18/2020,16:00,24087,24217,22138,23225,228929,53639
03/19/2020,16:00,23272,23765,22206,23247,239922,54418
03/20/2020,16:00,22955,24254,22197,22412,286183,53414
03/23/2020,16:00,21876,23176,21458,21869,308160,56271
03/24/2020,16:00,21956,24082,21956,23980,287349,50037
03/25/2020,16:00,24051,25264,23651,24398,334528,49929
03/26/2020,16:00,24430,25821,23882,25720,335334,55809
03/27/2020,16:00,25892,25917,24688,24809,258114,55670
03/30/2020,16:00,24298,25611,24150,25539,198019,56919
03/31/2020,16:00,25558,25758,25013,25123,173680,56213
04/01/2020,16:00,25074,25074,24020,24112,207275,54102
04/02/2020,16:00,24191,24746,23872,24645,247194,55110
04/03/2020,16:00,24644,24724,24112,24329,169298,53978
04/06/2020,16:00,24316,26035,24316,25860,222337,54943
04/07/2020,16:00,25868,26849,25672,25863,275755,53821
04/08/2020,16:00,25851,26766,25616,26618,238333,56191
04/09/2020,16:00,26670,27261,26392,26990,262866,58500
04/13/2020,16:00,27211,27283,26340,26681,159039,55947
04/14/2020,16:00,26692,27294,26622,27252,174571,59711
04/15/2020,16:00,27283,27339,26475,26763,184465,61553
04/16/2020,16:00,26704,27139,26451,26779,231633,60573
04/17/2020,16:00,27444,27699,27073,27531,231633,60471
04/20/2020,16:00,27460,27575,26813,26860,208145,61874
04/21/2020,16:00,26829,27054,26186,26301,249722,60895
04/22/2020,16:00,26348,26875,26187,26728,179294,61379
04/23/2020,16:00,26747,27144,26603,26709,211387,67440
04/24/2020,16:00,26704,27102,26527,27030,169747,64385
04/27/2020,16:00,27019,27472,26907,27371,143528,67215
04/28/2020,16:00,27387,27807,27250,27417,192238,66762
04/29/2020,16:00,27408,28060,27343,27938,178479,68064
04/30/2020,16:00,28048,28164,27444,27602,169783,63163
05/01/2020,16:00,27424,27450,26902,26991,169783,63017
05/04/2020,16:00,26736,27030,26580,26943,157510,63898
05/05/2020,16:00,26959,27429,26949,27133,177193,65668
05/06/2020,16:00,27134,27367,26869,26885,179243,64537
05/07/2020,16:00,26865,27371,26800,27215,156060,68567
05/08/2020,16:00,27227,27699,27221,27658,156060,68508
05/11/2020,16:00,27600,27843,27345,27496,175632,67705
05/12/2020,16:00,27477,27665,26840,26946,209788,68784
05/13/2020,16:00,26866,27152,26352,26538,308738,70279
05/14/2020,16:00,26604,26964,26076,26906,328589,70061
05/15/2020,16:00,26898,27049,26613,26889,272384,71344
05/18/2020,16:00,26972,28012,26910,27879,209126,74062
05/19/2020,16:00,27851,28137,27492,27530,235950,72717
05/20/2020,16:00,27497,27955,27448,27891,192898,74128
05/21/2020,16:00,27917,28032,27672,27748,213835,74691
05/22/2020,16:00,27749,27878,27473,27796,194134,74375
05/26/2020,16:00,27783,28499,27748,28374,252113,76533
05/27/2020,16:00,28379,28944,28285,28906,251034,78266
05/28/2020,16:00,28915,29166,28683,28829,230294,76467
05/29/2020,16:00,28820,28872,28363,28750,268921,75286
06/01/2020,16:00,28603,28891,28461,28835,175632,75571
06/02/2020,16:00,28830,29092,28663,29073,174040,76769
06/03/2020,16:00,29073,29700,29051,29600,181751,75388
06/04/2020,16:00,29637,29740,29428,29625,295068,76751
06/05/2020,16:00,29655,30697,29584,30444,295068,76524
06/08/2020,16:00,30496,30935,30403,30899,191224,77789
06/09/2020,16:00,30934,30996,30498,30636,222341,77353
06/10/2020,16:00,30629,30860,30273,30333,2479,2372
06/11/2020,16:00,30333,30351,28435,28532,15536,5748
06/12/2020,16:00,28564,29317,28435,28899,212236,24852
06/15/2020,16:00,28543,29254,27910,29176,269965,44343
06/16/2020,16:00,29218,30159,29161,29694,340025,58513
06/17/2020,16:00,29631,29995,29424,29526,216527,64627
06/18/2020,16:00,29521,29649,29118,29400,223584,68687
06/19/2020,16:00,29403,29821,29010,29030,258223,69881
06/22/2020,16:00,28871,29488,28731,29454,176355,73076
06/23/2020,16:00,29456,29795,29015,29521,200223,72842
06/24/2020,16:00,29487,29635,28660,28894,281371,72343
06/25/2020,16:00,28880,29160,28504,29097,262641,73527
06/26/2020,16:00,29041,29154,28338,28451,262641,73489
06/29/2020,16:00,28278,29044,28244,28998,225691,75616
06/30/2020,16:00,28980,29273,28802,29190,200320,74570
07/01/2020,16:00,29154,29394,28882,29076,218368,73409
07/02/2020,16:00,29050,29589,29016,29260,201493,72608
07/06/2020,16:00,29224,29698,28939,29680,255602,72851
07/07/2020,16:00,29668,29781,29242,29271,192273,71442
07/08/2020,16:00,29271,29500,29162,29470,209659,70620
07/09/2020,16:00,29496,29530,28898,29072,239986,73354
07/10/2020,16:00,29090,29504,28794,29478,229586,73761
07/13/2020,16:00,29526,30025,29415,29469,265051,74846
07/14/2020,16:00,29487,30076,29375,29992,296495,79787
07/15/2020,16:00,30145,30564,30072,30266,242949,79317
07/16/2020,16:00,30315,30359,29966,30054,198313,78812
07/17/2020,16:00,30066,30225,30003,30021,151722,78463
07/20/2020,16:00,30042,30156,29831,30134,168308,78704
07/21/2020,16:00,30126,30426,30091,30227,173817,79225
07/22/2020,16:00,30228,30429,30027,30385,162999,82144
07/23/2020,16:00,30386,30558,29950,30044,193084,79565
07/24/2020,16:00,30049,30116,29791,29823,179326,79313
07/27/2020,16:00,29776,30024,29733,29985,141718,81288
07/28/2020,16:00,30013,30100,29753,29798,147516,81791
07/29/2020,16:00,29796,30001,29688,29941,138125,84823
07/30/2020,16:00,29955,29978,29382,29719,214147,86463
07/31/2020,16:00,29915,29958,29406,29820,235903,86287
08/03/2020,16:00,29901,30104,29698,30059,140685,88656
08/04/2020,16:00,30062,30245,29940,30218,145516,89836
08/05/2020,16:00,30250,30615,30167,30556,155148,93994
08/06/2020,16:00,30568,30802,30425,30786,188769,94962
08/07/2020,16:00,30793,30872,30606,30834,188769,94181
08/10/2020,16:00,30865,31214,30761,31180,169115,94812
08/11/2020,16:00,31191,31570,31033,31115,236391,94239
08/12/2020,16:00,31201,31464,31113,31367,162035,93379
08/13/2020,16:00,31359,31434,31209,31324,150506,94085
08/14/2020,16:00,31329,31412,31093,31293,150506,94275
08/17/2020,16:00,31341,31429,31237,31276,111616,91687
08/18/2020,16:00,31280,31405,31097,31218,142732,91878
08/19/2020,16:00,31245,31356,31061,31133,159840,89798
08/20/2020,16:00,31146,31218,30893,31170,175756,90503
08/21/2020,16:00,31177,31405,30974,31360,175756,90750
08/24/2020,16:00,31401,31767,31378,31740,157196,88097
08/25/2020,16:00,31745,31981,31543,31694,184066,83693
08/26/2020,16:00,31716,31840,31596,31813,144026,82943
08/27/2020,16:00,31813,32091,31682,31969,147833,85099
08/28/2020,16:00,32016,32219,31943,32112,147833,85287
08/31/2020,16:00,32180,32284,31834,31917,187254,82221
09/01/2020,16:00,31880,32155,31758,32123,165105,81115
09/02/2020,16:00,32138,32653,32112,32591,213540,81089
09/03/2020,16:00,32577,32681,31553,31852,389756,72732
09/04/2020,16:00,31802,32093,31144,31575,389756,72732
09/08/2020,16:00,31637,31905,30941,31026,383743,71903
09/09/2020,16:00,30877,31697,30686,31473,5373,1974
09/10/2020,16:00,31467,31655,30935,31048,16844,7879
09/11/2020,16:00,31090,31331,30940,31115,185655,27979
09/14/2020,16:00,31198,31590,31198,31493,159725,56139
09/15/2020,16:00,31473,31750,31430,31530,149422,65391
09/16/2020,16:00,31532,31873,31468,31559,149813,69411
09/17/2020,16:00,31582,31617,31048,31441,236969,68140
09/18/2020,16:00,31407,31502,30991,31224,215692,69062
09/21/2020,16:00,31190,31285,30206,30677,264286,71961
09/22/2020,16:00,30622,30829,30480,30765,199343,69696
09/23/2020,16:00,30841,31014,30208,30307,235983,70262
09/24/2020,16:00,30312,30593,30029,30337,254511,70041
09/25/2020,16:00,30394,30745,30046,30665,213697,71305
09/28/2020,16:00,30682,31222,30682,31104,181940,74110
09/29/2020,16:00,31120,31241,30835,31030,175150,73798
09/30/2020,16:00,30976,31526,30661,31286,297638,74870
10/01/2020,16:00,31228,31584,31165,31311,267513,75879
10/02/2020,16:00,31302,31363,30731,31187,281065,79236
10/05/2020,16:00,31362,31664,31268,31617,169813,82515
10/06/2020,16:00,31632,31854,31153,31322,287020,84712
10/07/2020,16:00,31190,31872,31161,31801,193674,87917
10/08/2020,16:00,31801,32074,31773,31932,179037,88897
10/09/2020,16:00,32000,32192,31946,32140,169790,88502
10/12/2020,16:00,32140,32468,32055,32420,173932,90868
10/13/2020,16:00,32429,32446,32107,32207,217669,88054
10/14/2020,16:00,32199,32348,31965,32036,198474,86297
10/15/2020,16:00,32027,32076,31647,32008,222120,90706
10/16/2020,16:00,32039,32354,31954,32030,174908,91659
10/19/2020,16:00,32118,32291,31647,31722,156936,91244
10/20/2020,16:00,31804,32088,31670,31804,170395,92543
10/21/2020,16:00,31809,32000,31699,31756,170677,93151
10/22/2020,16:00,31752,31935,31518,31890,132127,94004
10/23/2020,16:00,31935,32014,31667,31811,132127,93553
10/26/2020,16:00,31772,31772,30881,31203,231099,93357
10/27/2020,16:00,31203,31335,30854,30987,177038,94141
10/28/2020,16:00,30863,30889,30012,30031,335786,95710
10/29/2020,16:00,30104,30425,29784,30179,288636,94354
10/30/2020,16:00,29925,30155,29575,30016,299846,91292
11/02/2020,16:00,29994,30560,29794,30418,218401,87593
11/03/2020,16:00,30474,31156,30429,30998,179266,85655
11/04/2020,16:00,31023,31816,30525,31357,309164,85433
11/05/2020,16:00,31454,32012,31270,31919,193707,87212
11/06/2020,16:00,31941,32079,31588,31826,207262,87037
11/09/2020,16:00,32008,33622,31950,32670,313050,87857
11/10/2020,16:00,32714,33011,32403,32941,227543,89216
11/11/2020,16:00,32982,33192,32806,32933,167386,90980
11/12/2020,16:00,32988,32989,32437,32614,185689,89571
11/13/2020,16:00,32682,33105,32480,33032,156897,91769
11/16/2020,16:00,33057,33620,33057,33487,164292,92338
11/17/2020,16:00,33514,33520,33071,33342,155946,89797
11/18/2020,16:00,33315,33518,32953,33013,164844,88784
11/19/2020,16:00,32992,33098,32804,33065,161849,87720
11/20/2020,16:00,32892,33062,32745,32834,148845,87213
11/23/2020,16:00,32755,33243,32738,33168,154472,87729
11/24/2020,16:00,33182,33689,33174,33620,153621,91588
11/25/2020,16:00,33651,33787,33379,33450,138712,87986
11/27/2020,16:00,33484,33600,33318,33496,98409,88068
11/30/2020,16:00,33536,33594,33050,33251,171262,86670
12/01/2020,16:00,33302,33679,33236,33426,170022,86944
12/02/2020,16:00,33387,33529,33211,33490,146361,88990
12/03/2020,16:00,33508,33714,33377,33554,120262,95304
12/04/2020,16:00,33567,33838,33557,33820,120262,95221
12/07/2020,16:00,33796,33887,33576,33679,131544,91500
12/08/2020,16:00,33610,33859,33474,33792,145645,94045
12/09/2020,16:00,33828,33931,33568,33685,1813,9181
12/10/2020,16:00,33683,33763,33487,33625,12092,14608
12/11/2020,16:00,33674,33703,33337,33648,121580,37136
12/14/2020,16:00,33765,33953,33476,33494,170339,55973
12/15/2020,16:00,33554,33870,33464,33827,156823,71305
12/16/2020,16:00,33848,33945,33706,33787,128028,76215
12/17/2020,16:00,33800,33961,33775,33915,117925,79652
12/18/2020,16:00,33923,33996,33640,33826,168183,81241
12/21/2020,16:00,34013,34046,33031,33826,278388,81464
12/22/2020,16:00,33813,33863,33592,33625,153134,78955
12/23/2020,16:00,33616,33895,33448,33747,130351,83234
12/24/2020,16:00,33796,33864,33710,33822,51433,82335
12/28/2020,16:00,33741,34131,33669,34018,111131,83747
12/29/2020,16:00,34031,34215,33879,33951,116977,81743
12/30/2020,16:00,33986,34129,33924,34015,96134,83836
12/31/2020,16:00,34041,34239,33943,34210,82990,84975
01/04/2021,16:00,34194,34404,33473,33817,266253,81688
01/05/2021,16:00,33821,34106,33687,33998,188607,81097
01/06/2021,16:00,34000,34625,33867,34433,314928,88287
01/07/2021,16:00,34503,34800,34409,34655,167866,88128
01/08/2021,16:00,34664,34861,34400,34706,190440,84167
01/11/2021,16:00,34683,34735,34351,34615,166354,84140
01/12/2021,16:00,34641,34725,34490,34687,128914,84060
01/13/2021,16:00,34669,34773,34582,34672,131905,84508
01/14/2021,16:00,34703,34829,34595,34622,127416,86833
01/15/2021,16:00,34618,34670,34219,34433,198844,86389
01/19/2021,16:00,34341,34695,34318,34541,191002,86484
01/20/2021,16:00,34563,34847,34485,34809,140795,88509
01/21/2021,16:00,34777,34901,34729,34795,120350,90567
01/22/2021,16:00,34771,34799,34504,34622,141819,88920
01/25/2021,16:00,34633,34728,34170,34581,239889,88954
01/26/2021,16:00,34566,34730,34379,34555,153216,89378
01/27/2021,16:00,34561,34597,33766,33902,276292,96603
01/28/2021,16:00,33903,34556,33663,34220,316406,96761
01/29/2021,16:00,34158,34234,33467,33592,316406,96463
02/01/2021,16:00,33523,33948,33265,33823,170384,97055
02/02/2021,16:00,33835,34451,33783,34299,153450,99476
02/03/2021,16:00,34322,34433,34125,34340,130699,93660
02/04/2021,16:00,34407,34703,34255,34663,114243,97155
02/05/2021,16:00,34681,34862,34637,34755,120889,98034
02/08/2021,16:00,34839,35009,34763,34981,110823,98118
02/09/2021,16:00,35007,35053,34857,34991,101801,99296
02/10/2021,16:00,35031,35164,34832,35041,157714,97927
02/11/2021,16:00,35083,35178,34881,35072,135567,96500
02/12/2021,16:00,35063,35133,34929,35110,111287,96602
02/16/2021,16:00,35138,35375,35086,35171,184813,93373
02/17/2021,16:00,35183,35294,34982,35262,179745,95150
02/18/2021,16:00,35268,35345,34941,35144,194049,93428
02/19/2021,16:00,35158,35296,35015,35146,159132,94632
02/22/2021,16:00,35173,35305,34903,35179,214656,94301
02/23/2021,16:00,35213,35328,34816,35205,295740,91515
02/24/2021,16:00,35194,35677,35035,35629,247680,97386
02/25/2021,16:00,35652,35746,34960,35084,372581,84630
02/26/2021,16:00,35021,35169,34516,34625,372581,84221
03/01/2021,16:00,34694,35350,34647,35222,207992,82884
03/02/2021,16:00,35250,35300,34994,35071,207247,85193
03/03/2021,16:00,35077,35322,34929,34949,255151,84579
03/04/2021,16:00,34972,35149,34225,34591,342921,81483
03/05/2021,16:00,34612,35258,34354,35178,342921,81267
03/08/2021,16:00,35275,35827,35000,35489,289385,83677
03/09/2021,16:00,35570,35831,35505,35524,202658,84223
03/10/2021,16:00,35581,36086,35440,35992,4863,10996
03/11/2021,16:00,36057,36356,35970,36194,13751,16556
03/12/2021,16:00,36214,36541,36105,36491,144184,37579
03/15/2021,16:00,36542,36688,36343,36676,150012,56055
03/16/2021,16:00,36666,36691,36491,36550,162214,76428
03/17/2021,16:00,36580,36764,36496,36730,174770,86556
03/18/2021,16:00,36741,36942,36548,36591,234148,90483
03/19/2021,16:00,36604,36693,36227,36329,210458,89829
03/22/2021,16:00,36293,36514,36140,36445,151375,88998
03/23/2021,16:00,36470,36515,36061,36132,180140,90619
03/24/2021,16:00,36174,36495,36058,36145,206190,90151
03/25/2021,16:00,36164,36395,35777,36327,188389,92404
03/26/2021,16:00,36380,36810,36322,36780,188389,92095
03/29/2021,16:00,36777,36960,36572,36858,195237,90507
03/30/2021,16:00,36889,36955,36685,36751,166336,89165
03/31/2021,16:00,36764,36871,36692,36724,140701,90968
04/01/2021,16:00,36738,36886,36668,36863,15734,92659
04/05/2021,16:00,37062,37330,36983,37241,120599,94874
04/06/2021,16:00,37243,37280,37092,37141,136526,93974
04/07/2021,16:00,37159,37233,37059,37154,129135,92517
04/08/2021,16:00,37170,37290,37053,37216,131737,94288
04/09/2021,16:00,37277,37520,37197,37508,131737,94274
04/12/2021,16:00,37486,37512,37376,37457,127100,91792
04/13/2021,16:00,37473,37538,37257,37396,159142,91855
04/14/2021,16:00,37401,37626,37345,37450,169919,94917
04/15/2021,16:00,37487,37788,37478,37749,140823,94099
04/16/2021,16:00,37766,37970,37706,37907,123262,95212
04/19/2021,16:00,37841,37874,37686,37784,151906,91840
04/20/2021,16:00,37822,37892,37398,37529,168388,90897
04/21/2021,16:00,37518,37866,37451,37842,145322,90952
04/22/2021,16:00,37812,37865,37431,37535,181670,89386
04/23/2021,16:00,37541,37882,37434,37767,137997,90559
04/26/2021,16:00,37780,37871,37658,37703,99767,88978
04/27/2021,16:00,37715,37799,37590,37709,105771,90313
04/28/2021,16:00,37641,37694,37516,37550,111004,93826
04/29/2021,16:00,37542,37805,37454,37777,156887,92511
04/30/2021,16:00,37741,37767,37504,37593,149370,92309
05/03/2021,16:00,37654,37942,37649,37834,126286,93717
05/04/2021,16:00,37817,37873,37480,37846,209871,90681
05/05/2021,16:00,37842,38045,37752,37944,155840,93050
05/06/2021,16:00,37951,38284,37900,38268,167978,100385
05/07/2021,16:00,38275,38554,38192,38512,167978,98426
05/10/2021,16:00,38548,38826,38437,38494,188758,104293
05/11/2021,16:00,38473,38558,37809,38009,312297,97142
05/12/2021,16:00,37969,38053,37287,37334,270377,97289
05/13/2021,16:00,37301,37919,37026,37764,262419,91114
05/14/2021,16:00,37794,38208,37748,38144,164599,91526
05/17/2021,16:00,38146,38200,37919,38082,151437,92957
05/18/2021,16:00,38121,38249,37733,37822,130449,94031
05/19/2021,16:00,37725,37824,37228,37657,244203,92128
05/20/2021,16:00,37607,38013,37411,37854,160628,93578
05/21/2021,16:00,37854,38198,37843,37979,139425,95212
05/24/2021,16:00,37976,38253,37927,38178,102697,95393
05/25/2021,16:00,38223,38309,38050,38097,115173,96622
05/26/2021,16:00,38115,38243,38053,38106,105514,96953
05/27/2021,16:00,38121,38403,37996,38263,111041,98207
05/28/2021,16:00,38382,38465,38321,38339,111041,98207
06/01/2021,16:00,38396,38653,38234,38376,154685,100537
06/02/2021,16:00,38387,38520,38310,38416,109757,101465
06/03/2021,16:00,38421,38481,38136,38393,152934,102546
06/04/2021,16:00,38401,38581,38298,38568,116011,102218
06/07/2021,16:00,38586,38651,38384,38442,117598,102852
06/08/2021,16:00,38449,38477,38255,38412,134833,101939
06/09/2021,16:00,38412,38473,38251,38263,116365,101939
06/10/2021,16:00,38307,38558,38212,38287,19880,14519
06/11/2021,16:00,38288,38441,38141,38290,120724,43465
06/14/2021,16:00,38281,38386,38028,38208,145204,67801
06/15/2021,16:00,38191,38301,38016,38110,149344,91551
06/16/2021,16:00,38116,38142,37719,37838,174836,102342
06/17/2021,16:00,37768,37903,37431,37626,202098,110044
06/18/2021,16:00,37643,37688,37004,37088,226091,110412
06/21/2021,16:00,37005,37741,36835,37694,203032,104271
06/22/2021,16:00,37745,37859,37560,37768,132462,102476
06/23/2021,16:00,37797,37895,37685,37692,111673,102148
06/24/2021,16:00,37725,38110,37706,38015,108975,105744
06/25/2021,16:00,38126,38319,38066,38266,108975,105708
06/28/2021,16:00,38331,38344,38000,38097,120048,106488
06/29/2021,16:00,38121,38296,38045,38103,101887,105209
06/30/2021,16:00,38118,38383,37939,38332,132388,107858
07/01/2021,16:00,38381,38484,38310,38447,110332,106998
07/02/2021,16:00,38443,38647,38424,38610,102663,108208
07/06/2021,16:00,38609,38688,38174,38393,183144,105546
07/07/2021,16:00,38327,38528,38254,38501,136380,105760
07/08/2021,16:00,38516,38525,37937,38227,225077,102932
07/09/2021,16:00,38223,38717,38073,38684,156203,110667
07/12/2021,16:00,38698,38837,38481,38808,135590,111728
07/13/2021,16:00,38823,38848,38680,38709,129206,111209
07/14/2021,16:00,38712,38879,38600,38749,127620,110572
07/15/2021,16:00,38731,38811,38526,38797,165523,111993
07/16/2021,16:00,38771,38908,38457,38497,162512,106021
07/19/2021,16:00,38488,38512,37556,37772,293528,104785
07/20/2021,16:00,37851,38435,37776,38333,222415,101997
07/21/2021,16:00,38360,38672,38294,38622,136891,101487
07/22/2021,16:00,38666,38722,38490,38642,117275,100350
07/23/2021,16:00,38701,38926,38672,38884,133043,101388
07/26/2021,16:00,38877,39005,38585,38967,125683,103973
07/27/2021,16:00,38972,38973,38695,38886,167090,101776
07/28/2021,16:00,38777,38951,38697,38767,146913,102603
07/29/2021,16:00,38800,38994,38707,38907,113206,106108
07/30/2021,16:00,38911,38930,38689,38765,151872,105430
08/02/2021,16:00,38805,39015,38627,38654,145770,105418
08/03/2021,16:00,38698,38942,38535,38931,161421,110034
08/04/2021,16:00,38893,38933,38607,38623,145613,106937
08/05/2021,16:00,38649,38882,38600,38876,104940,107330
08/06/2021,16:00,38855,39070,38816,39024,111981,113305
08/09/2021,16:00,39033,39038,38873,38931,101439,108617
08/10/2021,16:00,38949,39109,38857,39088,109816,113830
08/11/2021,16:00,39097,39327,39039,39305,118032,116498
08/12/2021,16:00,39314,39371,39188,39335,109900,112933
08/13/2021,16:00,39362,39452,39314,39353,90588,112268
08/16/2021,16:00,39316,39480,39079,39467,151693,114717
08/17/2021,16:00,39441,39449,38967,39192,200917,107012
08/18/2021,16:00,39145,39219,38723,38820,166031,108671
08/19/2021,16:00,38793,38867,38427,38751,258172,106041
08/20/2021,16:00,38780,39053,38502,38991,161422,104407
08/23/2021,16:00,38964,39306,38949,39214,120429,106263
08/24/2021,16:00,39261,39336,39226,39247,94288,106652
08/25/2021,16:00,39259,39378,39162,39293,109223,108711
08/26/2021,16:00,39317,39374,39079,39093,144173,106099
08/27/2021,16:00,39115,39361,39047,39336,113732,109695
08/30/2021,16:00,39351,39397,39262,39285,109477,106940
08/31/2021,16:00,39328,39425,39191,39273,141519,108075
09/01/2021,16:00,39315,39427,39202,39223,138543,107875
09/02/2021,16:00,39228,39396,39152,39357,144762,105518
09/03/2021,16:00,39358,39437,39181,39286,144762,105518
09/07/2021,16:00,39285,39409,38971,39024,198672,104110
09/08/2021,16:00,39000,39094,38818,38945,189488,104110
09/09/2021,16:00,38932,39125,38713,38802,19672,13320
09/10/2021,16:00,38800,39046,38530,38540,147228,36513
09/13/2021,16:00,38579,38870,38531,38803,222579,67948
09/14/2021,16:00,38838,38956,38435,38513,204501,88791
09/15/2021,16:00,38531,38813,38428,38750,188373,97423
09/16/2021,16:00,38782,38875,38463,38675,186984,102359
09/17/2021,16:00,38659,38759,38403,38511,186984,102374
09/20/2021,16:00,38449,38462,37527,37888,310800,97466
09/21/2021,16:00,37855,38285,37761,37847,237057,95602
09/22/2021,16:00,37810,38368,37687,38178,217014,98229
09/23/2021,16:00,38202,38798,38197,38693,151185,98935
09/24/2021,16:00,38699,38783,38508,38723,151185,98617
09/27/2021,16:00,38745,38983,38701,38792,147057,99884
09/28/2021,16:00,38782,38901,38170,38224,277934,98190
09/29/2021,16:00,38288,38500,38217,38314,212633,98490
09/30/2021,16:00,38371,38603,37737,37771,236686,97554
10/01/2021,16:00,37801,38403,37432,38216,221715,95962
10/04/2021,16:00,38279,38342,37730,37919,240260,94751
10/05/2021,16:00,37939,38413,37733,38232,194338,95853
10/06/2021,16:00,38257,38375,37767,38340,260685,94220
10/07/2021,16:00,38349,38903,38349,38687,163048,100431
10/08/2021,16:00,38690,38799,38581,38675,160330,100361
10/11/2021,16:00,38663,38878,38372,38425,179540,101144
10/12/2021,16:00,38405,38535,38174,38309,197787,101645
10/13/2021,16:00,38239,38392,38033,38306,200885,100698
10/14/2021,16:00,38297,38902,38297,38833,165304,102567
10/15/2021,16:00,38879,39247,38836,39220,155286,107542
10/18/2021,16:00,39259,39276,38955,39182,137825,104725
10/19/2021,16:00,39170,39414,39116,39372,128838,105375
10/20/2021,16:00,39404,39590,39321,39526,122202,109193
10/21/2021,16:00,39497,39585,39357,39529,175484,107187
10/22/2021,16:00,39525,39694,39461,39606,175484,107178
10/25/2021,16:00,39548,39719,39500,39669,138321,107455
10/26/2021,16:00,39690,39826,39667,39693,177876,108319
10/27/2021,16:00,39695,39764,39432,39438,185252,106999
10/28/2021,16:00,39472,39730,39437,39662,156534,108494
10/29/2021,16:00,39685,39795,39535,39753,156108,109832
11/01/2021,16:00,39845,39940,39732,39849,136286,108141
11/02/2021,16:00,39846,40020,39744,39987,120742,112975
11/03/2021,16:00,39970,40115,39820,40084,134646,109240
11/04/2021,16:00,40076,40125,39914,40058,133199,101486
11/05/2021,16:00,40048,40424,39998,40264,172245,104806
11/08/2021,16:00,40181,40495,40172,40361,116185,105590
11/09/2021,16:00,40338,40373,40115,40258,144952,102105
11/10/2021,16:00,40215,40304,39960,40041,173328,101758
11/11/2021,16:00,40031,40112,39872,39878,119951,102901
11/12/2021,16:00,39919,40111,39888,40062,126135,103282
11/15/2021,16:00,40108,40227,39999,40058,124976,101028
11/16/2021,16:00,40072,40287,39995,40110,139663,102317
11/17/2021,16:00,40123,40154,39871,39916,133056,100645
11/18/2021,16:00,39890,40010,39642,39860,151562,98256
11/19/2021,16:00,39875,40037,39535,39598,172852,98383
11/22/2021,16:00,39641,39929,39579,39620,198406,102330
11/23/2021,16:00,39669,39842,39419,39815,220528,104051
11/24/2021,16:00,39811,39839,39581,39798,149804,102504
11/26/2021,16:00,39827,39949,38675,38907,307938,102396
11/29/2021,16:00,38790,39295,38789,39126,251023,99921
11/30/2021,16:00,39181,39283,38433,38506,294074,99214
12/01/2021,16:00,38573,39035,37977,38051,281341,99496
12/02/2021,16:00,38099,38787,38067,38671,269198,97037
12/03/2021,16:00,38764,38844,38296,38615,269198,96986
12/06/2021,16:00,38639,39393,38630,39261,229691,97478
12/07/2021,16:00,39300,39856,39245,39762,173908,96130
12/08/2021,16:00,39829,39975,39637,39795,151436,96130
12/09/2021,16:00,39801,39901,39624,39796,16551,14273
12/10/2021,16:00,39795,40029,39743,40011,127409,43326
12/13/2021,16:00,40023,40166,39641,39679,182807,74527
12/14/2021,16:00,39716,39818,39469,39584,208243,87101
12/15/2021,16:00,39592,39994,39410,39952,200913,90877
12/16/2021,16:00,39975,40234,39799,39927,213698,93428
12/17/2021,16:00,39970,40012,39300,39388,271461,92056
12/20/2021,16:00,39389,39464,38683,38949,220121,91734
12/21/2021,16:00,39043,39549,38994,39517,168394,91305
12/22/2021,16:00,39541,39798,39422,39768,110144,92104
12/23/2021,16:00,39783,40082,39761,39968,91398,92773
12/27/2021,16:00,39967,40342,39895,40314,91647,94800
12/28/2021,16:00,40316,40544,40249,40418,115487,96609
12/29/2021,16:00,40414,40599,40386,40517,94675,100888
12/30/2021,16:00,40530,40708,40391,40427,85639,98811
12/31/2021,16:00,40432,40507,40257,40362,76942,98780
01/03/2022,16:00,40440,40608,40256,40591,158894,97502
01/04/2022,16:00,40568,40940,40545,40811,175657,101558
01/05/2022,16:00,40792,40968,40415,40427,243988,99109
01/06/2022,16:00,40445,40554,40210,40259,266023,96606
01/07/2022,16:00,40309,40401,40124,40243,218010,95512
01/10/2022,16:00,40257,40307,39657,40088,268667,97541
01/11/2022,16:00,40084,40289,39777,40264,220376,92927
01/12/2022,16:00,40267,40468,40176,40296,175020,93188
01/13/2022,16:00,40315,40526,40057,40125,217100,94300
01/14/2022,16:00,40138,40250,39651,39932,256880,92910
01/18/2022,16:00,39992,40037,39271,39395,322172,94286
01/19/2022,16:00,39437,39566,39019,39046,296130,93795
01/20/2022,16:00,39089,39515,38543,38752,335699,92308
01/21/2022,16:00,38692,38918,38236,38293,335699,92468
01/24/2022,16:00,38279,38546,37167,38389,465699,92131
01/25/2022,16:00,38430,38608,37558,38321,340838,91956
01/26/2022,16:00,38105,38835,37881,38191,319037,90861
01/27/2022,16:00,38207,38794,37668,38179,329887,89213
01/28/2022,16:00,38376,38758,37749,38731,315125,88160
01/31/2022,16:00,38712,39162,38449,39133,234760,87188
02/01/2022,16:00,39051,39452,38969,39410,209606,86618
02/02/2022,16:00,39368,39726,39303,39628,222533,85755
02/03/2022,16:00,39681,39705,39077,39107,266481,79356
02/04/2022,16:00,39249,39348,38804,39114,266481,79278
02/07/2022,16:00,39138,39341,38942,39105,174182,80223
02/08/2022,16:00,39137,39562,39067,39478,182374,81948
02/09/2022,16:00,39518,39888,39506,39777,166011,81990
02/10/2022,16:00,39853,39886,39126,39275,282693,81017
02/11/2022,16:00,39264,39466,38647,38763,319729,80518
02/14/2022,16:00,38801,38891,38341,38607,274108,81259
02/15/2022,16:00,38608,39104,38481,39040,193885,80521
02/16/2022,16:00,39022,39196,38694,38987,196641,79162
02/17/2022,16:00,38978,39046,38307,38367,209143,80167
02/18/2022,16:00,38373,38636,38036,38143,232775,79177
02/22/2022,16:00,38005,38485,37428,37661,450328,78599
02/23/2022,16:00,37721,37960,37151,37202,238843,80164
02/24/2022,16:00,37188,37341,36303,37292,286523,73934
02/25/2022,16:00,37172,38170,36898,38130,286523,73913
02/28/2022,16:00,37814,38050,37458,37976,303760,75106
03/01/2022,16:00,37958,38201,37200,37403,275407,76649
03/02/2022,16:00,37454,38113,37257,37985,239411,73896
03/03/2022,16:00,37941,38279,37733,37874,195518,74934
03/04/2022,16:00,37908,37995,37346,37719,260950,74750
03/07/2022,16:00,37587,37678,36825,36918,253270,74782
03/08/2022,16:00,36852,37510,36441,36738,286678,74017
03/09/2022,16:00,36674,37577,36657,37401,201632,74017
03/10/2022,16:00,37388,37418,36932,37282,17846,12047
03/11/2022,16:00,37387,37826,37028,37051,144011,23719
03/14/2022,16:00,37156,37527,36946,37076,210716,41064
03/15/2022,16:00,37132,37752,36816,37665,208715,53315
03/16/2022,16:00,37636,38299,37518,38192,234031,55959
03/17/2022,16:00,38263,38629,37998,38598,147831,61713
03/18/2022,16:00,38472,38943,38342,38871,152069,63326
03/21/2022,16:00,38908,38932,38466,38674,153664,62055
03/22/2022,16:00,38728,39013,38556,38947,111073,62918
03/23/2022,16:00,38929,39030,38455,38488,128190,63909
03/24/2022,16:00,38490,38893,38452,38842,123375,64309
03/25/2022,16:00,38878,39079,38760,38997,123518,64307
03/28/2022,16:00,39000,39124,38683,39091,129887,64992
03/29/2022,16:00,39086,39519,39064,39428,147281,65130
03/30/2022,16:00,39392,39495,39193,39355,121051,65043
03/31/2022,16:00,39362,39453,38830,38856,137841,65556
04/01/2022,16:00,38940,39043,38675,38956,152091,65930
04/04/2022,16:00,38926,39087,38752,39067,117196,66408
04/05/2022,16:00,39040,39253,38707,38788,152767,66449
04/06/2022,16:00,38833,38846,38416,38637,185467,67523
04/07/2022,16:00,38608,38851,38331,38728,156893,68519
04/08/2022,16:00,38719,39058,38606,38851,156893,68512
04/11/2022,16:00,38874,38906,38419,38457,159044,70528
04/12/2022,16:00,38470,38820,38240,38377,193135,70927
04/13/2022,16:00,38416,38749,38290,38720,161480,72648
04/14/2022,16:00,38701,39032,38578,38596,168122,71577
04/18/2022,16:00,38607,38768,38417,38551,138271,73065
04/19/2022,16:00,38635,39135,38464,39079,172165,77221
04/20/2022,16:00,39023,39471,38966,39317,207813,80229
04/21/2022,16:00,39363,39651,38873,38947,195639,77719
04/22/2022,16:00,38934,38957,37832,37966,234366,78837
04/25/2022,16:00,37882,38259,37468,38203,265193,76906
04/26/2022,16:00,38203,38276,37319,37398,222151,83780
04/27/2022,16:00,37401,37849,37253,37464,239696,79642
04/28/2022,16:00,37546,38206,37393,38066,202184,80902
04/29/2022,16:00,37973,38141,37058,37120,202184,80831
05/02/2022,16:00,37226,37383,36596,37218,222204,80622
05/03/2022,16:00,37198,37492,37044,37271,162760,78733
05/04/2022,16:00,37279,38265,37163,38207,188059,78630
05/05/2022,16:00,38164,38258,36827,37148,241720,80381
05/06/2022,16:00,37171,37204,36614,37047,241720,80334
05/09/2022,16:00,36862,36928,36275,36399,242482,82145
05/10/2022,16:00,36444,36901,36043,36325,239430,82139
05/11/2022,16:00,36286,36744,35953,35981,264401,83508
05/12/2022,16:00,36041,36131,35386,35890,256197,83945
05/13/2022,16:00,35794,36439,35794,36358,171076,80798
05/16/2022,16:00,36386,36691,36105,36397,167019,80026
05/17/2022,16:00,36377,36930,36367,36819,166271,79331
05/18/2022,16:00,36867,36889,35537,35678,168601,83758
05/19/2022,16:00,35635,35762,35193,35440,217514,84989
05/20/2022,16:00,35447,35786,34823,35451,217514,84864
05/23/2022,16:00,35526,36163,35524,36077,181351,83990
05/24/2022,16:00,36020,36210,35553,36118,204978,82005
05/25/2022,16:00,36181,36453,35921,36314,180970,84097
05/26/2022,16:00,36312,36976,36234,36838,139299,84560
05/27/2022,16:00,36769,37477,36723,37396,139299,84560
05/31/2022,16:00,37439,37672,36960,37209,219698,83084
06/01/2022,16:00,37305,37492,36801,37036,176385,80548
06/02/2022,16:00,37001,37501,36729,37461,162371,80283
06/03/2022,16:00,37488,37555,37062,37126,161880,78030
06/06/2022,16:00,37205,37467,37043,37150,140650,78704
06/07/2022,16:00,37141,37436,36841,37403,155264,78498
06/08/2022,16:00,37345,37407,37044,37127,145146,78498
06/09/2022,16:00,37142,37332,36487,36499,13980,9299
06/10/2022,16:00,36565,36575,35600,35622,164686,30152
06/13/2022,16:00,35562,35562,34603,34764,280354,47842
06/14/2022,16:00,34795,35111,34381,34618,238138,59294
06/15/2022,16:00,34633,35262,34420,34914,242430,65076
06/16/2022,16:00,34972,35199,33992,34182,249825,70509
06/17/2022,16:00,34283,34475,33902,34132,252835,71354
06/21/2022,16:00,34193,34909,34004,34788,202383,68939
06/22/2022,16:00,34787,35033,34266,34734,210521,68147
06/23/2022,16:00,34741,34961,34510,34935,139775,68546
06/24/2022,16:00,34831,35771,34801,35750,139775,68448
06/27/2022,16:00,35729,35958,35594,35684,125464,67228
06/28/2022,16:00,35727,36130,35168,35196,164024,66605
06/29/2022,16:00,35229,35405,35124,35262,147968,64679
06/30/2022,16:00,35284,35297,34669,35044,186268,67500
07/01/2022,16:00,34983,35379,34685,35324,180467,67544
07/05/2022,16:00,35314,35483,34594,35199,213590,67247
07/06/2022,16:00,35221,35469,35002,35276,169287,67171
07/07/2022,16:00,35317,35667,35161,35630,123735,67055
07/08/2022,16:00,35572,35753,35450,35573,146486,67030
07/11/2022,16:00,35575,35607,35303,35403,130932,66977
07/12/2022,16:00,35440,35591,35091,35229,148977,66971
07/13/2022,16:00,35231,35572,34738,35021,198516,67305
07/14/2022,16:00,34963,35037,34372,34867,172967,67987
07/15/2022,16:00,34896,35527,34758,35510,190105,69631
07/18/2022,16:00,35561,35877,35210,35310,147514,67499
07/19/2022,16:00,35327,36107,35294,36054,143737,70899
07/20/2022,16:00,36072,36243,35884,36116,153532,69302
07/21/2022,16:00,36054,36295,35767,36270,155954,67975
07/22/2022,16:00,36245,36456,35967,36138,155954,67969
07/25/2022,16:00,36135,36328,36036,36230,137103,70692
07/26/2022,16:00,36103,36179,35928,35995,166357,72874
07/27/2022,16:00,36025,36578,36024,36435,210158,72018
07/28/2022,16:00,36407,36872,36207,36753,206840,73984
07/29/2022,16:00,36830,37150,36721,37088,162738,73666
08/01/2022,16:00,37090,37201,36865,37030,191675,72735
08/02/2022,16:00,37029,37044,36613,36628,228064,72140
08/03/2022,16:00,36683,37136,36605,37033,161494,73118
08/04/2022,16:00,37009,37129,36864,36944,132259,72961
08/05/2022,16:00,36951,37049,36694,37020,175484,74234
08/08/2022,16:00,37013,37328,36928,37055,181497,74002
08/09/2022,16:00,37120,37144,36925,37000,145113,74866
08/10/2022,16:00,37031,37594,36941,37523,176366,76559
08/11/2022,16:00,37562,37888,37518,37567,172618,76792
08/12/2022,16:00,37623,37991,37558,37981,136090,78394
08/15/2022,16:00,37971,38187,37748,38136,128489,79653
08/16/2022,16:00,38112,38509,38049,38381,138293,80191
08/17/2022,16:00,38390,38440,38067,38226,163823,78803
08/18/2022,16:00,38257,38319,38086,38244,123706,78107
08/19/2022,16:00,38268,38272,37879,37969,139450,78377
08/22/2022,16:00,37883,37917,37264,37319,145280,78599
08/23/2022,16:00,37366,37440,37107,37164,152939,79839
08/24/2022,16:00,37164,37347,37016,37221,146025,78645
08/25/2022,16:00,37218,37553,37135,37536,202971,77045
08/26/2022,16:00,37499,37707,36419,36526,202971,77045
08/29/2022,16:00,36303,36564,36189,36338,182592,77526
08/30/2022,16:00,36368,36610,35879,36038,189782,76434
08/31/2022,16:00,36055,36265,35764,35795,194244,77236
09/01/2022,16:00,35818,35941,35484,35926,209858,74233
09/02/2022,16:00,35909,36292,35445,35575,205421,74206
09/06/2022,16:00,35608,35855,35305,35429,238781,75184
09/07/2022,16:00,35416,35907,35238,35840,142667,75184
09/08/2022,16:00,35808,36069,35566,36031,18580,7703
09/09/2022,16:00,36066,36503,36034,36435,84504,22153
09/12/2022,16:00,36488,36782,36405,36668,109359,39603
09/13/2022,16:00,36710,36959,35299,35382,163254,59960
09/14/2022,16:00,35439,35562,35159,35421,167630,64913
09/15/2022,16:00,35467,35555,35146,35240,190353,63819
09/16/2022,16:00,35158,35182,34806,35092,186385,65625
09/19/2022,16:00,35118,35353,34760,35287,155409,64371
09/20/2022,16:00,35315,35426,34728,34971,180448,65238
09/21/2022,16:00,35006,35302,34372,34452,246932,64731
09/22/2022,16:00,34398,34664,34218,34319,206732,63961
09/23/2022,16:00,34386,34410,33485,33839,217028,65800
09/26/2022,16:00,33815,33906,33397,33513,210692,66333
09/27/2022,16:00,33509,33899,33189,33373,200401,66740
09/28/2022,16:00,33420,34053,33056,33920,232854,65455
09/29/2022,16:00,33924,33953,33217,33455,217646,68919
09/30/2022,16:00,33434,33719,32937,32971,217646,68913
10/03/2022,16:00,32937,33872,32805,33708,194800,65454
10/04/2022,16:00,33753,34569,33670,34535,176364,66206
10/05/2022,16:00,34526,34683,34103,34480,154462,64792
10/06/2022,16:00,34493,34654,34074,34152,166097,65160
10/07/2022,16:00,34114,34281,33358,33523,158672,66697
10/10/2022,16:00,33448,33709,33225,33430,171595,65173
10/11/2022,16:00,33432,33829,33116,33436,203441,65329
10/12/2022,16:00,33486,33696,33347,33431,169919,66810
10/13/2022,16:00,33482,34385,32841,34261,299085,69160
10/14/2022,16:00,34261,34650,33820,33878,242084,69691
10/17/2022,16:00,33828,34531,33810,34400,160666,69624
10/18/2022,16:00,34503,35047,34503,34746,217313,68458
10/19/2022,16:00,34881,34988,34424,34630,183779,70103
10/20/2022,16:00,34695,35027,34457,34523,252167,68643
10/21/2022,16:00,34579,35367,34272,35293,252167,68597
10/24/2022,16:00,35360,35810,35092,35715,213833,69441
10/25/2022,16:00,35679,36087,35516,36047,184767,69727
10/26/2022,16:00,35996,36381,35914,36042,189237,70349
10/27/2022,16:00,36121,36591,36041,36244,230001,76739
10/28/2022,16:00,36213,37172,36054,37066,230001,76604
10/31/2022,16:00,37090,37111,36787,36945,201242,74932
11/01/2022,16:00,36939,37196,36680,36855,224690,74542
11/02/2022,16:00,36827,37276,36291,36348,260433,71936
11/03/2022,16:00,36356,36443,35908,36187,199602,74858
11/04/2022,16:00,36165,36802,36040,36598,276671,74480
11/07/2022,16:00,36442,37074,36283,37008,184169,76043
11/08/2022,16:00,36984,37536,36936,37345,223719,76269
11/09/2022,16:00,37283,37395,36657,36697,217271,73190
11/10/2022,16:00,36705,37970,36620,37882,260408,74869
11/11/2022,16:00,37966,38152,37579,37933,229775,73492
11/14/2022,16:00,37815,38151,37720,37731,178089,71310
11/15/2022,16:00,37798,38196,37494,37775,257569,72051
11/16/2022,16:00,37739,37903,37641,37761,178326,70842
11/17/2022,16:00,37845,37902,37359,37751,170670,70990
11/18/2022,16:00,37751,38025,37639,37945,162980,72694
11/21/2022,16:00,37932,38069,37755,37905,144240,72870
11/22/2022,16:00,37904,38308,37828,38296,142859,77030
11/23/2022,16:00,38304,38447,38185,38381,161911,77396
11/25/2022,16:00,38425,38563,38376,38526,98196,80063
11/28/2022,16:00,38470,38491,37975,38041,177639,78054
11/29/2022,16:00,38042,38163,37838,38027,173499,76201
11/30/2022,16:00,38036,38817,37793,38769,285453,76034
12/01/2022,16:00,38786,38877,38327,38599,217679,76453
12/02/2022,16:00,38573,38698,38105,38629,217679,76467
12/05/2022,16:00,38610,38633,38053,38156,170593,77020
12/06/2022,16:00,38177,38254,37622,37803,196313,76197
12/07/2022,16:00,37808,37988,37632,37795,186851,76197
12/08/2022,16:00,37788,38099,37652,37973,16164,13222
12/09/2022,16:00,37967,38129,37653,37671,83746,25624
12/12/2022,16:00,37659,38208,37603,38199,132977,50267
12/13/2022,16:00,38174,39158,38090,38318,252504,67241
12/14/2022,16:00,38313,38604,37892,38169,183391,72363
12/15/2022,16:00,38220,38268,37172,37366,184524,75004
12/16/2022,16:00,37345,37425,36799,37058,175316,74809
12/19/2022,16:00,37035,37209,36722,36903,138092,75266
12/20/2022,16:00,36880,37134,36616,36983,156315,72455
12/21/2022,16:00,37078,37575,37071,37499,150659,74752
12/22/2022,16:00,37569,37593,36680,37138,165174,72708
12/23/2022,16:00,37145,37341,36919,37305,158608,72867
12/27/2022,16:00,37329,37543,37166,37346,125976,74715
12/28/2022,16:00,37357,37497,36956,36976,137870,74841
12/29/2022,16:00,36997,37388,36929,37305,105021,74656
12/30/2022,16:00,37281,37300,36919,37215,119354,75966
01/03/2023,16:00,37415,37573,36913,37208,196899,79412
01/04/2023,16:00,37168,37494,37101,37346,187173,77897
01/05/2023,16:00,37310,37397,36873,37000,238427,77892
01/06/2023,16:00,37012,37793,36962,37702,238427,77884
01/09/2023,16:00,37720,38010,37560,37600,153569,77492
01/10/2023,16:00,37604,37800,37419,37779,141916,77195
01/11/2023,16:00,37779,38055,37756,38040,122663,78869
01/12/2023,16:00,38049,38352,37780,38249,206584,81737
01/13/2023,16:00,38238,38394,37936,38346,152638,82105
01/17/2023,16:00,38366,38419,37900,37950,189736,82097
01/18/2023,16:00,37936,38061,37295,37316,200014,79665
01/19/2023,16:00,37298,37321,36997,37069,176088,78602
01/20/2023,16:00,37117,37412,36961,37404,165276,76628
01/23/2023,16:00,37401,37815,37332,37657,176738,77179
01/24/2023,16:00,37662,37836,37404,37756,160727,76889
01/25/2023,16:00,37768,37796,37277,37753,182792,77463
01/26/2023,16:00,37743,37974,37631,37953,141444,78548
01/27/2023,16:00,37928,38171,37829,37976,141444,78546
01/30/2023,16:00,37944,38053,37692,37715,150805,76807
01/31/2023,16:00,37749,38096,37509,38086,147863,79635
02/01/2023,16:00,38062,38337,37554,38078,207744,80531
02/02/2023,16:00,38056,38144,37787,38027,194089,83036
02/03/2023,16:00,37978,38156,37751,37892,226635,82106
02/06/2023,16:00,37816,37940,37615,37864,164848,80640
02/07/2023,16:00,37850,38213,37591,38136,273425,85284
02/08/2023,16:00,38075,38142,37849,37925,176347,83573
02/09/2023,16:00,37973,38217,37560,37664,194883,84398
02/10/2023,16:00,37690,37854,37473,37825,186965,83888
02/13/2023,16:00,37835,38219,37689,38198,145496,86077
02/14/2023,16:00,38206,38481,37782,38051,242934,86228
02/15/2023,16:00,38016,38123,37801,38104,158055,87679
02/16/2023,16:00,38099,38163,37639,37669,193140,87064
02/17/2023,16:00,37649,37819,37444,37796,183815,86677
02/21/2023,16:00,37774,37805,37071,37092,192787,89954
02/22/2023,16:00,37116,37203,36906,37009,161678,88870
02/23/2023,16:00,37027,37224,36746,37112,173203,87072
02/24/2023,16:00,37069,37127,36578,36756,179166,87635
02/27/2023,16:00,36746,37141,36713,36839,156501,87706
02/28/2023,16:00,36870,36951,36537,36612,158685,88508
03/01/2023,16:00,36582,36794,36457,36623,188692,87707
03/02/2023,16:00,36775,37037,36569,36948,148708,87814
03/03/2023,16:00,36934,37360,36883,37344,148708,87652
03/06/2023,16:00,37329,37520,37284,37381,135346,87012
03/07/2023,16:00,37385,37442,36770,36794,192151,86165
03/08/2023,16:00,36805,36869,36556,36743,170993,85571
03/09/2023,16:00,36759,36932,36120,36189,306881,67523
03/10/2023,16:00,36192,36364,35717,35848,304211,8786
03/13/2023,16:00,35976,36278,35423,35738,328730,50480
03/14/2023,16:00,35818,36235,35718,36085,235880,69489
03/15/2023,16:00,36058,36126,35323,35778,317759,77664
03/16/2023,16:00,35752,36204,35468,36167,243128,78553
03/17/2023,16:00,36170,36262,35632,35754,233502,79672
03/20/2023,16:00,35825,36193,35340,36139,221270,79833
03/21/2023,16:00,36157,36513,36124,36457,136933,81620
03/22/2023,16:00,36472,36677,35914,35941,185803,79023
03/23/2023,16:00,35979,36416,35737,36002,214720,76620
03/24/2023,16:00,36064,36168,35628,36117,193251,77004
03/27/2023,16:00,36169,36453,36101,36314,136405,78131
03/28/2023,16:00,36350,36467,36169,36271,120167,76084
03/29/2023,16:00,36305,36607,36299,36586,135013,79062
03/30/2023,16:00,36577,36806,36546,36727,136550,82943
03/31/2023,16:00,36722,37232,36686,37143,136550,82782
04/03/2023,16:00,37124,37504,37119,37469,131790,86487
04/04/2023,16:00,37449,37560,37138,37260,138741,87850
04/05/2023,16:00,37309,37403,37186,37339,138419,86306
04/06/2023,16:00,37317,37399,37169,37342,124315,85826
04/07/2023,16:00,37312,37457,37260,37342,13566,85826
04/10/2023,16:00,37382,37467,37191,37434,109230,87948
04/11/2023,16:00,37449,37636,37413,37535,121326,89779
04/12/2023,16:00,37564,37802,37443,37496,170018,89402
04/13/2023,16:00,37471,37899,37430,37873,142663,90935
04/14/2023,16:00,37813,37958,37560,37720,187280,93265
04/17/2023,16:00,37808,37831,37621,37812,128275,94396
04/18/2023,16:00,37806,37970,37611,37807,140669,95457
04/19/2023,16:00,37787,37788,37625,37716,124516,95986
04/20/2023,16:00,37697,37716,37485,37592,147308,95572
04/21/2023,16:00,37582,37679,37492,37633,145062,95505
04/24/2023,16:00,37605,37707,37458,37684,121541,95977
04/25/2023,16:00,37689,37690,37326,37335,179213,98493
04/26/2023,16:00,37409,37445,37030,37107,184153,97454
04/27/2023,16:00,37127,37650,37104,37612,169860,97873
04/28/2023,16:00,37544,37919,37435,37883,169860,97659
05/01/2023,16:00,37899,38046,37789,37835,109767,99217
05/02/2023,16:00,37794,37871,37203,37455,194061,96202
05/03/2023,16:00,37435,37600,37083,37175,184191,94649
05/04/2023,16:00,37075,37245,36687,36879,219404,95393
05/05/2023,16:00,36873,37505,36856,37422,152675,92474
05/08/2023,16:00,37436,37531,37249,37368,104597,92964
05/09/2023,16:00,37367,37409,37222,37320,103170,92910
05/10/2023,16:00,37313,37537,36980,37285,201173,93333
05/11/2023,16:00,37277,37366,36863,37054,151677,96343
05/12/2023,16:00,37050,37227,36846,37038,145451,95839
05/15/2023,16:00,37004,37189,36895,37081,130107,94434
05/16/2023,16:00,37068,37080,36715,36743,145840,94877
05/17/2023,16:00,36777,37223,36745,37161,169604,93939
05/18/2023,16:00,37156,37334,36964,37301,183601,96193
05/19/2023,16:00,37308,37414,37077,37179,181170,95205
05/22/2023,16:00,37095,37270,36956,37043,152194,92128
05/23/2023,16:00,37079,37162,36753,36815,178436,92167
05/24/2023,16:00,36814,36867,36489,36537,184599,90476
05/25/2023,16:00,36580,36597,36302,36489,194755,90470
05/26/2023,16:00,36475,36885,36407,36808,168329,90221
05/30/2023,16:00,36962,37013,36604,36772,203083,92905
05/31/2023,16:00,36747,36759,36476,36662,174704,94526
06/01/2023,16:00,36593,36895,36420,36786,218205,101567
06/02/2023,16:00,36826,37546,36803,37500,218205,100094
06/05/2023,16:00,37500,37577,37283,37302,177151,96641
06/06/2023,16:00,37295,37360,37131,37300,161273,97106
06/07/2023,16:00,37294,37428,37225,37392,170144,95548
06/08/2023,16:00,37386,37591,37318,37548,19018,9672
06/09/2023,16:00,37526,37683,37424,37592,167151,9672
06/12/2023,16:00,37580,37792,37575,37779,154296,52482
06/13/2023,16:00,37778,38023,37715,37921,182160,74076
06/14/2023,16:00,37840,37910,37476,37674,182316,85643
06/15/2023,16:00,37680,38196,37559,38114,184352,88397
06/16/2023,16:00,38095,38278,37975,37994,159993,90405
06/20/2023,16:00,38011,38039,37587,37746,189093,87695
06/21/2023,16:00,37718,37777,37550,37625,131656,89954
06/22/2023,16:00,37638,37664,37486,37600,133727,92003
06/23/2023,16:00,37640,37640,37278,37367,144692,94512
06/26/2023,16:00,37367,37462,37245,37361,131127,95205
06/27/2023,16:00,37392,37622,37291,37573,149650,92337
06/28/2023,16:00,37559,37608,37383,37491,150797,93192
06/29/2023,16:00,37535,37778,37441,37743,158623,93261
06/30/2023,16:00,37715,38095,37703,38033,125426,94449
07/03/2023,16:00,38009,38078,37900,38027,73707,94947
07/05/2023,16:00,38018,38042,37825,37899,144068,94516
07/06/2023,16:00,37878,37885,37357,37521,159330,97734
07/07/2023,16:00,37497,37634,37308,37327,137648,97227
07/10/2023,16:00,37358,37559,37193,37536,123288,95996
07/11/2023,16:00,37541,37883,37450,37854,140621,97494
07/12/2023,16:00,37829,38182,37800,37940,151138,95316
07/13/2023,16:00,37960,38065,37933,37980,110881,96455
07/14/2023,16:00,37937,38178,37885,38068,135128,97283
07/17/2023,16:00,38037,38240,37970,38153,117302,98273
07/18/2023,16:00,38134,38563,38081,38532,155188,101919
07/19/2023,16:00,38510,38807,38500,38643,167588,102977
07/20/2023,16:00,38627,38939,38582,38791,176631,106604
07/21/2023,16:00,38803,38906,38738,38788,144932,107606
07/24/2023,16:00,38787,39028,38741,38971,127732,110914
07/25/2023,16:00,38974,39083,38917,38994,124979,111479
07/26/2023,16:00,38963,39190,38860,39074,173876,112853
07/27/2023,16:00,39025,39233,38736,38821,188130,107210
07/28/2023,16:00,38829,39098,38766,38982,144651,107009
07/31/2023,16:00,38988,39103,38901,39085,105890,109794
08/01/2023,16:00,39096,39200,38961,39147,125388,112504
08/02/2023,16:00,39040,39118,38723,38793,167190,108784
08/03/2023,16:00,38786,38884,38606,38702,153648,105985
08/04/2023,16:00,38685,38992,38507,38543,183905,106405
08/07/2023,16:00,38540,38979,38530,38944,146894,109427
08/08/2023,16:00,38953,38959,38466,38785,153076,106001
08/09/2023,16:00,38766,38884,38521,38592,140785,104273
08/10/2023,16:00,38661,39050,38569,38641,206767,104689
08/11/2023,16:00,38655,38821,38505,38741,139824,103192
08/14/2023,16:00,38781,38846,38616,38761,131739,102953
08/15/2023,16:00,38737,38803,38347,38397,165854,103400
08/16/2023,16:00,38396,38580,38193,38211,166423,102024
08/17/2023,16:00,38237,38343,37889,37926,164743,100431
08/18/2023,16:00,37916,38050,37718,37955,157850,98974
08/21/2023,16:00,37955,38099,37698,37914,144074,97195
08/22/2023,16:00,37891,38042,37697,37734,139805,96015
08/23/2023,16:00,37739,37983,37730,37912,132077,94276
08/24/2023,16:00,37966,38127,37489,37530,173274,96327
08/25/2023,16:00,37539,37873,37452,37767,196522,94497
08/28/2023,16:00,37813,38082,37790,37984,142335,94541
08/29/2023,16:00,37996,38298,37915,38277,141831,94690
08/30/2023,16:00,38290,38480,38239,38346,149961,92564
08/31/2023,16:00,38413,38567,38160,38181,152651,92565
09/01/2023,16:00,38197,38417,38151,38272,144441,91484
09/05/2023,16:00,38259,38359,38063,38070,152734,90560
09/06/2023,16:00,38075,38099,37707,37869,156452,89835
09/07/2023,16:00,37858,37975,37755,37918,9016,7549
09/08/2023,16:00,37933,38050,37833,37998,134875,7549
09/11/2023,16:00,38014,38207,37968,38076,129911,45888
09/12/2023,16:00,38064,38270,37945,38060,155936,75205
09/13/2023,16:00,38055,38184,37907,37982,147616,81001
09/14/2023,16:00,37996,38387,37978,38321,178872,82970
09/15/2023,16:00,38349,38421,37951,37991,173216,83870
09/18/2023,16:00,37994,38102,37912,37999,122942,84292
09/19/2023,16:00,38006,38055,37670,37881,161163,86819
09/20/2023,16:00,37879,38147,37782,37793,178631,86165
09/21/2023,16:00,37796,37810,37365,37401,213067,88013
09/22/2023,16:00,37394,37485,37275,37296,173503,87481
09/25/2023,16:00,37334,37422,37104,37337,169719,86385
09/26/2023,16:00,37358,37358,36879,36939,182086,92338
09/27/2023,16:00,36984,37076,36608,36855,207623,90607
09/28/2023,16:00,36928,37074,36757,36956,217709,91282
09/29/2023,16:00,37003,37191,36687,36789,241693,93792
10/02/2023,16:00,36956,37003,36499,36702,232202,95478
10/03/2023,16:00,36697,36773,36181,36265,242372,100563
10/04/2023,16:00,36241,36421,36085,36390,232770,99838
10/05/2023,16:00,36338,36431,36187,36368,181562,99894
10/06/2023,16:00,36355,36820,36096,36664,250290,98346
10/09/2023,16:00,36541,36898,36362,36865,173478,94976
10/10/2023,16:00,36864,37156,36840,37000,169527,94290
10/11/2023,16:00,36993,37142,36863,37056,147298,93147
10/12/2023,16:00,37110,37217,36681,36860,179970,95661
10/13/2023,16:00,36850,37187,36771,36891,231266,96414
10/16/2023,16:00,36874,37318,36874,37198,160397,97912
10/17/2023,16:00,37237,37369,37030,37208,199591,96210
10/18/2023,16:00,37184,37211,36802,36870,214223,99115
10/19/2023,16:00,36892,37054,36556,36611,286548,100018
10/20/2023,16:00,36594,36623,36284,36322,196250,100578
10/23/2023,16:00,36363,36430,36077,36131,201983,101819
10/24/2023,16:00,36194,36484,36119,36333,205763,104098
10/25/2023,16:00,36409,36453,36162,36214,229828,105434
10/26/2023,16:00,36225,36268,35896,35940,246580,107526
10/27/2023,16:00,35991,36072,35473,35568,235224,112973
10/30/2023,16:00,35606,36158,35570,36081,206160,106103
10/31/2023,16:00,36089,36284,35932,36199,189649,103373
11/01/2023,16:00,36151,36482,36054,36415,195524,101916
11/02/2023,16:00,36422,36998,36402,36978,187248,104141
11/03/2023,16:00,36953,37296,36949,37201,149458,103540
11/06/2023,16:00,37234,37294,37115,37228,112890,103236
11/07/2023,16:00,37196,37332,37095,37279,113604,102625
11/08/2023,16:00,37296,37379,37116,37237,118364,100154
11/09/2023,16:00,37223,37347,36979,37008,158262,98825
11/10/2023,16:00,37044,37437,36977,37402,148243,99516
11/13/2023,16:00,37363,37525,37267,37449,108073,99738
11/14/2023,16:00,37449,38048,37398,37951,158881,100058
11/15/2023,16:00,37988,38167,37962,38114,143752,99362
11/16/2023,16:00,38109,38155,37943,38083,149538,96470
11/17/2023,16:00,38115,38232,38008,38076,116814,95023
11/20/2023,16:00,38042,38356,38026,38289,103045,94089
11/21/2023,16:00,38296,38311,38160,38212,89148,93248
11/22/2023,16:00,38205,38424,38183,38382,113372,94443
11/24/2023,16:00,38376,38504,38345,38494,84103,95441
11/27/2023,16:00,38492,38520,38379,38437,99659,96021
11/28/2023,16:00,38437,38612,38383,38509,119100,96880
11/29/2023,16:00,38511,38705,38511,38552,143804,94435
11/30/2023,16:00,38647,39091,38627,39074,173506,97205
12/01/2023,16:00,39050,39402,39027,39367,160637,97712
12/04/2023,16:00,39382,39396,39157,39332,154837,96782
12/05/2023,16:00,39313,39313,39130,39253,151783,91043
12/06/2023,16:00,39236,39416,39140,39176,132913,91590
12/07/2023,16:00,39176,39274,39085,39230,7235,6807
12/08/2023,16:00,39211,39399,39070,39344,129808,6807
12/11/2023,16:00,39347,39519,39303,39507,116298,42230
12/12/2023,16:00,39512,39731,39459,39668,140039,72398
12/13/2023,16:00,39691,40233,39618,40189,151178,82366
12/14/2023,16:00,40189,40397,40124,40344,185111,89354
12/15/2023,16:00,40311,40485,40225,40362,158088,93658
12/18/2023,16:00,40361,40473,40347,40379,93800,95920
12/19/2023,16:00,40363,40641,40338,40632,91047,100059
12/20/2023,16:00,40619,40713,40091,40146,142851,97877
12/21/2023,16:00,40168,40466,40163,40457,141401,97260
12/22/2023,16:00,40402,40579,40286,40441,106912,97423
12/26/2023,16:00,40395,40663,40394,40595,55134,98276
12/27/2023,16:00,40615,40727,40519,40707,90396,100983
12/28/2023,16:00,40711,40790,40626,40730,78092,102765
12/29/2023,16:00,40729,40790,40542,40713,91586,102077
01/02/2024,16:00,40683,40814,40459,40694,149794,103065
01/03/2024,16:00,40702,40715,40365,40398,167097,100567
01/04/2024,16:00,40415,40686,40400,40416,130813,102782
01/05/2024,16:00,40452,40583,40205,40420,150701,103764
01/08/2024,16:00,40375,40647,40171,40634,129740,106112
01/09/2024,16:00,40600,40603,40308,40464,125237,102939
01/10/2024,16:00,40444,40685,40399,40637,117172,101624
01/11/2024,16:00,40622,40739,40328,40628,180614,100419
01/12/2024,16:00,40601,40732,40352,40493,165079,98943
01/16/2024,16:00,40438,40531,40089,40254,222543,97808
01/17/2024,16:00,40242,40260,40016,40159,142478,97699
01/18/2024,16:00,40154,40409,40004,40360,161810,98320
01/19/2024,16:00,40346,40834,40298,40746,164024,99557
01/22/2024,16:00,40749,41003,40749,40900,133217,101974
01/23/2024,16:00,40897,40910,40677,40790,106698,99252
01/24/2024,16:00,40804,40954,40651,40680,140541,98818
01/25/2024,16:00,40757,40920,40612,40911,153939,100906
01/26/2024,16:00,40860,41075,40751,40959,132494,102348
01/29/2024,16:00,40910,41199,40858,41189,96393,105234
01/30/2024,16:00,41133,41345,41087,41313,107240,107441
01/31/2024,16:00,41269,41421,40948,40981,183773,104072
02/01/2024,16:00,40989,41362,40913,41326,151960,105743
02/02/2024,16:00,41299,41593,41134,41466,150153,106486
02/05/2024,16:00,41454,41498,41011,41167,145439,102635
02/06/2024,16:00,41152,41334,41068,41314,110199,103874
02/07/2024,16:00,41292,41544,41247,41475,107428,107613
02/08/2024,16:00,41490,41548,41328,41525,92746,107824
02/09/2024,16:00,41496,41680,41346,41449,109918,106475
02/12/2024,16:00,41414,41713,41380,41585,101088,108790
02/13/2024,16:00,41564,41598,40796,41034,193343,102814
02/14/2024,16:00,41038,41227,40956,41195,131924,101658
02/15/2024,16:00,41191,41567,41156,41559,123765,103711
02/16/2024,16:00,41559,41610,41354,41398,129456,102433
02/20/2024,16:00,41359,41448,41224,41343,182425,101683
02/21/2024,16:00,41378,41450,41101,41378,138637,101403
02/22/2024,16:00,41337,41915,41334,41824,161911,106011
02/23/2024,16:00,41803,42044,41788,41890,117174,104830
02/26/2024,16:00,41888,41991,41771,41817,86428,105031
02/27/2024,16:00,41798,41855,41612,41717,105461,103015
02/28/2024,16:00,41689,41703,41490,41694,108838,101720
02/29/2024,16:00,41612,41824,41538,41744,147273,100566
03/01/2024,16:00,41720,41873,41593,41843,141434,100634
03/04/2024,16:00,41815,41826,41607,41723,109861,100342
03/05/2024,16:00,41696,41696,41179,41308,173258,96734
03/06/2024,16:00,41318,41602,41285,41407,163074,94111
03/07/2024,16:00,41407,41645,41249,41527,134592,94132
03/08/2024,16:00,41548,41709,41331,41457,202157,4157
03/11/2024,16:00,41494,41522,41193,41498,175217,57116
03/12/2024,16:00,41517,41810,41357,41744,212484,83474
03/13/2024,16:00,41730,41946,41668,41785,143169,92779
03/14/2024,16:00,41819,41962,41400,41611,213420,92888
03/15/2024,16:00,41605,41690,41312,41417,168986,92119
03/18/2024,16:00,41403,41601,41353,41487,118699,91014
03/19/2024,16:00,41503,41820,41379,41803,140885,93752
03/20/2024,16:00,41809,42252,41689,42204,157550,95448
03/21/2024,16:00,42244,42580,42212,42470,145317,101248
03/22/2024,16:00,42495,42531,42084,42132,127832,96638
03/25/2024,16:00,42112,42117,41945,41963,96100,94584
03/26/2024,16:00,41975,42086,41921,41944,96699,92557
03/27/2024,16:00,42018,42445,42006,42408,128240,94843
03/28/2024,16:00,42404,42504,42350,42440,105260,97045
04/01/2024,16:00,42422,42622,41973,42158,122809,94889
04/02/2024,16:00,42053,42069,41632,41772,145100,93297
04/03/2024,16:00,41776,41898,41609,41746,133153,93291
04/04/2024,16:00,41765,42023,41140,41180,187344,93783
04/05/2024,16:00,41185,41633,41128,41487,199870,91203
04/08/2024,16:00,41544,41608,41381,41504,122382,91203
04/09/2024,16:00,41512,41571,41137,41460,173286,92223
04/10/2024,16:00,41484,41609,40854,41021,210137,92252
04/11/2024,16:00,40980,41144,40736,40996,189695,94505
04/12/2024,16:00,41020,41100,40396,40502,184075,93859
04/15/2024,16:00,40414,40901,40175,40257,222754,96244
04/16/2024,16:00,40257,40548,40102,40310,220450,93313
04/17/2024,16:00,40344,40521,40106,40254,203274,94715
04/18/2024,16:00,40251,40581,40164,40271,182149,94211
04/19/2024,16:00,40272,40608,39727,40472,222804,95089
04/22/2024,16:00,40535,40946,40472,40732,149913,92652
04/23/2024,16:00,40771,41053,40695,40990,119780,90495
04/24/2024,16:00,41013,41065,40784,40944,137058,88988
04/25/2024,16:00,40841,40901,40208,40552,176050,89054
04/26/2024,16:00,40607,40799,40506,40705,129528,87585
04/29/2024,16:00,40754,40857,40656,40823,97404,88435
04/30/2024,16:00,40840,40840,40189,40257,146966,89471
05/01/2024,16:00,40187,40791,40130,40333,174074,91934
05/02/2024,16:00,40390,40907,40301,40646,149296,93384
05/03/2024,16:00,40908,41222,40848,41096,148517,92811
05/06/2024,16:00,41184,41292,41098,41261,77489,91604
05/07/2024,16:00,41249,41391,41240,41291,79867,92263
05/08/2024,16:00,41280,41500,41200,41466,89342,92263
05/09/2024,16:00,41462,41856,41350,41800,105728,101538
05/10/2024,16:00,41826,41982,41795,41906,98767,101543
05/13/2024,16:00,41884,42045,41783,41823,85734,99014
05/14/2024,16:00,41806,42000,41669,41941,109444,98673
05/15/2024,16:00,41944,42327,41916,42303,103687,99225
05/16/2024,16:00,42280,42455,42243,42274,120771,99604
05/17/2024,16:00,42259,42411,42219,42401,89428,99290
05/20/2024,16:00,42397,42477,42183,42208,107155,102268
05/21/2024,16:00,42210,42298,42171,42270,90808,100647
05/22/2024,16:00,42256,42297,41932,42047,125631,98386
05/23/2024,16:00,41994,42146,41378,41417,193140,98302
05/24/2024,16:00,41407,41579,41369,41421,108398,97683
05/28/2024,16:00,41427,41499,41051,41208,136293,96432
05/29/2024,16:00,41184,41184,40485,40788,131272,98415
05/30/2024,16:00,40532,40576,40375,40495,140013,98055
05/31/2024,16:00,40489,41122,40403,41055,162087,98612
06/03/2024,16:00,41088,41183,40597,40920,159329,98321
06/04/2024,16:00,40930,41142,40689,41051,128438,97337
06/05/2024,16:00,41065,41201,40892,41148,129972,97093
06/06/2024,16:00,41148,41356,41072,41219,148118,99886
06/07/2024,16:00,41219,41438,40980,41121,158101,102121
06/10/2024,16:00,41116,41209,40983,41193,107468,103149
06/11/2024,16:00,41162,41196,40745,41058,133896,101147
06/12/2024,16:00,41037,41457,40922,41016,192813,96441
06/13/2024,16:00,40999,41034,40700,40941,31721,17025
06/14/2024,16:00,40910,40938,40570,40869,141110,17025
06/17/2024,16:00,40825,41161,40715,41092,150823,58392
06/18/2024,16:00,41148,41250,41033,41147,124950,73945
06/20/2024,16:00,41135,41547,41055,41435,169379,78994
06/21/2024,16:00,41435,41547,41336,41443,120696,79168
06/24/2024,16:00,41449,41859,41323,41704,132945,84075
06/25/2024,16:00,41709,41788,41253,41386,138524,84546
06/26/2024,16:00,41344,41446,41166,41400,108026,84051
06/27/2024,16:00,41360,41511,41249,41410,111391,83422
06/28/2024,16:00,41362,41679,41144,41329,163770,85106
07/01/2024,16:00,41420,41665,41245,41371,147942,82570
07/02/2024,16:00,41358,41554,41198,41548,112627,81840
07/03/2024,16:00,41522,41623,41428,41496,83475,83318
07/05/2024,16:00,41503,41641,41348,41555,122137,85589
07/08/2024,16:00,41530,41866,41455,41510,125692,88479
07/09/2024,16:00,41530,41678,41310,41456,128209,88021
07/10/2024,16:00,41460,41927,41418,41909,121614,88480
07/11/2024,16:00,41873,42060,41797,41949,160829,89782
07/12/2024,16:00,41981,42432,41881,42161,150766,95051
07/15/2024,16:00,42250,42514,42198,42374,150278,94280
07/16/2024,16:00,42408,43159,42317,43115,166127,99251
07/17/2024,16:00,43108,43406,42955,43357,174716,98765
07/18/2024,16:00,43398,43532,42746,42818,205758,94105
07/19/2024,16:00,42823,42866,42326,42422,189677,91752
07/22/2024,16:00,42462,42607,42348,42553,139016,89988
07/23/2024,16:00,42543,42655,42427,42475,115515,90108
07/24/2024,16:00,42435,42443,41913,41970,152717,90977
07/25/2024,16:00,42068,42545,41915,42052,184808,88487
07/26/2024,16:00,42105,42855,42093,42691,155670,91921
07/29/2024,16:00,42717,42911,42466,42631,130218,90704
07/30/2024,16:00,42636,42955,42507,42819,148506,91240
07/31/2024,16:00,42641,43287,42614,42933,169551,94837
08/01/2024,16:00,42971,43165,42145,42374,215461,91770
08/02/2024,16:00,42280,42310,41378,41739,212531,90478
08/05/2024,16:00,41483,41610,40401,40708,242089,87196
08/06/2024,16:00,40877,41460,40620,41003,176254,83400
08/07/2024,16:00,40885,41479,40613,40765,142292,83524
08/08/2024,16:00,40675,41522,40549,41461,157507,81512
08/09/2024,16:00,41470,41630,41215,41500,114018,80209
08/12/2024,16:00,41478,41599,41226,41340,105369,79608
08/13/2024,16:00,41348,41783,41204,41749,117644,80811
08/14/2024,16:00,41749,42051,41646,41979,121965,82959
08/15/2024,16:00,42021,42581,41973,42543,110463,85987
08/16/2024,16:00,42563,42716,42406,42654,100505,86714
08/19/2024,16:00,42678,42912,42601,42880,92057,86987
08/20/2024,16:00,42853,42945,42735,42809,93913,86087
08/21/2024,16:00,42809,42957,42710,42866,108175,85632
08/22/2024,16:00,42875,43019,42544,42688,127189,85037
08/23/2024,16:00,42698,43167,42696,43130,140263,87660
08/26/2024,16:00,43134,43383,43089,43195,99787,89613
08/27/2024,16:00,43150,43250,43041,43216,96513,88540
08/28/2024,16:00,43215,43311,42780,43038,130784,86949
08/29/2024,16:00,43116,43542,43013,43299,159394,88234
08/30/2024,16:00,43340,43534,43091,43513,102870,88350
09/03/2024,16:00,43473,43518,42726,42878,159446,83829
09/04/2024,16:00,42879,43120,42709,42911,121303,82864
09/05/2024,16:00,42888,43029,42453,42689,138408,81722
09/06/2024,16:00,42739,42940,42124,42267,197595,82105
09/09/2024,16:00,42199,42925,42191,42742,154508,84246
09/10/2024,16:00,42781,42849,42323,42658,138158,81487
09/11/2024,16:00,42652,42811,41894,42766,192949,81775
09/12/2024,16:00,42715,43020,42561,43006,6461,7965
09/13/2024,16:00,42994,43429,42987,43287,189372,7965
09/16/2024,16:00,43300,43646,43257,43519,126472,57113
09/17/2024,16:00,43503,43732,43355,43499,135724,76784
09/18/2024,16:00,43512,43878,43312,43371,136244,78857
09/19/2024,16:00,43413,44045,43413,43909,158098,85564
09/20/2024,16:00,43929,43999,43711,43905,112059,85564
09/23/2024,16:00,43937,44024,43783,43963,91026,84305
09/24/2024,16:00,43947,44118,43871,44059,111828,85539
09/25/2024,16:00,44025,44141,43668,43738,123280,87545
09/26/2024,16:00,43738,44056,43693,44017,111961,86323
09/27/2024,16:00,44000,44467,43951,44118,132312,87329
09/30/2024,16:00,44110,44177,43707,44105,133472,91161
10/01/2024,16:00,44067,44118,43713,43941,161138,90915
10/02/2024,16:00,43918,44043,43747,43972,115279,89317
10/03/2024,16:00,44011,44037,43604,43779,134602,89199
10/04/2024,16:00,43742,44129,43714,44108,115336,87516
10/07/2024,16:00,44102,44166,43579,43707,116089,88526
10/08/2024,16:00,43722,43889,43553,43837,79064,85971
10/09/2024,16:00,43837,44326,43716,44275,105945,84336
10/10/2024,16:00,44267,44312,44049,44208,99662,87551
10/11/2024,16:00,44214,44642,44128,44605,115007,85721
10/14/2024,16:00,44572,44883,44448,44825,82788,92908
10/15/2024,16:00,44862,44907,44426,44477,137039,92110
10/16/2024,16:00,44471,44831,44399,44804,89449,88905
10/17/2024,16:00,44803,45012,44716,44973,104951,92416
10/18/2024,16:00,44950,45043,44748,44980,86820,94002
10/21/2024,16:00,45003,45040,44573,44639,110139,95303
10/22/2024,16:00,44655,44746,44408,44631,109675,91890
10/23/2024,16:00,44460,44527,43974,44200,127665,90341
10/24/2024,16:00,44140,44209,43872,44067,104712,88639
10/25/2024,16:00,44077,44273,43707,43783,108719,88587
10/28/2024,16:00,43822,44152,43822,44068,104191,87673
10/29/2024,16:00,44105,44159,43826,43909,104612,88720
10/30/2024,16:00,43984,44122,43754,43825,118864,89219
10/31/2024,16:00,43794,43819,43335,43409,153786,86818
11/01/2024,16:00,43433,43957,43355,43671,114720,84621
11/04/2024,16:00,43612,43739,43253,43418,111856,85651
11/05/2024,16:00,43462,43922,43379,43843,93607,87581
11/06/2024,16:00,43902,45427,43878,45363,181845,85293
11/07/2024,16:00,45420,45482,45268,45372,102285,89414
11/08/2024,16:00,45403,45762,45316,45603,112833,89469
11/11/2024,16:00,45614,46087,45604,45903,100781,87744
11/12/2024,16:00,45900,46018,45501,45536,126581,86311
11/13/2024,16:00,45533,45742,45359,45570,117344,85766
11/14/2024,16:00,45593,45723,45278,45363,113557,84633
11/15/2024,16:00,45363,45373,44940,45030,132267,84383
11/18/2024,16:00,45043,45116,44860,45002,100133,81929
11/19/2024,16:00,45002,45084,44453,44862,124808,81970
11/20/2024,16:00,44865,45052,44643,44978,104006,80934
11/21/2024,16:00,45029,45608,44845,45451,137118,81314
11/22/2024,16:00,45451,45914,45280,45857,126564,81928
11/25/2024,16:00,45961,46377,45952,46288,118684,83657
11/26/2024,16:00,46311,46464,45994,46413,119034,83657
11/27/2024,16:00,46437,46583,46252,46290,98544,86049
11/29/2024,16:00,46308,46633,46282,46517,88746,86049
12/02/2024,16:00,46510,46600,46282,46367,83555,89413
12/03/2024,16:00,46353,46449,46142,46270,80360,89229
12/04/2024,16:00,46365,46638,46333,46568,95724,89003
12/05/2024,16:00,46556,46616,46274,46329,81803,88542
12/06/2024,16:00,46316,46446,46122,46168,75595,87443
12/09/2024,16:00,46171,46271,45913,45941,90005,86634
12/10/2024,16:00,45951,46015,45723,45797,82167,85623
12/11/2024,16:00,45797,45904,45643,45684,85177,84999
12/12/2024,16:00,45661,45734,45403,45439,98153,84272
12/13/2024,16:00,45439,45553,45273,45328,129641,8793
12/16/2024,16:00,45307,45476,45198,45251,113376,8793
12/17/2024,16:00,45219,45252,44851,44958,123980,55929
12/18/2024,16:00,44950,45207,43632,43769,182559,72148
12/19/2024,16:00,43867,44234,43776,43788,177106,81789
12/20/2024,16:00,43858,44654,43487,44307,157479,84332
12/23/2024,16:00,44347,44471,43919,44310,94578,83805
12/24/2024,16:00,44343,44655,44236,44636,43862,82362
12/26/2024,16:00,44636,44737,44421,44693,57370,82022
12/27/2024,16:00,44659,44701,44067,44335,105221,82272
12/30/2024,16:00,44291,44372,43574,43918,121931,82380
12/31/2024,16:00,43906,44091,43714,43864,94304,85245
01/02/2025,16:00,43926,44237,43454,43685,132802,83720
01/03/2025,16:00,43698,44068,43646,44012,80333,84772
01/06/2025,16:00,44015,44400,43877,43973,116457,84244
01/07/2025,16:00,44019,44203,43643,43794,130429,84479
01/08/2025,16:00,43777,43931,43583,43869,106867,85009
01/10/2025,16:00,43874,43897,43080,43151,157436,84425
01/13/2025,16:00,43197,43556,42958,43514,115012,85329
01/14/2025,16:00,43560,43816,43365,43743,110001,82288
01/15/2025,16:00,43801,44560,43743,44457,119358,80215
01/16/2025,16:00,44473,44564,44276,44363,103262,80109
01/17/2025,16:00,44336,44857,44309,44686,89526,79684
01/21/2025,16:00,44672,45268,44488,45229,120321,79932
01/22/2025,16:00,45237,45408,45187,45344,78187,80074
01/23/2025,16:00,45353,45748,45301,45740,84444,81541
01/24/2025,16:00,45721,45764,45514,45593,72383,83493
01/27/2025,16:00,45466,45922,45000,45895,157994,81562
01/28/2025,16:00,45896,46150,45734,46022,96269,82122
01/29/2025,16:00,46012,46135,45739,45881,93658,82552
01/30/2025,16:00,45892,46180,45770,46046,108639,82934
01/31/2025,16:00,46111,46218,45647,45689,129620,84834
02/03/2025,16:00,45440,45805,44956,45556,164973,83486
02/04/2025,16:00,45817,45817,45340,45688,97198,81737
02/05/2025,16:00,45651,46048,45458,45995,89124,80845
02/06/2025,16:00,46036,46168,45650,45854,92210,81609
02/07/2025,16:00,45781,45958,45375,45412,112981,81674
02/10/2025,16:00,45168,45725,45091,45571,79006,81780
02/11/2025,16:00,45565,45740,45386,45699,75878,80896
02/12/2025,16:00,45690,45724,45179,45453,117338,79735
02/13/2025,16:00,45503,45869,45349,45802,104432,79782
02/14/2025,16:00,45816,45870,45581,45626,75021,79271
02/18/2025,16:00,45646,45751,45400,45634,105040,79271
02/19/2025,16:00,45629,45714,45387,45702,91143,78759
02/20/2025,16:00,45646,45675,45025,45259,105298,79666
02/21/2025,16:00,45255,45322,44410,44477,156129,82679
02/24/2025,16:00,44518,44816,44411,44526,132515,86075
02/25/2025,16:00,44580,44834,44336,44681,150679,80747
02/26/2025,16:00,44726,44923,44320,44497,148934,77469
02/27/2025,16:00,44475,44940,44268,44288,205094,76084
02/28/2025,16:00,44316,44924,44146,44880,177199,75245
03/03/2025,16:00,44910,45112,43979,44238,195000,72525
03/04/2025,16:00,44347,44354,43412,43585,215079,73626
03/05/2025,16:00,43872,44187,43465,44057,193506,73062
03/06/2025,16:00,44057,44085,43414,43607,185559,70792
03/07/2025,16:00,43642,43935,43199,43829,179541,70792
03/10/2025,16:00,43713,43713,42657,42938,185310,68897
03/11/2025,16:00,43027,43119,42210,42466,211864,71828
03/12/2025,16:00,42501,43016,42038,42386,142788,70717
03/13/2025,16:00,42358,42488,41698,41854,7392,5686
03/14/2025,16:00,41904,42555,41904,42501,141703,5686
03/17/2025,16:00,42503,43039,42238,42876,125132,51551
03/18/2025,16:00,42865,42915,42420,42589,113794,65244
03/19/2025,16:00,42593,43195,42517,42981,95454,70648
03/20/2025,16:00,42981,43255,42681,42937,99870,74786
03/21/2025,16:00,42954,42993,42402,42970,100620,75331
03/24/2025,16:00,43077,43619,43077,43549,87199,74096
03/25/2025,16:00,43543,43675,43416,43557,79913,74049
03/26/2025,16:00,43578,43799,43287,43397,99149,73504
03/27/2025,16:00,43295,43524,43110,43253,105295,73710
03/28/2025,16:00,43267,43317,42365,42502,118790,76182
03/31/2025,16:00,42251,43074,42079,42910,133278,76161
04/01/2025,16:00,42870,43068,42427,42892,147576,74072
04/02/2025,16:00,42882,43487,42529,43143,153443,74623
04/03/2025,16:00,42521,42521,41306,41427,192468,76986
04/04/2025,16:00,41347,41398,38954,39181,263195,76947
04/07/2025,16:00,38412,40078,37359,38816,253484,76211
04/08/2025,16:00,39137,40300,37947,38513,231381,73369
04/09/2025,16:00,38397,41680,37533,41487,219474,71878
04/10/2025,16:00,41607,41791,39282,40448,256176,72514
04/11/2025,16:00,40391,41264,39862,41050,192418,71682
04/14/2025,16:00,41354,41645,40685,41392,144045,72249
04/15/2025,16:00,41320,41661,41175,41226,134251,73423
04/16/2025,16:00,41151,41363,40235,40504,172679,75065
04/17/2025,16:00,40518,40943,39781,39980,166005,77893
04/21/2025,16:00,39863,39901,38649,38979,104848,80387
04/22/2025,16:00,38963,40100,38897,40008,127737,78458
04/23/2025,16:00,40346,41210,40304,40426,136093,77542
04/24/2025,16:00,40426,41059,40059,40913,86441,78141
04/25/2025,16:00,40905,41028,40511,40905,79608,77422
04/28/2025,16:00,40882,41216,40663,41019,77484,77690
04/29/2025,16:00,40983,41426,40944,41309,83270,77764
04/30/2025,16:00,41361,41583,40518,41421,114915,77272
05/01/2025,16:00,41492,41873,41385,41506,78630,76820
05/02/2025,16:00,41471,42157,41417,42078,80975,77298
05/05/2025,16:00,42056,42206,41753,41970,68412,75946
05/06/2025,16:00,41970,42000,41414,41569,74597,75449
05/07/2025,16:00,41465,42026,41465,41865,86543,77173
05/08/2025,16:00,41807,42524,41764,42119,90437,76293
05/09/2025,16:00,42128,42274,41876,41974,68801,74706
05/12/2025,16:00,42497,43214,42326,43144,89227,75656
05/13/2025,16:00,43176,43187,42849,42879,73079,76715
05/14/2025,16:00,42896,42990,42678,42768,64352,76433
05/15/2025,16:00,42741,43104,42492,43036,80210,75867
05/16/2025,16:00,43091,43414,42982,43387,58931,75843
05/19/2025,16:00,43123,43592,42988,43536,74395,76839
05/20/2025,16:00,43536,43627,43221,43423,55557,77588
05/21/2025,16:00,43393,43393,42504,42598,90321,78600
05/22/2025,16:00,42507,42828,42345,42576,74433,77773
05/23/2025,16:00,42637,42679,41887,42325,90914,79489
05/27/2025,16:00,42338,43127,42302,43061,80609,78827
05/28/2025,16:00,43118,43166,42755,42821,59356,78195
05/29/2025,16:00,42844,43429,42525,42918,88209,78471
05/30/2025,16:00,42894,43090,42607,42945,82302,79143
06/02/2025,16:00,42865,43066,42554,43025,71149,79791
06/03/2025,16:00,43026,43288,42764,43249,59354,81107
06/04/2025,16:00,43223,43360,43116,43151,52521,82907
06/05/2025,16:00,43122,43389,42916,43020,88577,83254
06/06/2025,16:00,43020,43630,42992,43460,75697,83744
06/09/2025,16:00,43495,43587,43251,43447,58530,83362
06/10/2025,16:00,43452,43619,43323,43562,57289,83498
06/11/2025,16:00,43532,43851,43405,43559,84507,83344
06/12/2025,16:00,43525,43653,43237,43641,16012,14056
06/13/2025,16:00,43605,43605,42741,42858,137197,14056
06/16/2025,16:00,42688,43404,42558,43199,95807,52309
06/17/2025,16:00,43203,43242,42808,42891,100745,72743
06/18/2025,16:00,42847,43195,42757,42847,93487,77314
06/20/2025,16:00,42848,43094,42423,42850,110057,79245
06/23/2025,16:00,42597,43267,42431,43236,107820,80422
06/24/2025,16:00,43237,43850,43231,43759,78642,81825
06/25/2025,16:00,43754,43803,43509,43641,60532,79908
06/26/2025,16:00,43627,44087,43607,44053,62751,81817
06/27/2025,16:00,44096,44623,44078,44460,84774,82829
06/30/2025,16:00,44536,44777,44520,44724,70245,81864
07/01/2025,16:00,44683,45251,44620,45142,87816,86213
07/02/2025,16:00,45144,45296,44976,45111,66084,85060
07/03/2025,16:00,45120,45512,45086,45433,43359,86816
07/07/2025,16:00,45250,45466,44763,45012,92932,84787
07/08/2025,16:00,44885,45050,44806,44847,68382,84473
07/09/2025,16:00,44841,45164,44757,45054,65736,85407
07/10/2025,16:00,45063,45378,44900,45243,57560,86574
07/11/2025,16:00,45206,45277,44843,44934,79034,83883
07/14/2025,16:00,44787,45041,44659,45027,61425,83013
07/15/2025,16:00,45007,45162,44517,44582,93548,82574
07/16/2025,16:00,44506,44816,44308,44794,102194,82884
07/17/2025,16:00,44766,45109,44689,45053,78975,82437
07/18/2025,16:00,45070,45193,44758,44875,82856,82334
07/21/2025,16:00,44872,45150,44826,44882,68929,82114
07/22/2025,16:00,44929,45084,44758,45046,80544,83207
07/23/2025,16:00,45081,45569,45053,45549,96803,86545
07/24/2025,16:00,45446,45467,45200,45234,80006,85472
07/25/2025,16:00,45270,45461,45153,45419,70780,85268
07/28/2025,16:00,45580,45647,45246,45347,62836,84554
07/29/2025,16:00,45335,45456,45070,45151,83467,85478
07/30/2025,16:00,45093,45244,44753,44968,85106,84210
07/31/2025,16:00,45060,45187,44543,44640,106830,84065
08/01/2025,16:00,44604,44658,43799,44045,136725,84123
08/04/2025,16:00,44010,44727,43968,44638,84459,86035
08/05/2025,16:00,44728,44767,44375,44571,89843,86751
08/06/2025,16:00,44578,44817,44460,44647,71110,86500
08/07/2025,16:00,44633,44950,44235,44415,101707,86059
08/08/2025,16:00,44448,44720,44418,44613,63973,84590
08/11/2025,16:00,44647,44748,44340,44419,72036,84107
08/12/2025,16:00,44395,44939,44361,44893,92723,85800
08/13/2025,16:00,44901,45405,44839,45360,82505,85986
08/14/2025,16:00,45360,45477,45105,45332,87950,82293
08/15/2025,16:00,45455,45706,45316,45375,87457,83504
08/18/2025,16:00,45364,45451,45232,45321,60967,84173
08/19/2025,16:00,45328,45624,45169,45334,79737,83857
08/20/2025,16:00,45342,45457,45165,45330,97750,81212
08/21/2025,16:00,45338,45364,44977,45189,79754,80352
08/22/2025,16:00,45226,46176,45081,46050,123023,84415
08/25/2025,16:00,46056,46101,45670,45686,71586,83099
08/26/2025,16:00,45727,45865,45518,45824,68038,81886
08/27/2025,16:00,45845,46035,45781,45977,64387,82558
08/28/2025,16:00,45990,46136,45836,46041,74179,82001
08/29/2025,16:00,45991,46022,45759,45936,71106,81767
09/02/2025,16:00,46020,46087,45335,45686,136291,79238
09/03/2025,16:00,45658,45711,45370,45643,82162,80229
09/04/2025,16:00,45584,46052,45558,46023,75762,82309
09/05/2025,16:00,46032,46167,45593,45794,99102,83469
09/08/2025,16:00,45810,45926,45656,45910,73057,83259
09/09/2025,16:00,45915,46142,45806,46092,85532,82872
09/10/2025,16:00,46037,46179,45749,45875,90167,81370
09/11/2025,16:00,45841,46511,45838,46476,3817,6117
09/12/2025,16:00,46485,46501,46166,46189,90180,6117
09/15/2025,16:00,46200,46349,46134,46262,93457,49110
09/16/2025,16:00,46228,46332,46020,46119,95603,69673
09/17/2025,16:00,46140,46637,46037,46365,117117,73545
09/18/2025,16:00,46407,46722,46297,46516,104380,75306
09/19/2025,16:00,46549,46738,46398,46651,84965,77297
09/22/2025,16:00,46605,46784,46362,46724,68088,78138
09/23/2025,16:00,46702,47055,46545,46637,103156,77836
09/24/2025,16:00,46670,46789,46415,46441,85279,76177
09/25/2025,16:00,46490,46540,46098,46268,90876,74376
09/26/2025,16:00,46275,46668,46234,46556,100031,77683
09/29/2025,16:00,46565,46787,46442,46612,70892,78670
09/30/2025,16:00,46580,46717,46386,46689,84040,78493
10/01/2025,16:00,46617,46817,46335,46725,88706,79926
10/02/2025,16:00,46719,46872,46543,46806,80587,80259
10/03/2025,16:00,46795,47323,46762,47031,100666,86024
10/06/2025,16:00,47048,47162,46693,46958,92174,83316
10/07/2025,16:00,46952,47137,46700,46852,93716,82145
10/08/2025,16:00,46876,47081,46752,46867,74108,84240
10/09/2025,16:00,46880,46938,46507,46593,90262,84636
10/10/2025,16:00,46578,46883,45387,45706,157561,86637
10/13/2025,16:00,45837,46385,45837,46298,119952,87103
10/14/2025,16:00,46298,46743,45663,46500,164896,84644
10/15/2025,16:00,46468,46915,46236,46492,112865,86070
10/16/2025,16:00,46532,46703,45984,46160,143805,86893
10/17/2025,16:00,46126,46518,45605,46381,149634,86691
10/20/2025,16:00,46489,46962,46316,46913,75303,87295
10/21/2025,16:00,46951,47334,46812,47135,90821,89964
10/22/2025,16:00,47156,47202,46640,46782,106832,85775
10/23/2025,16:00,46718,46994,46600,46922,80728,85743
10/24/2025,16:00,46874,47508,46874,47396,90164,88464
10/27/2025,16:00,47711,47775,47547,47712,64967,87790
10/28/2025,16:00,47749,48118,47685,47895,91130,90152
10/29/2025,16:00,47876,48214,47616,47797,104790,90550
10/30/2025,16:00,47733,48180,47550,47677,124110,88812
10/31/2025,16:00,47784,47862,47488,47722,100914,86893
11/03/2025,16:00,47735,47869,47265,47473,79322,86486
11/04/2025,16:00,47456,47463,46976,47214,111985,85984
11/05/2025,16:00,47276,47583,47073,47436,103000,84332
11/06/2025,16:00,47450,47495,46894,47028,114589,83065
11/07/2025,16:00,47100,47159,46574,47085,126220,81849
11/10/2025,16:00,47208,47511,47031,47462,93046,81284
11/11/2025,16:00,47455,48083,47413,48030,86191,85844
11/12/2025,16:00,48039,48528,48018,48368,97622,90166
11/13/2025,16:00,48385,48503,47500,47547,122861,86166
11/14/2025,16:00,47592,47644,46939,47229,139689,86166
